city,year,month,avg_uhi,avg_urban_lst,avg_rural_lst,avg_night_lst,min_uhi,max_uhi,observations
Ahmedabad,2000,2,-0.1737,36.7,36.88,16.93,-0.1737,-0.1737,1
Ahmedabad,2000,3,-0.2129,39.7,39.92,18.63,-0.4024,-0.0898,4
Ahmedabad,2000,4,-0.388,45.06,45.44,25.51,-0.5689,-0.1416,4
Ahmedabad,2000,5,-1.553,40.3,41.86,25.68,-3.7981,0.0626,3
Ahmedabad,2000,6,-1.1223,39.21,40.33,25.15,-1.7559,-0.3383,3
Ahmedabad,2000,9,0.0334,36.2,36.17,23.58,-1.1859,1.6615,4
Ahmedabad,2000,10,-0.7075,37.68,38.39,21.59,-1.1294,-0.182,4
Ahmedabad,2000,11,-0.6056,34.53,35.14,16.72,-0.6761,-0.5677,3
Ahmedabad,2000,12,-0.3693,32.0,32.37,13.6,-0.4671,-0.3051,4
Ahmedabad,2001,1,-0.1725,29.62,29.79,12.88,-0.2945,-0.0395,4
Ahmedabad,2001,2,-0.3853,33.29,33.68,14.87,-0.4975,-0.2811,4
Ahmedabad,2001,3,-0.4473,40.33,40.77,20.49,-0.5905,-0.2508,4
Ahmedabad,2001,4,-0.4378,45.43,45.87,24.71,-0.643,-0.2947,3
Ahmedabad,2001,5,-0.8653,44.65,45.52,26.93,-1.5532,-0.3153,4
Ahmedabad,2001,6,-5.8402,39.21,45.05,25.04,-5.8402,-5.8402,1
Ahmedabad,2001,8,2.2544,30.51,28.26,22.19,0.1188,5.1503,3
Ahmedabad,2001,9,0.206,35.47,35.26,23.56,-0.683,0.6943,4
Ahmedabad,2001,10,0.026,37.81,37.79,21.93,-0.101,0.1318,3
Ahmedabad,2001,11,-0.0698,35.48,35.55,17.35,-0.1053,0.0028,4
Ahmedabad,2001,12,0.0385,31.26,31.22,14.5,0.0215,0.0648,4
Ahmedabad,2002,1,0.0573,28.25,28.19,12.91,-0.0786,0.1622,4
Ahmedabad,2002,2,0.2199,33.42,33.2,15.85,0.0787,0.32,4
Ahmedabad,2002,3,-0.2062,41.89,42.1,20.65,-0.4132,0.1179,4
Ahmedabad,2002,4,-0.4821,44.76,45.24,25.12,-0.8173,0.012,3
Ahmedabad,2002,5,-0.3605,43.22,43.58,27.61,-0.5491,-0.0583,4
Ahmedabad,2002,6,-0.3554,42.51,42.87,27.61,-1.0097,0.2989,2
Ahmedabad,2002,7,-2.4583,34.1,36.56,21.98,-2.4583,-2.4583,1
Ahmedabad,2002,9,-0.1953,35.54,35.73,23.74,-0.9877,0.192,4
Ahmedabad,2002,10,0.2028,38.72,38.52,21.92,0.0215,0.3925,3
Ahmedabad,2002,11,0.3299,35.65,35.32,17.29,0.3064,0.3679,4
Ahmedabad,2002,12,0.4158,31.68,31.27,15.33,0.3308,0.6109,4
Ahmedabad,2003,1,0.6817,29.47,28.79,15.01,0.6168,0.8381,4
Ahmedabad,2003,2,0.6407,32.4,31.76,16.69,0.3925,0.9912,4
Ahmedabad,2003,3,-0.0679,40.11,40.18,21.09,-0.4763,0.1667,4
Ahmedabad,2003,4,-0.2822,44.87,45.16,26.1,-0.4468,-0.0107,3
Ahmedabad,2003,5,-0.3875,44.03,44.42,26.95,-0.89,-0.0738,4
Ahmedabad,2003,6,-0.5447,43.7,44.24,27.97,-0.9783,-0.111,2
Ahmedabad,2003,8,0.3544,29.6,29.24,21.53,-0.1069,0.8157,2
Ahmedabad,2003,9,0.8377,32.19,31.35,23.49,-0.098,1.719,3
Ahmedabad,2003,10,0.7552,36.48,35.72,20.41,0.6237,0.8614,3
Ahmedabad,2003,11,0.4507,34.64,34.19,19.48,0.2271,0.7146,4
Ahmedabad,2003,12,0.4709,29.56,29.09,14.47,0.1869,0.6711,4
Ahmedabad,2004,1,0.7242,28.61,27.88,13.76,0.5929,0.8313,4
Ahmedabad,2004,2,0.7066,33.62,32.91,15.94,0.5752,0.788,4
Ahmedabad,2004,3,0.3983,42.14,41.74,21.78,0.2527,0.596,4
Ahmedabad,2004,4,-0.2496,44.0,44.25,25.79,-0.6329,0.0358,4
Ahmedabad,2004,5,-0.7837,40.79,41.57,27.41,-2.0806,-0.0803,3
Ahmedabad,2004,6,-1.147,39.47,40.61,25.77,-1.7873,-0.6175,3
Ahmedabad,2004,7,-0.0039,35.73,35.74,23.25,-0.0039,-0.0039,1
Ahmedabad,2004,8,0.2191,34.0,33.78,23.18,0.2191,0.2191,1
Ahmedabad,2004,9,0.7175,36.59,35.87,24.8,-0.1579,1.5452,4
Ahmedabad,2004,10,0.5252,33.39,32.86,19.94,0.3853,0.5873,4
Ahmedabad,2004,11,0.4699,34.08,33.61,19.32,0.37,0.5212,3
Ahmedabad,2004,12,0.386,29.86,29.48,15.45,0.1538,0.4996,4
Ahmedabad,2005,1,0.5232,27.17,26.64,12.49,0.2283,0.6983,4
Ahmedabad,2005,2,0.7682,32.15,31.38,15.88,0.6096,0.8478,4
Ahmedabad,2005,3,0.4315,40.9,40.47,20.49,0.1513,0.8152,4
Ahmedabad,2005,4,-0.0797,44.82,44.9,23.07,-0.4224,0.1052,3
Ahmedabad,2005,5,-0.374,44.63,45.0,27.79,-0.4838,-0.2971,4
Ahmedabad,2005,6,-0.3092,42.51,42.82,28.05,-0.5818,0.0486,3
Ahmedabad,2005,8,1.0102,34.24,33.23,22.23,-0.4592,2.4795,2
Ahmedabad,2005,9,0.3028,31.67,31.37,23.74,0.2913,0.3143,2
Ahmedabad,2005,10,0.298,34.49,34.19,20.99,0.162,0.4082,3
Ahmedabad,2005,11,0.1861,33.11,32.93,17.06,0.1531,0.2451,4
Ahmedabad,2005,12,0.2864,28.5,28.21,13.22,0.1828,0.373,4
Ahmedabad,2006,1,0.6844,28.61,27.92,13.58,0.5805,0.8571,4
Ahmedabad,2006,2,0.9211,34.09,33.17,18.42,0.5923,1.0994,4
Ahmedabad,2006,3,0.3915,39.11,38.72,20.7,-0.033,0.7593,4
Ahmedabad,2006,4,0.0859,43.45,43.36,25.46,-0.177,0.4604,3
Ahmedabad,2006,5,-0.1956,44.04,44.23,27.24,-0.3226,-0.0932,4
Ahmedabad,2006,6,-1.3784,36.75,38.13,26.76,-2.7505,-0.0223,4
Ahmedabad,2006,8,-2.3482,28.29,30.64,21.81,-2.3482,-2.3482,1
Ahmedabad,2006,9,-0.4264,31.23,31.65,25.08,-3.7407,0.9184,4
Ahmedabad,2006,10,0.3774,36.17,35.79,22.57,0.3382,0.4251,3
Ahmedabad,2006,11,0.2852,33.98,33.69,18.26,0.2633,0.3349,4
Ahmedabad,2006,12,0.2985,30.08,29.78,15.88,0.0407,0.4803,4
Ahmedabad,2007,1,0.9175,28.52,27.61,14.11,0.8142,1.0013,4
Ahmedabad,2007,2,0.6727,32.67,31.99,17.64,0.5193,0.7973,4
Ahmedabad,2007,3,0.3991,40.45,40.05,21.19,0.2227,0.4748,4
Ahmedabad,2007,4,-0.0485,44.01,44.06,25.99,-0.0974,0.0093,3
Ahmedabad,2007,5,-0.3259,43.69,44.02,27.43,-0.8273,-0.0315,4
Ahmedabad,2007,6,-1.1093,42.04,43.15,27.43,-2.1218,-0.5927,3
Ahmedabad,2007,7,-2.3312,33.65,35.98,23.42,-2.3312,-2.3312,1
Ahmedabad,2007,9,0.0391,30.84,30.8,23.12,-0.4097,0.2679,4
Ahmedabad,2007,10,0.4071,34.8,34.39,19.88,0.3588,0.4484,3
Ahmedabad,2007,11,0.2118,33.88,33.67,17.83,0.0565,0.3601,4
Ahmedabad,2007,12,0.3488,29.31,28.97,14.68,0.2577,0.503,4
Ahmedabad,2008,1,0.9609,27.2,26.24,12.77,0.6944,1.1643,4
Ahmedabad,2008,2,1.1055,30.82,29.71,13.34,0.7721,1.2732,4
Ahmedabad,2008,3,1.1268,38.23,37.11,21.1,0.9927,1.1978,4
Ahmedabad,2008,4,0.0884,42.67,42.58,25.08,-0.034,0.3942,4
Ahmedabad,2008,5,-0.1536,41.71,41.87,27.62,-0.2297,-0.1098,3
Ahmedabad,2008,6,0.2358,42.09,41.85,25.0,0.2358,0.2358,1
Ahmedabad,2008,8,0.2791,36.3,36.02,24.35,0.2791,0.2791,1
Ahmedabad,2008,9,0.0824,32.35,32.27,23.49,-0.2083,0.5457,3
Ahmedabad,2008,10,0.5819,35.65,35.06,21.76,0.4637,0.7753,4
Ahmedabad,2008,11,0.3927,33.1,32.71,17.07,0.2083,0.5836,3
Ahmedabad,2008,12,0.367,30.46,30.1,16.73,0.1508,0.6366,4
Ahmedabad,2009,1,0.9141,28.93,28.02,15.52,0.6233,1.1146,4
Ahmedabad,2009,2,0.8402,33.4,32.56,17.62,0.5829,0.9754,4
Ahmedabad,2009,3,0.4689,40.83,40.36,22.06,0.3375,0.5641,4
Ahmedabad,2009,4,-0.0045,45.64,45.64,24.35,-0.052,0.051,3
Ahmedabad,2009,5,-0.1856,43.71,43.89,27.27,-0.2874,0.0447,4
Ahmedabad,2009,6,-0.571,43.32,43.89,27.01,-1.6623,-0.0899,4
Ahmedabad,2009,7,0.8852,35.81,34.93,23.8,0.5471,1.2233,2
Ahmedabad,2009,8,1.9383,33.46,31.52,25.54,-1.4852,5.86,3
Ahmedabad,2009,9,0.3683,34.88,34.51,25.27,-0.0763,0.8045,4
Ahmedabad,2009,10,0.7255,36.3,35.58,20.38,0.569,0.8602,3
Ahmedabad,2009,11,0.3148,34.09,33.78,17.93,-0.1374,0.4991,4
Ahmedabad,2009,12,0.5176,29.98,29.46,15.87,0.3415,0.6941,4
Ahmedabad,2010,1,0.9803,28.75,27.77,14.76,0.8189,1.1434,4
Ahmedabad,2010,2,1.1166,33.07,31.95,16.99,0.9665,1.2119,4
Ahmedabad,2010,3,0.3204,40.39,40.07,22.45,-0.1784,0.7873,4
Ahmedabad,2010,4,-0.091,44.72,44.81,26.8,-0.4873,0.1279,3
Ahmedabad,2010,5,-0.3439,44.8,45.15,29.01,-0.6584,-0.1095,4
Ahmedabad,2010,6,-1.0402,38.87,39.91,26.46,-1.934,-0.4119,4
Ahmedabad,2010,9,0.5459,32.7,32.15,24.36,-0.1926,0.9383,3
Ahmedabad,2010,10,0.6484,34.41,33.76,23.4,0.588,0.7601,3
Ahmedabad,2010,11,0.9609,32.77,31.81,21.0,0.369,1.7579,4
Ahmedabad,2010,12,0.1213,28.37,28.25,13.98,-0.0629,0.2565,4
Ahmedabad,2011,1,0.7666,27.75,26.98,12.98,0.4454,1.0314,4
Ahmedabad,2011,2,1.1993,32.31,31.11,17.14,1.1614,1.2872,4
Ahmedabad,2011,3,0.7934,39.37,38.58,20.71,0.4721,1.1865,4
Ahmedabad,2011,4,0.1349,43.29,43.15,24.92,0.005,0.3291,3
Ahmedabad,2011,5,-0.298,43.37,43.67,27.9,-0.3889,-0.2212,4
Ahmedabad,2011,6,-2.0176,38.29,40.31,26.97,-2.0176,-2.0176,1
Ahmedabad,2011,9,0.7681,33.29,32.53,23.84,0.3552,1.1811,2
Ahmedabad,2011,10,0.5989,35.56,34.96,22.55,0.453,0.6943,3
Ahmedabad,2011,11,0.3627,34.19,33.83,19.92,0.2005,0.5485,4
Ahmedabad,2011,12,0.3735,29.38,29.01,15.36,0.286,0.528,4
Ahmedabad,2012,1,0.8803,26.99,26.11,12.48,0.6338,1.0826,4
Ahmedabad,2012,2,1.1423,31.09,29.95,15.03,1.0835,1.2864,4
Ahmedabad,2012,3,1.1522,37.87,36.72,20.15,0.7277,1.6113,4
Ahmedabad,2012,4,0.0567,42.11,42.05,25.03,-0.3502,0.466,4
Ahmedabad,2012,5,-0.4691,43.23,43.7,28.25,-0.6212,-0.372,3
Ahmedabad,2012,6,-1.4833,38.3,39.79,26.53,-4.8567,0.8515,4
Ahmedabad,2012,7,0.2077,43.21,43.0,,0.2077,0.2077,1
Ahmedabad,2012,9,0.7026,32.16,31.46,23.99,0.4675,1.0881,3
Ahmedabad,2012,10,0.5419,34.53,33.99,20.44,0.4342,0.6161,4
Ahmedabad,2012,11,0.2447,32.89,32.65,16.69,0.1113,0.3605,3
Ahmedabad,2012,12,0.4228,29.8,29.38,15.65,0.2254,0.7013,4
Ahmedabad,2013,1,0.9264,27.46,26.54,12.8,0.7924,1.1724,4
Ahmedabad,2013,2,1.2299,31.77,30.54,16.31,1.1339,1.4272,4
Ahmedabad,2013,3,0.6286,39.62,38.99,21.49,0.2596,0.8216,4
Ahmedabad,2013,4,0.1064,41.93,41.82,25.14,-0.0471,0.2485,3
Ahmedabad,2013,5,-0.1827,43.75,43.93,27.95,-0.4265,0.0661,4
Ahmedabad,2013,6,-0.4487,38.01,38.45,25.99,-0.5465,-0.3508,2
Ahmedabad,2013,9,0.6142,32.45,31.83,25.08,0.0586,1.1104,3
Ahmedabad,2013,10,0.4221,32.45,32.03,22.93,0.2171,0.7506,3
Ahmedabad,2013,11,0.0869,31.74,31.65,18.34,-0.053,0.2937,4
Ahmedabad,2013,12,0.2773,28.86,28.59,14.52,0.1689,0.4477,4
Ahmedabad,2014,1,0.8567,27.32,26.46,14.26,0.5421,1.2418,4
Ahmedabad,2014,2,0.8813,30.59,29.71,15.92,0.6216,1.1161,4
Ahmedabad,2014,3,0.5651,38.83,38.27,21.64,0.245,0.7732,4
Ahmedabad,2014,4,-0.3907,42.47,42.86,25.55,-0.8458,-0.1537,3
Ahmedabad,2014,5,-0.4163,43.62,44.04,27.44,-0.6485,-0.1888,4
Ahmedabad,2014,6,-0.0973,40.76,40.85,26.64,-1.1382,1.0113,4
Ahmedabad,2014,8,-0.3876,31.65,32.04,23.91,-0.3876,-0.3876,1
Ahmedabad,2014,9,0.3985,31.08,30.68,25.04,-0.0342,0.7726,4
Ahmedabad,2014,10,0.5521,35.1,34.55,22.92,0.3531,0.7579,3
Ahmedabad,2014,11,0.1336,33.54,33.4,20.02,-0.0518,0.3177,4
Ahmedabad,2014,12,0.5555,28.78,28.23,13.35,0.4201,0.6829,4
Ahmedabad,2015,1,0.846,26.93,26.09,13.78,0.5767,0.9762,4
Ahmedabad,2015,2,0.9713,31.39,30.42,17.69,0.4341,1.3273,4
Ahmedabad,2015,3,0.3034,37.08,36.78,21.96,-0.0259,0.7043,4
Ahmedabad,2015,4,-0.32,40.62,40.94,25.94,-0.6355,0.0112,3
Ahmedabad,2015,5,-0.7977,44.12,44.91,28.22,-1.0419,-0.6098,4
Ahmedabad,2015,6,-0.8604,40.28,41.14,25.4,-1.0177,-0.6604,4
Ahmedabad,2015,8,2.2446,34.86,32.61,23.47,1.3355,3.1537,2
Ahmedabad,2015,9,1.2606,34.88,33.62,25.53,0.9695,1.8203,4
Ahmedabad,2015,10,1.0376,35.86,34.82,23.59,0.832,1.1479,3
Ahmedabad,2015,11,0.4805,34.2,33.71,19.46,0.2976,0.666,4
Ahmedabad,2015,12,0.5058,30.06,29.56,13.73,0.2932,0.7676,4
Ahmedabad,2016,1,0.8174,29.35,28.53,15.43,0.7023,0.907,4
Ahmedabad,2016,2,1.024,31.4,30.38,17.35,0.887,1.0932,3
Ahmedabad,2016,3,0.6051,38.56,37.96,21.82,0.0833,0.9634,4
Ahmedabad,2016,4,0.1267,43.21,43.08,25.7,-0.2842,0.3471,4
Ahmedabad,2016,5,-0.4476,42.24,42.69,28.44,-0.9246,0.0034,3
Ahmedabad,2016,6,-0.9119,44.39,45.3,29.99,-1.2278,-0.596,2
Ahmedabad,2016,8,7.7575,33.47,25.71,22.97,7.7575,7.7575,1
Ahmedabad,2016,9,0.4619,31.81,31.34,23.38,0.163,0.8196,4
Ahmedabad,2016,10,0.2941,32.71,32.42,21.18,0.0369,0.5609,4
Ahmedabad,2016,11,0.1501,33.4,33.25,16.62,0.024,0.2643,3
Ahmedabad,2016,12,0.3372,31.11,30.77,15.52,0.156,0.4445,4
Ahmedabad,2017,1,0.9566,28.81,27.86,15.0,0.7065,1.2635,4
Ahmedabad,2017,2,1.1641,33.1,31.94,17.96,0.9988,1.3382,4
Ahmedabad,2017,3,0.9443,38.93,37.98,21.99,0.4756,1.1347,4
Ahmedabad,2017,4,0.2458,41.67,41.43,25.01,-0.0971,0.5933,3
Ahmedabad,2017,5,-0.1201,43.4,43.52,28.26,-0.287,0.0271,4
Ahmedabad,2017,6,0.3708,41.19,40.82,26.69,-0.1234,0.8649,2
Ahmedabad,2017,7,-0.7181,30.96,31.68,,-0.7181,-0.7181,1
Ahmedabad,2017,8,1.3068,32.46,31.15,22.46,1.3068,1.3068,1
Ahmedabad,2017,9,1.1477,33.13,31.98,24.94,0.3565,2.4443,4
Ahmedabad,2017,10,0.7517,35.65,34.9,22.33,0.3727,0.9691,3
Ahmedabad,2017,11,0.378,32.89,32.52,18.11,0.2119,0.5492,4
Ahmedabad,2017,12,0.5698,28.49,27.92,15.93,0.1385,0.9541,4
Ahmedabad,2018,1,1.0615,28.88,27.82,15.57,0.8958,1.2105,4
Ahmedabad,2018,2,1.1758,32.66,31.49,18.16,1.0651,1.38,4
Ahmedabad,2018,3,0.7752,39.15,38.38,22.11,0.4967,1.2007,4
Ahmedabad,2018,4,0.2087,42.62,42.41,25.76,0.0027,0.5583,3
Ahmedabad,2018,5,-0.3622,44.72,45.09,27.64,-0.4775,-0.2881,4
Ahmedabad,2018,6,-0.1466,40.75,40.9,27.23,-0.2755,-0.0177,2
Ahmedabad,2018,9,-0.0528,33.59,33.64,23.87,-0.7668,0.3287,4
Ahmedabad,2018,10,0.4395,36.33,35.89,22.26,0.237,0.5565,3
Ahmedabad,2018,11,0.4238,34.74,34.31,19.02,0.3178,0.6178,4
Ahmedabad,2018,12,0.4324,29.05,28.61,14.0,0.1374,0.6759,4
Ahmedabad,2019,1,1.2461,28.0,26.75,13.17,1.1883,1.3803,4
Ahmedabad,2019,2,1.344,31.3,29.96,16.05,1.1946,1.5052,4
Ahmedabad,2019,3,1.145,39.66,38.52,21.5,0.9836,1.3114,4
Ahmedabad,2019,4,0.2154,45.58,45.36,26.12,-0.0137,0.5036,3
Ahmedabad,2019,5,-0.061,44.44,44.5,28.06,-0.311,0.08,4
Ahmedabad,2019,6,-0.6581,40.64,41.3,26.73,-2.1971,0.2923,3
Ahmedabad,2019,7,-0.2616,35.26,35.52,26.45,-0.5671,0.0439,2
Ahmedabad,2019,8,1.0367,34.82,33.78,24.14,1.0367,1.0367,1
Ahmedabad,2019,9,0.8886,30.83,29.94,24.99,0.8886,0.8886,1
Ahmedabad,2019,10,0.5634,32.35,31.79,23.46,0.1879,0.8706,3
Ahmedabad,2019,11,0.434,31.84,31.4,21.83,0.1034,0.7124,4
Ahmedabad,2019,12,0.5036,27.79,27.28,15.77,0.0068,0.7277,4
Ahmedabad,2020,1,1.068,26.79,25.72,14.49,0.7645,1.445,4
Ahmedabad,2020,2,1.4698,31.38,29.91,17.74,1.3492,1.7507,4
Ahmedabad,2020,3,1.4403,36.69,35.25,20.56,0.9652,2.4281,4
Ahmedabad,2020,4,0.7223,43.63,42.91,27.03,0.2387,1.0381,4
Ahmedabad,2020,5,-0.2352,45.62,45.86,29.39,-0.5097,0.1328,3
Ahmedabad,2020,6,0.8458,38.2,37.36,25.3,-1.4048,3.9581,3
Ahmedabad,2020,8,0.7245,32.02,31.3,23.5,0.7245,0.7245,1
Ahmedabad,2020,9,0.8653,33.56,32.69,25.02,0.6956,1.035,2
Ahmedabad,2020,10,0.5583,35.71,35.15,22.02,0.1389,0.8079,4
Ahmedabad,2020,11,0.1701,32.7,32.53,18.41,0.046,0.2589,3
Ahmedabad,2020,12,0.5769,29.3,28.73,15.43,0.0894,0.868,4
Ahmedabad,2021,1,1.1102,27.76,26.65,14.74,0.9956,1.1733,4
Ahmedabad,2021,2,1.4799,32.49,31.01,17.93,1.3543,1.6957,4
Ahmedabad,2021,3,0.9129,38.8,37.89,22.92,0.4341,1.223,4
Ahmedabad,2021,4,0.548,42.69,42.14,25.27,0.3717,0.8365,3
Ahmedabad,2021,5,-0.3005,39.75,40.05,26.95,-1.0249,0.1728,4
Ahmedabad,2021,6,0.1624,35.33,35.17,25.38,-1.4535,2.5202,3
Ahmedabad,2021,7,0.2341,37.81,37.58,26.3,0.2341,0.2341,1
Ahmedabad,2021,8,-0.6909,34.42,35.11,,-0.8892,-0.4926,2
Ahmedabad,2021,9,0.8443,31.99,31.15,24.78,0.8443,0.8443,1
Ahmedabad,2021,10,0.4425,33.15,32.71,21.96,0.4064,0.4755,3
Ahmedabad,2021,11,0.2415,32.85,32.61,18.96,0.1317,0.321,4
Ahmedabad,2021,12,0.4963,27.73,27.24,15.7,0.2239,0.8038,4
Ahmedabad,2022,1,1.1629,27.48,26.32,14.17,0.7909,1.563,4
Ahmedabad,2022,2,1.1143,31.81,30.69,17.58,0.8992,1.2176,4
Ahmedabad,2022,3,0.7582,39.69,38.93,23.8,0.4714,0.9981,4
Ahmedabad,2022,4,0.0471,43.55,43.5,26.4,-0.1035,0.3397,3
Ahmedabad,2022,5,-0.6993,41.18,41.88,28.01,-1.1683,-0.2776,4
Ahmedabad,2022,6,-0.06,40.06,40.12,26.05,-1.1063,1.0081,3
Ahmedabad,2022,8,1.5863,29.13,27.54,24.13,1.5863,1.5863,1
Ahmedabad,2022,9,1.0197,32.98,31.96,25.02,-0.0152,2.9437,4
Ahmedabad,2022,10,0.2728,34.31,34.04,20.76,0.2728,0.2728,1
Ahmedabad,2022,11,0.0785,32.29,32.21,18.75,0.039,0.1162,4
Ahmedabad,2022,12,0.5696,29.09,28.52,16.71,0.4581,0.6915,4
Ahmedabad,2023,1,1.0893,25.85,24.76,14.33,0.8772,1.5289,4
Ahmedabad,2023,2,1.372,32.48,31.11,18.89,1.2228,1.6153,4
Ahmedabad,2023,3,0.867,35.5,34.64,22.14,0.3817,1.6574,4
Ahmedabad,2023,4,0.3674,41.17,40.8,24.78,0.2013,0.5821,3
Ahmedabad,2023,5,-0.5231,42.12,42.64,28.26,-1.8392,0.27,4
Ahmedabad,2023,6,-0.3792,37.04,37.42,26.42,-1.2768,0.5184,2
Ahmedabad,2023,8,1.5007,32.62,31.12,22.79,1.2618,1.7396,2
Ahmedabad,2023,9,1.0958,32.29,31.2,25.26,1.0849,1.1067,2
Ahmedabad,2023,10,0.3069,33.91,33.6,23.73,0.1566,0.4012,3
Ahmedabad,2023,11,0.1472,30.69,30.54,20.33,-0.0383,0.3355,4
Ahmedabad,2023,12,0.2584,27.24,26.98,17.27,-0.1512,0.7859,4
Ahmedabad,2024,1,0.8301,25.66,24.83,15.72,0.3636,1.1338,4
Ahmedabad,2024,2,1.3774,29.95,28.57,18.93,1.2641,1.601,4
Ahmedabad,2024,3,1.0983,35.78,34.69,22.7,0.9112,1.3806,4
Ahmedabad,2024,4,0.8321,41.16,40.32,27.01,0.6705,1.0441,4
Ahmedabad,2024,5,-0.2048,39.82,40.03,29.57,-0.5523,0.1919,3
Ahmedabad,2024,6,-0.93,39.65,40.58,29.72,-1.0865,-0.7735,2
Ahmedabad,2024,9,0.4176,29.73,29.31,25.21,0.0683,0.7669,2
Ahmedabad,2024,10,0.3656,32.5,32.14,25.25,0.1235,0.7033,4
Ahmedabad,2024,11,0.1247,29.57,29.44,19.1,0.0463,0.1741,3
Ahmedabad,2024,12,0.2723,25.47,25.19,15.86,0.138,0.4233,4
Bangalore,2000,2,-1.424,34.45,35.88,16.52,-1.424,-1.424,1
Bangalore,2000,3,-1.3502,36.61,37.96,20.98,-1.6033,-1.0921,4
Bangalore,2000,4,-1.0597,35.88,36.94,21.12,-1.1687,-0.8333,4
Bangalore,2000,5,-1.2032,34.63,35.84,21.6,-1.3695,-1.0631,3
Bangalore,2000,6,-1.3026,32.51,33.81,18.02,-1.6698,-0.9354,2
Bangalore,2000,7,-0.9748,31.32,32.29,18.93,-1.356,-0.581,3
Bangalore,2000,8,-0.686,29.91,30.6,,-0.686,-0.686,1
Bangalore,2000,9,-0.7015,29.41,30.12,18.57,-1.1904,-0.1384,3
Bangalore,2000,10,0.3378,28.68,28.34,18.05,0.0112,0.6134,3
Bangalore,2000,11,0.1542,28.79,28.63,16.47,-0.4535,0.6163,3
Bangalore,2000,12,-0.3031,29.03,29.33,15.82,-0.7972,-0.0508,4
Bangalore,2001,1,-0.5207,29.94,30.46,17.9,-0.931,-0.103,4
Bangalore,2001,2,-0.1507,36.32,36.47,19.38,-0.3026,0.0158,4
Bangalore,2001,3,-0.1495,38.31,38.46,22.06,-0.4972,0.5088,4
Bangalore,2001,4,-0.565,35.8,36.37,20.96,-1.0536,-0.0216,3
Bangalore,2001,5,-0.7177,35.89,36.61,21.57,-1.3319,-0.1888,4
Bangalore,2001,6,-1.3614,34.7,36.07,,-1.3614,-1.3614,1
Bangalore,2001,7,-0.7232,28.28,29.0,,-1.2354,-0.2111,2
Bangalore,2001,8,-1.4552,33.45,34.9,19.55,-1.4552,-1.4552,1
Bangalore,2001,9,-1.6933,33.52,35.21,18.77,-1.6933,-1.6933,1
Bangalore,2001,10,0.2133,28.96,28.74,18.28,-0.061,0.4876,2
Bangalore,2001,11,-0.1593,27.85,28.01,18.26,-0.5125,0.1219,4
Bangalore,2001,12,-0.3704,28.36,28.73,16.0,-0.5735,-0.0476,3
Bangalore,2002,1,-0.6077,29.39,30.0,17.05,-0.9823,-0.3023,4
Bangalore,2002,2,-0.5474,34.85,35.4,19.28,-0.7682,-0.3286,4
Bangalore,2002,3,-0.5012,37.97,38.47,21.33,-1.0883,-0.166,4
Bangalore,2002,4,-0.208,40.83,41.04,22.77,-0.8531,0.1288,3
Bangalore,2002,5,-1.6154,33.82,35.44,21.91,-4.904,-0.0923,4
Bangalore,2002,6,-2.1933,31.16,33.35,21.12,-2.4074,-1.9791,2
Bangalore,2002,7,-2.0087,30.19,32.2,20.65,-2.0087,-2.0087,1
Bangalore,2002,8,-0.3047,32.74,33.05,19.3,-1.0991,0.4897,2
Bangalore,2002,9,0.3315,34.22,33.89,20.27,-0.7672,1.2478,4
Bangalore,2002,10,-1.3468,31.17,32.52,16.28,-1.3468,-1.3468,1
Bangalore,2002,11,-0.6933,29.28,29.97,16.99,-1.2067,0.1034,4
Bangalore,2002,12,-0.6024,29.47,30.07,15.96,-1.0447,-0.09,4
Bangalore,2003,1,-0.7361,31.54,32.27,17.91,-0.9306,-0.4153,4
Bangalore,2003,2,-0.9417,36.57,37.51,21.11,-1.047,-0.8878,4
Bangalore,2003,3,-0.5049,37.78,38.28,21.99,-0.9811,0.0553,4
Bangalore,2003,4,-0.5183,38.79,39.31,23.18,-1.1963,-0.0197,3
Bangalore,2003,5,-1.2681,38.53,39.8,23.15,-1.7113,-0.7382,4
Bangalore,2003,6,0.0663,33.91,33.85,21.96,-0.4092,0.5417,2
Bangalore,2003,7,-2.4202,31.8,34.22,19.83,-2.4202,-2.4202,1
Bangalore,2003,8,0.7664,28.8,28.03,,0.7664,0.7664,1
Bangalore,2003,9,-0.2533,31.21,31.46,19.24,-1.45,0.2482,4
Bangalore,2003,10,-0.1881,28.73,28.92,19.07,-0.3342,-0.042,2
Bangalore,2003,11,-0.3357,28.98,29.32,18.15,-0.4896,-0.112,4
Bangalore,2003,12,-0.5831,29.65,30.23,17.18,-0.7402,-0.4161,4
Bangalore,2004,1,-1.0362,30.17,31.21,17.58,-1.3503,-0.8073,4
Bangalore,2004,2,-0.8541,35.9,36.75,19.86,-1.1271,-0.4946,4
Bangalore,2004,3,-0.8548,38.29,39.14,21.35,-1.1457,-0.2656,4
Bangalore,2004,4,-0.8406,37.94,38.78,22.71,-1.0894,-0.4748,4
Bangalore,2004,5,-0.2824,31.7,31.98,20.15,-1.2232,0.7618,3
Bangalore,2004,6,-1.9603,29.66,31.62,20.34,-1.9603,-1.9603,1
Bangalore,2004,7,-1.3111,29.13,30.45,20.29,-1.3111,-1.3111,1
Bangalore,2004,8,-1.1986,29.28,30.48,19.11,-2.4239,-0.4666,3
Bangalore,2004,9,-0.5963,29.04,29.63,14.96,-2.1147,0.4504,3
Bangalore,2004,10,-0.6592,27.08,27.74,19.42,-3.4558,0.6355,4
Bangalore,2004,11,-0.1805,28.23,28.41,16.62,-0.5183,0.1438,3
Bangalore,2004,12,-0.4946,28.88,29.37,16.34,-0.7253,-0.3354,4
Bangalore,2005,1,-0.4612,31.34,31.8,18.0,-0.7805,-0.2045,4
Bangalore,2005,2,-0.8579,35.36,36.22,19.53,-1.0497,-0.7113,4
Bangalore,2005,3,-1.1252,37.31,38.44,21.12,-1.4125,-0.6922,4
Bangalore,2005,4,-1.2071,34.9,36.11,22.55,-1.6662,-0.8787,3
Bangalore,2005,5,-1.1741,33.47,34.64,21.88,-1.6579,-0.6396,4
Bangalore,2005,6,-0.3247,32.76,33.09,20.57,-2.6151,2.41,4
Bangalore,2005,7,0.6999,29.88,29.18,,0.6999,0.6999,1
Bangalore,2005,8,-0.0372,30.84,30.87,,-0.0372,-0.0372,1
Bangalore,2005,9,-0.172,29.65,29.82,19.65,-0.2817,-0.0705,3
Bangalore,2005,10,0.608,28.57,27.96,19.72,0.1698,0.8937,3
Bangalore,2005,11,0.1185,26.65,26.54,16.18,-0.6346,0.6818,3
Bangalore,2005,12,-0.0914,27.25,27.34,16.66,-0.3632,0.4253,4
Bangalore,2006,1,-0.3266,30.14,30.46,17.42,-0.496,-0.1056,4
Bangalore,2006,2,-0.3339,34.13,34.46,17.73,-0.5034,0.0433,4
Bangalore,2006,3,-0.6652,34.56,35.23,21.52,-1.1967,-0.2832,4
Bangalore,2006,4,-0.8353,37.55,38.39,20.96,-1.0205,-0.7195,3
Bangalore,2006,5,-1.5665,33.73,35.3,20.96,-1.6312,-1.5027,3
Bangalore,2006,6,-1.2572,31.5,32.76,20.82,-1.8629,-0.4921,3
Bangalore,2006,7,-0.7656,27.46,28.23,18.8,-0.9807,-0.5505,2
Bangalore,2006,8,-1.3652,31.23,32.6,19.95,-2.0146,-0.9733,3
Bangalore,2006,9,-0.5007,33.12,33.62,20.5,-1.007,0.1537,3
Bangalore,2006,10,-0.0939,31.62,31.71,19.75,-0.3108,0.1231,2
Bangalore,2006,11,0.0996,29.66,29.56,18.15,-0.3024,0.371,4
Bangalore,2006,12,-0.4284,29.31,29.74,16.15,-1.0349,-0.1042,4
Bangalore,2007,1,-0.8227,31.02,31.85,17.39,-1.2124,-0.5193,4
Bangalore,2007,2,-0.8205,35.16,35.98,19.59,-1.0847,-0.3885,4
Bangalore,2007,3,-1.0774,39.7,40.78,22.74,-1.244,-0.8747,4
Bangalore,2007,4,-0.6867,36.91,37.6,22.76,-1.0275,-0.1838,3
Bangalore,2007,5,-1.3158,35.15,36.47,22.67,-1.4761,-1.0541,4
Bangalore,2007,6,-2.2072,31.97,34.17,,-2.658,-1.7564,2
Bangalore,2007,8,-1.8352,30.59,32.43,21.1,-1.8352,-1.8352,1
Bangalore,2007,9,-0.0691,30.33,30.4,19.27,-0.3565,0.2182,2
Bangalore,2007,10,0.0053,31.59,31.58,19.36,-0.5116,0.5222,2
Bangalore,2007,11,-0.2226,28.56,28.78,17.0,-0.5272,0.0266,4
Bangalore,2007,12,-0.3345,27.84,28.17,16.21,-0.7506,-0.0812,4
Bangalore,2008,1,-0.5838,29.65,30.23,16.92,-0.7824,-0.4124,4
Bangalore,2008,2,-0.9606,32.9,33.86,19.73,-1.1351,-0.806,4
Bangalore,2008,3,-0.5919,32.39,32.98,18.37,-1.2292,-0.1038,4
Bangalore,2008,4,-0.9513,36.23,37.18,22.21,-1.1548,-0.7175,4
Bangalore,2008,5,-0.8219,34.24,35.07,21.91,-1.3271,-0.5344,3
Bangalore,2008,6,-1.6867,31.92,33.61,20.99,-1.6867,-1.6867,1
Bangalore,2008,7,-1.2993,31.68,32.98,20.16,-1.8091,-0.7894,2
Bangalore,2008,8,-0.8397,26.83,27.67,19.79,-1.2297,-0.4498,2
Bangalore,2008,9,-0.426,29.24,29.67,19.46,-0.5886,-0.1135,3
Bangalore,2008,10,0.3371,29.52,29.18,17.22,0.1511,0.5282,3
Bangalore,2008,11,-1.0304,27.02,28.05,18.02,-2.23,-0.2259,3
Bangalore,2008,12,-0.1595,28.34,28.5,16.87,-0.5446,0.4415,4
Bangalore,2009,1,-0.4672,29.93,30.4,16.52,-0.5757,-0.1775,4
Bangalore,2009,2,-0.6674,35.41,36.07,19.76,-0.8742,-0.4047,4
Bangalore,2009,3,-0.3163,38.07,38.39,21.11,-0.718,0.3948,4
Bangalore,2009,4,-0.7136,36.98,37.69,23.2,-0.9103,-0.6018,3
Bangalore,2009,5,-0.8233,33.29,34.11,21.53,-1.0644,-0.6249,4
Bangalore,2009,6,-1.0819,32.05,33.13,20.66,-1.3169,-0.92,4
Bangalore,2009,7,-1.7047,29.6,31.31,19.22,-2.1658,-1.2435,2
Bangalore,2009,8,-0.8067,29.84,30.64,20.34,-1.1777,-0.54,3
Bangalore,2009,9,-0.5685,28.53,29.09,20.27,-1.7396,0.1319,4
Bangalore,2009,10,-0.0407,30.19,30.23,18.77,-0.1568,0.1873,3
Bangalore,2009,11,-1.0883,28.03,29.11,19.02,-3.3214,-0.0385,4
Bangalore,2009,12,-0.3579,28.74,29.1,17.24,-0.941,-0.0995,4
Bangalore,2010,1,-0.488,29.6,30.09,17.91,-0.6491,-0.1099,4
Bangalore,2010,2,-0.8253,35.51,36.34,20.64,-1.0706,-0.656,4
Bangalore,2010,3,-0.9453,38.21,39.15,22.53,-1.0602,-0.8497,4
Bangalore,2010,4,-1.1275,36.44,37.57,23.32,-1.3678,-0.9903,3
Bangalore,2010,5,-0.7242,33.03,33.76,21.75,-1.0432,-0.4089,4
Bangalore,2010,6,-0.9154,32.37,33.29,20.8,-2.1287,0.1024,4
Bangalore,2010,8,0.2357,29.71,29.48,19.97,-1.0077,2.1312,3
Bangalore,2010,9,-0.0453,30.84,30.89,21.14,-0.0453,-0.0453,1
Bangalore,2010,10,-0.2528,28.13,28.39,19.08,-0.8371,0.3315,2
Bangalore,2010,11,0.4289,27.2,26.78,18.54,-0.4357,1.6518,3
Bangalore,2010,12,-0.0124,27.37,27.38,17.09,-0.7438,1.8159,4
Bangalore,2011,1,-0.5217,30.11,30.63,17.16,-0.6226,-0.4429,4
Bangalore,2011,2,-0.6657,33.29,33.95,18.59,-0.7754,-0.4487,4
Bangalore,2011,3,-0.824,37.95,38.77,21.87,-1.1109,-0.5501,4
Bangalore,2011,4,-0.8894,36.09,36.98,23.17,-0.9465,-0.7841,3
Bangalore,2011,5,-0.5534,32.24,32.79,21.84,-1.0931,-0.026,4
Bangalore,2011,6,-1.5688,28.72,30.29,19.77,-3.4574,-0.6206,4
Bangalore,2011,7,-2.9121,27.79,30.7,19.02,-2.9121,-2.9121,1
Bangalore,2011,8,-3.1425,31.96,35.1,19.37,-3.1425,-3.1425,1
Bangalore,2011,9,-0.5231,30.02,30.54,19.31,-0.6295,-0.4167,2
Bangalore,2011,10,-0.2234,28.9,29.12,19.85,-0.44,-0.0068,2
Bangalore,2011,11,-0.0499,28.38,28.43,17.59,-0.4345,0.2607,3
Bangalore,2011,12,-0.8693,28.39,29.25,14.85,-1.4449,-0.6089,4
Bangalore,2012,1,-0.7294,30.18,30.91,17.28,-0.8723,-0.6506,4
Bangalore,2012,2,-1.1007,34.88,35.99,19.62,-1.534,-0.8658,4
Bangalore,2012,3,-1.0551,38.23,39.29,22.25,-1.4486,-0.4788,4
Bangalore,2012,4,-0.9366,38.38,39.32,24.01,-1.1066,-0.8118,4
Bangalore,2012,5,-0.6383,34.07,34.71,21.32,-0.9605,-0.3596,3
Bangalore,2012,6,-2.095,32.95,35.05,20.74,-2.5551,-1.3496,4
Bangalore,2012,8,-0.5688,32.13,32.7,,-0.5688,-0.5688,1
Bangalore,2012,9,-0.1828,33.79,33.97,20.32,-0.6978,0.3718,3
Bangalore,2012,10,0.4453,30.21,29.77,19.25,0.1126,0.7691,4
Bangalore,2012,11,-0.1,29.61,29.71,17.56,-0.2974,0.253,3
Bangalore,2012,12,-0.6845,28.72,29.4,17.78,-0.7711,-0.5804,4
Bangalore,2013,1,-0.9739,31.98,32.95,18.47,-1.0507,-0.8967,4
Bangalore,2013,2,-1.0932,34.63,35.72,20.35,-1.2217,-0.8022,4
Bangalore,2013,3,-1.4654,37.97,39.43,22.92,-1.672,-1.203,4
Bangalore,2013,4,-1.2172,38.93,40.15,24.09,-1.9899,-0.7896,3
Bangalore,2013,5,-0.9319,33.95,34.88,22.7,-1.2513,-0.6823,3
Bangalore,2013,6,-2.1162,32.08,34.19,,-2.1162,-2.1162,1
Bangalore,2013,7,0.5215,28.11,27.59,,0.5215,0.5215,1
Bangalore,2013,8,-0.6745,31.63,32.3,21.44,-1.3489,0.0,2
Bangalore,2013,9,-0.1145,29.59,29.71,20.0,-0.5438,0.3149,2
Bangalore,2013,10,0.6841,29.08,28.39,20.5,-0.4312,1.3867,3
Bangalore,2013,11,-0.145,28.59,28.73,18.59,-0.7373,0.3494,4
Bangalore,2013,12,-0.894,28.14,29.04,16.59,-1.0446,-0.8122,4
Bangalore,2014,1,-0.9181,29.95,30.87,18.46,-1.3736,-0.6214,4
Bangalore,2014,2,-1.3702,33.36,34.73,20.11,-2.2251,-0.9287,4
Bangalore,2014,3,-0.4855,38.5,38.98,22.69,-1.1546,0.6083,4
Bangalore,2014,4,-1.0996,38.99,40.09,23.31,-1.5704,-0.7462,3
Bangalore,2014,5,-1.1367,36.38,37.52,23.11,-2.2239,-0.6109,4
Bangalore,2014,6,-0.795,33.1,33.9,21.04,-1.5365,-0.3124,3
Bangalore,2014,7,-0.298,31.33,31.63,,-0.298,-0.298,1
Bangalore,2014,8,-0.3212,30.23,30.55,20.11,-0.3212,-0.3212,1
Bangalore,2014,9,-0.9125,30.43,31.35,20.82,-2.0761,-0.2062,4
Bangalore,2014,10,0.4686,28.17,27.7,19.7,0.3176,0.726,3
Bangalore,2014,11,0.3221,28.69,28.37,17.75,0.0277,0.6554,4
Bangalore,2014,12,-0.4286,27.74,28.17,17.73,-1.4853,0.3146,4
Bangalore,2015,1,-0.8499,28.79,29.64,18.3,-1.2754,-0.3522,4
Bangalore,2015,2,-1.2787,33.69,34.97,20.06,-1.5243,-1.1476,4
Bangalore,2015,3,-1.2771,37.09,38.37,22.68,-1.7554,-0.7006,4
Bangalore,2015,4,-0.5464,33.9,34.45,22.9,-1.0624,0.2679,3
Bangalore,2015,5,-0.312,30.79,31.11,21.35,-0.4751,-0.1682,4
Bangalore,2015,6,-3.6305,30.84,34.47,21.2,-7.3046,-0.9459,3
Bangalore,2015,7,-1.207,30.61,31.82,20.22,-1.2145,-1.1995,2
Bangalore,2015,8,0.4298,31.93,31.5,20.1,-0.3421,1.6497,3
Bangalore,2015,9,0.0995,30.77,30.67,20.52,-0.5867,0.7857,2
Bangalore,2015,10,0.7262,31.5,30.77,20.07,0.5521,1.0327,3
Bangalore,2015,11,-0.0162,27.29,27.3,19.03,-0.4159,0.3835,2
Bangalore,2015,12,-0.2779,27.94,28.22,17.96,-0.6059,0.1868,4
Bangalore,2016,1,-0.8389,28.77,29.61,17.29,-1.1243,-0.4699,4
Bangalore,2016,2,-0.9227,33.13,34.06,20.32,-1.3692,-0.5319,4
Bangalore,2016,3,-1.1976,37.94,39.13,23.77,-1.3954,-0.9587,4
Bangalore,2016,4,-1.0312,40.28,41.31,25.92,-1.5328,-0.6083,4
Bangalore,2016,5,-0.8922,34.06,34.95,22.42,-1.2649,-0.6611,3
Bangalore,2016,7,-1.7515,30.72,32.47,,-1.7515,-1.7515,1
Bangalore,2016,9,-1.2309,30.12,31.35,19.36,-1.8259,-0.1249,3
Bangalore,2016,10,-0.306,32.72,33.03,18.94,-0.8866,0.349,4
Bangalore,2016,11,-0.818,31.92,32.74,18.27,-0.9643,-0.6279,3
Bangalore,2016,12,-2.0317,27.25,29.29,17.43,-5.4109,-0.5722,4
Bangalore,2017,1,-1.2372,30.15,31.39,18.39,-1.474,-0.8933,4
Bangalore,2017,2,-1.3782,34.03,35.41,20.15,-1.5755,-1.0028,4
Bangalore,2017,3,-1.122,37.37,38.5,23.16,-1.527,-0.6761,4
Bangalore,2017,4,-1.011,37.36,38.37,24.35,-1.3875,-0.7805,3
Bangalore,2017,5,-0.5007,34.34,34.84,22.67,-0.9488,-0.0732,4
Bangalore,2017,6,-2.5654,32.49,35.06,22.67,-2.5654,-2.5654,1
Bangalore,2017,7,-2.6924,29.34,32.03,20.51,-4.2035,-1.1814,2
Bangalore,2017,8,-1.2239,29.89,31.12,21.1,-1.2239,-1.2239,1
Bangalore,2017,9,1.0781,31.66,30.58,20.39,-0.4669,3.2477,3
Bangalore,2017,10,0.8351,29.53,28.7,18.44,0.7322,0.9812,3
Bangalore,2017,11,0.4117,28.79,28.38,18.57,0.1749,0.5599,4
Bangalore,2017,12,-0.397,28.32,28.71,18.02,-0.5846,-0.0006,4
Bangalore,2018,1,-0.5724,29.15,29.72,17.76,-0.7003,-0.3916,4
Bangalore,2018,2,-0.913,33.64,34.55,19.81,-1.1503,-0.7214,4
Bangalore,2018,3,-0.7029,34.66,35.37,21.87,-1.1971,-0.243,4
Bangalore,2018,4,-1.124,34.89,36.01,23.42,-1.8716,-0.5181,3
Bangalore,2018,5,-0.2663,31.92,32.19,20.67,-0.4811,-0.1452,4
Bangalore,2018,6,-1.2427,31.09,32.33,20.07,-1.328,-1.1574,2
Bangalore,2018,7,-0.7133,28.71,29.42,21.01,-0.7133,-0.7133,1
Bangalore,2018,8,-0.7915,31.96,32.75,21.01,-0.7915,-0.7915,1
Bangalore,2018,9,-0.3105,30.96,31.27,19.12,-2.0968,0.5448,4
Bangalore,2018,10,0.0765,29.48,29.4,19.29,-0.7524,0.7918,3
Bangalore,2018,11,-0.2628,29.79,30.05,18.71,-0.6597,0.246,4
Bangalore,2018,12,-0.9266,28.85,29.77,18.09,-1.2824,-0.7261,4
Bangalore,2019,1,-1.285,30.05,31.34,17.59,-1.6583,-0.7712,4
Bangalore,2019,2,-1.4316,34.1,35.53,21.29,-1.6594,-1.1308,4
Bangalore,2019,3,-1.8654,39.17,41.04,23.95,-1.9471,-1.8014,4
Bangalore,2019,4,-1.8887,38.39,40.28,24.67,-2.3647,-1.4628,3
Bangalore,2019,5,-1.1478,33.98,35.13,23.44,-1.5607,-0.7032,4
Bangalore,2019,6,-1.1511,31.15,32.3,23.59,-2.3056,0.0035,2
Bangalore,2019,7,-2.8698,33.29,36.16,20.66,-4.4656,-1.274,2
Bangalore,2019,9,0.1709,30.12,29.95,20.77,-0.2048,0.5465,2
Bangalore,2019,10,-0.5729,28.26,28.84,20.39,-1.5085,0.3628,2
Bangalore,2019,11,0.1689,28.82,28.66,18.79,-0.2137,0.4344,4
Bangalore,2019,12,-0.3872,27.99,28.38,18.28,-0.8164,0.2928,4
Bangalore,2020,1,-0.8863,30.7,31.59,19.39,-1.1551,-0.6529,4
Bangalore,2020,2,-1.2024,33.6,34.8,20.9,-1.5583,-0.7456,4
Bangalore,2020,3,-1.5872,37.48,39.07,23.75,-1.8587,-0.9749,4
Bangalore,2020,4,-1.5556,35.67,37.23,23.06,-2.3596,-0.4901,4
Bangalore,2020,5,-1.8067,33.52,35.33,23.45,-2.6448,-1.1004,3
Bangalore,2020,6,-0.6745,32.38,33.05,21.54,-1.6297,0.2807,2
Bangalore,2020,7,-0.6097,28.71,29.32,21.44,-0.6097,-0.6097,1
Bangalore,2020,8,-0.9445,31.28,32.22,20.08,-1.4324,-0.4567,2
Bangalore,2020,9,0.2905,30.3,30.01,21.11,-0.7421,0.9738,3
Bangalore,2020,10,0.3925,29.91,29.52,20.27,0.1184,0.8743,3
Bangalore,2020,11,-0.4436,27.11,27.56,17.79,-1.0563,0.348,3
Bangalore,2020,12,-0.5729,27.66,28.24,17.42,-0.8522,-0.3073,3
Bangalore,2021,1,-1.4091,28.16,29.57,17.81,-2.0565,-0.706,4
Bangalore,2021,2,-1.0879,32.2,33.29,19.51,-1.429,-0.8487,4
Bangalore,2021,3,-1.7132,37.45,39.16,22.68,-2.397,-1.4319,4
Bangalore,2021,4,-1.2451,34.76,36.01,22.37,-1.9125,-0.5186,3
Bangalore,2021,5,-1.6005,32.96,34.56,22.31,-2.6116,-1.0757,4
Bangalore,2021,6,-1.424,32.74,34.16,21.44,-2.4093,-0.1199,3
Bangalore,2021,7,0.6786,30.35,29.67,,0.6786,0.6786,1
Bangalore,2021,8,-2.3632,30.6,32.97,,-2.3632,-2.3632,1
Bangalore,2021,9,1.0095,31.31,30.3,19.58,-0.2018,1.8248,4
Bangalore,2021,10,-0.1843,27.26,27.44,18.28,-0.8192,0.4505,2
Bangalore,2021,11,0.7144,28.19,27.47,18.83,0.7144,0.7144,1
Bangalore,2021,12,-0.2272,27.2,27.42,18.19,-0.4989,0.1925,4
Bangalore,2022,1,-0.7735,28.05,28.82,18.57,-0.9024,-0.6631,4
Bangalore,2022,2,-1.1112,31.66,32.77,20.39,-1.3093,-0.7529,4
Bangalore,2022,3,-1.2064,33.57,34.77,22.68,-1.5698,-0.9781,4
Bangalore,2022,4,-0.9596,35.19,36.15,23.68,-1.5538,-0.3949,3
Bangalore,2022,5,-1.0803,28.81,29.89,20.57,-2.5986,-0.0077,4
Bangalore,2022,6,-0.4111,29.96,30.37,21.47,-0.6592,-0.1629,2
Bangalore,2022,7,1.1548,29.55,28.4,,1.1548,1.1548,1
Bangalore,2022,8,0.0776,29.66,29.58,19.82,-0.54,0.6952,2
Bangalore,2022,9,-0.0406,30.18,30.23,21.05,-0.1687,0.0874,2
Bangalore,2022,10,0.7302,28.44,27.71,18.3,0.7302,0.7302,1
Bangalore,2022,11,0.105,26.54,26.44,18.01,-0.7857,0.5976,4
Bangalore,2022,12,-0.0283,27.46,27.48,17.8,-0.3633,0.2536,4
Bangalore,2023,1,-0.7649,27.27,28.03,17.62,-0.9464,-0.4439,4
Bangalore,2023,2,-0.8755,31.94,32.81,20.17,-1.0398,-0.7532,4
Bangalore,2023,3,-1.2436,33.75,34.99,22.21,-1.3872,-1.0384,4
Bangalore,2023,4,-0.871,36.71,37.58,24.25,-1.2143,-0.4993,3
Bangalore,2023,5,-0.347,32.02,32.36,21.96,-0.5795,-0.168,3
Bangalore,2023,6,-1.5565,29.33,30.89,22.25,-1.6063,-1.5068,2
Bangalore,2023,7,-1.3773,27.29,28.67,20.67,-1.3773,-1.3773,1
Bangalore,2023,8,-1.4028,30.52,31.92,20.43,-2.0691,-0.892,3
Bangalore,2023,9,-0.4645,29.48,29.94,20.79,-0.4801,-0.449,2
Bangalore,2023,10,-0.3039,30.17,30.47,20.29,-0.42,-0.2426,3
Bangalore,2023,11,-0.179,28.73,28.91,20.44,-0.26,-0.1222,3
Bangalore,2023,12,-1.1054,27.08,28.19,19.25,-1.4364,-0.6066,4
Bangalore,2024,1,-1.1523,28.27,29.42,19.9,-1.457,-0.7946,4
Bangalore,2024,2,-1.5588,32.32,33.88,22.16,-1.806,-1.3789,4
Bangalore,2024,3,-1.7478,36.19,37.94,24.77,-1.9583,-1.499,4
Bangalore,2024,4,-1.9155,38.53,40.44,26.02,-2.3859,-1.6885,4
Bangalore,2024,5,-0.0045,31.44,31.45,23.23,-0.7925,0.4963,3
Bangalore,2024,6,-0.66,30.66,31.32,21.2,-0.9016,-0.4184,2
Bangalore,2024,7,-0.7733,29.72,30.49,21.09,-1.1564,-0.3901,2
Bangalore,2024,8,-0.6172,29.68,30.29,21.71,-0.8742,-0.3603,2
Bangalore,2024,9,-0.7139,30.09,30.8,20.66,-1.225,-0.2453,3
Bangalore,2024,10,-0.2278,26.65,26.88,19.84,-1.0808,0.2655,3
Bangalore,2024,11,0.0353,26.11,26.08,17.63,-0.3759,0.3033,3
Bangalore,2024,12,-0.528,24.88,25.41,19.58,-0.931,-0.2691,4
Chennai,2000,2,-0.0763,32.43,32.51,23.05,-0.0763,-0.0763,1
Chennai,2000,3,-0.6715,33.22,33.89,24.78,-1.0,-0.3862,4
Chennai,2000,4,-2.6347,35.38,38.02,26.03,-5.6094,-1.145,4
Chennai,2000,5,-0.8437,40.97,41.82,27.47,-1.3185,-0.0804,3
Chennai,2000,6,-2.3793,36.73,39.11,25.13,-6.3244,0.4765,3
Chennai,2000,7,-0.3945,35.8,36.19,24.32,-1.3346,0.4353,4
Chennai,2000,9,0.3979,35.85,35.45,25.01,-0.2413,1.037,2
Chennai,2000,10,1.4881,32.72,31.23,24.01,-0.3388,4.7026,3
Chennai,2000,11,0.1539,30.07,29.92,22.86,-0.3121,0.6199,2
Chennai,2000,12,-0.2457,28.61,28.86,20.36,-1.5506,0.6171,4
Chennai,2001,1,-0.803,31.05,31.85,20.94,-0.8907,-0.6552,3
Chennai,2001,2,-0.3909,34.67,35.06,22.88,-0.5907,0.0066,4
Chennai,2001,3,-1.1997,37.3,38.5,25.05,-2.7192,-0.5769,4
Chennai,2001,4,-1.8432,37.95,39.79,25.81,-2.7281,-0.6312,3
Chennai,2001,5,-0.1201,40.05,40.17,26.91,-1.2314,1.1382,4
Chennai,2001,6,1.2724,40.87,39.6,,1.2724,1.2724,1
Chennai,2001,7,-0.7769,34.68,35.46,25.01,-6.8517,4.4501,4
Chennai,2001,8,1.8285,38.41,36.58,25.98,0.4813,4.3745,3
Chennai,2001,9,0.3931,36.41,36.02,25.48,-0.1956,0.9858,3
Chennai,2001,10,-0.2463,30.24,30.48,25.04,-0.3497,-0.1389,3
Chennai,2001,11,0.7968,29.01,28.21,23.68,0.3911,1.0825,3
Chennai,2001,12,0.1618,28.22,28.06,21.74,-0.0417,0.7478,4
Chennai,2002,1,-0.3821,27.86,28.24,21.97,-1.7465,1.5012,4
Chennai,2002,2,0.3056,32.4,32.1,23.53,-0.7947,2.4946,4
Chennai,2002,3,-0.2641,34.4,34.66,25.28,-0.5816,-0.0862,3
Chennai,2002,4,-0.8453,38.01,38.85,26.91,-1.1578,-0.378,3
Chennai,2002,5,-0.5239,38.98,39.51,27.75,-1.219,-0.0222,4
Chennai,2002,6,0.0313,38.51,38.48,27.06,-1.0506,1.8268,3
Chennai,2002,7,-1.2305,36.6,37.83,25.67,-5.0561,1.002,3
Chennai,2002,8,-0.1689,34.61,34.77,24.64,-0.7369,0.6719,3
Chennai,2002,9,-0.2727,35.56,35.83,25.39,-1.2301,0.7994,4
Chennai,2002,10,-3.1619,28.28,31.45,24.63,-3.1619,-3.1619,1
Chennai,2002,11,-1.3315,27.13,28.46,20.63,-2.3371,-0.323,3
Chennai,2002,12,-1.4987,27.01,28.5,22.07,-2.7782,-0.6245,4
Chennai,2003,1,-0.2898,30.06,30.34,21.58,-0.5725,0.3664,4
Chennai,2003,2,-0.5427,32.8,33.34,23.84,-1.9951,0.2551,4
Chennai,2003,3,-1.1474,35.72,36.87,25.13,-2.2598,-0.7562,4
Chennai,2003,4,-1.3218,37.31,38.63,25.99,-1.4656,-1.2056,3
Chennai,2003,5,-1.3202,40.36,41.68,26.63,-1.6669,-0.7116,3
Chennai,2003,6,-0.1694,39.67,39.84,26.77,-0.9928,0.654,2
Chennai,2003,7,0.9549,40.66,39.7,,0.9549,0.9549,1
Chennai,2003,8,0.913,35.73,34.82,26.35,0.6333,1.1928,2
Chennai,2003,9,0.8638,36.8,35.94,25.67,0.5484,1.1792,2
Chennai,2003,10,0.0871,33.19,33.1,25.03,-0.4355,0.6096,2
Chennai,2003,11,0.5347,29.98,29.44,22.51,0.2719,0.9946,3
Chennai,2003,12,1.5899,29.69,28.1,21.87,0.9678,2.5005,3
Chennai,2004,1,-0.475,30.62,31.09,21.24,-1.9468,0.25,4
Chennai,2004,2,-0.6425,34.55,35.19,21.82,-1.144,-0.1224,4
Chennai,2004,3,-1.1916,38.01,39.2,24.47,-2.3333,-0.5824,4
Chennai,2004,4,-0.5767,39.91,40.49,26.55,-1.1008,-0.0022,4
Chennai,2004,5,-1.6474,36.52,38.17,26.32,-2.0557,-0.8785,3
Chennai,2004,6,0.4071,36.89,36.49,25.96,0.1943,0.7409,3
Chennai,2004,7,-0.0442,39.54,39.58,27.08,-0.4805,0.3568,3
Chennai,2004,8,2.0353,35.67,33.63,,2.0353,2.0353,1
Chennai,2004,9,1.5248,37.06,35.54,25.95,0.0108,3.0389,2
Chennai,2004,10,0.9278,32.0,31.07,24.41,-0.7562,3.1467,4
Chennai,2004,11,-0.4716,27.71,28.19,23.0,-0.8948,0.2294,3
Chennai,2004,12,0.3305,29.65,29.32,21.8,-0.2336,1.0826,4
Chennai,2005,1,-0.6933,30.41,31.1,22.28,-1.5036,-0.1386,4
Chennai,2005,2,-0.3619,34.71,35.07,23.49,-0.6698,0.046,4
Chennai,2005,3,-2.3861,35.41,37.8,26.05,-3.6906,-1.4637,4
Chennai,2005,4,-0.8559,35.94,36.79,26.34,-2.2135,1.0826,3
Chennai,2005,5,-1.5234,37.7,39.23,27.16,-1.8864,-1.2674,4
Chennai,2005,6,-0.386,38.25,38.64,27.13,-0.3975,-0.3745,2
Chennai,2005,7,2.5584,39.57,37.01,,2.5584,2.5584,1
Chennai,2005,8,-0.5851,35.95,36.54,25.84,-1.4342,0.1448,3
Chennai,2005,9,0.3492,35.27,34.92,24.66,-0.0581,0.7818,3
Chennai,2005,10,-0.462,28.81,29.27,22.13,-0.9636,0.0396,2
Chennai,2005,11,-0.4915,27.31,27.8,22.23,-0.7463,-0.0125,3
Chennai,2005,12,0.3604,27.41,27.05,22.5,-2.2827,3.22,4
Chennai,2006,1,-0.2566,29.89,30.14,21.88,-0.4591,-0.1226,3
Chennai,2006,2,-0.653,32.68,33.34,23.3,-1.0094,-0.2028,4
Chennai,2006,3,-0.4115,34.85,35.26,25.47,-1.1518,0.0777,4
Chennai,2006,4,0.0965,37.01,36.91,27.15,-0.7271,1.3726,3
Chennai,2006,5,-1.7641,36.59,38.35,26.24,-2.8675,-1.0821,3
Chennai,2006,6,-1.8657,36.12,37.98,26.46,-4.7433,0.1995,3
Chennai,2006,7,-0.5618,34.51,35.07,26.05,-1.9809,0.5746,3
Chennai,2006,8,-0.2518,35.01,35.26,25.49,-2.0422,1.0131,3
Chennai,2006,9,-0.1717,31.83,32.0,25.44,-0.1841,-0.1592,2
Chennai,2006,10,-1.2865,31.47,32.76,24.64,-2.7092,0.1363,2
Chennai,2006,11,-0.5932,27.68,28.28,23.4,-0.6111,-0.5753,2
Chennai,2006,12,0.7256,28.96,28.24,21.95,-0.2333,3.4761,4
Chennai,2007,1,-1.4701,28.56,30.03,22.01,-4.045,0.3725,4
Chennai,2007,2,-0.5343,32.67,33.2,22.91,-1.1443,-0.013,4
Chennai,2007,3,-0.9187,35.54,36.46,24.79,-1.4873,-0.6414,4
Chennai,2007,4,-1.8975,37.81,39.71,26.17,-2.815,-0.5819,3
Chennai,2007,5,-0.8601,39.71,40.57,27.95,-1.5091,0.0697,4
Chennai,2007,6,0.3339,40.76,40.43,27.45,-0.8618,1.5296,2
Chennai,2007,7,-0.5224,32.44,32.96,25.28,-1.3341,0.1502,3
Chennai,2007,8,-1.6626,31.29,32.95,26.14,-1.9679,-1.4946,3
Chennai,2007,9,-0.2207,33.04,33.26,26.1,-0.6647,0.0656,3
Chennai,2007,10,-0.7392,32.77,33.51,24.78,-1.1029,-0.3754,2
Chennai,2007,11,-0.0637,29.52,29.58,22.97,-0.6316,0.3656,4
Chennai,2007,12,0.3704,28.68,28.31,22.07,0.2412,0.6233,3
Chennai,2008,1,-0.968,27.83,28.79,22.44,-3.414,0.125,4
Chennai,2008,2,-0.4343,31.57,32.0,23.56,-1.3447,0.4166,4
Chennai,2008,3,-0.1971,32.82,33.02,24.96,-2.2332,1.0524,4
Chennai,2008,4,-1.2791,35.44,36.72,26.51,-1.6634,-1.0088,4
Chennai,2008,5,-0.6145,38.34,38.95,26.44,-1.3502,-0.1299,3
Chennai,2008,6,0.3746,32.45,32.08,26.79,-0.2977,1.5167,3
Chennai,2008,7,-1.6735,34.6,36.27,26.59,-4.4716,0.1598,3
Chennai,2008,8,-2.6998,31.41,34.11,26.03,-4.938,-0.4615,2
Chennai,2008,9,-0.5506,33.75,34.31,25.18,-1.7575,0.6454,3
Chennai,2008,10,-1.1304,31.4,32.53,24.17,-2.5775,-0.1016,3
Chennai,2008,11,-0.8952,27.08,27.98,23.9,-1.2369,-0.5535,2
Chennai,2008,12,0.1022,29.11,29.01,23.27,-0.1124,0.4078,4
Chennai,2009,1,-1.127,29.42,30.55,21.68,-1.469,-0.7046,4
Chennai,2009,2,-0.686,33.34,34.03,23.54,-0.9645,-0.4066,4
Chennai,2009,3,-0.5659,35.52,36.08,24.92,-0.9459,-0.0895,4
Chennai,2009,4,-0.7808,36.96,37.74,26.66,-0.9806,-0.6397,3
Chennai,2009,5,-0.6257,38.67,39.3,26.46,-1.5311,0.1009,3
Chennai,2009,6,0.0285,40.02,39.99,27.9,-0.9697,0.9782,4
Chennai,2009,7,0.077,34.66,34.58,26.69,0.077,0.077,1
Chennai,2009,8,0.1088,34.43,34.32,,-0.3688,0.6832,3
Chennai,2009,9,-0.4242,35.54,35.96,25.47,-1.2691,0.455,4
Chennai,2009,10,-0.8013,34.96,35.76,24.07,-2.3043,0.9861,3
Chennai,2009,11,1.4579,30.79,29.33,24.26,0.5825,2.3334,2
Chennai,2009,12,1.1171,28.43,27.31,21.55,0.5459,2.2033,3
Chennai,2010,1,-0.193,29.11,29.3,22.84,-2.1325,2.1161,4
Chennai,2010,2,-0.8436,32.15,32.99,23.72,-2.0045,-0.3871,4
Chennai,2010,3,-0.3575,35.52,35.88,26.3,-0.7026,0.0593,4
Chennai,2010,4,0.3204,38.1,37.78,27.53,-1.3783,3.0231,3
Chennai,2010,5,-1.0637,37.6,38.66,27.12,-1.9748,-0.5757,4
Chennai,2010,6,-0.8474,35.81,36.66,27.73,-1.9939,-0.0259,3
Chennai,2010,7,-0.7613,29.39,30.15,,-2.264,0.7414,2
Chennai,2010,8,0.4042,32.94,32.53,26.61,0.2381,0.5702,2
Chennai,2010,9,-0.516,30.87,31.39,26.93,-0.516,-0.516,1
Chennai,2010,10,-0.3957,32.79,33.18,25.84,-0.4432,-0.3481,2
Chennai,2010,11,1.1059,29.34,28.23,24.59,-0.5687,2.9485,4
Chennai,2010,12,0.3629,28.41,28.04,21.34,-0.4109,1.1603,4
Chennai,2011,1,0.1085,28.01,27.9,22.44,-1.537,3.3335,4
Chennai,2011,2,-0.7494,31.78,32.53,22.55,-1.161,-0.0863,4
Chennai,2011,3,-1.0806,33.98,35.06,25.08,-1.8588,-0.4753,4
Chennai,2011,4,-0.9955,35.93,36.92,26.37,-1.9976,-0.2027,3
Chennai,2011,5,-0.6954,36.86,37.56,27.18,-1.2514,-0.0491,4
Chennai,2011,6,-0.5393,37.13,37.67,25.19,-2.5583,0.5177,3
Chennai,2011,7,4.3909,39.66,35.27,,4.3909,4.3909,1
Chennai,2011,8,-0.8626,31.32,32.18,,-0.8626,-0.8626,1
Chennai,2011,9,-1.3374,32.72,34.06,25.28,-2.2763,-0.6466,4
Chennai,2011,10,-0.1805,34.09,34.27,25.33,-0.1893,-0.1717,2
Chennai,2011,11,0.9293,29.37,28.44,23.91,0.0562,2.5588,4
Chennai,2011,12,-0.1968,27.72,27.92,21.52,-0.6266,0.1629,4
Chennai,2012,1,0.4676,29.02,28.55,22.19,-0.4167,1.2305,3
Chennai,2012,2,-0.296,32.01,32.31,23.22,-1.7434,1.1889,4
Chennai,2012,3,-1.0539,34.63,35.69,25.55,-1.7531,-0.6895,4
Chennai,2012,4,-1.0672,37.05,38.12,26.82,-1.431,-0.7077,4
Chennai,2012,5,-0.3767,38.1,38.48,27.39,-1.2147,0.6342,3
Chennai,2012,6,-1.0965,40.05,41.14,27.42,-1.986,-0.4291,3
Chennai,2012,7,0.8636,38.26,37.4,25.9,-0.1662,1.8934,2
Chennai,2012,8,0.7565,37.34,36.58,25.77,-0.4151,2.4311,3
Chennai,2012,9,0.176,33.6,33.43,26.02,-0.2852,0.644,3
Chennai,2012,10,-0.0878,31.76,31.85,24.76,-0.723,0.3611,3
Chennai,2012,11,0.3749,30.3,29.93,23.09,0.0745,0.5275,3
Chennai,2012,12,-0.362,29.46,29.82,22.99,-0.4537,-0.2704,2
Chennai,2013,1,-0.8499,29.28,30.13,22.66,-2.3825,0.0785,4
Chennai,2013,2,-2.5492,30.74,33.28,23.22,-7.082,-0.6776,4
Chennai,2013,3,-1.2464,34.39,35.63,25.4,-1.8016,-0.7893,4
Chennai,2013,4,-1.0802,36.37,37.45,27.16,-1.4907,-0.3923,3
Chennai,2013,5,-1.0406,38.17,39.21,27.04,-1.5184,-0.5266,3
Chennai,2013,6,0.1471,39.8,39.65,,0.0426,0.2516,2
Chennai,2013,7,1.7866,33.9,32.11,,1.7866,1.7866,1
Chennai,2013,8,0.2789,35.93,35.66,25.02,0.2789,0.2789,1
Chennai,2013,9,0.3743,32.64,32.27,25.14,-0.9494,1.3957,3
Chennai,2013,10,1.6206,34.7,33.08,24.47,0.344,2.8973,2
Chennai,2013,11,-0.0707,29.84,29.91,23.65,-0.8796,0.644,4
Chennai,2013,12,0.5971,29.06,28.46,20.99,0.3135,1.2626,4
Chennai,2014,1,0.1646,30.46,30.3,22.13,-0.6709,1.1621,4
Chennai,2014,2,-0.3405,33.78,34.12,22.29,-1.0557,0.1934,4
Chennai,2014,3,-0.6601,37.61,38.27,25.18,-1.3609,0.1621,4
Chennai,2014,4,-0.8187,38.46,39.28,26.51,-1.3799,-0.144,3
Chennai,2014,5,-1.0499,39.81,40.86,27.19,-1.9193,-0.3859,4
Chennai,2014,6,0.1529,37.75,37.6,27.39,-0.4191,0.5339,4
Chennai,2014,7,0.0369,35.13,35.09,27.47,-0.7834,0.8573,2
Chennai,2014,8,-0.1938,34.54,34.73,24.85,-0.1938,-0.1938,1
Chennai,2014,9,0.1674,34.97,34.8,25.69,-2.1006,1.9277,3
Chennai,2014,10,0.9391,32.61,31.67,24.48,0.3456,1.5379,3
Chennai,2014,11,1.2752,30.1,28.82,23.31,0.9679,1.5825,2
Chennai,2014,12,-0.5161,27.4,27.91,22.44,-1.9805,0.7322,4
Chennai,2015,1,-0.4255,29.42,29.85,22.41,-1.9528,0.6809,4
Chennai,2015,2,-1.266,32.59,33.85,23.09,-1.5238,-0.8123,4
Chennai,2015,3,-1.3198,36.14,37.46,26.03,-2.1892,-0.9351,4
Chennai,2015,4,-0.3006,38.8,39.1,26.85,-1.9862,1.1529,3
Chennai,2015,5,0.1083,38.01,37.9,25.91,-0.5867,0.841,3
Chennai,2015,6,-0.7817,37.83,38.61,26.98,-1.5575,0.1719,3
Chennai,2015,7,0.9214,36.76,35.84,26.63,0.1577,1.6386,3
Chennai,2015,8,-0.0289,33.83,33.86,26.21,-0.5486,0.4908,2
Chennai,2015,9,0.2548,35.79,35.54,26.24,-0.3781,1.1353,3
Chennai,2015,10,0.1811,33.07,32.88,25.43,-0.0839,0.4712,3
Chennai,2015,11,-1.218,27.61,28.83,21.54,-1.218,-1.218,1
Chennai,2015,12,-0.3207,27.96,28.28,23.98,-1.5525,0.5804,3
Chennai,2016,1,-0.7326,29.52,30.25,22.28,-1.245,-0.3301,3
Chennai,2016,2,-0.0309,32.69,32.72,23.98,-0.3882,0.5644,4
Chennai,2016,3,-0.1717,35.64,35.81,26.73,-0.2522,-0.0825,4
Chennai,2016,4,-0.5584,37.95,38.51,28.23,-0.9856,0.5638,4
Chennai,2016,5,-0.4185,35.44,35.86,28.21,-1.3263,0.1808,3
Chennai,2016,6,0.5321,36.32,35.79,26.91,0.5321,0.5321,1
Chennai,2016,7,-0.0389,34.11,34.15,26.5,-2.7837,1.2043,4
Chennai,2016,8,1.7038,37.75,36.05,26.79,1.3929,2.0148,2
Chennai,2016,9,1.1655,35.33,34.17,26.06,0.3427,1.6465,3
Chennai,2016,10,0.784,34.68,33.9,24.42,0.4381,1.2092,4
Chennai,2016,11,0.8395,32.6,31.76,22.58,0.6312,1.226,3
Chennai,2016,12,0.6254,29.94,29.32,22.51,0.3803,0.9356,4
Chennai,2017,1,-0.4743,30.34,30.81,22.07,-1.3885,0.3732,4
Chennai,2017,2,0.328,34.26,33.94,22.95,-0.445,1.3407,4
Chennai,2017,3,0.0643,36.56,36.5,25.93,-0.758,0.8298,4
Chennai,2017,4,0.0181,38.73,38.71,26.72,-0.2205,0.1707,3
Chennai,2017,5,-0.3561,41.48,41.83,27.59,-0.7948,0.5256,4
Chennai,2017,6,0.3327,41.87,41.54,27.77,-0.2513,1.2972,3
Chennai,2017,7,1.2612,37.49,36.23,26.49,-1.6339,3.0331,3
Chennai,2017,9,0.9893,34.75,33.76,25.89,0.5737,1.6627,3
Chennai,2017,10,1.5933,33.05,31.45,25.29,-0.1367,4.2684,3
Chennai,2017,11,0.3611,28.78,28.42,24.25,-0.3202,0.7724,3
Chennai,2017,12,0.4041,29.19,28.79,22.66,-1.4168,2.1729,4
Chennai,2018,1,-0.0231,30.46,30.49,21.72,-0.3529,0.2989,4
Chennai,2018,2,0.0084,34.33,34.32,23.12,-0.1449,0.1544,4
Chennai,2018,3,-0.4686,35.03,35.5,25.22,-0.7784,0.2563,4
Chennai,2018,4,0.0908,37.17,37.08,26.97,-0.3531,0.3154,3
Chennai,2018,5,-1.6383,38.58,40.22,26.25,-3.4412,-0.2662,3
Chennai,2018,6,-1.298,37.92,39.22,28.35,-4.6158,0.1833,4
Chennai,2018,7,-1.9213,33.31,35.23,26.88,-4.3995,0.5568,2
Chennai,2018,8,-0.4334,34.6,35.03,24.91,-0.6489,-0.2179,2
Chennai,2018,9,1.4314,35.91,34.48,25.59,-0.6904,3.0537,4
Chennai,2018,10,1.0129,33.51,32.49,24.15,0.5915,1.403,3
Chennai,2018,11,-1.089,27.62,28.71,22.43,-2.6798,0.5018,2
Chennai,2018,12,-0.806,27.63,28.44,22.67,-2.3155,0.1804,3
Chennai,2019,1,-2.6995,27.78,30.48,22.25,-5.7846,-0.1369,4
Chennai,2019,2,-0.6696,34.15,34.82,24.04,-0.8245,-0.5123,4
Chennai,2019,3,-0.9731,37.69,38.66,25.95,-1.367,-0.5075,4
Chennai,2019,4,-0.7845,40.67,41.46,27.08,-1.2332,-0.4462,3
Chennai,2019,5,-0.9609,39.46,40.42,27.59,-2.1126,0.068,4
Chennai,2019,6,-0.0136,41.2,41.21,27.78,-1.9453,2.5744,3
Chennai,2019,7,-0.7202,38.41,39.13,27.11,-4.0794,1.0199,3
Chennai,2019,8,1.656,34.76,33.1,25.53,0.4713,2.8407,2
Chennai,2019,9,2.0447,35.66,33.61,25.44,-0.0633,3.8162,4
Chennai,2019,10,0.2687,34.51,34.24,25.36,0.2687,0.2687,1
Chennai,2019,11,-0.3842,30.59,30.98,24.03,-1.0872,0.6004,3
Chennai,2019,12,0.1025,27.84,27.74,23.02,-2.6923,1.5027,4
Chennai,2020,1,0.0398,29.85,29.81,23.52,-0.0609,0.1906,4
Chennai,2020,2,-0.4194,33.14,33.56,23.99,-1.0061,0.1745,4
Chennai,2020,3,-0.5225,35.84,36.36,26.23,-1.2874,-0.0799,4
Chennai,2020,4,0.2375,37.39,37.15,27.11,-0.0453,0.4722,4
Chennai,2020,5,-0.7476,38.34,39.09,27.45,-1.1346,-0.3605,2
Chennai,2020,6,-0.2298,40.91,41.14,27.38,-0.2298,-0.2298,1
Chennai,2020,7,2.9669,38.86,35.89,,1.4163,4.5174,2
Chennai,2020,9,0.4678,35.32,34.85,26.14,-0.1866,1.4962,3
Chennai,2020,10,-0.869,31.32,32.19,25.31,-3.214,0.2789,4
Chennai,2020,11,1.0481,29.83,28.78,24.45,0.1509,1.9454,2
Chennai,2020,12,0.1479,28.11,27.96,22.75,-0.4423,1.3312,4
Chennai,2021,1,-0.4166,28.91,29.33,23.32,-1.0621,-0.0092,3
Chennai,2021,2,-0.2705,32.36,32.63,23.18,-1.0525,0.4846,4
Chennai,2021,3,-0.0606,35.88,35.94,26.08,-0.434,0.2631,4
Chennai,2021,4,-0.0781,35.72,35.8,26.82,-0.631,0.397,3
Chennai,2021,5,-0.8256,37.08,37.9,27.79,-1.7277,1.0896,4
Chennai,2021,6,-0.4523,36.96,37.41,27.0,-1.0612,0.2808,3
Chennai,2021,7,0.3671,33.5,33.13,,-0.3303,1.0646,2
Chennai,2021,8,0.9505,34.97,34.02,26.18,-0.2561,2.1571,2
Chennai,2021,9,-2.2458,30.73,32.97,27.82,-5.9936,1.5021,2
Chennai,2021,10,-1.2005,31.4,32.6,25.56,-1.8562,-0.5449,2
Chennai,2021,11,-0.1337,28.7,28.84,24.37,-0.7604,0.4931,2
Chennai,2021,12,0.616,29.15,28.53,23.37,0.1912,1.0582,4
Chennai,2022,1,-0.6597,28.12,28.77,23.36,-2.7245,0.1806,4
Chennai,2022,2,0.0191,31.8,31.78,23.99,-0.5241,0.264,4
Chennai,2022,3,-0.2069,33.55,33.76,25.71,-0.558,0.1553,4
Chennai,2022,4,-0.4864,35.81,36.3,27.25,-0.7496,-0.1814,3
Chennai,2022,5,-0.207,35.96,36.16,26.67,-0.7979,0.2858,3
Chennai,2022,6,-0.6816,35.25,35.93,27.31,-2.6163,0.5236,3
Chennai,2022,7,-2.8404,30.54,33.38,26.34,-4.4655,-0.1173,3
Chennai,2022,8,-0.2745,34.02,34.29,25.78,-2.0215,1.0025,3
Chennai,2022,9,0.1118,36.26,36.15,25.63,-0.1749,0.3984,2
Chennai,2022,10,0.3656,32.66,32.29,24.56,0.3656,0.3656,1
Chennai,2022,11,-0.2971,27.54,27.84,23.62,-4.6594,2.9851,3
Chennai,2022,12,1.0824,28.86,27.78,22.85,0.1195,2.4069,4
Chennai,2023,1,-0.4737,28.56,29.03,22.92,-1.7817,0.3009,4
Chennai,2023,2,-0.1308,32.6,32.73,23.8,-0.3461,0.0921,4
Chennai,2023,3,-1.0641,32.44,33.51,26.08,-4.6964,0.4235,4
Chennai,2023,4,-0.0154,36.48,36.5,26.8,-0.5798,0.8706,3
Chennai,2023,5,-0.1805,36.29,36.47,25.76,-0.3183,-0.0887,3
Chennai,2023,6,-2.0419,34.01,36.05,28.15,-6.2633,0.5511,3
Chennai,2023,7,2.5699,34.09,31.52,26.37,0.5776,4.5622,2
Chennai,2023,8,0.4644,35.46,35.0,25.07,0.2211,0.7076,2
Chennai,2023,9,0.9933,33.35,32.36,26.63,0.4357,1.4292,3
Chennai,2023,10,-0.5542,32.13,32.68,26.28,-1.385,0.3974,3
Chennai,2023,11,-0.488,27.68,28.16,23.23,-0.897,-0.079,2
Chennai,2023,12,-0.4308,26.68,27.11,23.02,-2.9242,0.7715,4
Chennai,2024,1,0.3674,29.38,29.01,23.9,-0.3073,1.4152,3
Chennai,2024,2,0.2296,31.48,31.25,25.08,-0.6256,0.8395,4
Chennai,2024,3,0.3198,34.04,33.72,26.88,0.134,0.4723,4
Chennai,2024,4,-0.3723,36.33,36.7,27.98,-0.7795,0.0803,4
Chennai,2024,5,-1.3014,36.43,37.74,28.88,-1.3014,-1.3014,1
Chennai,2024,6,-2.1377,32.61,34.75,,-3.4134,-0.5533,3
Chennai,2024,7,-2.3988,29.62,32.02,,-3.6617,-0.7373,3
Chennai,2024,8,-0.0496,33.08,33.13,27.65,-3.075,2.9757,2
Chennai,2024,9,-0.6951,32.3,33.0,26.08,-1.9175,0.1307,3
Chennai,2024,10,-1.262,28.91,30.17,26.48,-3.3002,0.1123,3
Chennai,2024,11,-0.8967,26.31,27.2,24.42,-1.4999,-0.2935,2
Chennai,2024,12,0.1536,26.94,26.79,23.9,-1.4122,0.8517,4
Delhi,2000,2,1.1213,25.29,24.17,10.19,1.1213,1.1213,1
Delhi,2000,3,1.0913,29.76,28.67,13.84,0.8685,1.4251,4
Delhi,2000,4,0.3516,40.28,39.93,20.53,-0.2007,0.9009,4
Delhi,2000,5,-0.618,38.37,38.99,23.62,-1.3258,0.2861,3
Delhi,2000,6,1.0748,33.72,32.64,22.38,-0.4037,2.7191,3
Delhi,2000,7,2.466,33.15,30.69,24.45,1.9409,2.9911,2
Delhi,2000,8,0.1781,30.76,30.58,23.41,-1.5128,1.3505,3
Delhi,2000,9,1.0512,34.66,33.61,22.66,0.7282,1.3583,4
Delhi,2000,10,0.2835,34.74,34.46,18.74,-0.1704,0.5927,4
Delhi,2000,11,0.1339,28.97,28.83,11.77,-0.0971,0.5733,3
Delhi,2000,12,0.1918,23.93,23.74,7.22,-0.0596,0.3375,4
Delhi,2001,1,-0.0592,18.07,18.12,6.42,-0.4967,0.1657,4
Delhi,2001,2,0.6465,23.57,22.93,9.48,0.2749,1.0015,4
Delhi,2001,3,0.9238,30.42,29.5,14.21,0.529,1.2375,4
Delhi,2001,4,0.4061,38.15,37.74,19.43,-0.0388,0.9344,3
Delhi,2001,5,-0.4323,38.19,38.63,23.11,-1.195,0.5512,4
Delhi,2001,6,-0.723,33.34,34.06,23.31,-2.2403,0.7943,2
Delhi,2001,7,-0.244,32.89,33.13,25.11,-0.7892,0.3012,2
Delhi,2001,8,-0.3568,31.86,32.22,25.12,-3.0067,0.7138,4
Delhi,2001,9,0.709,35.37,34.67,22.54,0.1283,1.4355,4
Delhi,2001,10,0.3228,34.29,33.96,18.67,0.0653,0.4884,3
Delhi,2001,11,-0.1679,29.02,29.19,12.57,-0.2574,-0.0502,4
Delhi,2001,12,-0.2484,23.68,23.93,8.99,-0.5607,0.0491,3
Delhi,2002,1,0.0189,18.92,18.9,7.56,-0.3847,0.2979,4
Delhi,2002,2,0.8364,22.02,21.19,10.19,0.528,1.0358,4
Delhi,2002,3,1.2181,32.25,31.04,15.05,1.1385,1.2856,4
Delhi,2002,4,0.735,39.6,38.86,20.95,0.254,1.2706,3
Delhi,2002,5,0.3846,40.63,40.24,24.16,-0.4561,0.9209,4
Delhi,2002,6,0.495,36.85,36.35,24.98,0.2165,0.805,4
Delhi,2002,7,0.9907,34.17,33.17,25.44,0.5129,2.0623,4
Delhi,2002,8,1.1665,36.87,35.7,24.29,-0.4783,3.4116,3
Delhi,2002,9,0.3178,33.21,32.89,21.61,-0.0548,0.9089,4
Delhi,2002,10,0.1581,32.77,32.61,19.24,-0.0162,0.3955,3
Delhi,2002,11,-0.054,28.67,28.72,12.39,-0.1756,0.1078,4
Delhi,2002,12,-0.0944,23.05,23.14,8.8,-0.3406,0.1235,4
Delhi,2003,1,0.1392,19.37,19.23,7.66,-0.1976,0.476,2
Delhi,2003,2,0.3917,20.91,20.52,9.9,0.009,0.631,4
Delhi,2003,3,0.5902,28.78,28.19,15.42,0.3888,0.7597,4
Delhi,2003,4,0.0774,39.02,38.95,20.47,-0.0704,0.3479,3
Delhi,2003,5,0.076,40.52,40.45,21.17,-0.32,0.3801,4
Delhi,2003,6,1.1126,38.38,37.27,23.85,-0.1673,2.5299,4
Delhi,2003,7,-1.7476,33.91,35.66,27.16,-4.545,1.0498,2
Delhi,2003,8,-0.0031,30.87,30.87,24.89,-0.7727,0.5828,3
Delhi,2003,9,0.3951,32.79,32.39,22.81,-0.0608,0.7983,4
Delhi,2003,10,-0.0303,32.78,32.81,18.07,-0.3018,0.2228,3
Delhi,2003,11,-0.1502,27.63,27.78,11.27,-0.2973,-0.0277,4
Delhi,2003,12,-0.1303,19.89,20.02,9.34,-0.3077,0.0925,4
Delhi,2004,1,0.0829,17.8,17.72,8.16,-0.3147,0.4519,4
Delhi,2004,2,0.6015,23.37,22.77,10.99,0.3359,0.9942,4
Delhi,2004,3,0.8473,32.78,31.93,16.75,0.6267,1.025,4
Delhi,2004,4,0.2354,37.88,37.65,20.61,-0.4292,0.5897,4
Delhi,2004,5,-0.0788,39.54,39.62,25.19,-0.7584,0.5047,3
Delhi,2004,6,0.4619,38.1,37.64,24.18,-0.5777,2.687,4
Delhi,2004,7,1.9049,36.82,34.92,23.07,1.0592,3.3303,3
Delhi,2004,8,-0.0258,29.13,29.15,23.67,-1.2839,0.6828,4
Delhi,2004,9,0.7425,33.84,33.1,22.67,0.2403,1.2336,4
Delhi,2004,10,0.1217,30.11,29.98,16.32,-0.4191,0.7467,4
Delhi,2004,11,-0.3599,27.79,28.15,12.97,-0.4742,-0.2268,3
Delhi,2004,12,-0.0975,21.18,21.27,8.33,-0.3386,0.2601,4
Delhi,2005,1,0.2285,18.37,18.14,7.49,0.0043,0.7913,4
Delhi,2005,2,0.5368,21.41,20.87,10.85,0.304,0.6925,4
Delhi,2005,3,0.6747,31.19,30.52,16.94,0.3592,0.9984,4
Delhi,2005,4,-0.2053,38.37,38.58,18.63,-0.5208,-0.0452,3
Delhi,2005,5,0.215,42.05,41.83,22.34,0.1709,0.2903,4
Delhi,2005,6,0.875,42.27,41.39,24.08,-0.1001,1.512,3
Delhi,2005,7,1.0525,34.33,33.28,24.53,0.2279,2.1736,4
Delhi,2005,8,0.5488,33.71,33.16,24.92,0.2625,1.0461,4
Delhi,2005,9,0.2567,32.99,32.74,23.72,0.0632,0.384,4
Delhi,2005,10,0.052,33.09,33.04,17.77,-0.2721,0.2342,3
Delhi,2005,11,-0.3384,27.57,27.91,11.93,-0.5548,-0.1886,4
Delhi,2005,12,-0.1484,20.42,20.56,7.08,-0.3576,0.1606,4
Delhi,2006,1,0.1719,18.65,18.48,6.09,-0.2786,0.6223,4
Delhi,2006,2,1.106,26.98,25.87,13.31,0.8234,1.445,4
Delhi,2006,3,0.6644,30.48,29.81,16.13,0.3196,0.98,4
Delhi,2006,4,-0.0782,38.44,38.52,19.58,-0.2488,0.1332,3
Delhi,2006,5,-0.5018,37.03,37.53,23.81,-1.595,0.3059,4
Delhi,2006,6,-0.0334,37.09,37.13,23.9,-1.9756,1.3321,4
Delhi,2006,7,-1.9357,32.75,34.69,25.69,-3.6595,-0.0915,4
Delhi,2006,8,1.2451,35.35,34.11,25.5,0.7054,1.9902,3
Delhi,2006,9,0.2006,34.03,33.83,23.22,-0.4581,0.8451,4
Delhi,2006,10,0.4134,33.26,32.85,19.22,0.2,0.778,3
Delhi,2006,11,0.0573,28.51,28.45,13.87,-0.2923,0.3916,4
Delhi,2006,12,0.332,22.16,21.83,8.69,-0.1142,0.6774,4
Delhi,2007,1,0.4304,18.74,18.31,7.1,0.3389,0.543,4
Delhi,2007,2,0.6202,22.26,21.64,11.64,0.3582,1.1804,4
Delhi,2007,3,0.6074,28.72,28.11,15.9,0.0911,1.2659,4
Delhi,2007,4,0.0582,40.9,40.84,22.33,-0.0259,0.1845,3
Delhi,2007,5,-0.1219,39.71,39.83,23.07,-0.5823,0.1561,4
Delhi,2007,6,1.0981,36.8,35.7,24.05,-0.0987,3.173,3
Delhi,2007,7,-0.1462,33.6,33.74,25.32,-0.6726,0.3462,3
Delhi,2007,8,0.4808,33.65,33.17,24.37,-0.2359,1.861,4
Delhi,2007,9,0.3743,34.4,34.02,22.27,-0.1561,1.2558,4
Delhi,2007,10,0.1555,33.52,33.37,16.82,-0.054,0.3612,3
Delhi,2007,11,-0.0889,27.89,27.97,13.03,-0.3837,0.163,4
Delhi,2007,12,0.0972,21.47,21.37,6.74,-0.1393,0.3507,4
Delhi,2008,1,0.5122,18.43,17.92,4.96,0.0961,1.2897,4
Delhi,2008,2,0.8159,22.32,21.51,9.15,0.2813,1.1372,4
Delhi,2008,3,1.3356,31.27,29.94,16.35,1.1698,1.5008,4
Delhi,2008,4,0.0215,40.17,40.14,21.09,-0.1106,0.0991,4
Delhi,2008,5,0.221,34.52,34.3,21.2,-0.249,0.5772,3
Delhi,2008,6,-0.6028,35.12,35.72,23.7,-1.3891,-0.0521,4
Delhi,2008,7,-0.2321,31.95,32.18,25.09,-1.8561,0.8351,3
Delhi,2008,8,0.2724,31.12,30.84,23.61,-0.2547,0.8476,3
Delhi,2008,9,0.1109,32.32,32.21,23.58,-0.2499,0.7018,4
Delhi,2008,10,0.0116,32.39,32.38,18.19,-0.3159,0.2384,4
Delhi,2008,11,-0.0433,26.53,26.58,12.34,-0.6071,0.351,3
Delhi,2008,12,-0.0411,22.42,22.46,9.33,-0.3887,0.3437,4
Delhi,2009,1,0.6168,19.52,18.91,8.83,0.5003,0.8345,4
Delhi,2009,2,1.0141,24.36,23.35,11.32,0.8985,1.1934,4
Delhi,2009,3,0.8852,30.88,29.99,15.89,0.2758,1.4873,4
Delhi,2009,4,0.1964,40.49,40.3,20.83,-0.0869,0.7446,3
Delhi,2009,5,-0.4184,40.12,40.53,23.63,-1.4286,0.2001,4
Delhi,2009,6,0.4801,43.58,43.1,25.61,-0.7028,2.0444,4
Delhi,2009,7,0.3981,36.52,36.12,26.83,-1.4329,1.9323,3
Delhi,2009,8,0.6238,30.97,30.35,24.49,0.0289,0.94,3
Delhi,2009,9,0.6125,32.57,31.96,23.86,-0.0864,1.1244,4
Delhi,2009,10,0.4765,33.19,32.71,16.71,-0.1375,1.0263,3
Delhi,2009,11,-0.4233,27.06,27.48,13.0,-0.7193,-0.1412,4
Delhi,2009,12,-0.1869,21.15,21.34,8.29,-0.2209,-0.1107,4
Delhi,2010,1,-0.7314,17.51,18.24,7.58,-4.5187,1.5972,4
Delhi,2010,2,0.8735,23.37,22.49,11.04,0.4413,1.25,4
Delhi,2010,3,1.1376,33.64,32.5,17.4,0.6294,1.3801,4
Delhi,2010,4,0.1363,41.65,41.52,22.44,-0.651,0.7031,3
Delhi,2010,5,-0.5413,42.54,43.08,24.32,-1.1548,-0.0434,4
Delhi,2010,6,0.1762,39.95,39.77,24.59,-1.0666,0.8786,4
Delhi,2010,7,0.5474,34.0,33.45,24.79,0.5137,0.5812,2
Delhi,2010,8,1.0621,33.11,32.05,25.32,-0.8987,3.0228,2
Delhi,2010,9,0.3746,30.28,29.91,23.42,0.1831,0.5842,3
Delhi,2010,10,-0.064,31.16,31.22,19.96,-0.1926,0.1625,3
Delhi,2010,11,-0.4836,26.52,27.01,14.6,-0.7037,-0.1887,4
Delhi,2010,12,-0.5666,20.7,21.27,8.16,-0.6396,-0.4529,3
Delhi,2011,1,0.2643,17.49,17.22,6.98,0.1084,0.3872,4
Delhi,2011,2,0.4963,21.78,21.29,11.09,0.4138,0.5887,4
Delhi,2011,3,1.0041,30.21,29.2,15.77,0.8881,1.1545,4
Delhi,2011,4,0.1145,37.66,37.55,20.36,-0.1831,0.3149,3
Delhi,2011,5,0.1689,39.14,38.97,24.9,-0.1434,0.4073,4
Delhi,2011,6,-0.2498,34.96,35.21,23.88,-1.6978,0.8722,4
Delhi,2011,7,0.395,35.52,35.13,24.72,0.0806,0.7157,4
Delhi,2011,8,0.1403,31.81,31.67,22.89,-1.0016,0.9071,3
Delhi,2011,9,0.3448,32.29,31.94,23.09,-0.0192,0.5832,3
Delhi,2011,10,0.1191,32.38,32.26,18.4,0.024,0.2911,3
Delhi,2011,11,-0.3201,28.63,28.95,14.44,-0.4918,-0.1743,4
Delhi,2011,12,-0.3879,20.91,21.3,8.64,-1.081,0.0558,4
Delhi,2012,1,0.3646,17.77,17.4,6.01,0.2077,0.4588,3
Delhi,2012,2,1.4332,22.24,20.81,9.25,0.8248,2.7739,4
Delhi,2012,3,1.2017,29.79,28.59,14.76,1.0538,1.3032,4
Delhi,2012,4,0.5961,38.37,37.78,20.12,-0.1249,1.3049,4
Delhi,2012,5,0.4161,43.53,43.11,23.31,0.1991,0.6032,3
Delhi,2012,6,0.031,39.99,39.96,25.34,-1.6698,0.7614,4
Delhi,2012,7,0.4802,35.12,34.64,26.33,-0.1101,1.0095,3
Delhi,2012,9,0.5582,32.5,31.94,23.2,0.1622,0.9487,4
Delhi,2012,10,0.2693,31.11,30.84,17.41,-0.2283,0.7646,4
Delhi,2012,11,-0.3763,26.68,27.06,11.5,-0.5448,-0.0701,3
Delhi,2012,12,-0.4018,19.89,20.29,8.17,-0.6872,0.2958,4
Delhi,2013,1,0.1175,17.41,17.29,7.74,-0.0273,0.2386,3
Delhi,2013,2,0.3557,21.63,21.28,11.19,0.1751,0.7007,4
Delhi,2013,3,0.8062,29.83,29.02,16.9,0.5801,0.9774,4
Delhi,2013,4,0.0028,38.58,38.57,21.22,-0.1911,0.3044,3
Delhi,2013,5,0.148,43.42,43.27,24.59,-0.1992,0.5016,4
Delhi,2013,6,0.2115,37.25,37.04,23.76,-0.3568,0.6475,4
Delhi,2013,7,-2.0987,32.62,34.72,26.68,-3.8245,-0.571,4
Delhi,2013,8,0.9599,31.09,30.13,24.86,0.7516,1.1681,2
Delhi,2013,9,0.87,33.65,32.78,23.66,-0.0867,1.5872,4
Delhi,2013,10,-0.0208,31.23,31.25,20.31,-0.3629,0.3122,3
Delhi,2013,11,-0.1252,27.68,27.81,12.47,-0.3631,0.1832,4
Delhi,2013,12,-0.1924,20.63,20.82,8.61,-0.402,0.1282,4
Delhi,2014,1,-0.0761,18.39,18.47,8.17,-0.3972,0.3851,4
Delhi,2014,2,0.3639,20.44,20.07,9.66,0.2856,0.5523,4
Delhi,2014,3,0.6716,27.71,27.03,16.14,0.1133,1.1264,4
Delhi,2014,4,-0.196,37.78,37.97,20.46,-0.9189,0.6414,3
Delhi,2014,5,-0.0367,40.9,40.94,23.86,-0.3813,0.2246,4
Delhi,2014,6,0.378,38.55,38.17,25.86,-0.0258,0.8499,4
Delhi,2014,7,-1.029,34.86,35.89,25.09,-1.7065,-0.3514,2
Delhi,2014,8,1.0325,35.39,34.36,25.34,0.7183,1.4663,3
Delhi,2014,9,1.216,34.52,33.31,24.4,0.9069,1.4578,4
Delhi,2014,10,0.6454,32.96,32.31,19.36,-0.1143,1.3009,3
Delhi,2014,11,-0.1442,28.78,28.92,13.2,-0.2883,0.0585,4
Delhi,2014,12,-0.3105,21.11,21.42,7.98,-0.4396,-0.179,3
Delhi,2015,1,-0.0962,17.41,17.51,8.73,-0.7633,0.5247,4
Delhi,2015,2,0.9563,23.45,22.49,12.25,0.5346,1.4237,4
Delhi,2015,3,0.7849,28.36,27.58,16.57,0.237,1.0163,4
Delhi,2015,4,-0.275,34.8,35.08,21.36,-0.3856,-0.0793,3
Delhi,2015,5,0.0571,41.02,40.96,24.28,-0.3388,0.2447,4
Delhi,2015,6,0.236,38.43,38.19,25.28,-0.3817,1.5419,4
Delhi,2015,7,0.0745,30.9,30.82,24.96,-0.8864,1.4533,3
Delhi,2015,8,0.8506,31.2,30.35,25.17,0.5713,1.1774,3
Delhi,2015,9,0.8412,35.24,34.4,24.01,0.6265,1.2657,4
Delhi,2015,10,0.1887,33.37,33.18,20.0,-0.1189,0.367,3
Delhi,2015,11,-0.5031,27.86,28.36,15.03,-1.625,0.4149,4
Delhi,2015,12,0.1365,21.62,21.48,8.54,0.0037,0.3386,4
Delhi,2016,1,0.3281,20.92,20.59,10.01,0.2411,0.4151,2
Delhi,2016,2,0.7149,24.05,23.34,11.14,0.5099,0.8884,3
Delhi,2016,3,1.0547,30.86,29.81,16.89,0.8987,1.2773,4
Delhi,2016,4,-0.0779,41.82,41.9,21.85,-0.2233,0.2516,4
Delhi,2016,5,0.6718,40.48,39.81,25.23,0.2143,1.5134,3
Delhi,2016,6,-0.35,35.67,36.02,27.12,-4.91,2.7081,4
Delhi,2016,7,0.9972,32.48,31.49,24.96,0.3195,1.6749,2
Delhi,2016,8,2.1059,32.24,30.14,24.77,-0.1425,6.7416,4
Delhi,2016,9,0.5794,33.48,32.9,24.86,-0.1538,1.0566,4
Delhi,2016,10,0.1687,32.31,32.14,18.75,-0.1798,0.6943,4
Delhi,2016,11,-0.4452,27.85,28.29,13.22,-0.5421,-0.3679,3
Delhi,2016,12,-0.0644,22.71,22.78,9.84,-0.5892,0.3051,4
Delhi,2017,1,0.13,19.02,18.89,8.87,-0.6864,0.667,4
Delhi,2017,2,0.6824,23.61,22.93,11.74,0.4876,0.8898,4
Delhi,2017,3,0.697,31.2,30.5,16.3,0.3829,1.0023,4
Delhi,2017,4,0.1608,39.94,39.78,21.78,0.0479,0.372,3
Delhi,2017,5,-0.2403,40.9,41.14,24.25,-0.4887,-0.03,4
Delhi,2017,6,0.0479,37.36,37.31,26.48,-2.8594,1.6198,4
Delhi,2017,7,-0.4896,35.76,36.25,26.22,-1.3809,0.4016,2
Delhi,2017,8,1.0798,33.69,32.61,25.2,0.6287,1.3625,3
Delhi,2017,9,0.4081,33.53,33.12,23.83,-0.0476,0.844,4
Delhi,2017,10,0.3152,33.17,32.85,19.37,0.0192,0.4926,3
Delhi,2017,11,-0.3265,27.02,27.35,13.06,-0.7684,-0.0104,4
Delhi,2017,12,0.0388,21.58,21.54,8.76,-0.2796,0.3248,4
Delhi,2018,1,0.3051,19.67,19.36,7.84,-0.1454,0.8132,4
Delhi,2018,2,0.7343,24.07,23.33,11.68,0.4095,1.1512,4
Delhi,2018,3,1.1355,33.25,32.12,17.71,0.8192,1.2869,4
Delhi,2018,4,0.2881,38.58,38.29,21.07,0.1811,0.4881,3
Delhi,2018,5,0.2112,39.75,39.54,23.93,-0.562,1.0045,4
Delhi,2018,6,-0.0818,38.55,38.63,25.19,-1.0486,1.4591,4
Delhi,2018,7,0.3797,32.83,32.45,24.93,0.13,0.6293,2
Delhi,2018,8,2.0929,35.4,33.31,25.2,1.3404,2.8454,2
Delhi,2018,9,0.5105,31.42,30.91,23.56,0.2338,0.8305,4
Delhi,2018,10,0.0346,31.4,31.36,18.34,-0.1085,0.2549,3
Delhi,2018,11,-0.3221,26.92,27.24,13.75,-0.842,-0.0041,4
Delhi,2018,12,-0.55,19.86,20.41,7.47,-0.7319,-0.3801,4
Delhi,2019,1,-0.0557,17.95,18.01,7.0,-0.3979,0.1238,4
Delhi,2019,2,0.2463,20.13,19.88,10.77,-0.2044,0.6007,4
Delhi,2019,3,1.0759,30.12,29.04,15.52,0.8765,1.253,4
Delhi,2019,4,0.0567,37.92,37.87,22.6,-0.2596,0.2819,3
Delhi,2019,5,-0.6123,40.66,41.27,23.65,-0.8187,-0.3716,4
Delhi,2019,6,0.2169,41.86,41.65,26.86,-0.7308,2.1154,4
Delhi,2019,7,-0.4744,35.66,36.14,26.81,-0.4744,-0.4744,1
Delhi,2019,8,0.8963,33.35,32.45,25.69,-0.1193,2.6165,3
Delhi,2019,9,0.9092,33.41,32.5,24.03,0.5861,1.1781,4
Delhi,2019,10,0.1743,31.92,31.74,19.93,-0.2004,0.7066,3
Delhi,2019,11,-0.3011,27.09,27.39,14.89,-0.6227,-0.0498,4
Delhi,2019,12,0.7219,22.76,22.03,9.39,0.7219,0.7219,1
Delhi,2020,1,-0.1761,17.33,17.51,8.16,-0.7581,0.1555,4
Delhi,2020,2,0.7675,22.7,21.93,11.42,0.347,1.3962,4
Delhi,2020,3,0.7191,27.84,27.12,15.44,0.5675,0.9658,4
Delhi,2020,4,-0.0288,37.59,37.62,21.64,-0.3551,0.2275,4
Delhi,2020,5,0.0259,43.92,43.89,25.26,-0.2698,0.535,3
Delhi,2020,6,0.2489,37.19,36.94,26.61,-0.5609,1.2359,4
Delhi,2020,7,-0.1591,33.51,33.67,25.39,-0.6556,0.2271,4
Delhi,2020,8,2.2369,35.91,33.67,25.48,2.2369,2.2369,1
Delhi,2020,9,0.4232,34.65,34.23,24.45,-0.3757,0.8746,4
Delhi,2020,10,-0.0302,32.08,32.11,17.81,-0.4628,0.6112,4
Delhi,2020,11,-0.1847,26.63,26.81,11.42,-0.4412,0.2215,3
Delhi,2020,12,0.0354,20.4,20.36,8.52,-0.1327,0.296,4
Delhi,2021,1,-0.0447,17.85,17.9,8.37,-0.5039,0.6074,4
Delhi,2021,2,0.9206,24.95,24.03,12.49,0.6558,1.3782,4
Delhi,2021,3,0.6659,31.78,31.11,17.35,0.4341,0.8361,4
Delhi,2021,4,-0.4004,38.75,39.15,20.43,-0.4979,-0.3043,3
Delhi,2021,5,-0.7008,36.39,37.09,23.23,-1.3684,-0.0287,4
Delhi,2021,6,-0.5252,35.45,35.98,25.55,-1.6534,1.01,4
Delhi,2021,7,0.5789,37.36,36.78,27.55,-0.2273,1.385,2
Delhi,2021,8,0.2436,29.5,29.26,24.64,-0.9296,1.5627,4
Delhi,2021,9,0.1046,30.95,30.84,24.7,-0.3419,0.3698,3
Delhi,2021,10,-0.1463,30.29,30.44,20.05,-0.7338,0.2221,3
Delhi,2021,11,-0.6674,25.83,26.5,13.79,-1.0957,-0.347,4
Delhi,2021,12,-0.3692,18.96,19.33,8.63,-0.722,-0.191,4
Delhi,2022,1,-0.0305,17.56,17.59,8.41,-0.4287,0.3883,3
Delhi,2022,2,0.5272,21.85,21.33,11.56,0.3813,0.6876,4
Delhi,2022,3,0.4293,33.18,32.75,19.69,-0.0635,0.8127,4
Delhi,2022,4,-0.7509,39.8,40.55,22.98,-0.8025,-0.7104,3
Delhi,2022,5,-0.748,36.35,37.1,24.3,-1.3177,-0.43,4
Delhi,2022,6,-0.255,37.74,37.99,25.86,-0.6084,0.5535,4
Delhi,2022,7,0.144,34.3,34.15,27.53,-1.0018,0.8084,3
Delhi,2022,8,1.5631,33.9,32.33,25.27,1.4144,1.7685,3
Delhi,2022,9,0.5201,31.49,30.97,24.35,-0.0098,1.0326,4
Delhi,2022,10,-0.1345,29.05,29.19,18.2,-0.1345,-0.1345,1
Delhi,2022,11,-0.2437,26.89,27.13,14.4,-0.468,-0.0829,4
Delhi,2022,12,-0.2973,19.72,20.02,9.65,-0.5264,0.277,4
Delhi,2023,1,0.0569,17.26,17.2,7.64,-0.0612,0.1812,4
Delhi,2023,2,0.4996,23.44,22.94,13.51,0.354,0.6488,4
Delhi,2023,3,0.562,29.31,28.75,17.59,0.111,0.8844,4
Delhi,2023,4,-0.4169,36.21,36.63,20.92,-0.5963,-0.2632,3
Delhi,2023,5,-1.006,36.46,37.46,22.44,-1.688,-0.4727,4
Delhi,2023,6,-0.7618,37.78,38.54,25.81,-0.9125,-0.5821,3
Delhi,2023,7,0.1166,32.17,32.05,25.85,-2.5893,2.3951,3
Delhi,2023,8,1.3373,31.71,30.37,24.6,0.6144,2.4163,4
Delhi,2023,9,0.1282,33.47,33.34,24.32,-1.3507,1.3655,4
Delhi,2023,10,0.123,31.08,30.96,20.35,-0.144,0.2697,3
Delhi,2023,11,-0.503,25.2,25.71,15.64,-0.8236,-0.0304,4
Delhi,2023,12,-0.0167,19.46,19.48,10.13,-0.0854,0.1173,3
Delhi,2024,1,0.3222,16.19,15.87,8.12,0.2813,0.3631,2
Delhi,2024,2,0.5595,20.76,20.2,10.96,0.277,0.9537,4
Delhi,2024,3,0.6325,29.1,28.46,17.5,0.4432,0.764,4
Delhi,2024,4,-0.6458,37.37,38.01,21.84,-1.1085,-0.277,4
Delhi,2024,5,0.0035,41.25,41.25,28.03,-0.1978,0.3747,3
Delhi,2024,6,0.2234,41.08,40.86,28.04,-0.5558,0.6253,3
Delhi,2024,7,0.5799,36.38,35.8,25.91,0.3389,0.8208,2
Delhi,2024,8,-0.4893,30.1,30.59,26.07,-0.8421,-0.1364,2
Delhi,2024,9,0.2655,30.14,29.88,24.8,0.0884,0.5961,4
Delhi,2024,10,-0.0571,30.41,30.47,21.34,-0.2575,0.2122,4
Delhi,2024,11,-1.3776,24.59,25.97,15.56,-3.3111,-0.2063,3
Delhi,2024,12,-0.3898,18.14,18.53,9.66,-0.6072,-0.0893,4
Hyderabad,2000,2,-2.2178,36.57,38.79,19.63,-2.2178,-2.2178,1
Hyderabad,2000,3,-1.6441,41.44,43.08,23.07,-1.8324,-1.4291,4
Hyderabad,2000,4,-1.3515,44.85,46.2,25.1,-1.8783,-1.0055,4
Hyderabad,2000,5,-1.5756,40.29,41.86,23.72,-2.1479,-0.4839,3
Hyderabad,2000,6,-1.2583,31.68,32.94,21.04,-2.2834,-0.2332,2
Hyderabad,2000,7,-1.1224,33.22,34.35,21.9,-1.7225,-0.5223,2
Hyderabad,2000,8,0.2919,33.59,33.3,,0.2919,0.2919,1
Hyderabad,2000,9,-0.4798,32.44,32.92,21.25,-0.7198,-0.0268,4
Hyderabad,2000,10,-0.2769,33.59,33.87,20.52,-0.4928,0.0714,3
Hyderabad,2000,11,-1.2517,32.72,33.98,18.42,-1.486,-0.8078,3
Hyderabad,2000,12,-1.0979,32.32,33.42,15.14,-1.3792,-0.8549,4
Hyderabad,2001,1,-1.1941,32.38,33.57,17.47,-1.7877,-0.8651,4
Hyderabad,2001,2,-1.4287,37.77,39.2,20.64,-1.7044,-1.2708,4
Hyderabad,2001,3,-1.1305,39.25,40.38,23.05,-1.5566,-0.7368,4
Hyderabad,2001,4,-1.3263,41.93,43.26,25.01,-1.952,-0.4867,3
Hyderabad,2001,5,-4.9316,40.04,44.97,26.14,-14.0046,-1.4315,4
Hyderabad,2001,6,-0.1004,43.65,43.75,,-0.1004,-0.1004,1
Hyderabad,2001,7,-1.5126,35.45,36.96,,-2.4861,-0.5391,2
Hyderabad,2001,8,0.3519,30.19,29.84,,0.3519,0.3519,1
Hyderabad,2001,9,1.4711,33.31,31.84,22.57,0.3867,2.5555,2
Hyderabad,2001,10,-0.4675,30.18,30.64,20.47,-1.0974,-0.1486,3
Hyderabad,2001,11,-0.5193,31.32,31.84,19.44,-0.6304,-0.2277,4
Hyderabad,2001,12,-0.8912,30.81,31.71,16.99,-1.1857,-0.719,4
Hyderabad,2002,1,-1.1112,30.57,31.68,17.6,-1.5603,-0.8012,4
Hyderabad,2002,2,-1.1509,35.72,36.87,21.16,-1.3203,-0.9648,4
Hyderabad,2002,3,-1.7074,40.08,41.79,23.77,-2.0188,-1.4203,4
Hyderabad,2002,4,-1.8385,43.18,45.02,26.82,-2.0519,-1.6696,3
Hyderabad,2002,5,-1.8404,40.46,42.3,26.67,-2.3974,-1.3581,4
Hyderabad,2002,6,-1.302,35.54,36.84,22.72,-2.1827,0.327,3
Hyderabad,2002,7,-0.8051,32.97,33.78,21.92,-0.8514,-0.7588,2
Hyderabad,2002,8,0.4593,30.33,29.87,20.9,0.4593,0.4593,1
Hyderabad,2002,9,-0.4103,33.17,33.58,22.43,-1.0666,0.2726,4
Hyderabad,2002,10,-0.3365,31.52,31.85,18.83,-1.2541,0.5466,3
Hyderabad,2002,11,-0.696,32.45,33.14,17.5,-0.9268,-0.4375,4
Hyderabad,2002,12,-0.9497,32.23,33.18,17.11,-1.1692,-0.8327,4
Hyderabad,2003,1,-1.064,32.14,33.21,18.05,-1.2615,-0.9473,4
Hyderabad,2003,2,-1.0253,36.04,37.07,22.31,-1.4788,-0.6376,4
Hyderabad,2003,3,-1.4746,37.53,39.01,23.41,-2.137,-0.8248,4
Hyderabad,2003,4,-1.4765,42.51,43.98,26.79,-1.7468,-1.2698,3
Hyderabad,2003,5,-1.4224,43.37,44.79,26.25,-1.8052,-0.8683,4
Hyderabad,2003,6,-2.2509,39.69,41.94,25.09,-3.7396,-0.7623,2
Hyderabad,2003,7,-0.6284,30.96,31.59,21.7,-0.6284,-0.6284,1
Hyderabad,2003,8,0.0323,30.29,30.26,21.69,-0.7143,0.7789,2
Hyderabad,2003,9,-0.0749,32.69,32.76,22.65,-1.0656,1.6697,3
Hyderabad,2003,10,0.5853,31.21,30.62,19.38,0.3677,0.8414,3
Hyderabad,2003,11,-0.0197,30.53,30.55,18.58,-0.5346,0.361,4
Hyderabad,2003,12,-0.6067,30.72,31.33,16.77,-0.7168,-0.4646,3
Hyderabad,2004,1,-0.5185,30.65,31.17,17.65,-0.7885,-0.3995,4
Hyderabad,2004,2,-0.735,35.31,36.04,20.07,-0.9765,-0.3699,4
Hyderabad,2004,3,-1.1401,40.18,41.32,24.06,-1.3609,-0.9432,4
Hyderabad,2004,4,-0.888,41.25,42.14,25.46,-1.2945,-0.3827,4
Hyderabad,2004,5,-1.5628,40.54,42.1,25.91,-1.9113,-0.9735,3
Hyderabad,2004,6,-1.2367,37.6,38.83,23.28,-1.7498,-0.7235,2
Hyderabad,2004,7,-1.2469,35.99,37.24,,-1.2469,-1.2469,1
Hyderabad,2004,8,0.1771,30.53,30.36,21.49,-0.8563,0.9892,4
Hyderabad,2004,9,-0.0476,33.08,33.13,21.67,-0.763,0.4004,4
Hyderabad,2004,10,0.2412,31.59,31.35,20.71,-0.4687,0.7026,4
Hyderabad,2004,11,-0.2551,33.07,33.33,18.32,-0.4801,0.1176,3
Hyderabad,2004,12,-0.6765,31.52,32.2,16.6,-0.7862,-0.6252,4
Hyderabad,2005,1,-0.6669,31.72,32.39,18.6,-0.7776,-0.5433,4
Hyderabad,2005,2,-1.065,37.16,38.23,21.18,-1.4232,-0.7927,4
Hyderabad,2005,3,-0.8967,39.52,40.42,23.49,-1.599,-0.5767,4
Hyderabad,2005,4,-1.1746,40.76,41.93,25.34,-2.2958,-0.6089,3
Hyderabad,2005,5,-1.3161,43.29,44.6,26.19,-1.6226,-1.0084,4
Hyderabad,2005,6,-0.164,40.39,40.55,25.67,-0.5448,0.5612,3
Hyderabad,2005,7,-1.6246,33.87,35.5,23.32,-1.6246,-1.6246,1
Hyderabad,2005,8,-0.0303,30.24,30.27,21.15,-0.3208,0.2601,2
Hyderabad,2005,9,0.2292,30.9,30.67,20.86,-0.2723,0.651,4
Hyderabad,2005,10,-0.2649,30.32,30.58,20.69,-0.7546,-0.0189,3
Hyderabad,2005,11,-0.2315,29.52,29.75,16.6,-0.6584,0.2931,4
Hyderabad,2005,12,-0.7017,29.36,30.07,15.74,-0.8747,-0.5568,4
Hyderabad,2006,1,-0.9787,31.09,32.07,17.53,-0.9956,-0.9513,4
Hyderabad,2006,2,-1.1409,36.15,37.29,20.33,-1.2976,-0.8387,4
Hyderabad,2006,3,-1.545,36.8,38.35,22.94,-1.74,-1.0746,4
Hyderabad,2006,4,-1.3772,38.96,40.33,25.34,-1.8902,-1.0645,3
Hyderabad,2006,5,-1.2116,39.85,41.06,25.94,-1.2391,-1.1713,3
Hyderabad,2006,6,-0.7788,35.88,36.66,24.21,-1.5261,-0.2203,3
Hyderabad,2006,7,-0.287,34.74,35.03,23.33,-0.287,-0.287,1
Hyderabad,2006,8,-0.7329,31.58,32.31,21.94,-0.792,-0.6737,2
Hyderabad,2006,9,-0.1473,32.5,32.65,21.6,-1.0966,0.3724,4
Hyderabad,2006,10,-0.3118,32.11,32.42,21.26,-0.7306,0.0023,3
Hyderabad,2006,11,-0.6388,30.3,30.94,18.88,-1.0198,-0.3348,4
Hyderabad,2006,12,-1.0349,30.05,31.08,17.09,-1.2869,-0.8339,4
Hyderabad,2007,1,-1.0972,31.73,32.82,17.87,-1.3288,-0.8942,4
Hyderabad,2007,2,-0.9908,34.86,35.85,20.15,-1.2031,-0.8634,4
Hyderabad,2007,3,-1.1583,39.8,40.96,24.11,-1.2832,-1.0269,4
Hyderabad,2007,4,-1.6179,39.95,41.57,25.1,-1.8079,-1.3999,3
Hyderabad,2007,5,-1.6181,41.21,42.82,26.24,-1.8638,-1.4066,4
Hyderabad,2007,6,-0.3813,37.19,37.57,24.06,-0.9169,0.4458,3
Hyderabad,2007,7,-0.4685,28.61,29.08,22.89,-1.4928,0.5558,2
Hyderabad,2007,8,0.2613,29.65,29.39,,-2.2137,2.3217,3
Hyderabad,2007,9,1.1939,30.64,29.45,22.22,0.108,3.1797,4
Hyderabad,2007,10,0.1442,31.91,31.76,19.29,-0.4288,0.6504,3
Hyderabad,2007,11,-0.6704,31.59,32.26,17.7,-1.1487,-0.3283,4
Hyderabad,2007,12,-1.0075,31.43,32.44,17.81,-1.2315,-0.7992,4
Hyderabad,2008,1,-1.0895,32.18,33.27,17.49,-1.4028,-0.8333,4
Hyderabad,2008,2,-1.3742,33.06,34.44,20.44,-2.0425,-0.9062,4
Hyderabad,2008,3,-0.991,36.26,37.25,22.83,-1.844,0.0974,4
Hyderabad,2008,4,-1.2711,37.55,38.82,24.3,-1.4968,-1.0148,4
Hyderabad,2008,5,-1.434,40.65,42.08,25.46,-1.4779,-1.3926,3
Hyderabad,2008,6,-3.1465,34.57,37.71,25.21,-4.7428,-1.5501,2
Hyderabad,2008,7,0.1411,36.26,36.12,24.65,0.1411,0.1411,1
Hyderabad,2008,8,-0.8016,29.27,30.07,22.27,-1.8259,0.2228,2
Hyderabad,2008,9,0.1941,31.11,30.92,21.77,-0.128,0.5481,4
Hyderabad,2008,10,-0.3406,32.29,32.63,20.01,-0.9148,0.0495,4
Hyderabad,2008,11,-1.1918,31.18,32.37,19.21,-1.325,-0.9743,3
Hyderabad,2008,12,-1.291,30.95,32.24,17.86,-1.6393,-1.0423,4
Hyderabad,2009,1,-1.3442,32.09,33.43,18.12,-1.7762,-1.0181,4
Hyderabad,2009,2,-1.3905,36.53,37.92,21.66,-1.8379,-1.1482,4
Hyderabad,2009,3,-1.5322,39.52,41.05,23.21,-1.9112,-1.2245,4
Hyderabad,2009,4,-1.0597,40.71,41.77,25.26,-1.628,-0.6818,3
Hyderabad,2009,5,-1.8803,41.38,43.26,25.71,-2.1464,-1.6332,4
Hyderabad,2009,6,-1.1752,37.02,38.2,25.25,-1.8285,-0.4446,4
Hyderabad,2009,7,-0.5635,33.22,33.78,25.32,-1.2624,0.1354,2
Hyderabad,2009,8,-1.7094,32.54,34.25,21.74,-3.0276,-0.3911,2
Hyderabad,2009,9,-0.7073,31.48,32.18,21.47,-2.2315,0.3511,4
Hyderabad,2009,10,-0.5642,32.37,32.93,20.71,-0.7123,-0.3554,3
Hyderabad,2009,11,-1.124,30.31,31.43,19.44,-1.687,-0.7328,4
Hyderabad,2009,12,-1.0966,29.51,30.6,18.07,-1.2985,-0.9811,4
Hyderabad,2010,1,-1.2702,29.53,30.8,17.73,-1.5196,-0.9458,4
Hyderabad,2010,2,-1.0033,34.96,35.96,21.81,-1.1781,-0.936,4
Hyderabad,2010,3,-1.1616,40.41,41.57,24.55,-1.8404,-0.3873,4
Hyderabad,2010,4,-1.4184,42.52,43.94,26.47,-1.7623,-1.1493,3
Hyderabad,2010,5,-1.3379,39.73,41.07,26.61,-1.4141,-1.2378,4
Hyderabad,2010,6,-0.8475,37.84,38.68,27.4,-1.7698,0.0747,2
Hyderabad,2010,7,2.0676,32.76,30.69,22.55,2.0676,2.0676,1
Hyderabad,2010,8,0.1958,29.6,29.41,22.39,-0.4809,0.656,3
Hyderabad,2010,9,0.9692,30.92,29.95,21.61,0.1414,1.8077,3
Hyderabad,2010,10,0.4635,30.7,30.24,20.25,0.1539,0.6998,3
Hyderabad,2010,11,-1.2261,28.01,29.23,20.62,-2.1766,-0.3388,3
Hyderabad,2010,12,-0.9905,27.4,28.4,16.46,-1.2681,-0.4862,4
Hyderabad,2011,1,-1.2925,30.22,31.51,16.66,-1.5041,-1.045,4
Hyderabad,2011,2,-1.3407,33.45,34.79,20.39,-1.6304,-0.9205,4
Hyderabad,2011,3,-1.8531,38.72,40.57,23.41,-2.0119,-1.6675,4
Hyderabad,2011,4,-1.3885,39.62,41.01,24.68,-1.7935,-0.7184,3
Hyderabad,2011,5,-1.6021,40.62,42.22,25.81,-1.9648,-1.0641,4
Hyderabad,2011,6,-1.6645,36.82,38.49,24.71,-2.6582,-0.7093,3
Hyderabad,2011,7,-3.9583,29.86,33.82,23.13,-11.4546,-0.0635,3
Hyderabad,2011,8,-1.3315,28.8,30.13,,-1.3315,-1.3315,1
Hyderabad,2011,9,-3.715,28.73,32.44,22.42,-8.6051,-0.4243,4
Hyderabad,2011,10,-1.179,32.34,33.52,22.08,-1.4307,-0.8972,3
Hyderabad,2011,11,-1.7182,31.81,33.53,19.2,-2.0744,-1.3907,4
Hyderabad,2011,12,-1.8041,30.62,32.43,17.77,-1.9506,-1.6792,4
Hyderabad,2012,1,-1.6091,32.08,33.69,18.57,-1.8639,-1.4182,4
Hyderabad,2012,2,-1.9423,35.75,37.69,20.79,-2.127,-1.8467,4
Hyderabad,2012,3,-2.013,39.92,41.94,23.49,-2.4236,-1.6355,4
Hyderabad,2012,4,-1.5357,40.35,41.89,25.45,-1.6809,-1.4608,4
Hyderabad,2012,5,-1.4033,41.79,43.19,26.29,-1.7966,-1.0888,3
Hyderabad,2012,6,-1.9913,39.59,41.58,26.39,-3.2237,-1.0516,3
Hyderabad,2012,7,-1.1863,34.82,36.01,24.76,-1.1863,-1.1863,1
Hyderabad,2012,8,-2.5195,27.89,30.41,21.54,-4.6711,-0.368,2
Hyderabad,2012,9,0.171,30.59,30.42,20.69,-0.4008,0.7429,2
Hyderabad,2012,10,0.3347,30.93,30.6,20.36,0.2183,0.5755,4
Hyderabad,2012,11,-0.5945,30.0,30.59,18.44,-0.7873,-0.4162,3
Hyderabad,2012,12,-1.2182,30.13,31.35,17.78,-1.5661,-0.8112,4
Hyderabad,2013,1,-1.2007,31.53,32.73,19.27,-1.4384,-1.0331,4
Hyderabad,2013,2,-1.2515,34.25,35.5,20.83,-1.7898,-0.9998,4
Hyderabad,2013,3,-1.4145,39.47,40.89,24.37,-1.6686,-1.1959,4
Hyderabad,2013,4,-1.8492,41.42,43.27,26.02,-2.08,-1.7175,3
Hyderabad,2013,5,-2.002,42.06,44.06,26.77,-2.1902,-1.6423,4
Hyderabad,2013,6,-2.5412,34.32,36.86,21.95,-5.2444,-0.0805,3
Hyderabad,2013,7,0.0381,32.4,32.36,,0.0381,0.0381,1
Hyderabad,2013,8,-1.3701,28.57,29.94,21.71,-2.5125,-0.2276,2
Hyderabad,2013,9,0.5839,31.48,30.89,22.38,-0.1777,1.1767,3
Hyderabad,2013,10,0.5842,30.85,30.26,21.53,0.3186,1.105,3
Hyderabad,2013,11,-0.3689,28.96,29.33,19.0,-0.9777,0.2298,4
Hyderabad,2013,12,-0.7573,28.68,29.44,16.28,-1.0305,-0.3529,4
Hyderabad,2014,1,-0.9282,29.59,30.52,18.66,-1.2279,-0.6671,4
Hyderabad,2014,2,-1.0704,32.94,34.01,20.04,-1.2462,-0.9379,4
Hyderabad,2014,3,-1.1834,37.57,38.75,23.85,-1.3571,-0.9801,4
Hyderabad,2014,4,-1.5207,39.93,41.45,25.73,-1.8872,-1.033,3
Hyderabad,2014,5,-0.9949,39.29,40.29,25.78,-1.3457,-0.8341,4
Hyderabad,2014,6,-1.5409,36.99,38.53,25.65,-2.4288,-0.9628,4
Hyderabad,2014,8,-1.0942,33.31,34.41,17.81,-3.7297,0.2465,3
Hyderabad,2014,9,-0.0929,31.77,31.86,21.19,-1.1424,0.413,4
Hyderabad,2014,10,-0.0165,32.88,32.9,20.94,-0.1166,0.0389,3
Hyderabad,2014,11,-0.7662,31.72,32.49,19.27,-1.2322,-0.561,4
Hyderabad,2014,12,-1.624,30.09,31.72,17.15,-1.8397,-1.4984,4
Hyderabad,2015,1,-1.1763,31.08,32.26,17.82,-1.3833,-0.9791,4
Hyderabad,2015,2,-1.3564,35.23,36.59,20.91,-1.6641,-1.0666,4
Hyderabad,2015,3,-1.5999,38.57,40.17,24.64,-1.8612,-1.4093,4
Hyderabad,2015,4,-1.1248,37.58,38.71,24.65,-1.4419,-0.6733,3
Hyderabad,2015,5,-1.5737,39.59,41.17,26.36,-2.1613,-1.174,4
Hyderabad,2015,6,-1.1057,37.32,38.43,25.84,-1.3781,-0.9233,3
Hyderabad,2015,7,-1.8015,33.73,35.53,24.03,-3.936,-0.6063,4
Hyderabad,2015,8,-0.6861,33.58,34.26,21.28,-1.4616,-0.0432,3
Hyderabad,2015,9,0.0778,32.86,32.79,21.49,-0.4835,0.639,2
Hyderabad,2015,10,-0.4426,32.97,33.42,22.73,-0.5347,-0.3401,3
Hyderabad,2015,11,-1.0005,32.31,33.31,20.61,-1.6137,-0.5321,4
Hyderabad,2015,12,-1.7532,32.18,33.94,19.52,-2.4262,-1.2439,4
Hyderabad,2016,1,-1.5876,31.96,33.55,18.76,-2.0172,-1.1087,4
Hyderabad,2016,2,-1.7058,36.36,38.07,22.62,-2.1811,-1.4089,4
Hyderabad,2016,3,-2.1546,41.19,43.34,26.24,-2.206,-2.1219,4
Hyderabad,2016,4,-2.0579,44.75,46.81,27.97,-2.3681,-1.2543,4
Hyderabad,2016,5,-2.0296,38.27,40.3,26.35,-2.5273,-1.5323,3
Hyderabad,2016,6,-1.3052,36.19,37.49,24.7,-3.1564,1.2156,4
Hyderabad,2016,7,-7.476,28.17,35.65,20.21,-7.476,-7.476,1
Hyderabad,2016,8,-1.1035,33.55,34.65,20.29,-1.8416,-0.3654,2
Hyderabad,2016,9,0.3427,31.19,30.85,22.02,0.0121,0.6733,2
Hyderabad,2016,10,-0.3769,31.12,31.5,20.11,-1.1357,0.1993,4
Hyderabad,2016,11,-1.0378,31.34,32.38,16.82,-1.2904,-0.7307,3
Hyderabad,2016,12,-1.2825,30.26,31.55,17.6,-1.5184,-1.0587,4
Hyderabad,2017,1,-1.3185,30.5,31.82,18.39,-1.535,-1.1388,4
Hyderabad,2017,2,-1.4177,35.53,36.95,21.16,-1.7243,-1.1589,4
Hyderabad,2017,3,-1.806,38.61,40.42,24.3,-1.9573,-1.6005,4
Hyderabad,2017,4,-2.1163,42.37,44.49,26.29,-2.2422,-1.9632,3
Hyderabad,2017,5,-2.5777,40.87,43.45,27.36,-3.0737,-2.1809,4
Hyderabad,2017,6,-5.7286,33.32,39.05,28.2,-8.6059,-2.8512,2
Hyderabad,2017,7,-1.5192,28.96,30.48,,-1.5192,-1.5192,1
Hyderabad,2017,8,0.9349,32.41,31.48,22.02,-1.1623,3.7879,3
Hyderabad,2017,9,-0.012,30.51,30.52,23.34,-1.9861,1.866,4
Hyderabad,2017,10,-0.3468,29.36,29.71,21.92,-2.2374,0.8485,3
Hyderabad,2017,11,-0.6373,30.2,30.84,20.22,-0.9367,-0.1622,4
Hyderabad,2017,12,-1.4381,29.84,31.28,17.55,-1.5876,-1.3064,4
Hyderabad,2018,1,-1.3764,30.35,31.72,18.27,-1.4962,-1.1483,4
Hyderabad,2018,2,-1.5874,34.39,35.98,20.5,-1.7968,-1.4016,4
Hyderabad,2018,3,-1.5685,38.24,39.8,23.93,-1.6318,-1.4027,4
Hyderabad,2018,4,-1.5746,39.42,40.99,26.04,-2.0603,-0.9732,3
Hyderabad,2018,5,-2.4132,37.48,39.89,25.72,-3.1324,-1.8647,4
Hyderabad,2018,6,-2.4303,35.71,38.14,24.47,-3.2426,-1.7941,3
Hyderabad,2018,8,-5.3524,26.77,32.12,,-5.3524,-5.3524,1
Hyderabad,2018,9,0.446,32.8,32.36,23.02,-0.0296,1.5171,4
Hyderabad,2018,10,-0.9202,33.79,34.71,21.52,-1.6072,-0.0084,3
Hyderabad,2018,11,-1.831,32.89,34.72,20.85,-2.1017,-1.4252,4
Hyderabad,2018,12,-1.6727,28.98,30.66,18.83,-1.9277,-1.3728,4
Hyderabad,2019,1,-2.2891,29.86,32.15,17.68,-2.5804,-1.8558,4
Hyderabad,2019,2,-2.4879,33.87,36.36,22.26,-2.8064,-2.2369,4
Hyderabad,2019,3,-2.7802,39.48,42.26,25.63,-2.9406,-2.5706,4
Hyderabad,2019,4,-2.7138,40.77,43.49,26.16,-3.1685,-2.4641,3
Hyderabad,2019,5,-2.3313,42.19,44.53,27.71,-2.6757,-2.1049,4
Hyderabad,2019,6,-1.9997,38.77,40.77,25.79,-2.7696,-1.6983,4
Hyderabad,2019,7,-1.5502,35.44,36.99,,-3.3931,0.2926,2
Hyderabad,2019,8,1.685,34.78,33.1,18.63,1.685,1.685,1
Hyderabad,2019,9,0.3142,31.15,30.84,22.06,-0.1196,0.7481,2
Hyderabad,2019,10,-0.31,28.14,28.45,21.62,-1.5618,0.9417,2
Hyderabad,2019,11,-0.1466,30.08,30.23,20.85,-0.5304,0.433,4
Hyderabad,2019,12,-1.2298,27.95,29.18,18.87,-1.9695,-0.7996,4
Hyderabad,2020,1,-1.4038,30.24,31.65,19.92,-1.5194,-1.2683,4
Hyderabad,2020,2,-1.608,34.05,35.66,21.23,-2.0064,-1.0876,4
Hyderabad,2020,3,-1.6632,37.82,39.48,24.7,-1.9271,-1.491,4
Hyderabad,2020,4,-1.5386,40.75,42.28,25.73,-2.0423,-1.1113,4
Hyderabad,2020,5,-1.141,42.04,43.18,27.13,-2.0065,-0.585,3
Hyderabad,2020,6,-2.9664,35.6,38.57,24.64,-8.5334,-0.8045,4
Hyderabad,2020,7,0.6387,31.47,30.83,,0.0902,1.1873,2
Hyderabad,2020,8,-1.1525,29.97,31.12,20.84,-1.1525,-1.1525,1
Hyderabad,2020,9,-0.1074,30.48,30.59,23.87,-1.0704,2.0754,4
Hyderabad,2020,10,-0.2222,30.3,30.53,21.26,-1.3361,0.2631,4
Hyderabad,2020,11,-0.6097,29.64,30.25,19.82,-1.1116,-0.3262,3
Hyderabad,2020,12,-1.048,28.99,30.04,18.16,-1.286,-0.639,4
Hyderabad,2021,1,-1.1413,29.49,30.63,19.53,-1.2828,-0.8428,4
Hyderabad,2021,2,-1.4904,33.7,35.19,20.39,-1.7115,-1.3455,4
Hyderabad,2021,3,-1.4229,37.97,39.4,24.23,-1.6699,-1.2229,4
Hyderabad,2021,4,-0.7826,38.58,39.37,25.7,-1.5079,-0.315,3
Hyderabad,2021,5,-2.1657,37.1,39.27,26.54,-2.3537,-1.9417,4
Hyderabad,2021,6,-1.1789,34.26,35.44,24.85,-2.2878,-0.5036,3
Hyderabad,2021,7,-3.8266,29.68,33.51,23.12,-7.6424,-0.0109,2
Hyderabad,2021,8,0.2621,32.18,31.92,21.76,0.2621,0.2621,1
Hyderabad,2021,9,-1.5376,29.2,30.74,23.51,-2.6581,-0.4171,2
Hyderabad,2021,10,0.4823,30.96,30.48,21.59,0.2463,0.7685,3
Hyderabad,2021,11,-1.6866,28.05,29.74,19.83,-3.1652,-0.9358,4
Hyderabad,2021,12,-0.9886,28.5,29.49,19.09,-1.405,-0.6125,4
Hyderabad,2022,1,-1.5398,28.5,30.04,19.01,-1.7569,-1.2104,4
Hyderabad,2022,2,-1.5869,32.64,34.22,21.12,-1.7251,-1.4514,4
Hyderabad,2022,3,-1.8483,36.91,38.76,25.01,-1.9745,-1.7108,4
Hyderabad,2022,4,-1.7248,37.85,39.57,27.0,-1.8846,-1.6196,3
Hyderabad,2022,5,-1.6363,36.06,37.7,26.6,-1.957,-1.2415,4
Hyderabad,2022,6,-1.5991,36.16,37.76,26.31,-2.1798,-1.0185,2
Hyderabad,2022,7,0.4764,30.77,30.3,,0.4764,0.4764,1
Hyderabad,2022,8,-1.7061,29.55,31.25,21.61,-4.4646,1.0525,2
Hyderabad,2022,9,0.9737,30.65,29.68,21.34,0.8063,1.2586,3
Hyderabad,2022,10,0.3905,29.83,29.44,20.06,0.3905,0.3905,1
Hyderabad,2022,11,-0.6829,29.07,29.75,20.36,-1.0229,-0.1429,4
Hyderabad,2022,12,-1.0327,28.94,29.98,20.71,-1.1966,-0.8508,4
Hyderabad,2023,1,-1.0795,29.12,30.2,19.46,-1.3907,-0.7929,4
Hyderabad,2023,2,-1.3278,33.3,34.63,21.29,-1.6134,-1.0516,4
Hyderabad,2023,3,-1.321,34.59,35.91,23.54,-1.4931,-1.139,4
Hyderabad,2023,4,-1.2645,36.81,38.07,25.66,-1.7256,-0.4554,3
Hyderabad,2023,5,-0.9734,35.59,36.56,25.72,-1.7084,-0.1704,4
Hyderabad,2023,6,-1.7255,35.75,37.48,25.61,-2.5515,-0.4661,4
Hyderabad,2023,8,-0.6905,30.16,30.85,23.03,-0.7964,-0.5529,3
Hyderabad,2023,9,-0.2847,29.59,29.88,23.68,-1.8577,0.7306,4
Hyderabad,2023,10,0.0266,32.09,32.06,22.87,-0.1778,0.2485,3
Hyderabad,2023,11,-1.1082,29.49,30.6,21.58,-1.286,-0.9341,3
Hyderabad,2023,12,-1.5315,27.28,28.82,19.01,-1.7452,-1.3694,4
Hyderabad,2024,1,-1.3955,28.33,29.73,20.7,-1.524,-1.3198,4
Hyderabad,2024,2,-1.2888,31.92,33.21,23.32,-1.4787,-1.0837,4
Hyderabad,2024,3,-1.464,35.32,36.79,26.14,-1.8416,-1.177,4
Hyderabad,2024,4,-1.7849,38.87,40.66,28.73,-2.2441,-1.5336,4
Hyderabad,2024,5,-1.0907,35.46,36.55,27.27,-2.3207,0.6154,3
Hyderabad,2024,6,-1.6941,32.81,34.51,25.1,-2.6286,-0.7745,4
Hyderabad,2024,8,-1.0306,28.76,29.79,,-1.0306,-1.0306,1
Hyderabad,2024,9,0.3703,28.92,28.55,22.41,-1.3209,1.178,4
Hyderabad,2024,10,0.3496,29.96,29.61,22.95,-0.1384,0.6096,3
Hyderabad,2024,11,-0.7721,27.65,28.42,19.91,-1.2554,-0.2151,3
Hyderabad,2024,12,-1.3667,26.22,27.59,19.81,-1.8976,-0.5892,4
Jaipur,2000,2,-0.5948,31.51,32.11,12.11,-0.5948,-0.5948,1
Jaipur,2000,3,-0.9975,37.09,38.09,14.28,-1.0767,-0.9069,4
Jaipur,2000,4,-0.7393,45.25,45.99,21.43,-1.1271,-0.5573,4
Jaipur,2000,5,0.141,43.07,42.93,25.53,-0.0557,0.2664,3
Jaipur,2000,6,-0.5498,39.21,39.76,24.35,-1.05,0.2037,4
Jaipur,2000,7,-0.4862,37.56,38.04,24.89,-0.5972,-0.3753,2
Jaipur,2000,8,-0.1082,36.0,36.11,23.28,-0.9837,0.7673,2
Jaipur,2000,9,-0.5141,36.45,36.96,22.09,-0.7517,-0.2451,4
Jaipur,2000,10,-1.0929,39.89,40.98,18.04,-1.213,-1.0215,4
Jaipur,2000,11,-0.8454,32.5,33.34,12.47,-1.0414,-0.6954,3
Jaipur,2000,12,-0.6246,27.69,28.31,8.36,-0.7699,-0.3939,4
Jaipur,2001,1,-1.0589,24.45,25.51,6.94,-1.9712,-0.5447,4
Jaipur,2001,2,-0.6934,29.34,30.04,10.53,-0.8455,-0.5147,4
Jaipur,2001,3,-0.8581,37.47,38.33,15.86,-1.1016,-0.4716,4
Jaipur,2001,4,-0.7073,43.16,43.86,19.26,-0.7829,-0.6632,3
Jaipur,2001,5,-0.5982,42.04,42.64,24.38,-0.8434,-0.4831,4
Jaipur,2001,6,-0.9876,39.68,40.67,23.75,-1.7552,-0.2199,2
Jaipur,2001,7,-0.6531,32.3,32.95,24.0,-0.6842,-0.622,2
Jaipur,2001,8,-1.1163,31.06,32.18,23.54,-2.2329,-0.5459,3
Jaipur,2001,9,-0.2927,39.86,40.16,22.46,-0.8105,0.2991,4
Jaipur,2001,10,-1.1846,37.82,39.01,17.92,-1.8185,-0.8052,3
Jaipur,2001,11,-0.9953,33.15,34.14,12.75,-1.0939,-0.8666,4
Jaipur,2001,12,-0.6516,27.12,27.77,9.34,-0.828,-0.5106,4
Jaipur,2002,1,-0.364,24.52,24.89,8.35,-0.6562,-0.2135,4
Jaipur,2002,2,-0.3994,27.14,27.54,10.88,-0.6739,-0.202,4
Jaipur,2002,3,-0.4789,39.04,39.52,16.13,-0.7561,-0.2003,4
Jaipur,2002,4,-0.9004,43.29,44.19,20.93,-1.425,-0.5579,3
Jaipur,2002,5,-0.5084,43.41,43.91,25.9,-0.7219,-0.4074,4
Jaipur,2002,6,-0.0615,41.73,41.79,26.83,-0.5284,0.7173,4
Jaipur,2002,7,-0.4791,38.84,39.32,24.66,-0.642,-0.3961,3
Jaipur,2002,8,-1.3251,35.53,36.86,22.12,-3.2124,-0.2414,3
Jaipur,2002,9,-0.9697,38.37,39.34,21.92,-1.5277,-0.5163,4
Jaipur,2002,10,-0.8056,38.72,39.53,19.46,-0.9694,-0.508,3
Jaipur,2002,11,-0.8505,32.89,33.74,13.56,-0.968,-0.6832,4
Jaipur,2002,12,-0.6289,27.61,28.24,10.04,-0.86,-0.4549,4
Jaipur,2003,1,-0.581,23.19,23.77,7.71,-1.0296,-0.2605,4
Jaipur,2003,2,-0.5374,26.36,26.9,11.2,-0.7775,-0.1245,4
Jaipur,2003,3,-0.6329,35.25,35.88,16.79,-0.7127,-0.4998,4
Jaipur,2003,4,-0.9147,43.69,44.61,21.23,-1.3196,-0.6442,3
Jaipur,2003,5,-0.8721,42.93,43.8,22.37,-1.5039,-0.449,4
Jaipur,2003,6,-0.0528,37.87,37.92,25.42,-0.8653,1.4503,4
Jaipur,2003,7,-0.3139,42.97,43.28,22.03,-0.3139,-0.3139,1
Jaipur,2003,8,-0.014,33.85,33.86,22.45,-0.6373,0.6034,3
Jaipur,2003,9,-0.6613,33.27,33.93,21.48,-1.0881,-0.2432,4
Jaipur,2003,10,-1.0705,37.43,38.5,17.62,-1.1129,-1.0141,3
Jaipur,2003,11,-0.8783,31.49,32.37,12.71,-1.1589,-0.6295,4
Jaipur,2003,12,-1.0242,24.34,25.37,10.16,-1.6138,-0.5016,4
Jaipur,2004,1,-0.641,23.13,23.77,8.55,-1.425,-0.2343,4
Jaipur,2004,2,-0.543,30.24,30.79,11.17,-0.6249,-0.4622,4
Jaipur,2004,3,-0.8218,39.45,40.27,18.09,-0.9835,-0.7079,4
Jaipur,2004,4,-0.8481,43.02,43.87,22.49,-1.2493,-0.6175,4
Jaipur,2004,5,-0.3351,42.53,42.87,25.92,-1.0796,0.4773,3
Jaipur,2004,6,-0.831,40.35,41.18,25.33,-1.3661,-0.5216,4
Jaipur,2004,7,-0.883,36.13,37.01,20.77,-2.9988,0.4133,4
Jaipur,2004,8,0.1068,29.4,29.3,22.53,0.09,0.1235,2
Jaipur,2004,9,-0.9148,35.2,36.12,22.75,-1.5821,-0.1245,4
Jaipur,2004,10,-1.2217,32.64,33.86,16.61,-1.5043,-0.6075,4
Jaipur,2004,11,-1.2942,31.96,33.25,13.13,-1.5566,-0.8849,3
Jaipur,2004,12,-0.0723,26.01,26.08,8.97,-0.8082,0.5284,4
Jaipur,2005,1,-0.228,22.58,22.81,7.48,-0.724,0.4075,4
Jaipur,2005,2,0.0336,27.15,27.12,11.74,-0.3449,0.4421,4
Jaipur,2005,3,-0.5509,38.08,38.63,17.06,-1.0507,0.1314,4
Jaipur,2005,4,-0.663,43.57,44.24,18.63,-0.9915,-0.1795,3
Jaipur,2005,5,-0.6757,43.57,44.25,22.59,-1.0258,-0.3776,4
Jaipur,2005,6,-0.1921,42.59,42.78,25.09,-1.0051,0.442,4
Jaipur,2005,7,-1.1226,34.44,35.56,23.4,-1.7477,-0.6843,3
Jaipur,2005,8,-0.6385,35.46,36.1,24.65,-1.0446,0.0025,4
Jaipur,2005,9,-0.6279,34.62,35.25,22.73,-1.9686,0.6023,4
Jaipur,2005,10,-1.0683,37.19,38.26,17.68,-1.1571,-0.9106,3
Jaipur,2005,11,-0.7797,31.87,32.65,13.02,-1.1107,-0.4283,4
Jaipur,2005,12,-0.4279,24.87,25.3,7.92,-0.7313,-0.0152,4
Jaipur,2006,1,-0.1747,24.51,24.69,8.32,-0.8645,0.323,4
Jaipur,2006,2,-0.1503,32.75,32.9,14.5,-0.5482,0.0286,4
Jaipur,2006,3,-0.6094,36.68,37.29,17.22,-1.1596,-0.2659,4
Jaipur,2006,4,-0.4732,42.08,42.55,20.25,-0.6548,-0.1121,3
Jaipur,2006,5,-0.3498,39.88,40.23,24.65,-0.7524,0.2479,4
Jaipur,2006,6,-0.6781,36.67,37.35,23.33,-1.2576,-0.1401,4
Jaipur,2006,7,-0.1411,35.3,35.44,26.79,-0.1482,-0.1341,2
Jaipur,2006,8,0.353,34.14,33.78,22.81,-0.556,1.9649,3
Jaipur,2006,9,-0.5705,38.01,38.58,23.55,-1.0463,-0.299,4
Jaipur,2006,10,-0.8938,37.95,38.84,20.13,-1.2043,-0.688,3
Jaipur,2006,11,-0.8226,31.97,32.79,14.2,-1.0847,-0.6736,4
Jaipur,2006,12,-0.5062,26.0,26.51,9.55,-1.0891,-0.0208,4
Jaipur,2007,1,-0.0902,25.34,25.43,8.06,-0.7143,0.5128,4
Jaipur,2007,2,-0.1552,27.93,28.09,12.87,-0.3082,0.005,4
Jaipur,2007,3,-0.6075,36.02,36.63,16.95,-0.7458,-0.4787,4
Jaipur,2007,4,-0.5551,44.97,45.53,22.06,-0.6773,-0.4602,3
Jaipur,2007,5,-0.5599,43.27,43.83,23.83,-1.0985,-0.1386,4
Jaipur,2007,6,-0.3469,42.6,42.95,27.2,-1.1874,0.6416,4
Jaipur,2007,7,0.6842,36.74,36.05,23.29,-0.645,1.7908,3
Jaipur,2007,8,-1.1198,32.41,33.53,22.97,-1.8713,-0.2217,3
Jaipur,2007,9,-0.3131,34.43,34.74,21.79,-1.0285,0.6473,4
Jaipur,2007,10,-1.2509,37.63,38.88,16.79,-1.3063,-1.173,3
Jaipur,2007,11,-1.0621,32.33,33.39,13.73,-1.2393,-0.8601,4
Jaipur,2007,12,-0.4521,25.79,26.25,7.96,-0.8782,-0.2408,4
Jaipur,2008,1,-1.7557,22.81,24.56,6.37,-2.8372,-0.7118,4
Jaipur,2008,2,-0.5242,28.48,29.0,9.5,-0.7081,-0.3899,4
Jaipur,2008,3,-0.5926,37.2,37.8,16.77,-0.7168,-0.5054,4
Jaipur,2008,4,-1.0248,43.59,44.62,21.56,-1.4974,-0.3588,4
Jaipur,2008,5,-0.6411,38.82,39.46,23.62,-1.1102,-0.3442,3
Jaipur,2008,6,0.0386,35.19,35.15,21.61,-0.4415,0.7113,4
Jaipur,2008,7,0.8235,34.83,34.0,22.5,0.127,1.2448,3
Jaipur,2008,8,0.132,34.18,34.04,21.86,-0.1887,0.3604,3
Jaipur,2008,9,0.1099,34.19,34.08,22.83,-0.7008,0.8028,4
Jaipur,2008,10,-0.9584,37.52,38.48,18.55,-1.0656,-0.7398,4
Jaipur,2008,11,-0.7121,31.38,32.09,13.27,-0.762,-0.671,3
Jaipur,2008,12,-0.4243,27.4,27.82,11.11,-0.671,-0.1787,4
Jaipur,2009,1,1.1555,26.73,25.58,9.27,-0.0073,3.8485,4
Jaipur,2009,2,-0.1905,30.57,30.76,13.37,-0.359,-0.0147,4
Jaipur,2009,3,-0.0783,37.49,37.57,17.36,-0.2867,0.17,4
Jaipur,2009,4,-0.6561,45.18,45.84,21.25,-0.8768,-0.5243,3
Jaipur,2009,5,-0.5251,44.37,44.9,23.2,-0.8709,-0.2192,4
Jaipur,2009,6,-0.3455,41.38,41.73,25.02,-0.603,0.0259,4
Jaipur,2009,7,-0.7331,37.23,37.96,25.43,-1.528,-0.0221,3
Jaipur,2009,8,0.9031,34.15,33.25,24.22,-0.3129,2.2978,4
Jaipur,2009,9,-0.2479,38.01,38.26,23.98,-1.4046,0.3185,4
Jaipur,2009,10,-0.8669,36.68,37.54,17.76,-0.9851,-0.6982,3
Jaipur,2009,11,-0.738,31.0,31.74,13.92,-1.0605,-0.4763,4
Jaipur,2009,12,-0.0322,26.27,26.3,10.38,-0.3844,0.6445,4
Jaipur,2010,1,-0.2709,23.88,24.15,8.88,-1.0732,0.2266,4
Jaipur,2010,2,-0.1067,29.93,30.04,12.87,-0.4994,0.3562,4
Jaipur,2010,3,-0.6009,40.44,41.04,19.42,-0.7835,-0.5116,4
Jaipur,2010,4,-0.8239,46.07,46.89,22.81,-0.9719,-0.709,3
Jaipur,2010,5,-0.5067,44.3,44.81,25.35,-0.8427,-0.1892,4
Jaipur,2010,6,-0.2417,43.95,44.19,26.03,-0.5342,0.0432,4
Jaipur,2010,7,-1.6755,36.44,38.11,25.33,-5.6886,0.7864,3
Jaipur,2010,8,0.4627,32.89,32.43,23.45,-0.7224,1.1745,3
Jaipur,2010,9,-0.0491,33.47,33.51,21.75,-0.4172,0.3269,3
Jaipur,2010,10,-0.8914,35.38,36.27,20.18,-0.9404,-0.8164,3
Jaipur,2010,11,-0.4522,28.02,28.47,15.26,-0.9371,-0.081,4
Jaipur,2010,12,-0.3652,22.55,22.91,8.46,-0.7687,0.0907,4
Jaipur,2011,1,0.4919,21.24,20.75,7.72,-0.0258,1.4071,4
Jaipur,2011,2,0.2664,25.73,25.46,12.75,0.0708,0.5694,4
Jaipur,2011,3,-0.2049,36.12,36.32,16.63,-0.719,0.3543,4
Jaipur,2011,4,-1.3197,42.24,43.56,20.94,-2.038,-0.4083,3
Jaipur,2011,5,-0.7486,44.49,45.24,26.54,-0.9424,-0.5765,4
Jaipur,2011,6,-1.3247,38.62,39.94,24.52,-2.9608,-0.5154,4
Jaipur,2011,7,-1.6431,33.9,35.55,23.69,-3.1475,-0.5995,3
Jaipur,2011,8,0.6545,31.11,30.45,24.85,0.2502,1.0587,2
Jaipur,2011,9,-0.6886,34.23,34.92,22.16,-1.1331,-0.1739,3
Jaipur,2011,10,-1.5217,36.8,38.32,18.3,-1.6329,-1.4309,3
Jaipur,2011,11,-1.072,32.44,33.51,15.16,-1.2316,-0.8759,4
Jaipur,2011,12,-0.66,25.8,26.46,9.16,-1.2077,-0.2198,4
Jaipur,2012,1,-0.6049,22.35,22.95,7.08,-2.0906,1.036,4
Jaipur,2012,2,0.0304,28.23,28.19,10.41,-0.1613,0.3765,4
Jaipur,2012,3,-0.4918,35.99,36.49,16.7,-0.9151,-0.1537,4
Jaipur,2012,4,-0.6026,42.7,43.3,21.19,-0.9486,-0.307,4
Jaipur,2012,5,-0.1579,43.92,44.08,24.28,-0.258,-0.1008,3
Jaipur,2012,6,-0.678,41.81,42.49,26.53,-0.7061,-0.6465,4
Jaipur,2012,7,-1.323,39.83,41.15,25.66,-1.7212,-0.7922,3
Jaipur,2012,8,0.5317,38.58,38.05,22.8,0.5317,0.5317,1
Jaipur,2012,9,-0.0075,34.59,34.59,21.46,-0.5537,0.7146,3
Jaipur,2012,10,-1.0036,34.82,35.82,17.79,-1.1325,-0.8567,4
Jaipur,2012,11,-1.0851,30.01,31.09,12.73,-1.2344,-0.989,3
Jaipur,2012,12,-0.4101,25.93,26.34,9.57,-0.9985,0.2762,4
Jaipur,2013,1,-0.0603,23.21,23.27,7.45,-0.5616,0.4249,4
Jaipur,2013,2,0.1329,26.68,26.55,12.1,-0.9062,0.6815,4
Jaipur,2013,3,-0.494,36.61,37.1,17.76,-0.8164,-0.1411,4
Jaipur,2013,4,-1.2388,41.39,42.63,21.69,-1.7484,-0.8642,3
Jaipur,2013,5,-0.9605,46.05,47.01,25.52,-1.3391,-0.747,4
Jaipur,2013,6,-1.3736,37.67,39.04,24.45,-3.0011,-0.6785,4
Jaipur,2013,7,-0.4533,36.01,36.46,25.9,-2.0425,1.1358,2
Jaipur,2013,8,0.605,31.33,30.73,22.3,0.3101,0.8998,2
Jaipur,2013,9,-0.3949,35.18,35.58,23.42,-0.9048,0.0744,4
Jaipur,2013,10,-1.1209,34.62,35.74,20.08,-1.309,-1.0197,3
Jaipur,2013,11,-1.056,30.22,31.28,13.11,-1.1422,-0.9896,4
Jaipur,2013,12,-0.2161,24.79,25.0,9.5,-0.6897,0.5265,4
Jaipur,2014,1,0.1611,21.44,21.28,8.86,-0.309,0.7936,4
Jaipur,2014,2,0.2269,25.86,25.64,11.68,-0.3052,0.5781,4
Jaipur,2014,3,-0.499,33.99,34.49,17.79,-1.347,0.2129,4
Jaipur,2014,4,-1.708,41.92,43.63,21.13,-1.8035,-1.6103,3
Jaipur,2014,5,-1.1002,44.02,45.12,24.52,-1.5978,-0.8101,4
Jaipur,2014,6,-0.1714,42.1,42.27,27.13,-0.4832,0.2009,4
Jaipur,2014,7,-0.4251,37.95,38.37,27.3,-1.2775,0.6831,3
Jaipur,2014,8,-0.2134,34.65,34.86,24.47,-0.2579,-0.1689,2
Jaipur,2014,9,-0.2651,33.88,34.14,23.3,-0.6588,0.15,4
Jaipur,2014,10,-0.8246,34.91,35.73,19.72,-0.8825,-0.7727,3
Jaipur,2014,11,-1.1277,31.54,32.67,14.54,-1.3037,-0.8312,4
Jaipur,2014,12,-0.3096,24.65,24.96,8.61,-0.5796,-0.0127,4
Jaipur,2015,1,0.2129,22.97,22.76,8.82,0.0122,0.5317,4
Jaipur,2015,2,0.133,27.99,27.85,13.59,-0.1004,0.3751,4
Jaipur,2015,3,-0.7585,31.86,32.62,17.82,-1.1236,-0.2628,4
Jaipur,2015,4,-0.7655,39.49,40.26,22.2,-1.1355,-0.3642,3
Jaipur,2015,5,-0.8042,44.31,45.12,25.55,-0.9981,-0.5995,4
Jaipur,2015,6,-0.8318,39.35,40.18,25.05,-2.0578,-0.2081,4
Jaipur,2015,7,0.9827,35.92,34.94,24.19,-0.8857,3.8717,3
Jaipur,2015,8,0.5764,33.94,33.37,23.44,0.3183,0.9564,3
Jaipur,2015,9,-0.2174,39.05,39.26,23.97,-0.9232,0.5534,4
Jaipur,2015,10,-1.4079,36.6,38.01,20.74,-1.9795,-0.9767,3
Jaipur,2015,11,-1.0161,31.14,32.15,15.97,-1.1713,-0.8094,4
Jaipur,2015,12,-0.5128,25.8,26.31,9.21,-0.9733,0.0172,4
Jaipur,2016,1,-0.2667,25.6,25.86,10.31,-0.9455,0.0665,4
Jaipur,2016,2,-0.216,29.36,29.57,13.02,-0.4086,-0.0059,3
Jaipur,2016,3,-0.3971,36.8,37.19,19.34,-0.944,0.4057,4
Jaipur,2016,4,-1.184,45.16,46.34,22.74,-1.6338,-0.8759,4
Jaipur,2016,5,-1.2471,45.11,46.36,25.87,-1.8728,-0.3305,3
Jaipur,2016,6,-0.7515,42.03,42.78,27.48,-1.1782,0.1346,4
Jaipur,2016,7,-0.4785,36.05,36.53,24.73,-1.1165,0.1595,2
Jaipur,2016,8,-0.1616,29.73,29.9,22.8,-1.4378,1.1145,2
Jaipur,2016,9,-0.1866,34.94,35.13,23.93,-0.7632,0.4303,4
Jaipur,2016,10,-1.1125,34.93,36.04,19.12,-1.4404,-0.4732,4
Jaipur,2016,11,-1.036,31.55,32.59,13.87,-1.2513,-0.7577,3
Jaipur,2016,12,-0.1725,26.98,27.16,11.74,-0.5785,0.1542,4
Jaipur,2017,1,0.3139,22.74,22.42,10.03,-0.8067,1.4897,4
Jaipur,2017,2,0.3176,29.24,28.92,12.45,-0.3362,0.6376,4
Jaipur,2017,3,-0.6595,37.44,38.1,18.78,-0.7269,-0.5439,4
Jaipur,2017,4,-0.9586,43.17,44.13,23.38,-1.2585,-0.5907,3
Jaipur,2017,5,-0.6984,43.53,44.23,25.83,-1.0659,-0.3461,4
Jaipur,2017,6,-0.5723,40.42,41.0,26.82,-1.3352,0.0452,4
Jaipur,2017,7,-1.2662,35.95,37.21,25.36,-1.5263,-1.0061,2
Jaipur,2017,8,0.6282,34.47,33.85,25.19,-0.6418,1.5352,3
Jaipur,2017,9,-1.2313,37.82,39.05,23.48,-1.6909,-0.621,4
Jaipur,2017,10,-1.7526,38.2,39.95,19.89,-1.9748,-1.6028,3
Jaipur,2017,11,-1.2721,30.9,32.18,14.2,-1.5172,-1.1236,4
Jaipur,2017,12,-0.826,25.61,26.44,10.0,-1.2516,-0.2532,4
Jaipur,2018,1,-0.7268,25.75,26.48,9.6,-1.3654,-0.4831,4
Jaipur,2018,2,-0.5394,30.13,30.67,13.78,-0.8489,-0.2323,4
Jaipur,2018,3,-1.0403,39.29,40.33,19.56,-1.4203,-0.7244,4
Jaipur,2018,4,-1.142,43.0,44.14,22.16,-1.1718,-1.0903,3
Jaipur,2018,5,-0.8414,43.95,44.79,25.48,-1.3591,-0.1134,4
Jaipur,2018,6,-0.8035,40.45,41.25,25.93,-1.042,-0.4296,3
Jaipur,2018,7,-0.291,34.73,35.02,23.51,-1.045,0.463,2
Jaipur,2018,9,-0.2898,32.37,32.66,22.37,-0.9976,0.1593,4
Jaipur,2018,10,-1.674,34.7,36.38,18.76,-1.7895,-1.5484,3
Jaipur,2018,11,-1.3761,30.55,31.93,14.41,-1.4816,-1.266,4
Jaipur,2018,12,-0.8615,24.24,25.1,8.42,-1.2116,-0.4874,4
Jaipur,2019,1,-0.2832,23.06,23.34,8.48,-0.9589,0.0484,4
Jaipur,2019,2,-0.2088,27.44,27.65,11.72,-0.4989,0.1718,4
Jaipur,2019,3,-1.1489,36.7,37.85,17.75,-1.5744,-0.486,4
Jaipur,2019,4,-1.533,43.37,44.9,23.82,-1.6685,-1.4068,3
Jaipur,2019,5,-1.3519,44.28,45.64,24.82,-1.7583,-1.1116,4
Jaipur,2019,6,-1.4099,42.74,44.15,26.1,-2.9095,-0.5975,4
Jaipur,2019,7,-0.1901,37.47,37.66,25.01,-0.6347,0.2545,2
Jaipur,2019,8,0.2997,31.45,31.15,24.57,0.1369,0.4893,3
Jaipur,2019,9,-0.0883,33.1,33.19,23.74,-0.6936,0.9291,4
Jaipur,2019,10,-2.0121,34.57,36.58,19.72,-2.3315,-1.6506,3
Jaipur,2019,11,-0.8391,29.86,30.7,16.9,-1.6714,-0.4334,4
Jaipur,2019,12,-0.264,22.14,22.4,7.98,-0.7371,-0.0112,4
Jaipur,2020,1,0.4522,23.49,23.04,8.84,-0.1204,1.5502,3
Jaipur,2020,2,0.0514,28.69,28.64,12.93,-0.2464,0.3548,4
Jaipur,2020,3,-0.865,34.07,34.94,16.31,-1.4147,-0.2981,4
Jaipur,2020,4,-1.3044,41.95,43.25,22.64,-1.6872,-1.0007,4
Jaipur,2020,5,-0.5234,45.44,45.97,25.16,-0.585,-0.4371,3
Jaipur,2020,6,-0.5449,39.76,40.31,25.97,-1.2894,0.1675,4
Jaipur,2020,7,-0.7911,36.9,37.69,24.3,-1.0373,-0.2883,4
Jaipur,2020,8,0.4888,30.78,30.29,21.57,0.4888,0.4888,1
Jaipur,2020,9,-0.2723,35.86,36.13,23.92,-0.9284,0.36,4
Jaipur,2020,10,-1.6654,34.92,36.59,18.43,-1.8975,-1.2413,4
Jaipur,2020,11,-1.3344,27.5,28.84,13.58,-1.5074,-1.2295,3
Jaipur,2020,12,-0.8046,25.01,25.81,9.87,-1.352,-0.4751,4
Jaipur,2021,1,-1.0622,22.52,23.58,9.41,-2.91,-0.2579,4
Jaipur,2021,2,-0.4959,30.45,30.94,14.1,-0.6306,-0.3255,4
Jaipur,2021,3,-1.1175,36.94,38.06,19.87,-1.3554,-0.8015,4
Jaipur,2021,4,-1.7349,42.78,44.52,21.42,-1.8993,-1.5078,3
Jaipur,2021,5,-1.8991,40.25,42.15,23.26,-2.3725,-1.3989,4
Jaipur,2021,6,-2.0216,37.2,39.22,26.12,-2.7923,-1.661,4
Jaipur,2021,7,-1.4771,37.72,39.2,27.42,-1.6611,-1.2932,2
Jaipur,2021,8,0.5517,32.51,31.96,24.06,-0.1727,1.3814,3
Jaipur,2021,9,-0.8099,32.47,33.28,23.32,-1.1049,-0.6124,3
Jaipur,2021,10,-1.5689,33.73,35.3,19.37,-2.014,-0.8602,3
Jaipur,2021,11,-1.4554,29.4,30.86,14.02,-1.8336,-1.2755,4
Jaipur,2021,12,-0.7035,23.62,24.32,9.79,-0.8538,-0.4286,3
Jaipur,2022,1,-0.1938,19.81,20.0,8.66,-0.3851,0.0174,4
Jaipur,2022,2,0.0519,27.08,27.03,12.86,-0.3343,0.3884,4
Jaipur,2022,3,-1.2298,39.33,40.56,20.92,-1.6695,-1.0009,4
Jaipur,2022,4,-1.8038,43.64,45.45,23.66,-1.8813,-1.706,3
Jaipur,2022,5,-1.5698,42.47,44.04,25.75,-1.8066,-1.1734,4
Jaipur,2022,6,-1.2693,40.01,41.28,26.13,-1.7577,-0.6849,4
Jaipur,2022,7,-1.2736,35.16,36.44,26.3,-1.5475,-0.9997,2
Jaipur,2022,8,0.152,30.48,30.33,22.97,-0.2902,0.8067,3
Jaipur,2022,9,-0.9082,33.53,34.44,23.91,-1.1858,-0.6569,4
Jaipur,2022,10,-1.3832,31.24,32.63,17.97,-2.3313,-0.4352,2
Jaipur,2022,11,-1.3274,28.83,30.16,14.55,-1.7961,-0.7117,4
Jaipur,2022,12,-0.1236,24.07,24.19,10.2,-0.5186,0.4199,4
Jaipur,2023,1,-0.3325,20.28,20.61,8.43,-0.8492,0.0657,4
Jaipur,2023,2,0.0097,28.39,28.38,15.3,-0.2966,0.3879,4
Jaipur,2023,3,-1.7423,31.36,33.1,18.69,-1.8334,-1.5991,4
Jaipur,2023,4,-2.2526,39.18,41.43,21.22,-2.5157,-1.9955,3
Jaipur,2023,5,-1.7271,38.68,40.41,24.13,-2.5641,-0.7249,4
Jaipur,2023,6,-1.3503,35.03,36.38,24.68,-3.6031,1.4323,4
Jaipur,2023,7,-0.4317,30.96,31.4,,-0.4317,-0.4317,1
Jaipur,2023,8,-0.2064,31.54,31.74,22.88,-1.4903,1.0568,4
Jaipur,2023,9,-0.8959,34.78,35.68,23.86,-1.7037,-0.2024,4
Jaipur,2023,10,-1.986,33.57,35.56,21.14,-2.2952,-1.8126,3
Jaipur,2023,11,-0.9788,28.17,29.15,15.74,-1.4952,-0.1357,4
Jaipur,2023,12,-0.8908,23.33,24.22,10.94,-1.2276,-0.6585,4
Jaipur,2024,1,0.0961,20.84,20.75,9.93,-0.5007,0.7964,3
Jaipur,2024,2,-0.2682,24.75,25.02,12.9,-0.7855,0.0697,4
Jaipur,2024,3,-1.0022,33.83,34.83,19.08,-1.1341,-0.8035,4
Jaipur,2024,4,-1.6983,42.02,43.72,23.47,-2.117,-1.2931,4
Jaipur,2024,5,-1.8535,44.06,45.91,28.74,-1.9914,-1.6513,3
Jaipur,2024,6,-1.5807,39.11,40.69,28.14,-2.2229,-1.1894,4
Jaipur,2024,7,-0.1792,34.25,34.43,27.25,-0.4922,0.0156,3
Jaipur,2024,8,0.8361,29.68,28.85,24.48,0.8112,0.861,2
Jaipur,2024,9,-0.2227,30.86,31.09,24.12,-0.5013,-0.0535,4
Jaipur,2024,10,-1.5257,32.6,34.13,21.95,-1.7381,-1.3883,4
Jaipur,2024,11,-0.9495,27.39,28.34,15.57,-1.2404,-0.6854,3
Jaipur,2024,12,-0.4377,20.72,21.16,10.53,-0.9068,0.2008,3
Kochi,2000,2,-0.346,31.68,32.03,23.46,-0.346,-0.346,1
Kochi,2000,3,-0.2314,31.41,31.64,23.92,-1.1719,0.4011,4
Kochi,2000,4,0.5984,30.54,29.94,23.72,0.3356,0.8446,4
Kochi,2000,5,0.6855,30.15,29.47,23.19,-0.564,1.935,2
Kochi,2000,6,-0.0959,27.87,27.97,23.85,-0.9033,0.7114,2
Kochi,2000,7,1.1191,28.93,27.81,20.75,1.042,1.2071,3
Kochi,2000,9,-0.3676,27.68,28.05,20.85,-0.6147,0.02,3
Kochi,2000,10,0.2964,30.86,30.56,22.53,-0.1724,0.5861,4
Kochi,2000,11,0.6548,30.39,29.74,24.33,-0.1478,1.581,3
Kochi,2000,12,0.1715,29.94,29.77,22.14,-0.0555,0.497,4
Kochi,2001,1,0.2522,31.18,30.93,23.23,-0.0166,0.501,4
Kochi,2001,2,0.5216,31.75,31.22,24.19,0.0353,1.0644,4
Kochi,2001,3,0.3418,33.32,32.98,24.68,-0.3263,1.3068,4
Kochi,2001,4,-1.4303,29.33,30.76,,-2.0181,-0.8426,2
Kochi,2001,5,1.008,31.0,29.99,24.76,0.4238,2.1033,3
Kochi,2001,6,-0.0051,28.71,28.72,,-0.0051,-0.0051,1
Kochi,2001,7,0.8805,26.54,25.66,22.11,-0.644,2.405,2
Kochi,2001,8,1.0553,27.76,26.7,23.01,0.4149,1.4025,3
Kochi,2001,9,-0.3052,27.99,28.3,22.74,-1.6739,1.4691,3
Kochi,2001,10,-0.431,28.38,28.82,24.29,-1.2176,0.6585,3
Kochi,2001,11,0.4485,29.29,28.84,24.6,0.266,0.8927,4
Kochi,2001,12,0.9694,30.45,29.48,23.41,0.7105,1.1964,4
Kochi,2002,1,0.8375,31.05,30.21,22.31,0.5944,1.3874,4
Kochi,2002,2,-0.1443,32.41,32.55,24.84,-1.2498,0.5545,4
Kochi,2002,3,0.4534,33.67,33.22,24.56,0.1266,0.9396,3
Kochi,2002,4,1.0869,32.72,31.63,24.52,0.3966,2.0279,3
Kochi,2002,5,0.422,32.11,31.68,,-0.5887,1.3748,3
Kochi,2002,6,0.0787,26.8,26.72,24.92,0.0,0.1574,2
Kochi,2002,7,0.882,27.48,26.6,22.9,0.2542,1.2094,3
Kochi,2002,8,0.084,27.49,27.41,20.51,-0.7992,1.5212,3
Kochi,2002,9,0.2943,29.68,29.39,23.47,-0.4437,1.4442,4
Kochi,2002,10,-1.4184,29.64,31.06,,-1.4184,-1.4184,1
Kochi,2002,11,-0.1562,28.87,29.03,24.29,-0.862,0.5497,2
Kochi,2002,12,0.6773,29.54,28.87,21.84,-0.038,1.4717,4
Kochi,2003,1,0.3349,30.61,30.27,23.47,0.016,0.5527,4
Kochi,2003,2,0.4557,32.01,31.56,24.26,-0.0193,0.9526,4
Kochi,2003,3,0.6458,32.78,32.13,23.73,-0.1689,1.9818,4
Kochi,2003,4,-0.1682,30.39,30.56,25.11,-1.0777,0.8308,3
Kochi,2003,5,-0.0508,29.84,29.89,24.12,-2.0452,0.9591,3
Kochi,2003,6,-0.3805,28.64,29.02,,-0.3805,-0.3805,1
Kochi,2003,7,-0.6911,24.81,25.5,,-0.6911,-0.6911,1
Kochi,2003,8,-0.6109,27.3,27.91,,-0.73,-0.407,3
Kochi,2003,9,-0.1435,28.73,28.87,23.41,-0.8282,0.3725,3
Kochi,2003,10,0.3207,30.16,29.84,22.85,-0.3942,0.9379,3
Kochi,2003,11,-0.0511,29.66,29.71,23.06,-1.4089,1.2114,4
Kochi,2003,12,-0.0057,29.49,29.49,23.12,-0.9165,0.7016,4
Kochi,2004,1,0.1059,30.19,30.08,23.18,-0.0838,0.2965,4
Kochi,2004,2,0.1109,32.1,31.99,24.19,-0.051,0.518,4
Kochi,2004,3,0.0395,32.87,32.83,24.86,-2.8607,1.4088,4
Kochi,2004,4,0.522,31.8,31.27,24.93,-0.7819,2.2125,4
Kochi,2004,5,1.0437,29.87,28.82,25.17,0.996,1.0913,2
Kochi,2004,6,0.321,27.49,27.17,22.69,-0.4702,1.1123,2
Kochi,2004,7,1.3476,28.37,27.02,,1.3476,1.3476,1
Kochi,2004,8,0.3385,28.14,27.8,,0.2704,0.4066,2
Kochi,2004,9,-1.926,26.48,28.4,,-1.926,-1.926,1
Kochi,2004,10,-0.0257,30.14,30.17,23.15,-0.697,0.4931,4
Kochi,2004,11,0.5299,29.76,29.23,23.17,0.1823,0.8373,3
Kochi,2004,12,0.5095,30.3,29.79,22.92,0.091,0.9266,4
Kochi,2005,1,0.0582,30.56,30.5,23.42,-0.4017,0.5121,4
Kochi,2005,2,-0.1255,32.04,32.16,24.31,-0.3762,0.1671,4
Kochi,2005,3,-0.316,31.9,32.21,24.15,-1.9056,0.9911,4
Kochi,2005,4,0.477,31.73,31.26,23.16,-0.1061,1.0601,2
Kochi,2005,5,0.7253,31.55,30.83,24.26,0.7253,0.7253,1
Kochi,2005,6,-0.4521,28.51,28.97,23.97,-1.3965,0.1562,3
Kochi,2005,7,0.6246,26.89,26.26,,0.0387,1.2106,2
Kochi,2005,8,0.4897,27.73,27.24,23.59,0.3421,0.6996,3
Kochi,2005,9,0.3248,28.26,27.94,24.1,-1.2893,1.2411,3
Kochi,2005,10,0.4338,29.36,28.93,24.17,-0.0758,0.7273,3
Kochi,2005,11,0.7117,30.02,29.31,23.14,0.1019,1.1735,4
Kochi,2005,12,0.0938,29.14,29.04,22.68,-0.3701,0.3333,4
Kochi,2006,1,0.3414,30.91,30.57,22.62,0.1508,0.6493,4
Kochi,2006,2,-0.0049,31.95,31.96,23.87,-0.2958,0.2149,4
Kochi,2006,3,-0.3842,31.57,31.96,23.75,-0.8804,-0.096,4
Kochi,2006,4,0.3699,30.81,30.44,25.06,-0.2832,1.0231,2
Kochi,2006,5,0.8195,32.72,31.9,24.24,0.5707,1.0683,2
Kochi,2006,6,0.946,28.86,27.92,25.45,-0.2998,2.1919,2
Kochi,2006,7,-0.1443,26.1,26.25,22.52,-1.5451,1.2565,2
Kochi,2006,8,-0.1156,28.7,28.81,,-0.88,0.6487,2
Kochi,2006,9,1.0525,29.53,28.48,23.15,0.5532,1.7636,3
Kochi,2006,10,-0.9829,28.62,29.6,,-1.812,-0.1538,2
Kochi,2006,11,0.5019,30.3,29.79,23.82,-0.1902,0.979,4
Kochi,2006,12,0.6739,29.75,29.08,22.15,0.5001,1.1376,4
Kochi,2007,1,0.6837,31.35,30.66,23.18,0.4779,0.9,4
Kochi,2007,2,0.6659,32.28,31.61,24.01,0.4347,1.1126,4
Kochi,2007,3,0.5758,33.93,33.36,24.9,-0.094,1.1691,4
Kochi,2007,4,0.4343,32.29,31.85,24.31,0.0847,0.6626,3
Kochi,2007,5,0.6063,31.78,31.17,24.91,0.1505,1.0782,4
Kochi,2007,6,-0.5662,27.77,28.34,25.46,-0.8274,-0.3049,2
Kochi,2007,7,0.2149,27.14,26.92,,0.2149,0.2149,1
Kochi,2007,8,0.7244,28.76,28.04,20.41,0.7244,0.7244,1
Kochi,2007,9,-0.0119,28.32,28.33,23.43,-1.4779,1.4541,2
Kochi,2007,10,-0.3709,28.79,29.16,,-2.022,0.8613,3
Kochi,2007,11,0.5671,30.29,29.72,23.19,0.4281,0.6728,3
Kochi,2007,12,0.519,30.91,30.39,23.19,0.1522,0.826,4
Kochi,2008,1,0.4062,30.93,30.52,23.4,0.1246,0.5885,4
Kochi,2008,2,0.088,31.58,31.5,23.79,-0.4945,0.505,4
Kochi,2008,3,-0.2373,31.33,31.57,23.64,-1.4082,0.416,4
Kochi,2008,4,0.2186,30.85,30.63,24.47,-1.2544,1.6398,4
Kochi,2008,5,1.3035,30.74,29.43,23.42,0.3663,2.2407,2
Kochi,2008,6,3.2995,28.34,25.04,,3.2995,3.2995,1
Kochi,2008,7,1.0143,27.98,26.96,,0.7698,1.2589,2
Kochi,2008,8,0.5972,29.83,29.24,,0.5972,0.5972,1
Kochi,2008,9,1.3396,30.63,29.29,24.16,-0.3271,2.2083,3
Kochi,2008,10,0.7102,30.16,29.45,22.03,-0.3579,1.7053,3
Kochi,2008,11,0.3995,30.4,30.0,22.76,-0.3227,1.2126,3
Kochi,2008,12,0.9969,31.33,30.33,23.28,0.8193,1.2507,4
Kochi,2009,1,0.3788,31.68,31.3,23.22,0.1549,0.5424,4
Kochi,2009,2,0.3961,32.31,31.91,24.25,0.1808,0.605,4
Kochi,2009,3,0.7622,33.48,32.72,24.81,0.6773,0.9182,4
Kochi,2009,4,1.038,33.07,32.03,24.09,0.4662,1.6097,2
Kochi,2009,5,1.7535,30.44,28.69,21.13,1.6419,1.8651,2
Kochi,2009,6,0.692,30.16,29.47,23.3,-0.4151,1.8232,3
Kochi,2009,7,0.8362,27.35,26.52,18.14,0.3765,1.2958,2
Kochi,2009,8,0.3191,27.11,26.79,24.32,0.2474,0.3908,2
Kochi,2009,9,0.8506,29.41,28.56,23.77,-0.0632,1.7643,2
Kochi,2009,10,0.3567,30.94,30.58,23.63,0.1471,0.7225,3
Kochi,2009,11,1.2606,31.71,30.45,23.69,0.5922,1.7153,3
Kochi,2009,12,0.7351,30.5,29.77,24.01,0.1853,1.0773,4
Kochi,2010,1,0.8262,30.87,30.05,23.85,0.4883,1.4629,4
Kochi,2010,2,0.5704,32.75,32.18,24.46,0.2513,0.7106,4
Kochi,2010,3,0.6189,33.18,32.56,25.03,-0.022,1.1951,4
Kochi,2010,4,0.8172,32.36,31.54,25.7,0.6808,0.9536,2
Kochi,2010,5,0.542,31.63,31.09,25.71,-0.2385,1.3225,2
Kochi,2010,6,0.4131,29.69,29.27,,-0.0338,0.86,2
Kochi,2010,7,-0.289,28.63,28.92,,-1.3107,0.6621,3
Kochi,2010,8,0.1178,27.9,27.78,23.88,-0.1839,0.4196,2
Kochi,2010,9,-0.1532,28.56,28.71,,-1.1017,0.9207,3
Kochi,2010,10,1.1476,29.64,28.49,24.3,0.5727,1.7225,2
Kochi,2010,11,0.1646,29.87,29.71,23.47,-0.4669,0.7501,3
Kochi,2010,12,0.6175,29.75,29.13,22.56,0.5627,0.7255,4
Kochi,2011,1,0.6811,30.71,30.03,22.91,0.3912,0.8801,4
Kochi,2011,2,0.3346,31.55,31.22,23.85,0.1557,0.6483,4
Kochi,2011,3,0.1603,32.27,32.11,24.6,-1.1102,0.7626,4
Kochi,2011,4,-0.3101,31.8,32.11,23.07,-1.0956,0.4206,3
Kochi,2011,5,0.3347,30.6,30.27,24.72,-0.6395,1.7967,3
Kochi,2011,6,-0.6566,27.42,28.08,23.57,-1.2011,-0.2417,3
Kochi,2011,8,0.6158,27.32,26.7,22.57,0.11,1.1217,2
Kochi,2011,9,0.2657,29.04,28.78,24.48,-0.4848,1.0298,3
Kochi,2011,10,0.723,31.66,30.94,23.87,-0.2915,2.2695,3
Kochi,2011,11,0.4275,30.15,29.72,22.5,0.1547,0.9028,3
Kochi,2011,12,1.1043,30.14,29.03,23.0,0.8017,1.55,4
Kochi,2012,1,0.5748,31.02,30.45,23.01,0.4364,0.6937,4
Kochi,2012,2,0.5718,32.47,31.9,24.05,0.2056,1.0892,4
Kochi,2012,3,0.4895,31.94,31.45,23.76,-0.5165,1.2133,4
Kochi,2012,4,1.8774,32.99,31.11,22.33,0.9562,2.4359,3
Kochi,2012,5,-0.4161,28.98,29.39,23.69,-0.4161,-0.4161,1
Kochi,2012,6,1.0311,28.87,27.84,21.71,1.0311,1.0311,1
Kochi,2012,7,0.1777,28.32,28.15,24.06,-2.0918,1.3234,3
Kochi,2012,8,-0.0725,28.73,28.8,22.44,-0.3386,0.1936,2
Kochi,2012,9,-0.8994,27.47,28.37,23.42,-1.7749,-0.1417,3
Kochi,2012,10,-0.1032,29.98,30.08,22.56,-0.6338,0.493,3
Kochi,2012,11,0.9138,31.33,30.41,23.85,0.8678,0.9459,3
Kochi,2012,12,0.6829,31.52,30.84,23.83,0.0588,1.0858,4
Kochi,2013,1,0.4484,31.97,31.52,23.95,0.3666,0.5605,4
Kochi,2013,2,0.553,32.65,32.09,24.73,0.4579,0.7657,4
Kochi,2013,3,0.6658,33.01,32.34,24.41,-0.6884,1.9186,4
Kochi,2013,4,0.6166,34.41,33.79,24.87,-0.4699,1.2296,3
Kochi,2013,5,-0.2323,29.89,30.12,24.55,-1.8644,1.3998,2
Kochi,2013,7,-0.3296,26.87,27.2,,-0.3296,-0.3296,1
Kochi,2013,8,0.7352,28.01,27.28,22.08,0.7352,0.7352,1
Kochi,2013,9,-1.0566,28.04,29.1,24.53,-4.5866,2.4734,2
Kochi,2013,10,0.1594,29.81,29.65,24.43,-1.4325,1.7514,2
Kochi,2013,11,0.1565,29.66,29.51,23.77,-0.9256,1.2093,4
Kochi,2013,12,0.4594,29.93,29.47,22.07,-0.1071,0.9099,4
Kochi,2014,1,0.7701,31.22,30.45,23.27,0.4509,1.1688,4
Kochi,2014,2,0.7478,33.14,32.39,23.58,0.3498,1.0192,4
Kochi,2014,3,0.4203,34.83,34.41,25.58,0.1276,0.5818,4
Kochi,2014,4,0.2421,31.12,30.87,24.37,-0.0506,0.543,3
Kochi,2014,5,1.9268,33.05,31.12,25.4,1.2607,2.7121,4
Kochi,2014,6,0.0896,29.02,28.94,21.6,-0.4278,0.9535,3
Kochi,2014,7,0.6086,27.73,27.12,20.83,0.3717,0.8455,2
Kochi,2014,8,0.5655,29.8,29.24,,0.3137,0.8172,2
Kochi,2014,9,-0.6889,28.52,29.21,23.21,-1.7823,0.0946,4
Kochi,2014,10,-1.0913,30.2,31.29,,-1.3227,-0.86,2
Kochi,2014,11,0.5447,30.89,30.35,23.99,0.0929,0.9409,3
Kochi,2014,12,0.7561,30.85,30.09,23.17,-0.1372,1.2628,4
Kochi,2015,1,0.7373,30.97,30.23,23.48,0.6148,0.831,4
Kochi,2015,2,0.7895,32.91,32.12,24.27,0.4694,1.0302,4
Kochi,2015,3,0.4998,32.87,32.37,24.7,0.0477,0.9739,4
Kochi,2015,4,0.7813,33.03,32.25,24.43,0.2608,1.1707,3
Kochi,2015,5,-0.4386,29.81,30.25,24.64,-1.2551,0.6788,3
Kochi,2015,6,0.9906,28.37,27.38,24.54,0.402,1.5792,2
Kochi,2015,7,1.3981,29.99,28.59,,0.3304,2.4658,2
Kochi,2015,8,0.5593,29.15,28.59,23.44,-1.2902,1.9711,3
Kochi,2015,9,-0.8747,29.18,30.05,25.2,-2.0511,0.3558,3
Kochi,2015,10,0.0659,31.8,31.73,22.75,-1.4654,1.5972,2
Kochi,2015,11,0.425,30.07,29.64,24.57,-0.3642,1.3644,3
Kochi,2015,12,0.8212,30.18,29.36,23.28,-0.3561,1.6748,4
Kochi,2016,1,0.7786,31.13,30.35,23.74,0.2366,1.1568,4
Kochi,2016,2,0.1835,31.89,31.7,24.4,-0.4375,0.7426,4
Kochi,2016,3,0.6438,33.66,33.02,25.17,0.2674,0.9192,4
Kochi,2016,4,0.3514,32.98,32.63,24.55,-0.3284,1.2169,4
Kochi,2016,5,1.5102,33.55,32.04,26.5,1.1485,1.8919,3
Kochi,2016,6,-0.7928,27.52,28.32,,-0.7928,-0.7928,1
Kochi,2016,7,0.7284,28.54,27.81,24.11,0.7284,0.7284,1
Kochi,2016,8,0.2302,28.13,27.9,23.32,0.1882,0.2723,2
Kochi,2016,9,1.5221,29.85,28.33,24.03,0.8825,3.2191,4
Kochi,2016,10,0.5352,30.22,29.68,23.58,-0.7094,1.6548,4
Kochi,2016,11,-0.2724,29.9,30.17,23.52,-0.9703,0.5633,3
Kochi,2016,12,0.9457,30.65,29.7,24.13,0.6584,1.2969,4
Kochi,2017,1,0.5188,31.43,30.91,23.81,0.2745,1.0431,4
Kochi,2017,2,-0.0079,33.06,33.07,24.57,-1.5758,0.9432,4
Kochi,2017,3,0.7536,32.82,32.06,24.15,-0.8749,2.0807,4
Kochi,2017,4,-0.0278,32.29,32.32,23.15,-0.5615,0.3015,3
Kochi,2017,5,0.2986,32.86,32.56,23.91,-0.3133,0.6786,3
Kochi,2017,7,0.5154,28.59,28.07,22.38,-0.8257,1.8565,2
Kochi,2017,8,1.0017,28.31,27.3,,1.0017,1.0017,1
Kochi,2017,9,0.8011,32.71,31.91,24.76,0.8011,0.8011,1
Kochi,2017,10,0.5132,30.69,30.18,24.37,-0.1074,1.7498,3
Kochi,2017,11,1.8344,31.24,29.4,23.46,0.2877,4.2012,4
Kochi,2017,12,0.7438,30.95,30.2,23.7,0.6166,0.9964,4
Kochi,2018,1,0.6611,31.2,30.54,22.84,0.4893,0.8871,4
Kochi,2018,2,0.5009,33.1,32.6,24.66,-0.1582,0.7488,4
Kochi,2018,3,0.4445,33.65,33.21,24.91,-0.3936,0.9871,4
Kochi,2018,4,0.6311,31.52,30.89,24.73,-0.2509,2.0295,3
Kochi,2018,5,0.779,32.2,31.42,,0.779,0.779,1
Kochi,2018,6,-0.0132,30.51,30.52,,-0.0132,-0.0132,1
Kochi,2018,7,0.1044,27.35,27.24,22.43,-0.284,0.4929,2
Kochi,2018,8,0.9916,29.03,28.04,20.2,0.9801,1.0031,2
Kochi,2018,9,0.8869,32.53,31.64,23.84,-1.3579,2.3143,3
Kochi,2018,10,1.4335,32.44,31.0,26.08,1.4013,1.4657,2
Kochi,2018,11,0.4339,31.12,30.69,24.0,-0.8756,1.1159,4
Kochi,2018,12,0.8946,30.11,29.21,22.86,0.5135,1.5539,3
Kochi,2019,1,1.1216,31.24,30.12,23.31,0.8102,1.3092,4
Kochi,2019,2,0.5595,32.79,32.23,24.73,0.3641,0.6842,4
Kochi,2019,3,0.6541,33.72,33.06,25.35,-0.2938,1.5304,4
Kochi,2019,4,-0.3543,33.1,33.45,25.4,-0.4667,-0.242,2
Kochi,2019,5,-0.0135,31.23,31.25,24.81,-0.7751,0.8127,4
Kochi,2019,6,-0.2539,28.53,28.78,25.68,-0.6464,0.1386,2
Kochi,2019,7,-0.0002,29.37,29.37,25.08,-0.0002,-0.0002,1
Kochi,2019,8,0.225,28.7,28.47,,0.0578,0.3921,2
Kochi,2019,9,-0.7962,29.17,29.96,,-0.9564,-0.636,2
Kochi,2019,10,-0.5718,30.1,30.67,,-0.5718,-0.5718,1
Kochi,2019,11,1.7054,31.99,30.28,24.64,0.5752,2.6676,4
Kochi,2019,12,1.1541,31.6,30.44,23.7,0.0,1.764,4
Kochi,2020,1,0.5354,32.08,31.55,24.52,0.4281,0.7496,4
Kochi,2020,2,0.5235,33.03,32.5,24.57,0.3135,0.9242,4
Kochi,2020,3,0.221,33.59,33.36,25.2,-1.6172,0.8642,4
Kochi,2020,4,-0.6902,31.63,32.32,25.6,-2.2487,0.4895,4
Kochi,2020,5,0.0681,30.53,30.46,,0.0681,0.0681,1
Kochi,2020,6,-0.5324,29.69,30.23,,-0.5324,-0.5324,1
Kochi,2020,7,1.0079,30.47,29.46,,-0.0505,1.6551,3
Kochi,2020,8,2.2074,33.65,31.44,22.57,2.2074,2.2074,1
Kochi,2020,9,0.5019,30.48,29.98,23.37,-0.4247,1.0661,3
Kochi,2020,10,1.0399,31.58,30.54,24.22,0.4744,1.5417,3
Kochi,2020,11,1.0662,31.7,30.63,23.51,0.6599,1.4807,3
Kochi,2020,12,1.2387,31.19,29.95,23.49,0.6222,1.8075,4
Kochi,2021,1,0.696,30.85,30.15,23.78,-0.3091,1.7308,4
Kochi,2021,2,1.3211,33.31,31.99,24.47,1.0388,1.8126,4
Kochi,2021,3,1.4368,34.48,33.04,24.28,0.643,3.1812,4
Kochi,2021,5,0.4251,30.5,30.08,23.67,-0.0347,1.1196,3
Kochi,2021,6,1.0247,29.38,28.36,23.98,0.5908,1.5652,4
Kochi,2021,7,-0.344,27.13,27.48,,-0.344,-0.344,1
Kochi,2021,9,-0.5111,28.21,28.72,,-1.0016,-0.0206,2
Kochi,2021,10,-1.0054,28.81,29.81,,-1.1767,-0.8342,2
Kochi,2021,11,0.0496,30.47,30.42,23.91,-0.5502,0.6495,2
Kochi,2021,12,1.1136,31.48,30.36,24.04,0.8851,1.5647,4
Kochi,2022,1,0.6051,31.15,30.55,23.83,0.3774,0.7358,4
Kochi,2022,2,0.4444,32.59,32.15,24.61,0.0854,0.7655,4
Kochi,2022,3,-0.038,32.64,32.68,24.46,-2.2251,1.2234,4
Kochi,2022,4,1.0452,32.23,31.18,25.79,0.9381,1.1603,3
Kochi,2022,5,0.3987,29.27,28.87,,0.1957,0.6016,2
Kochi,2022,6,0.4848,29.92,29.43,,-0.1889,0.9904,3
Kochi,2022,7,-0.2926,27.68,27.98,,-0.2926,-0.2926,1
Kochi,2022,8,0.81,30.89,30.08,23.47,0.81,0.81,1
Kochi,2022,9,0.3592,29.71,29.35,24.73,0.2793,0.439,2
Kochi,2022,10,0.7768,31.06,30.28,23.51,0.7768,0.7768,1
Kochi,2022,11,0.7919,29.9,29.11,23.34,-0.484,1.6594,4
Kochi,2022,12,0.4801,29.53,29.05,24.13,-1.7486,1.8196,4
Kochi,2023,1,1.0062,30.34,29.33,23.75,0.9335,1.0657,4
Kochi,2023,2,0.8539,32.51,31.65,24.65,0.6482,1.1442,4
Kochi,2023,3,-0.1795,32.44,32.62,25.26,-0.6332,0.3001,4
Kochi,2023,4,0.0764,33.87,33.8,25.98,-0.1949,0.3478,2
Kochi,2023,5,0.9117,30.61,29.7,24.47,0.8747,0.9488,2
Kochi,2023,6,-0.1364,29.89,30.03,,-0.8064,0.5336,2
Kochi,2023,7,0.7767,28.34,27.56,24.02,-0.131,1.6985,3
Kochi,2023,8,1.0934,30.25,29.16,24.69,-1.3304,2.3156,4
Kochi,2023,9,1.0885,30.55,29.46,24.03,1.0885,1.0885,1
Kochi,2023,10,0.2913,29.99,29.7,,-0.3792,0.8232,3
Kochi,2023,11,0.1462,29.5,29.35,18.75,-1.2912,1.519,4
Kochi,2023,12,0.8061,30.51,29.7,24.37,-1.2019,1.6282,4
Kochi,2024,1,0.7591,30.51,29.75,24.69,-0.132,1.3933,4
Kochi,2024,2,1.0305,32.55,31.52,25.73,0.814,1.5328,4
Kochi,2024,3,0.2395,32.62,32.38,25.86,-0.4187,0.8286,4
Kochi,2024,4,0.1206,33.84,33.72,25.81,-1.6551,1.3762,3
Kochi,2024,5,0.3096,32.66,32.35,,0.3096,0.3096,1
Kochi,2024,6,2.7641,31.26,28.5,,2.7641,2.7641,1
Kochi,2024,7,0.8687,27.25,26.38,23.98,0.8687,0.8687,1
Kochi,2024,8,1.24,28.53,27.29,,1.24,1.24,1
Kochi,2024,9,0.3466,28.95,28.6,25.12,-1.2701,1.2056,3
Kochi,2024,10,1.1091,29.87,28.76,24.46,0.6659,1.5902,3
Kochi,2024,11,0.4168,29.32,28.9,24.59,0.253,0.6503,3
Kochi,2024,12,0.8695,29.35,28.48,23.63,0.4155,1.2776,4
Kolkata,2000,2,0.4441,27.03,26.59,16.88,0.2851,0.6031,2
Kolkata,2000,3,0.05,31.0,30.95,21.95,-0.1784,0.144,4
Kolkata,2000,4,0.1246,30.95,30.83,23.75,-0.1969,0.3281,4
Kolkata,2000,5,0.1501,31.6,31.45,22.17,-0.6085,0.9123,3
Kolkata,2000,6,0.143,33.56,33.41,,0.143,0.143,1
Kolkata,2000,7,0.044,34.89,34.84,25.67,0.044,0.044,1
Kolkata,2000,8,-1.3836,29.04,30.42,25.42,-1.3836,-1.3836,1
Kolkata,2000,9,0.6038,28.6,28.0,24.55,0.0448,1.028,3
Kolkata,2000,10,0.5677,30.25,29.68,23.97,0.249,0.8182,4
Kolkata,2000,11,0.0116,28.14,28.13,19.71,-0.1743,0.3736,3
Kolkata,2000,12,-0.3686,24.53,24.89,14.69,-0.4649,-0.2646,4
Kolkata,2001,1,-0.1417,23.43,23.57,12.9,-0.2861,0.0277,4
Kolkata,2001,2,-0.069,27.59,27.65,17.74,-0.1942,0.0539,4
Kolkata,2001,3,-0.1712,31.6,31.77,22.31,-0.5994,0.0969,4
Kolkata,2001,4,0.3395,33.53,33.19,25.01,0.2161,0.4328,3
Kolkata,2001,5,0.1496,32.65,32.5,23.67,-0.3307,0.7217,3
Kolkata,2001,6,1.2665,28.55,27.28,,1.2665,1.2665,1
Kolkata,2001,7,0.0403,27.29,27.25,,0.0403,0.0403,1
Kolkata,2001,9,1.0997,30.31,29.21,25.53,0.7871,1.5302,3
Kolkata,2001,10,0.6747,29.83,29.16,24.76,0.094,1.0723,3
Kolkata,2001,11,-0.0508,28.08,28.14,20.9,-0.3719,0.3319,4
Kolkata,2001,12,-0.155,24.19,24.35,14.92,-0.3291,-0.0066,4
Kolkata,2002,1,0.0777,24.32,24.24,15.23,-0.0644,0.2848,4
Kolkata,2002,2,0.0495,27.49,27.44,17.88,-0.1466,0.1925,4
Kolkata,2002,3,-0.1495,31.06,31.21,22.33,-0.5247,0.048,3
Kolkata,2002,4,-0.1682,30.43,30.6,24.2,-0.3049,-0.0892,3
Kolkata,2002,5,-0.0729,32.26,32.34,24.33,-0.5321,0.1473,4
Kolkata,2002,6,0.5195,31.73,31.21,24.47,0.4575,0.5815,2
Kolkata,2002,8,0.1806,30.88,30.7,,0.1806,0.1806,1
Kolkata,2002,9,1.0842,30.46,29.38,25.98,0.6281,1.5109,3
Kolkata,2002,10,0.9277,29.15,28.22,23.09,0.7974,1.1409,3
Kolkata,2002,11,0.1772,27.31,27.13,19.76,-0.2671,0.5288,4
Kolkata,2002,12,-0.2361,24.73,24.97,15.68,-0.5538,0.0228,4
Kolkata,2003,1,-0.0984,21.66,21.76,12.87,-0.2515,0.0077,4
Kolkata,2003,2,-0.0343,27.98,28.01,19.52,-0.7919,0.2537,4
Kolkata,2003,3,0.315,29.89,29.57,21.46,0.0634,0.6205,4
Kolkata,2003,4,-0.0075,31.81,31.82,24.58,-0.0911,0.0439,3
Kolkata,2003,5,-0.1628,31.15,31.31,24.92,-0.6084,0.7874,4
Kolkata,2003,6,-0.2896,34.28,34.57,23.28,-0.4794,-0.0998,2
Kolkata,2003,7,-0.1876,29.22,29.41,26.24,-0.1876,-0.1876,1
Kolkata,2003,8,1.3431,29.44,28.1,,0.9977,1.6886,2
Kolkata,2003,9,0.8702,29.61,28.74,25.41,-0.1993,1.9397,2
Kolkata,2003,10,0.8064,28.8,28.0,24.21,0.597,1.1634,3
Kolkata,2003,11,0.169,27.45,27.29,19.74,-0.3442,0.7246,4
Kolkata,2003,12,-0.2561,23.09,23.35,15.23,-0.8042,0.0408,4
Kolkata,2004,1,-0.0568,22.41,22.46,14.53,-0.4534,0.348,4
Kolkata,2004,2,0.168,27.58,27.42,17.65,0.1095,0.2101,4
Kolkata,2004,3,-0.1273,31.93,32.06,23.14,-0.4242,0.1156,4
Kolkata,2004,4,-0.0221,32.26,32.29,24.79,-0.2515,0.5544,4
Kolkata,2004,5,-0.6986,31.25,31.95,22.35,-0.9709,-0.3767,3
Kolkata,2004,6,0.8226,31.22,30.4,24.57,0.3728,1.2724,2
Kolkata,2004,9,0.8078,30.55,29.75,25.86,0.5809,0.9305,3
Kolkata,2004,10,0.8889,29.25,28.36,23.06,0.6777,1.1603,4
Kolkata,2004,11,-0.0341,27.43,27.46,19.6,-0.2706,0.1662,3
Kolkata,2004,12,-0.0968,24.94,25.04,16.35,-0.2726,0.2203,4
Kolkata,2005,1,-0.1573,22.92,23.08,14.8,-0.4549,0.0693,4
Kolkata,2005,2,-0.1123,28.25,28.36,19.85,-0.2778,0.1284,4
Kolkata,2005,3,0.4228,31.03,30.61,22.78,0.126,1.0079,4
Kolkata,2005,4,0.3918,32.91,32.52,24.76,-0.0216,0.7789,3
Kolkata,2005,5,-0.6079,32.11,32.72,24.43,-1.2155,0.0571,4
Kolkata,2005,6,-0.8666,32.4,33.27,23.86,-1.0666,-0.6665,2
Kolkata,2005,7,-0.5218,30.2,30.72,,-0.5218,-0.5218,1
Kolkata,2005,8,0.4523,31.88,31.43,26.25,0.4523,0.4523,1
Kolkata,2005,9,-0.3084,29.05,29.36,25.95,-2.8401,1.2642,4
Kolkata,2005,10,1.275,29.65,28.37,23.65,0.7334,1.6755,3
Kolkata,2005,11,0.335,26.46,26.13,18.93,-0.447,1.1627,4
Kolkata,2005,12,-0.1408,23.85,23.99,15.0,-0.2422,0.0144,4
Kolkata,2006,1,-0.0907,23.26,23.35,14.02,-0.4576,0.2682,4
Kolkata,2006,2,0.1599,29.57,29.41,20.45,-0.0307,0.4499,4
Kolkata,2006,3,-0.2475,32.81,33.06,22.6,-0.4226,-0.0964,4
Kolkata,2006,4,0.1917,32.34,32.15,24.41,-0.1389,0.8088,3
Kolkata,2006,5,-0.1142,33.83,33.95,25.74,-0.2799,0.1054,3
Kolkata,2006,6,-0.3339,31.01,31.35,23.22,-1.1435,0.4757,2
Kolkata,2006,8,-0.0547,30.96,31.01,,-0.0547,-0.0547,1
Kolkata,2006,9,0.6797,30.66,29.98,25.25,0.5336,0.8258,2
Kolkata,2006,10,0.7191,29.95,29.23,24.33,0.3804,1.1831,3
Kolkata,2006,11,0.1577,27.63,27.47,19.83,-0.3013,1.0497,4
Kolkata,2006,12,-0.3372,24.69,25.03,15.58,-0.5559,-0.0933,4
Kolkata,2007,1,-0.0343,23.34,23.37,13.89,-0.1195,0.028,4
Kolkata,2007,2,-0.0227,26.52,26.54,18.56,-0.4261,0.1278,4
Kolkata,2007,3,-0.0437,31.72,31.76,22.0,-0.2595,0.3468,4
Kolkata,2007,4,0.3735,32.74,32.36,24.15,0.2789,0.5405,3
Kolkata,2007,5,0.0826,33.01,32.93,23.58,-0.3322,0.7523,4
Kolkata,2007,6,-0.7553,31.82,32.58,25.13,-0.7553,-0.7553,1
Kolkata,2007,7,-0.1356,30.02,30.16,,-0.1356,-0.1356,1
Kolkata,2007,8,-0.8808,29.34,30.22,,-0.8808,-0.8808,1
Kolkata,2007,9,0.0657,29.54,29.47,,-0.0091,0.1405,2
Kolkata,2007,10,0.9381,30.19,29.25,23.67,0.8871,0.9658,3
Kolkata,2007,11,0.1441,27.82,27.67,20.79,-0.365,0.4629,4
Kolkata,2007,12,-0.1691,23.12,23.29,14.59,-0.4603,0.0374,4
Kolkata,2008,1,0.1683,23.71,23.54,14.7,-0.1089,0.4277,4
Kolkata,2008,2,0.2908,24.94,24.65,17.14,0.1929,0.3854,4
Kolkata,2008,3,0.3838,31.13,30.75,22.7,-0.3613,1.2095,4
Kolkata,2008,4,0.312,32.32,32.0,24.86,-0.398,0.7157,4
Kolkata,2008,5,-0.0596,32.73,32.79,23.85,-0.6556,0.6008,3
Kolkata,2008,6,-0.5549,33.9,34.45,27.39,-0.5549,-0.5549,1
Kolkata,2008,8,0.5841,29.14,28.56,25.67,0.5841,0.5841,1
Kolkata,2008,9,0.1847,29.51,29.32,25.35,-0.8332,1.0718,3
Kolkata,2008,10,1.0787,29.55,28.48,23.37,0.8378,1.3062,4
Kolkata,2008,11,0.2127,27.56,27.35,19.56,-0.2024,0.5166,3
Kolkata,2008,12,-0.3209,24.97,25.29,16.28,-1.045,0.3612,4
Kolkata,2009,1,0.358,24.8,24.44,16.52,0.2651,0.4709,4
Kolkata,2009,2,0.2241,28.79,28.57,19.13,0.0496,0.3062,4
Kolkata,2009,3,0.1946,30.94,30.75,22.77,-0.0582,0.5604,4
Kolkata,2009,4,0.3609,35.22,34.86,25.35,0.001,0.5666,3
Kolkata,2009,5,0.4487,32.52,32.07,25.06,-0.7497,1.0018,4
Kolkata,2009,6,-0.2408,31.88,32.12,25.48,-0.5336,0.052,2
Kolkata,2009,8,-0.1312,29.33,29.46,26.49,-0.1312,-0.1312,1
Kolkata,2009,9,0.3121,30.16,29.85,26.77,-0.1992,0.779,4
Kolkata,2009,10,1.1399,30.16,29.02,23.13,0.8364,1.3195,3
Kolkata,2009,11,0.1603,27.76,27.6,19.7,-0.449,0.8766,4
Kolkata,2009,12,-0.179,24.12,24.3,15.19,-0.3296,-0.0924,4
Kolkata,2010,1,-0.1142,23.24,23.35,13.21,-0.5566,0.0486,4
Kolkata,2010,2,0.0561,27.47,27.41,19.14,-0.1177,0.1431,4
Kolkata,2010,3,-0.0206,32.12,32.14,24.06,-0.3096,0.3702,4
Kolkata,2010,4,0.0012,32.71,32.71,25.18,-0.3815,0.2275,3
Kolkata,2010,5,0.5615,31.71,31.15,23.95,0.1649,1.0648,3
Kolkata,2010,6,-0.395,28.53,28.92,,-0.395,-0.395,1
Kolkata,2010,7,-0.173,30.62,30.79,25.03,-0.173,-0.173,1
Kolkata,2010,8,0.2599,32.24,31.98,25.71,-0.6657,1.1855,2
Kolkata,2010,9,0.7054,29.68,28.98,25.63,0.3849,1.0259,2
Kolkata,2010,10,1.0817,30.23,29.15,24.62,0.8471,1.2021,3
Kolkata,2010,11,0.1135,27.88,27.77,20.82,-0.7544,1.1166,4
Kolkata,2010,12,0.0176,23.73,23.71,14.77,-0.1748,0.2555,4
Kolkata,2011,1,0.1738,22.64,22.47,13.74,0.0124,0.5425,4
Kolkata,2011,2,0.3265,27.68,27.35,17.75,0.1001,0.5816,4
Kolkata,2011,3,0.2186,31.4,31.19,22.64,-0.1136,0.486,4
Kolkata,2011,4,0.5294,32.87,32.34,23.74,0.4618,0.6517,3
Kolkata,2011,5,0.9517,32.27,31.32,25.15,-0.7639,2.8948,4
Kolkata,2011,6,0.0571,37.85,37.79,,0.0571,0.0571,1
Kolkata,2011,7,-1.1125,26.12,27.23,,-1.1125,-1.1125,1
Kolkata,2011,8,-0.8463,28.97,29.81,,-1.7673,0.0748,2
Kolkata,2011,9,1.0772,30.98,29.9,25.01,0.8583,1.2961,2
Kolkata,2011,10,0.8723,30.95,30.07,23.96,0.6872,0.9935,3
Kolkata,2011,11,0.0608,28.61,28.55,20.02,-0.4509,0.6002,4
Kolkata,2011,12,-0.3595,23.57,23.93,15.74,-0.8314,0.0332,4
Kolkata,2012,1,0.1973,22.88,22.68,14.94,-0.1632,0.4014,4
Kolkata,2012,2,0.4224,27.35,26.93,17.97,0.2023,0.5797,4
Kolkata,2012,3,0.0854,31.14,31.06,22.83,-0.0195,0.1476,4
Kolkata,2012,4,0.5351,32.77,32.23,24.85,0.2709,0.7747,4
Kolkata,2012,5,-0.2049,33.14,33.34,24.77,-0.3157,-0.0599,3
Kolkata,2012,6,0.2914,33.23,32.93,24.54,-0.4937,1.1856,3
Kolkata,2012,9,0.4979,30.07,29.57,24.96,0.2723,0.8118,3
Kolkata,2012,10,1.3399,29.43,28.09,23.4,0.4167,2.7521,4
Kolkata,2012,11,0.1235,27.1,26.98,18.02,-0.3213,0.3754,3
Kolkata,2012,12,-0.152,23.78,23.93,14.88,-0.2758,-0.0074,4
Kolkata,2013,1,0.0574,22.44,22.38,13.48,-0.2821,0.2291,4
Kolkata,2013,2,0.3592,28.14,27.78,17.4,0.1092,0.6387,4
Kolkata,2013,3,0.2111,33.67,33.46,23.6,0.0587,0.3838,4
Kolkata,2013,4,0.5935,33.6,33.01,24.87,0.1128,1.0568,3
Kolkata,2013,5,0.1106,31.73,31.62,23.7,-0.3278,0.8134,3
Kolkata,2013,6,-0.1337,31.44,31.57,24.99,-1.7672,0.9084,3
Kolkata,2013,8,-0.5854,29.94,30.52,25.29,-0.5854,-0.5854,1
Kolkata,2013,9,0.4796,30.74,30.26,,-0.0501,1.0093,2
Kolkata,2013,10,1.0866,30.11,29.03,24.46,0.9621,1.253,3
Kolkata,2013,11,0.2069,27.22,27.01,20.06,-0.6443,0.7209,4
Kolkata,2013,12,-0.0431,24.4,24.44,15.97,-0.4133,0.3959,4
Kolkata,2014,1,0.1247,23.22,23.09,14.08,-0.1531,0.3645,4
Kolkata,2014,2,0.5652,26.51,25.95,17.97,0.2306,0.9318,4
Kolkata,2014,3,0.5969,32.48,31.88,23.33,0.4226,0.8485,4
Kolkata,2014,4,0.4264,34.98,34.55,25.83,0.0354,0.9919,3
Kolkata,2014,5,0.1224,33.82,33.7,25.67,-0.573,0.6377,4
Kolkata,2014,6,-0.0047,30.67,30.68,25.21,-0.7588,0.7495,2
Kolkata,2014,8,1.3361,30.65,29.31,,1.3361,1.3361,1
Kolkata,2014,9,1.4373,31.49,30.05,25.58,0.7935,2.3182,3
Kolkata,2014,10,1.1731,30.02,28.85,23.88,0.9022,1.3519,3
Kolkata,2014,11,0.3719,28.09,27.71,18.73,-0.3439,0.9873,4
Kolkata,2014,12,-0.1486,22.95,23.1,13.92,-0.3254,-0.0306,4
Kolkata,2015,1,0.5477,23.43,22.88,14.17,0.2457,1.1833,4
Kolkata,2015,2,0.5301,27.76,27.23,19.22,0.3841,0.601,4
Kolkata,2015,3,0.4613,32.18,31.72,22.6,0.1679,0.6454,4
Kolkata,2015,4,0.9924,31.54,30.55,24.46,0.6846,1.4118,3
Kolkata,2015,5,0.4601,32.79,32.33,25.51,0.2016,0.7909,4
Kolkata,2015,9,0.9257,31.49,30.56,26.08,0.8171,1.0333,3
Kolkata,2015,10,0.9817,31.45,30.47,24.22,0.6351,1.2898,3
Kolkata,2015,11,-0.0054,28.94,28.95,20.87,-0.7686,0.4652,4
Kolkata,2015,12,-0.0959,24.4,24.5,15.74,-0.5223,0.2542,4
Kolkata,2016,1,0.0594,23.41,23.35,14.43,-1.2381,0.654,4
Kolkata,2016,2,0.4625,28.62,28.16,20.12,0.1975,0.8846,4
Kolkata,2016,3,-0.0982,30.62,30.72,23.49,-0.4104,0.4214,4
Kolkata,2016,4,0.4336,35.43,35.0,26.23,0.3371,0.4975,4
Kolkata,2016,5,0.7799,31.97,31.19,25.89,0.2707,1.4536,3
Kolkata,2016,6,1.3842,32.53,31.15,26.93,0.7756,1.9929,2
Kolkata,2016,8,0.3833,31.15,30.77,,0.3833,0.3833,1
Kolkata,2016,9,1.0222,31.02,29.99,25.47,-0.3163,2.2419,3
Kolkata,2016,10,1.2633,30.03,28.77,23.64,0.8103,1.7049,4
Kolkata,2016,11,0.2253,27.5,27.27,19.58,-0.2257,0.4944,3
Kolkata,2016,12,-0.1721,24.41,24.59,16.0,-0.5707,-0.0213,4
Kolkata,2017,1,0.3032,24.17,23.86,14.74,0.1668,0.4734,4
Kolkata,2017,2,0.4866,28.39,27.91,19.24,0.4334,0.5604,4
Kolkata,2017,3,0.2891,31.02,30.73,22.11,0.055,0.6689,4
Kolkata,2017,4,0.4567,33.07,32.61,24.88,0.3921,0.5221,3
Kolkata,2017,5,0.4056,32.58,32.18,25.38,-1.0713,1.8942,4
Kolkata,2017,6,1.1784,32.74,31.56,26.14,1.1784,1.1784,1
Kolkata,2017,8,-0.0477,30.94,30.98,25.54,-0.2283,0.1329,2
Kolkata,2017,9,0.2222,30.36,30.13,27.27,-0.4209,0.6438,3
Kolkata,2017,10,1.3078,30.78,29.48,24.53,1.2802,1.3579,3
Kolkata,2017,11,0.6611,27.92,27.26,20.12,0.009,1.2183,4
Kolkata,2017,12,0.1532,24.46,24.31,16.25,0.048,0.2894,4
Kolkata,2018,1,0.3195,22.82,22.5,13.27,0.2261,0.4857,4
Kolkata,2018,2,0.4031,27.92,27.52,19.74,0.2444,0.5508,4
Kolkata,2018,3,0.6792,32.19,31.51,23.34,0.4361,0.7784,4
Kolkata,2018,4,0.9888,31.82,30.83,24.67,0.5568,1.3114,3
Kolkata,2018,5,0.2947,30.92,30.63,24.8,-0.096,0.7569,4
Kolkata,2018,6,0.9434,33.66,32.72,26.3,0.2811,1.6057,2
Kolkata,2018,7,0.9753,30.02,29.05,,0.9753,0.9753,1
Kolkata,2018,8,-0.2803,28.84,29.12,,-0.2803,-0.2803,1
Kolkata,2018,9,1.289,32.08,30.79,26.4,0.8181,2.0916,4
Kolkata,2018,10,1.5482,31.47,29.92,23.26,1.3333,1.8699,3
Kolkata,2018,11,0.4148,28.75,28.33,20.31,-0.083,1.0287,4
Kolkata,2018,12,0.1094,23.91,23.8,14.5,0.0306,0.1713,4
Kolkata,2019,1,0.3799,24.26,23.88,13.63,0.2986,0.5227,4
Kolkata,2019,2,0.5173,27.01,26.49,17.98,0.2374,0.73,4
Kolkata,2019,3,0.4077,30.81,30.4,23.6,0.1802,0.7276,4
Kolkata,2019,4,1.0442,32.19,31.15,25.01,0.8823,1.2671,3
Kolkata,2019,5,0.8684,33.09,32.22,24.97,0.134,1.7833,4
Kolkata,2019,6,-0.1707,31.9,32.07,25.88,-0.1707,-0.1707,1
Kolkata,2019,7,-0.8667,33.96,34.83,27.56,-0.8667,-0.8667,1
Kolkata,2019,9,-0.2893,29.47,29.76,27.19,-1.0276,0.449,2
Kolkata,2019,10,1.661,30.25,28.59,23.86,1.1125,2.2724,3
Kolkata,2019,11,0.5995,28.68,28.08,21.32,0.3077,0.8497,4
Kolkata,2019,12,0.082,23.07,22.99,15.51,-0.2361,0.2715,4
Kolkata,2020,1,0.2187,22.76,22.54,15.26,-0.1261,0.383,4
Kolkata,2020,2,0.5941,26.57,25.98,17.41,0.4042,0.6915,4
Kolkata,2020,3,0.762,31.53,30.77,23.21,0.6403,0.9196,4
Kolkata,2020,4,0.3837,32.29,31.9,23.17,-1.3823,1.1687,4
Kolkata,2020,5,1.1204,33.81,32.69,24.68,1.069,1.1718,2
Kolkata,2020,6,1.9892,34.21,32.23,,1.529,2.4494,2
Kolkata,2020,8,1.4294,31.62,30.19,25.95,1.4294,1.4294,1
Kolkata,2020,9,0.4192,30.94,30.52,25.39,0.2204,0.6818,3
Kolkata,2020,10,1.1175,30.53,29.41,23.86,0.3091,1.519,4
Kolkata,2020,11,0.0524,28.08,28.03,19.62,-0.3426,0.7464,3
Kolkata,2020,12,-0.249,24.25,24.5,15.53,-0.488,-0.0148,4
Kolkata,2021,1,0.1367,24.88,24.74,14.68,-0.2814,0.6347,4
Kolkata,2021,2,0.3734,28.3,27.93,18.47,0.0587,0.5643,4
Kolkata,2021,3,0.3258,32.56,32.24,23.61,0.1145,0.5328,4
Kolkata,2021,4,0.5619,34.48,33.92,25.61,0.3918,0.7688,3
Kolkata,2021,5,0.859,34.73,33.87,25.45,0.3014,1.7038,3
Kolkata,2021,6,0.3667,33.33,32.96,26.0,0.3667,0.3667,1
Kolkata,2021,9,-0.2258,29.42,29.64,26.23,-0.5664,0.1149,2
Kolkata,2021,10,1.1785,30.35,29.17,24.71,0.654,1.8731,3
Kolkata,2021,11,0.5229,28.1,27.58,20.4,0.179,0.9343,4
Kolkata,2021,12,0.1651,22.59,22.43,16.2,0.0949,0.2806,3
Kolkata,2022,1,0.0312,22.58,22.55,15.26,-0.1341,0.0935,4
Kolkata,2022,2,0.5959,26.05,25.45,17.83,0.3825,0.675,4
Kolkata,2022,3,0.7218,31.91,31.19,23.26,-0.1175,1.2589,4
Kolkata,2022,4,0.6782,32.81,32.13,25.04,0.6497,0.7302,3
Kolkata,2022,5,0.2739,31.29,31.01,23.36,-0.4213,0.9447,3
Kolkata,2022,7,-0.167,29.41,29.58,25.42,-0.7963,0.4623,2
Kolkata,2022,8,0.5732,33.26,32.68,26.44,0.0177,1.1287,2
Kolkata,2022,9,0.7368,30.5,29.77,,0.7368,0.7368,1
Kolkata,2022,10,0.8292,29.99,29.16,22.83,0.3763,1.2822,2
Kolkata,2022,11,0.5805,28.16,27.58,19.68,0.0873,1.0229,4
Kolkata,2022,12,0.2042,24.44,24.23,15.67,-0.0263,0.3808,4
Kolkata,2023,1,0.0243,22.85,22.82,16.09,-0.7364,0.5413,4
Kolkata,2023,2,0.6314,28.81,28.18,19.97,0.4204,0.7224,4
Kolkata,2023,3,0.0489,30.66,30.61,23.35,-1.775,0.7692,4
Kolkata,2023,4,0.7376,35.18,34.44,25.96,0.5235,0.9792,3
Kolkata,2023,5,0.6224,33.6,32.98,25.73,0.5248,0.7181,4
Kolkata,2023,6,-0.3883,34.09,34.48,27.28,-0.3883,-0.3883,1
Kolkata,2023,7,-0.5516,27.73,28.29,26.38,-1.1477,0.0446,2
Kolkata,2023,8,-0.0141,30.55,30.56,26.06,-1.4139,1.3857,2
Kolkata,2023,9,0.1074,27.96,27.85,25.74,0.1074,0.1074,1
Kolkata,2023,10,1.0679,30.81,29.75,25.21,0.8818,1.291,3
Kolkata,2023,11,0.567,28.1,27.53,21.43,0.1279,1.1042,4
Kolkata,2023,12,0.1866,23.02,22.84,16.81,-0.2993,0.743,4
Kolkata,2024,1,-0.1755,21.04,21.21,15.12,-0.7746,0.4006,3
Kolkata,2024,2,0.7398,25.9,25.16,19.05,0.5348,0.9404,4
Kolkata,2024,3,0.3393,30.89,30.55,23.6,-1.4475,1.0863,4
Kolkata,2024,4,1.0694,35.13,34.06,27.44,0.6264,1.5961,4
Kolkata,2024,5,-0.02,32.56,32.58,25.96,-0.5883,0.5484,2
Kolkata,2024,6,0.4131,30.82,30.4,25.89,-0.3629,1.1891,2
Kolkata,2024,8,-1.1202,27.69,28.81,26.15,-1.1202,-1.1202,1
Kolkata,2024,9,0.8173,30.95,30.13,26.81,0.5745,1.0602,2
Kolkata,2024,10,0.9191,29.52,28.6,25.11,0.6861,1.1484,4
Kolkata,2024,11,0.5636,26.07,25.51,20.49,0.4358,0.8096,3
Kolkata,2024,12,0.2329,22.39,22.16,16.7,0.1574,0.3861,4
Mumbai,2000,2,-4.1202,36.05,40.17,21.32,-4.1202,-4.1202,1
Mumbai,2000,3,-4.7648,35.97,40.73,22.21,-5.0197,-4.2542,4
Mumbai,2000,4,-5.2045,36.93,42.14,24.48,-5.5394,-4.9836,4
Mumbai,2000,5,-3.1062,33.27,36.38,24.32,-4.8095,-1.3995,3
Mumbai,2000,6,2.4941,32.04,29.55,20.81,1.1604,3.8279,2
Mumbai,2000,7,-0.6948,28.19,28.88,18.48,-1.9244,0.5348,2
Mumbai,2000,8,-0.7219,27.81,28.53,19.68,-2.0328,0.5889,2
Mumbai,2000,9,0.6883,30.98,30.29,22.38,0.3671,1.1837,4
Mumbai,2000,10,-0.2412,31.76,32.0,23.69,-0.8943,1.1175,4
Mumbai,2000,11,-1.5745,32.15,33.73,21.78,-2.0037,-0.9178,3
Mumbai,2000,12,-2.4903,31.2,33.69,19.36,-2.8085,-2.0516,4
Mumbai,2001,1,-2.9212,29.47,32.39,19.27,-3.7657,-1.8652,4
Mumbai,2001,2,-4.3181,32.29,36.61,19.83,-4.6777,-3.8054,4
Mumbai,2001,3,-5.4789,35.01,40.49,22.5,-5.9,-5.1496,4
Mumbai,2001,4,-6.1832,36.88,43.06,25.01,-6.428,-5.8806,3
Mumbai,2001,5,-5.0406,36.06,41.1,24.88,-5.9516,-3.676,4
Mumbai,2001,6,-4.6088,32.79,37.4,,-4.6088,-4.6088,1
Mumbai,2001,8,0.8258,28.72,27.89,17.63,0.8258,0.8258,1
Mumbai,2001,9,0.512,29.67,29.16,23.18,-0.4729,1.818,4
Mumbai,2001,10,0.2758,31.19,30.92,23.44,-0.2001,0.5173,3
Mumbai,2001,11,-1.4831,32.04,33.53,22.31,-1.9195,-0.9454,4
Mumbai,2001,12,-2.1981,30.36,32.56,20.92,-2.4218,-2.0076,4
Mumbai,2002,1,-2.7841,28.7,31.49,18.83,-3.2638,-2.3199,4
Mumbai,2002,2,-3.9746,32.36,36.33,21.06,-4.8914,-3.2729,4
Mumbai,2002,3,-5.0696,35.64,40.71,23.36,-5.7858,-3.7237,4
Mumbai,2002,4,-5.7326,37.76,43.49,25.43,-6.3507,-5.2401,3
Mumbai,2002,5,-3.7673,36.05,39.82,24.9,-5.631,-1.8393,4
Mumbai,2002,6,-2.0842,32.14,34.22,22.29,-3.623,-0.5453,2
Mumbai,2002,7,0.5818,28.95,28.37,22.37,0.5257,0.6378,2
Mumbai,2002,8,-0.6031,26.49,27.09,23.69,-0.6031,-0.6031,1
Mumbai,2002,9,0.6629,30.98,30.32,23.09,0.0523,1.1099,4
Mumbai,2002,10,-1.2713,32.58,33.85,23.96,-1.8896,-0.4239,3
Mumbai,2002,11,-2.5778,32.27,34.85,22.38,-2.9271,-2.2162,4
Mumbai,2002,12,-2.588,30.04,32.63,20.48,-2.9098,-2.4132,4
Mumbai,2003,1,-3.2363,29.47,32.71,20.39,-3.5466,-2.6788,4
Mumbai,2003,2,-4.2252,32.54,36.77,21.33,-4.613,-3.9897,4
Mumbai,2003,3,-5.3734,35.61,40.99,22.94,-5.6548,-4.9576,4
Mumbai,2003,4,-6.0321,37.27,43.3,25.24,-6.2882,-5.8377,3
Mumbai,2003,5,-6.0716,35.41,41.48,25.35,-7.0883,-5.3952,4
Mumbai,2003,6,-5.9443,35.77,41.72,25.55,-5.9443,-5.9443,1
Mumbai,2003,7,0.0,27.37,27.37,,0.0,0.0,1
Mumbai,2003,8,0.2758,28.41,28.13,21.76,0.2758,0.2758,1
Mumbai,2003,9,0.599,29.03,28.43,23.19,0.1328,1.09,3
Mumbai,2003,10,-0.136,31.99,32.13,23.17,-0.7231,0.4657,3
Mumbai,2003,11,-1.6897,32.08,33.77,23.15,-2.0767,-1.1954,4
Mumbai,2003,12,-2.4742,29.98,32.45,20.93,-2.8212,-2.1581,4
Mumbai,2004,1,-2.7128,28.94,31.65,19.15,-3.1155,-2.5466,4
Mumbai,2004,2,-3.9249,32.72,36.65,21.19,-4.5558,-3.3587,4
Mumbai,2004,3,-4.5563,36.43,40.98,24.24,-5.3351,-3.2858,4
Mumbai,2004,4,-5.3849,36.3,41.68,25.52,-5.8107,-5.0968,4
Mumbai,2004,5,-2.6511,34.6,37.25,24.41,-3.3282,-1.4509,3
Mumbai,2004,6,-1.8974,27.02,28.92,,-1.8974,-1.8974,1
Mumbai,2004,7,0.3181,29.51,29.2,,-0.7131,2.3325,3
Mumbai,2004,8,1.8499,29.32,27.47,20.61,1.8499,1.8499,1
Mumbai,2004,9,0.5046,30.07,29.57,20.66,-0.5446,1.5351,3
Mumbai,2004,10,-0.4754,31.46,31.94,23.03,-1.1535,0.0912,4
Mumbai,2004,11,-1.7422,31.55,33.3,23.0,-2.0889,-1.4959,3
Mumbai,2004,12,-2.3575,29.6,31.96,20.45,-2.6019,-2.1872,4
Mumbai,2005,1,-2.7485,28.66,31.41,19.0,-3.0021,-2.3488,4
Mumbai,2005,2,-3.8917,31.51,35.41,20.48,-4.4704,-3.6199,4
Mumbai,2005,3,-4.9814,35.65,40.63,22.94,-5.2426,-4.5059,4
Mumbai,2005,4,-5.4739,36.72,42.19,25.34,-6.0847,-4.7001,3
Mumbai,2005,5,-5.4865,35.6,41.09,25.66,-6.2917,-5.0406,4
Mumbai,2005,6,-6.588,34.08,40.67,25.66,-6.7087,-6.4672,2
Mumbai,2005,8,0.9595,29.03,28.07,21.85,0.9595,0.9595,1
Mumbai,2005,9,1.2386,30.32,29.08,22.85,0.5251,1.9521,2
Mumbai,2005,10,0.0868,31.86,31.77,23.15,-0.2772,0.6699,3
Mumbai,2005,11,-1.3125,31.55,32.86,21.87,-1.9311,-0.7962,4
Mumbai,2005,12,-2.2525,29.14,31.39,19.62,-2.3738,-2.1187,4
Mumbai,2006,1,-2.9138,29.74,32.65,20.02,-3.2147,-2.6855,4
Mumbai,2006,2,-3.624,32.93,36.56,22.13,-4.1988,-3.182,4
Mumbai,2006,3,-4.6819,34.47,39.15,22.72,-5.4919,-3.7722,4
Mumbai,2006,4,-5.3511,35.83,41.18,24.63,-5.5617,-5.053,3
Mumbai,2006,5,-5.924,35.21,41.14,25.43,-7.852,-4.2421,4
Mumbai,2006,6,-2.1533,30.76,32.92,23.8,-3.2779,-1.0167,3
Mumbai,2006,8,0.6931,28.41,27.71,,0.6931,0.6931,1
Mumbai,2006,9,0.5624,28.85,28.29,22.62,0.2532,1.188,4
Mumbai,2006,10,0.0852,32.12,32.04,24.44,-0.1947,0.3318,3
Mumbai,2006,11,-1.6049,30.81,32.42,22.95,-2.287,-0.8731,4
Mumbai,2006,12,-2.2113,29.68,31.89,21.1,-2.7817,-1.9395,4
Mumbai,2007,1,-2.9148,29.49,32.4,20.38,-3.4086,-2.2517,4
Mumbai,2007,2,-3.8929,31.44,35.33,21.24,-4.663,-3.1897,4
Mumbai,2007,3,-4.8947,35.34,40.23,23.85,-5.396,-4.6963,4
Mumbai,2007,4,-5.3167,36.1,41.42,25.06,-5.5732,-5.0524,3
Mumbai,2007,5,-4.8485,35.59,40.44,25.1,-6.0884,-3.0623,4
Mumbai,2007,6,-4.2109,35.15,39.36,,-4.2109,-4.2109,1
Mumbai,2007,8,-0.2101,28.79,29.0,,-0.2101,-0.2101,1
Mumbai,2007,9,0.5846,29.51,28.92,23.2,0.1643,1.0107,4
Mumbai,2007,10,-0.6094,31.87,32.48,23.05,-1.3437,-0.0469,3
Mumbai,2007,11,-1.5569,30.86,32.41,22.39,-1.8967,-1.3916,4
Mumbai,2007,12,-2.6288,29.12,31.75,20.81,-2.8724,-2.2325,4
Mumbai,2008,1,-2.8743,28.3,31.18,18.67,-3.3207,-2.6745,4
Mumbai,2008,2,-4.1203,30.58,34.7,19.18,-4.4645,-3.4953,4
Mumbai,2008,3,-4.8865,34.07,38.95,23.16,-5.4467,-4.3765,4
Mumbai,2008,4,-5.3451,35.68,41.02,25.2,-5.8862,-4.997,4
Mumbai,2008,5,-4.1692,35.17,39.34,25.98,-4.5471,-3.9211,3
Mumbai,2008,6,-3.5508,36.44,39.99,26.24,-3.5508,-3.5508,1
Mumbai,2008,8,-0.3496,28.63,28.98,,-1.1125,0.4133,2
Mumbai,2008,9,-0.5779,28.87,29.45,22.9,-0.9239,-0.2319,2
Mumbai,2008,10,-0.5847,32.73,33.31,23.76,-1.0065,0.1498,4
Mumbai,2008,11,-1.7876,32.15,33.94,22.82,-2.111,-1.466,3
Mumbai,2008,12,-2.3255,30.65,32.97,21.57,-2.6278,-2.0132,4
Mumbai,2009,1,-3.0944,29.87,32.97,20.73,-3.916,-2.287,4
Mumbai,2009,2,-3.9899,33.02,37.01,21.71,-4.9488,-3.471,4
Mumbai,2009,3,-4.8785,35.58,40.46,24.19,-5.4055,-4.1214,4
Mumbai,2009,4,-6.102,36.73,42.84,25.14,-6.4462,-5.8873,3
Mumbai,2009,5,-5.8623,35.47,41.33,25.05,-6.4426,-5.5292,4
Mumbai,2009,6,-4.0757,35.75,39.82,24.74,-4.8202,-2.7079,3
Mumbai,2009,9,0.1986,30.01,29.81,24.18,-0.7016,1.0989,2
Mumbai,2009,10,0.1125,31.74,31.62,23.68,-0.4272,0.7183,3
Mumbai,2009,11,-1.2514,29.69,30.94,22.64,-1.7015,-0.9277,4
Mumbai,2009,12,-1.4297,29.08,30.51,21.3,-1.6945,-1.0809,4
Mumbai,2010,1,-2.3384,29.37,31.7,20.94,-2.5581,-1.9008,4
Mumbai,2010,2,-3.4914,30.64,34.13,21.32,-3.7979,-2.7938,4
Mumbai,2010,3,-4.4249,35.34,39.76,23.91,-4.9523,-4.1502,4
Mumbai,2010,4,-5.1044,37.09,42.19,25.92,-5.8686,-4.5032,3
Mumbai,2010,5,-5.4689,35.3,40.77,25.94,-5.8359,-4.5793,4
Mumbai,2010,6,-4.1734,33.99,38.16,26.68,-4.1734,-4.1734,1
Mumbai,2010,7,1.09,27.51,26.42,,1.09,1.09,1
Mumbai,2010,8,0.3972,26.79,26.39,,0.3972,0.3972,1
Mumbai,2010,9,0.7361,29.67,28.94,21.67,-0.1333,1.6725,4
Mumbai,2010,10,-0.5271,29.69,30.21,24.24,-0.8698,-0.3184,3
Mumbai,2010,11,-0.8106,30.41,31.23,22.92,-1.3932,-0.4607,4
Mumbai,2010,12,-1.4539,27.48,28.93,19.0,-1.771,-1.1989,4
Mumbai,2011,1,-2.2934,29.03,31.33,19.21,-2.5732,-2.0875,4
Mumbai,2011,2,-3.2124,31.42,34.63,21.18,-3.5878,-2.8353,4
Mumbai,2011,3,-4.5419,35.96,40.51,23.58,-4.922,-4.2527,4
Mumbai,2011,4,-4.7566,35.12,39.88,24.91,-5.2022,-4.3387,3
Mumbai,2011,5,-5.6618,34.1,39.77,24.99,-7.3332,-3.7652,4
Mumbai,2011,6,-0.5905,28.17,28.76,14.05,-0.5905,-0.5905,1
Mumbai,2011,7,1.09,28.95,27.86,,1.09,1.09,1
Mumbai,2011,8,2.378,28.65,26.28,,2.378,2.378,1
Mumbai,2011,9,-0.064,30.21,30.27,22.37,-0.5777,0.4706,3
Mumbai,2011,10,-0.3654,31.46,31.82,24.07,-0.5849,-0.2021,3
Mumbai,2011,11,-1.3071,31.65,32.95,23.35,-1.899,-0.9474,4
Mumbai,2011,12,-1.9841,29.56,31.54,20.86,-2.2441,-1.7128,4
Mumbai,2012,1,-2.9313,27.99,30.92,18.44,-3.1251,-2.4658,4
Mumbai,2012,2,-3.9226,31.1,35.02,19.76,-4.4517,-3.1474,4
Mumbai,2012,3,-4.6244,34.14,38.77,22.46,-5.2998,-4.0709,4
Mumbai,2012,4,-5.1633,35.83,41.0,25.0,-5.453,-4.9336,4
Mumbai,2012,5,-5.6157,34.88,40.49,25.47,-6.7799,-4.4559,3
Mumbai,2012,6,-2.2214,32.01,34.23,24.5,-6.9688,1.3092,3
Mumbai,2012,8,0.4149,27.24,26.82,,0.4149,0.4149,1
Mumbai,2012,9,0.0261,29.15,29.13,20.6,-0.736,0.7103,4
Mumbai,2012,10,-0.4931,31.35,31.84,23.97,-1.2443,0.1909,4
Mumbai,2012,11,-1.5748,30.44,32.02,21.62,-2.0898,-1.1947,3
Mumbai,2012,12,-2.1754,29.37,31.54,20.85,-2.4947,-1.9325,4
Mumbai,2013,1,-2.9295,28.77,31.7,19.1,-3.2946,-2.5136,4
Mumbai,2013,2,-4.0615,31.94,36.0,21.11,-4.7629,-3.2936,4
Mumbai,2013,3,-5.0444,35.52,40.56,23.38,-5.8836,-4.5437,4
Mumbai,2013,4,-5.3708,36.24,41.61,25.05,-5.6539,-5.0924,3
Mumbai,2013,5,-5.1931,34.68,39.87,25.06,-6.6687,-2.7614,4
Mumbai,2013,8,-1.4724,27.21,28.68,23.45,-2.2667,-0.6782,2
Mumbai,2013,9,0.7725,29.24,28.46,22.77,0.2781,1.2669,2
Mumbai,2013,10,-0.1124,30.86,30.97,23.62,-1.244,1.1503,3
Mumbai,2013,11,-1.5114,30.58,32.09,22.86,-2.5639,-0.9469,4
Mumbai,2013,12,-2.012,29.18,31.19,20.11,-2.1311,-1.9612,4
Mumbai,2014,1,-2.5146,28.62,31.14,19.62,-2.651,-2.3646,4
Mumbai,2014,2,-3.6798,30.3,33.98,20.23,-4.1405,-2.8733,4
Mumbai,2014,3,-4.6033,35.22,39.82,23.62,-4.9749,-3.9303,4
Mumbai,2014,4,-5.2208,36.42,41.64,25.08,-5.5052,-5.0534,3
Mumbai,2014,5,-5.6994,36.19,41.89,25.66,-7.3285,-4.9672,4
Mumbai,2014,6,-4.3507,32.51,36.86,25.39,-5.8065,-1.7641,3
Mumbai,2014,8,1.1683,30.03,28.86,,1.1683,1.1683,1
Mumbai,2014,9,0.0222,30.94,30.91,23.22,-0.7749,0.5721,3
Mumbai,2014,10,-0.2865,32.04,32.33,23.96,-0.3366,-0.2368,3
Mumbai,2014,11,-1.7629,31.63,33.4,23.48,-2.1666,-1.0287,4
Mumbai,2014,12,-2.1693,28.55,30.72,20.06,-2.3638,-1.7182,4
Mumbai,2015,1,-2.8262,28.17,31.0,19.61,-3.1635,-2.5427,4
Mumbai,2015,2,-3.9356,31.42,35.36,20.82,-4.3608,-3.7362,4
Mumbai,2015,3,-4.9189,35.01,39.93,23.71,-5.6003,-4.4389,4
Mumbai,2015,4,-5.1251,34.94,40.07,25.05,-5.2581,-4.9053,3
Mumbai,2015,5,-5.8815,35.06,40.94,25.55,-7.6278,-3.6567,4
Mumbai,2015,6,-2.3743,33.56,35.94,23.56,-4.0068,-0.7418,2
Mumbai,2015,7,-0.9348,29.89,30.83,25.28,-0.9348,-0.9348,1
Mumbai,2015,8,1.4293,31.18,29.75,23.84,1.4293,1.4293,1
Mumbai,2015,9,0.7101,31.55,30.84,24.21,-0.5191,2.0793,3
Mumbai,2015,10,-0.8135,31.66,32.48,24.47,-1.7111,-0.3312,3
Mumbai,2015,11,-1.5524,31.74,33.29,23.78,-2.0433,-1.0197,4
Mumbai,2015,12,-2.0885,29.96,32.05,21.08,-2.5596,-1.5347,4
Mumbai,2016,1,-2.8104,28.85,31.66,19.58,-3.2306,-2.2851,4
Mumbai,2016,2,-3.4606,31.35,34.81,20.93,-3.7898,-3.2269,4
Mumbai,2016,3,-4.4362,35.37,39.81,23.9,-4.9945,-3.886,4
Mumbai,2016,4,-5.376,37.12,42.49,25.55,-5.9953,-4.974,4
Mumbai,2016,5,-7.0635,33.99,41.05,25.75,-10.1894,-5.4683,3
Mumbai,2016,6,-5.346,35.01,40.35,24.29,-5.8572,-4.8349,2
Mumbai,2016,9,1.8869,30.48,28.59,22.57,0.0098,3.7639,2
Mumbai,2016,10,-0.5822,31.29,31.87,23.3,-0.9544,-0.2303,4
Mumbai,2016,11,-1.4963,31.48,32.98,21.83,-1.9946,-1.1464,3
Mumbai,2016,12,-2.1346,30.55,32.68,21.27,-2.4899,-1.8246,4
Mumbai,2017,1,-2.5633,29.25,31.81,20.22,-2.9283,-2.255,4
Mumbai,2017,2,-3.7039,32.89,36.6,21.75,-4.2746,-2.978,4
Mumbai,2017,3,-4.7469,34.92,39.66,23.71,-4.9361,-4.5144,4
Mumbai,2017,4,-5.2109,36.49,41.7,25.41,-5.4638,-4.7774,3
Mumbai,2017,5,-5.177,35.13,40.31,25.71,-5.6574,-4.5706,4
Mumbai,2017,6,-0.4684,28.0,28.46,20.38,-0.636,-0.3009,2
Mumbai,2017,8,0.2403,27.95,27.71,22.65,-0.8952,1.3758,2
Mumbai,2017,9,0.207,30.21,30.01,23.42,-0.1247,0.6259,3
Mumbai,2017,10,-0.0154,30.87,30.89,23.78,-0.301,0.2504,3
Mumbai,2017,11,-1.2246,30.84,32.06,22.6,-1.9622,-0.6759,4
Mumbai,2017,12,-1.5555,27.86,29.41,20.27,-2.0622,-1.3811,4
Mumbai,2018,1,-2.4462,28.79,31.23,20.14,-2.7604,-1.9854,4
Mumbai,2018,2,-3.2481,31.28,34.53,21.92,-3.745,-2.364,4
Mumbai,2018,3,-4.4412,34.47,38.91,23.73,-5.0725,-3.4222,4
Mumbai,2018,4,-5.2211,36.53,41.75,25.68,-5.6438,-4.9324,3
Mumbai,2018,5,-5.9356,34.0,39.94,25.44,-8.8877,-4.5849,4
Mumbai,2018,6,3.992,29.68,25.69,,3.992,3.992,1
Mumbai,2018,9,0.2938,30.17,29.88,23.67,-0.3493,0.8935,4
Mumbai,2018,10,-0.9172,32.42,33.33,24.25,-0.9417,-0.8727,3
Mumbai,2018,11,-1.5835,31.79,33.37,23.6,-1.8034,-1.5064,4
Mumbai,2018,12,-2.4077,29.05,31.46,19.9,-2.831,-1.7861,4
Mumbai,2019,1,-2.6996,28.73,31.43,19.23,-3.174,-2.1968,4
Mumbai,2019,2,-3.8547,30.59,34.45,20.06,-4.1604,-3.565,4
Mumbai,2019,3,-4.9311,34.67,39.6,22.95,-5.2839,-4.5389,4
Mumbai,2019,4,-5.3139,36.67,41.99,25.73,-5.5383,-5.0438,3
Mumbai,2019,5,-5.5326,35.91,41.44,25.86,-6.2072,-5.0067,4
Mumbai,2019,6,-4.7818,34.66,39.44,25.53,-4.7818,-4.7818,1
Mumbai,2019,7,0.7678,29.4,28.63,,0.7678,0.7678,1
Mumbai,2019,8,-0.4821,28.43,28.91,17.02,-0.4902,-0.474,2
Mumbai,2019,9,0.7104,29.75,29.04,23.19,0.2169,1.2039,2
Mumbai,2019,10,-0.3419,30.85,31.19,24.64,-1.7892,0.5035,3
Mumbai,2019,11,-0.7907,30.64,31.43,23.96,-1.0659,-0.4558,4
Mumbai,2019,12,-1.6427,28.95,30.59,21.87,-1.872,-1.2243,4
Mumbai,2020,1,-2.2607,27.98,30.24,20.19,-2.5216,-1.9809,4
Mumbai,2020,2,-3.0995,31.67,34.77,21.7,-3.733,-2.6208,4
Mumbai,2020,3,-4.2057,34.05,38.25,23.42,-4.6525,-3.4777,4
Mumbai,2020,4,-5.1803,36.02,41.2,26.18,-5.7418,-4.2924,4
Mumbai,2020,5,-6.7054,35.44,42.14,25.96,-7.2857,-5.7972,3
Mumbai,2020,6,-1.2561,28.33,29.59,23.23,-2.3103,-0.202,2
Mumbai,2020,8,0.9172,32.56,31.65,,0.9172,0.9172,1
Mumbai,2020,9,0.8697,31.01,30.14,24.24,-0.0513,1.7906,2
Mumbai,2020,10,-0.6919,30.34,31.03,24.55,-1.3568,-0.248,4
Mumbai,2020,11,-1.3223,30.78,32.1,23.34,-1.7965,-0.6062,3
Mumbai,2020,12,-1.5464,29.29,30.83,21.64,-1.8278,-1.0983,4
Mumbai,2021,1,-2.2053,29.16,31.37,20.69,-2.4052,-2.0784,4
Mumbai,2021,2,-3.1212,31.93,35.05,22.1,-3.7851,-2.7791,4
Mumbai,2021,3,-4.2109,34.7,38.91,24.1,-4.6274,-3.5953,4
Mumbai,2021,4,-4.6915,35.88,40.57,25.35,-5.0143,-4.4719,3
Mumbai,2021,5,-4.9157,34.06,38.98,25.21,-6.4111,-2.2714,3
Mumbai,2021,6,-1.4599,29.52,30.98,21.98,-3.5995,-0.256,4
Mumbai,2021,7,-0.3075,31.19,31.5,23.7,-0.3075,-0.3075,1
Mumbai,2021,9,-0.6155,28.56,29.17,20.34,-1.5412,0.3101,2
Mumbai,2021,10,-0.0656,31.21,31.27,23.87,-0.8077,0.6665,3
Mumbai,2021,11,-0.7797,30.58,31.36,23.82,-1.528,-0.3701,4
Mumbai,2021,12,-0.8793,28.04,28.92,21.36,-0.9328,-0.7336,4
Mumbai,2022,1,-1.6624,27.46,29.12,19.6,-2.2268,-1.2695,4
Mumbai,2022,2,-2.7802,30.4,33.18,20.76,-3.0699,-2.3853,4
Mumbai,2022,3,-3.6273,34.95,38.58,24.84,-4.1927,-3.1574,4
Mumbai,2022,4,-4.1998,35.38,39.57,25.51,-4.612,-3.7229,3
Mumbai,2022,5,-4.5386,33.15,37.69,24.88,-5.3037,-2.8655,4
Mumbai,2022,6,-4.5841,33.07,37.65,24.33,-4.7688,-4.3994,2
Mumbai,2022,7,-0.9535,29.94,30.9,,-0.9535,-0.9535,1
Mumbai,2022,8,-0.03,28.52,28.55,23.92,-0.4218,0.3618,2
Mumbai,2022,9,-0.0437,29.14,29.18,23.54,-0.947,0.7604,3
Mumbai,2022,10,-0.1174,29.43,29.54,22.57,-0.5424,0.3076,2
Mumbai,2022,11,-0.8623,30.1,30.97,22.42,-1.3301,-0.3787,4
Mumbai,2022,12,-1.4821,29.49,30.97,22.06,-1.7381,-1.2584,4
Mumbai,2023,1,-2.0475,27.72,29.77,19.59,-2.5795,-1.8087,4
Mumbai,2023,2,-2.9126,32.63,35.54,22.55,-3.1496,-2.6796,4
Mumbai,2023,3,-3.7771,32.73,36.51,23.62,-4.2728,-3.278,4
Mumbai,2023,4,-5.0129,35.21,40.22,25.57,-6.0501,-4.4063,3
Mumbai,2023,5,-4.9905,34.66,39.65,26.21,-5.1947,-4.578,4
Mumbai,2023,6,-4.3934,32.96,37.36,25.25,-5.2562,-3.4487,3
Mumbai,2023,8,-1.4378,27.08,28.51,22.47,-2.6015,-0.274,2
Mumbai,2023,9,-0.5979,28.86,29.45,23.62,-1.5912,0.2625,3
Mumbai,2023,10,-0.4361,31.48,31.92,25.15,-0.5784,-0.2158,3
Mumbai,2023,11,-0.8755,30.08,30.96,23.72,-1.043,-0.5773,4
Mumbai,2023,12,-1.5577,28.46,30.02,22.67,-1.9844,-1.3304,4
Mumbai,2024,1,-1.801,28.17,29.97,20.96,-2.2087,-1.4575,4
Mumbai,2024,2,-2.8583,30.21,33.07,22.0,-3.6151,-2.3418,4
Mumbai,2024,3,-3.7402,33.35,37.09,23.87,-3.9393,-3.5844,4
Mumbai,2024,4,-4.373,35.72,40.09,26.32,-4.4792,-4.2956,4
Mumbai,2024,5,-3.9732,33.7,37.67,25.74,-4.9621,-3.1208,3
Mumbai,2024,6,-6.0252,33.43,39.45,26.62,-6.0252,-6.0252,1
Mumbai,2024,9,-0.8139,28.5,29.31,24.2,-0.9814,-0.7085,3
Mumbai,2024,10,-0.0333,29.53,29.56,25.4,-0.6013,0.5249,4
Mumbai,2024,11,-0.4993,28.84,29.34,23.18,-0.6554,-0.4145,3
Mumbai,2024,12,-1.1096,26.95,28.06,21.63,-1.6272,-0.612,4
Pune,2000,2,0.1617,42.07,41.91,18.44,0.1617,0.1617,1
Pune,2000,3,-0.011,44.97,44.98,20.42,-0.1516,0.1357,4
Pune,2000,4,-0.002,48.33,48.34,23.65,-0.3882,0.1753,4
Pune,2000,5,0.9121,41.6,40.69,21.39,-0.5508,2.2299,3
Pune,2000,6,-0.0418,34.55,34.6,17.34,-1.5616,0.9311,4
Pune,2000,7,-0.1758,32.8,32.97,18.35,-0.3384,-0.0132,2
Pune,2000,8,-5.9915,33.55,39.54,16.49,-11.5567,-0.4264,2
Pune,2000,9,0.6648,34.56,33.9,19.57,0.5453,0.7455,4
Pune,2000,10,-0.0526,34.54,34.59,19.99,-1.7922,1.3275,4
Pune,2000,11,0.099,34.22,34.13,16.72,-0.2167,0.4305,3
Pune,2000,12,0.1748,33.62,33.45,13.4,0.1082,0.2813,4
Pune,2001,1,0.128,33.36,33.23,15.81,-0.128,0.4706,4
Pune,2001,2,-0.4582,40.78,41.24,17.5,-0.5952,-0.2114,4
Pune,2001,3,0.0415,45.65,45.6,20.55,-0.1812,0.209,4
Pune,2001,4,-0.1484,48.14,48.29,24.19,-0.6201,0.3482,3
Pune,2001,5,-0.0936,44.78,44.88,23.03,-0.2813,0.294,4
Pune,2001,6,0.0264,43.83,43.8,22.24,0.0264,0.0264,1
Pune,2001,8,1.7442,29.69,27.94,17.68,-1.8797,7.01,3
Pune,2001,9,1.6511,34.63,32.98,20.47,0.1071,2.959,4
Pune,2001,10,0.5326,33.55,33.01,19.81,0.2648,0.989,3
Pune,2001,11,0.2171,33.59,33.37,17.79,-0.2888,0.8391,4
Pune,2001,12,0.0808,32.01,31.93,15.94,-0.3137,0.9332,4
Pune,2002,1,0.3294,32.09,31.76,14.69,0.0656,0.6423,4
Pune,2002,2,-0.0133,38.29,38.3,19.44,-0.2456,0.2338,4
Pune,2002,3,-0.0973,44.51,44.61,21.38,-0.5129,0.2621,4
Pune,2002,4,-0.5095,46.44,46.95,24.13,-0.8526,0.0269,3
Pune,2002,5,-0.3049,42.51,42.82,23.62,-0.5686,0.054,4
Pune,2002,6,-0.7769,36.91,37.68,23.13,-2.2613,1.9148,4
Pune,2002,7,-0.7613,30.15,30.92,19.58,-0.9877,-0.5294,3
Pune,2002,8,-1.2724,29.81,31.08,19.48,-1.2724,-1.2724,1
Pune,2002,9,0.9991,35.99,34.99,20.64,0.1284,1.9255,4
Pune,2002,10,0.7621,36.62,35.86,20.25,0.2564,1.4791,3
Pune,2002,11,0.7331,36.37,35.63,17.85,0.2623,1.1228,4
Pune,2002,12,0.1254,33.81,33.69,16.31,-0.1833,0.3429,4
Pune,2003,1,0.0485,33.62,33.57,17.29,-0.3497,0.2685,4
Pune,2003,2,-0.1812,39.67,39.85,19.51,-0.3092,0.0674,4
Pune,2003,3,-0.1505,44.96,45.11,21.61,-0.2288,-0.0699,4
Pune,2003,4,-0.1268,48.29,48.42,24.57,-0.3903,0.3828,3
Pune,2003,5,-0.4751,45.88,46.36,23.99,-0.6121,-0.3286,4
Pune,2003,6,-0.0279,42.81,42.83,23.42,-0.0279,-0.0279,1
Pune,2003,7,1.3125,27.99,26.68,18.47,1.3125,1.3125,1
Pune,2003,8,-3.5229,30.33,33.86,15.35,-3.7932,-3.2526,2
Pune,2003,9,-0.1618,33.08,33.24,19.98,-2.052,1.6976,4
Pune,2003,10,1.0339,36.54,35.51,20.06,0.8466,1.1415,3
Pune,2003,11,0.7138,35.92,35.21,18.99,0.3921,0.9226,4
Pune,2003,12,0.5216,33.75,33.23,16.94,0.4999,0.5467,4
Pune,2004,1,0.2213,33.39,33.17,16.34,-0.2369,0.6546,4
Pune,2004,2,0.0348,39.82,39.79,19.53,-0.2799,0.428,4
Pune,2004,3,-0.2506,45.71,45.96,22.94,-0.7361,0.0839,4
Pune,2004,4,-0.1556,47.69,47.84,24.01,-0.3065,-0.0004,4
Pune,2004,5,0.5105,42.76,42.25,22.99,0.1248,1.0338,3
Pune,2004,6,0.1345,36.28,36.14,19.3,-0.4633,0.6646,3
Pune,2004,7,0.6922,36.66,35.96,,0.6922,0.6922,1
Pune,2004,8,1.5417,31.35,29.8,18.91,1.5417,1.5417,1
Pune,2004,9,-0.0683,31.41,31.48,17.23,-1.8921,1.7211,4
Pune,2004,10,0.6004,34.11,33.51,19.32,0.3886,0.7859,4
Pune,2004,11,1.1704,33.33,32.16,18.26,0.9147,1.5237,3
Pune,2004,12,0.7702,32.23,31.46,15.52,0.5555,1.2879,4
Pune,2005,1,0.3742,32.83,32.46,15.62,0.2435,0.5031,4
Pune,2005,2,-0.0665,37.52,37.59,18.47,-0.191,0.1198,4
Pune,2005,3,-0.0924,43.9,43.99,21.51,-0.2303,-0.0229,4
Pune,2005,4,-0.4519,45.67,46.12,23.24,-1.4437,0.1045,3
Pune,2005,5,0.3723,46.27,45.89,24.71,0.1542,0.7724,4
Pune,2005,6,-0.0715,38.33,38.41,23.13,-0.7337,0.7592,3
Pune,2005,7,-2.0377,27.56,29.6,,-2.0377,-2.0377,1
Pune,2005,8,-1.0179,30.3,31.32,18.79,-2.9432,0.4587,3
Pune,2005,9,0.4364,30.55,30.11,20.12,-0.0429,0.9157,2
Pune,2005,10,0.9534,33.43,32.48,19.18,0.4148,1.2921,3
Pune,2005,11,0.6157,33.58,32.97,16.13,0.4315,0.9068,4
Pune,2005,12,0.36,31.39,31.03,14.89,0.1539,0.6957,4
Pune,2006,1,0.4234,32.87,32.44,15.99,0.2084,0.7604,4
Pune,2006,2,0.2201,38.3,38.08,19.5,-0.0367,0.3463,4
Pune,2006,3,0.0575,42.06,42.0,21.54,-0.1335,0.2539,4
Pune,2006,4,-0.1662,46.05,46.21,24.35,-0.2152,-0.0923,3
Pune,2006,5,0.2459,44.33,44.08,23.54,-0.3756,1.4363,4
Pune,2006,6,-0.9359,35.82,36.76,22.63,-2.257,0.1543,3
Pune,2006,7,0.829,29.78,28.95,7.07,0.829,0.829,1
Pune,2006,9,-0.3206,31.23,31.55,20.68,-1.46,0.5193,3
Pune,2006,10,0.682,32.78,32.1,20.33,0.3787,1.0633,3
Pune,2006,11,0.8507,31.68,30.83,19.05,-0.0184,1.2547,4
Pune,2006,12,0.3435,30.8,30.46,16.17,0.0948,0.6098,4
Pune,2007,1,0.5343,32.44,31.9,16.87,0.2064,0.7442,4
Pune,2007,2,0.4516,36.77,36.32,18.92,0.1953,0.7001,4
Pune,2007,3,0.0612,42.48,42.42,22.47,-0.1006,0.2064,4
Pune,2007,4,0.4347,45.78,45.34,23.78,-0.1752,1.2166,3
Pune,2007,5,-0.2958,43.94,44.24,23.8,-1.2378,0.661,4
Pune,2007,6,0.3588,39.32,38.97,22.48,-1.5277,1.6386,3
Pune,2007,7,7.8033,36.55,28.75,,7.8033,7.8033,1
Pune,2007,8,1.4083,30.17,28.76,19.99,1.3778,1.4387,2
Pune,2007,9,0.2145,32.53,32.32,20.49,-0.7963,0.7553,3
Pune,2007,10,0.4751,34.83,34.36,19.0,0.3227,0.7583,3
Pune,2007,11,0.8649,33.62,32.76,17.57,0.6432,1.2847,4
Pune,2007,12,0.4667,32.3,31.84,17.27,0.0635,0.7033,4
Pune,2008,1,0.412,32.46,32.05,15.54,0.2368,0.5688,4
Pune,2008,2,0.1361,36.53,36.39,18.0,-0.104,0.4965,4
Pune,2008,3,0.1204,42.36,42.24,21.91,-0.1755,0.4482,4
Pune,2008,4,-0.208,44.93,45.14,24.06,-0.3538,0.1124,4
Pune,2008,5,0.1086,44.05,43.95,24.26,-0.2411,0.5198,3
Pune,2008,6,0.8175,38.68,37.86,23.36,0.2013,1.4336,2
Pune,2008,7,2.8707,27.82,24.95,12.49,2.8707,2.8707,1
Pune,2008,8,0.6218,33.93,33.31,18.99,0.2044,1.0391,2
Pune,2008,9,-0.0609,32.56,32.62,20.43,-0.679,0.5572,2
Pune,2008,10,0.983,34.08,33.09,19.59,0.7175,1.3504,4
Pune,2008,11,0.554,33.61,33.06,18.78,0.3425,0.8662,3
Pune,2008,12,0.2333,31.52,31.28,16.33,-0.016,0.5034,4
Pune,2009,1,0.3095,33.07,32.76,17.5,-0.2211,0.5961,4
Pune,2009,2,-0.2681,38.59,38.86,19.61,-0.431,-0.2049,4
Pune,2009,3,-0.6672,41.53,42.19,22.44,-1.1589,-0.0441,4
Pune,2009,4,-0.2671,45.61,45.88,24.12,-0.3949,-0.1116,3
Pune,2009,5,-0.3763,44.55,44.93,23.22,-0.7155,0.0298,4
Pune,2009,6,-0.2161,40.95,41.16,21.83,-0.3835,0.0192,3
Pune,2009,7,-0.491,25.77,26.26,20.08,-1.5994,0.6173,2
Pune,2009,8,1.7674,31.56,29.79,16.13,1.7674,1.7674,1
Pune,2009,9,0.8334,31.58,30.74,22.28,0.7601,0.9066,2
Pune,2009,10,0.6585,33.36,32.7,19.59,0.4722,0.8791,3
Pune,2009,11,1.1014,30.99,29.89,18.62,0.4773,2.4061,4
Pune,2009,12,0.6309,29.88,29.25,16.98,0.3406,0.9983,4
Pune,2010,1,0.5357,30.94,30.41,17.09,0.4207,0.649,4
Pune,2010,2,0.1758,35.92,35.74,19.49,0.1119,0.239,4
Pune,2010,3,-0.3141,42.2,42.51,22.45,-0.4377,-0.2239,4
Pune,2010,4,0.1021,46.49,46.38,25.35,-0.1029,0.2313,3
Pune,2010,5,0.0858,43.78,43.69,24.51,-0.402,0.7573,4
Pune,2010,6,1.831,41.34,39.51,24.02,-0.0324,3.6945,2
Pune,2010,8,-1.7806,26.78,28.56,20.28,-1.7806,-1.7806,1
Pune,2010,9,1.1702,32.1,30.93,20.35,0.8314,1.4507,4
Pune,2010,10,0.8169,31.3,30.48,20.05,0.7721,0.8868,3
Pune,2010,11,0.6838,30.49,29.8,19.01,0.5526,0.8091,4
Pune,2010,12,0.4196,28.61,28.19,15.2,-0.1568,0.7068,4
Pune,2011,1,0.0356,31.23,31.19,15.39,-0.0496,0.1317,4
Pune,2011,2,0.1314,35.15,35.02,18.91,-0.0845,0.3398,4
Pune,2011,3,-0.2029,42.37,42.58,21.33,-0.45,0.0563,4
Pune,2011,4,-0.1153,43.87,43.98,24.04,-0.3369,0.0593,3
Pune,2011,5,-0.1845,42.34,42.52,23.79,-0.2906,-0.0623,4
Pune,2011,6,0.7201,39.97,39.25,,0.7201,0.7201,1
Pune,2011,7,-5.1495,28.96,34.11,,-5.1495,-5.1495,1
Pune,2011,8,1.5278,29.4,27.87,18.03,1.5278,1.5278,1
Pune,2011,9,1.2215,31.65,30.43,20.4,-0.8022,4.867,4
Pune,2011,10,0.6717,32.64,31.96,19.48,0.4205,0.9004,3
Pune,2011,11,0.3686,32.85,32.48,18.67,0.1708,0.7704,4
Pune,2011,12,0.1128,31.0,30.89,16.32,-0.0808,0.3953,4
Pune,2012,1,0.064,31.46,31.4,15.71,-0.0494,0.1668,4
Pune,2012,2,-0.2835,36.61,36.89,18.44,-0.4891,-0.1701,4
Pune,2012,3,-0.6441,41.82,42.46,21.61,-0.8922,-0.1797,4
Pune,2012,4,-0.3116,44.53,44.84,24.04,-0.4676,-0.0542,4
Pune,2012,5,0.0856,44.02,43.94,24.62,-0.4563,0.4787,3
Pune,2012,6,-0.2739,39.26,39.53,22.16,-0.709,0.201,3
Pune,2012,7,-1.4049,38.87,40.27,,-1.4049,-1.4049,1
Pune,2012,8,-5.2697,28.76,34.03,18.04,-10.0525,-0.4869,2
Pune,2012,9,2.9378,34.56,31.62,22.12,0.2477,7.2438,3
Pune,2012,10,0.8491,33.08,32.23,20.21,0.5607,1.2138,4
Pune,2012,11,0.2945,32.92,32.63,17.96,0.0659,0.6207,3
Pune,2012,12,0.1613,31.38,31.22,17.58,-0.1175,0.4947,4
Pune,2013,1,-0.0516,32.58,32.63,17.23,-0.1802,0.1111,4
Pune,2013,2,-0.0082,36.8,36.81,19.67,-0.2474,0.2221,4
Pune,2013,3,-0.8821,42.59,43.47,22.28,-1.4801,-0.5446,4
Pune,2013,4,-0.5191,45.88,46.4,24.73,-0.6354,-0.3446,3
Pune,2013,5,-0.2944,43.3,43.59,24.78,-0.4398,-0.0654,4
Pune,2013,6,-1.1278,37.1,38.23,,-1.8679,-0.3876,2
Pune,2013,8,2.1127,33.22,31.11,20.62,1.4397,2.7856,2
Pune,2013,9,-0.1818,31.38,31.56,20.07,-1.2795,0.9743,4
Pune,2013,10,1.4219,33.47,32.05,21.71,0.8142,1.9331,3
Pune,2013,11,0.987,32.33,31.34,18.69,0.5731,1.6475,4
Pune,2013,12,0.464,30.76,30.29,15.75,0.3404,0.5391,4
Pune,2014,1,0.5841,31.17,30.58,17.32,0.024,1.1772,4
Pune,2014,2,0.2349,34.92,34.69,18.03,-0.0015,0.5825,4
Pune,2014,3,-0.3874,41.01,41.4,22.69,-0.6408,-0.198,4
Pune,2014,4,-0.688,44.72,45.41,24.39,-1.0284,-0.5023,3
Pune,2014,5,0.1016,44.38,44.28,24.69,-0.1501,0.2701,4
Pune,2014,6,0.6839,39.61,38.93,23.22,-0.2899,2.4398,4
Pune,2014,7,-0.1006,32.38,32.48,18.01,-0.7662,0.3152,3
Pune,2014,8,0.468,34.93,34.46,,0.468,0.468,1
Pune,2014,9,0.0577,32.84,32.78,20.97,-2.4741,1.7483,4
Pune,2014,10,1.3122,34.01,32.7,20.41,1.0336,1.5041,3
Pune,2014,11,1.0295,32.84,31.81,19.42,0.7259,1.4385,4
Pune,2014,12,0.0262,28.8,28.77,15.39,-0.3012,0.5368,4
Pune,2015,1,0.1687,30.36,30.19,16.06,-0.0474,0.3373,4
Pune,2015,2,-0.2088,35.33,35.54,18.63,-0.3965,0.0966,4
Pune,2015,3,-0.2221,39.34,39.57,22.14,-0.8372,0.172,4
Pune,2015,4,-0.1675,42.41,42.58,24.15,-0.5764,0.0631,3
Pune,2015,5,-0.0405,42.54,42.58,24.86,-0.6535,0.7619,4
Pune,2015,6,0.0412,37.34,37.3,22.88,-0.8471,1.0562,3
Pune,2015,7,1.6693,35.39,33.72,21.3,-0.0894,3.428,2
Pune,2015,8,0.9732,33.21,32.24,20.07,-0.6355,2.5819,2
Pune,2015,9,0.6317,34.1,33.47,21.17,-1.1527,1.6689,3
Pune,2015,10,0.9778,33.53,32.55,21.61,0.8087,1.1131,3
Pune,2015,11,0.7725,33.05,32.27,20.12,0.5847,1.0801,4
Pune,2015,12,0.2232,31.02,30.79,17.4,-0.1186,0.6351,4
Pune,2016,1,-0.0636,31.17,31.24,16.41,-0.4648,0.3081,4
Pune,2016,2,0.1306,35.79,35.66,20.05,-0.2784,0.7096,4
Pune,2016,3,-0.576,42.32,42.9,23.0,-0.9802,-0.3416,4
Pune,2016,4,-0.7691,45.96,46.72,25.21,-0.9885,-0.5431,4
Pune,2016,5,-0.4409,41.48,41.92,24.72,-0.6065,-0.336,3
Pune,2016,6,-1.4282,38.32,39.75,24.14,-2.6531,-0.7271,3
Pune,2016,7,1.8386,31.29,29.45,14.43,1.8386,1.8386,1
Pune,2016,8,0.6002,29.96,29.36,19.55,0.6002,0.6002,1
Pune,2016,9,0.8393,32.62,31.78,20.05,0.7205,0.9581,2
Pune,2016,10,0.6751,33.67,32.99,19.79,0.543,0.9211,4
Pune,2016,11,0.4677,32.75,32.28,16.95,0.2262,0.77,3
Pune,2016,12,0.3376,32.22,31.88,16.71,0.1199,0.6463,4
Pune,2017,1,0.1238,31.63,31.51,16.7,-0.0231,0.4921,4
Pune,2017,2,-0.2119,37.59,37.81,20.34,-0.6323,0.1063,4
Pune,2017,3,-0.5869,41.88,42.47,22.68,-0.7128,-0.4617,4
Pune,2017,4,-0.5752,45.63,46.2,24.57,-0.9272,-0.1866,3
Pune,2017,5,-0.6035,43.51,44.11,25.17,-0.9234,-0.2817,4
Pune,2017,6,0.7012,38.37,37.67,21.38,-1.26,2.2901,3
Pune,2017,7,0.7938,31.32,30.52,19.02,-0.2781,1.8658,2
Pune,2017,8,-0.8379,31.4,32.23,20.83,-0.9409,-0.7349,2
Pune,2017,9,0.8024,32.23,31.43,21.43,0.5256,1.0792,2
Pune,2017,10,1.5024,31.92,30.42,20.21,0.9151,2.2201,3
Pune,2017,11,0.3134,31.51,31.2,18.47,-0.0504,0.7056,4
Pune,2017,12,0.4249,30.41,29.98,16.99,0.0911,1.0679,4
Pune,2018,1,0.0822,31.47,31.39,17.34,-0.0205,0.3133,4
Pune,2018,2,-0.1692,35.93,36.1,19.99,-0.271,0.0055,4
Pune,2018,3,-0.7324,40.73,41.47,23.01,-0.9819,-0.3805,4
Pune,2018,4,-0.2973,45.06,45.36,24.84,-0.6855,0.3303,3
Pune,2018,5,-0.5469,42.76,43.3,25.07,-0.7016,-0.4123,4
Pune,2018,6,0.2107,35.52,35.31,19.73,-0.3683,1.3115,3
Pune,2018,8,-1.017,28.86,29.88,18.64,-1.017,-1.017,1
Pune,2018,9,0.4738,33.21,32.74,21.39,-2.8833,2.8298,4
Pune,2018,10,0.2279,34.78,34.55,21.45,0.017,0.3999,3
Pune,2018,11,0.483,33.65,33.16,19.53,0.3125,0.6413,4
Pune,2018,12,0.2578,31.12,30.86,16.17,0.1244,0.4126,4
Pune,2019,1,-0.3684,31.48,31.85,16.31,-0.6004,-0.1654,4
Pune,2019,2,-0.5565,35.84,36.4,19.22,-0.8357,-0.3372,4
Pune,2019,3,-0.9464,42.63,43.58,23.13,-1.1211,-0.5551,4
Pune,2019,4,-0.8648,44.93,45.8,25.42,-1.1289,-0.5323,3
Pune,2019,5,-0.8294,45.22,46.05,25.53,-1.1281,-0.4081,4
Pune,2019,6,-0.6203,38.72,39.34,22.98,-1.3958,0.3534,3
Pune,2019,7,3.9458,35.15,31.21,20.41,3.9458,3.9458,1
Pune,2019,8,0.725,34.56,33.84,20.28,0.725,0.725,1
Pune,2019,9,0.9906,32.67,31.68,21.5,0.4372,1.5439,2
Pune,2019,10,1.6057,31.05,29.45,21.52,0.5811,2.4634,3
Pune,2019,11,0.4104,30.02,29.61,20.12,0.0755,0.7073,4
Pune,2019,12,0.2874,29.99,29.7,18.82,-0.1296,0.554,4
Pune,2020,1,0.1865,30.16,29.98,18.3,-0.2172,0.4316,4
Pune,2020,2,0.208,34.59,34.38,19.95,0.0826,0.3725,4
Pune,2020,3,-0.0982,39.34,39.44,22.74,-0.5308,0.3799,4
Pune,2020,4,-0.1581,44.42,44.58,25.49,-0.1811,-0.1403,4
Pune,2020,5,-0.7548,42.81,43.56,25.38,-1.0172,-0.5561,3
Pune,2020,6,-0.1901,33.41,33.6,22.15,-1.7112,0.9533,4
Pune,2020,8,0.6697,30.39,29.72,20.29,0.6697,0.6697,1
Pune,2020,9,1.0813,33.66,32.58,20.38,0.7977,1.3648,2
Pune,2020,10,0.8241,31.74,30.91,20.56,0.036,1.8904,4
Pune,2020,11,0.3791,31.15,30.77,19.65,0.2488,0.5484,3
Pune,2020,12,0.0521,30.11,30.06,17.24,0.0103,0.1243,4
Pune,2021,1,-0.2762,31.06,31.34,19.25,-0.5781,0.1659,4
Pune,2021,2,-0.301,34.19,34.49,19.41,-0.5973,0.0494,4
Pune,2021,3,-0.6086,40.24,40.85,22.88,-0.851,-0.344,4
Pune,2021,4,-0.8553,41.43,42.29,24.39,-0.8827,-0.814,3
Pune,2021,5,-0.049,39.11,39.16,23.47,-0.6559,0.4665,4
Pune,2021,6,1.2745,32.92,31.65,20.8,0.465,1.6988,3
Pune,2021,7,2.6196,36.83,34.21,,0.0071,5.2321,2
Pune,2021,8,-1.3666,32.54,33.91,19.59,-2.2776,-0.4557,2
Pune,2021,9,-0.3431,30.84,31.19,17.97,-2.3948,1.7085,2
Pune,2021,10,0.9508,32.21,31.26,20.79,0.8458,1.011,3
Pune,2021,11,0.6684,30.61,29.94,20.12,0.1944,1.5212,4
Pune,2021,12,0.2199,28.11,27.89,17.71,-0.0597,0.7221,4
Pune,2022,1,0.0928,28.77,28.67,16.8,-0.0925,0.3608,4
Pune,2022,2,-0.1145,34.3,34.41,19.4,-0.2176,-0.04,4
Pune,2022,3,-0.4569,39.94,40.4,23.33,-0.818,-0.0237,4
Pune,2022,4,-0.3094,42.6,42.91,25.66,-0.5826,-0.0823,3
Pune,2022,5,-0.6481,38.89,39.53,24.45,-1.0682,-0.4186,4
Pune,2022,6,-0.2398,38.05,38.29,23.02,-0.6346,0.1549,2
Pune,2022,8,1.4526,32.83,31.38,23.37,1.4526,1.4526,1
Pune,2022,9,0.1481,30.89,30.74,,0.1481,0.1481,1
Pune,2022,10,1.0452,31.23,30.18,18.5,1.0452,1.0452,1
Pune,2022,11,0.4239,30.68,30.25,18.37,0.1847,0.5374,4
Pune,2022,12,0.1797,30.4,30.22,19.33,-0.1763,0.4843,4
Pune,2023,1,0.0829,29.94,29.86,17.99,-0.0396,0.2041,4
Pune,2023,2,-0.1087,35.36,35.47,20.33,-0.2751,0.038,4
Pune,2023,3,-0.3916,37.13,37.52,21.7,-0.7096,0.0027,4
Pune,2023,4,-0.0812,40.63,40.71,24.36,-0.3663,0.0935,3
Pune,2023,5,-0.5141,41.86,42.37,25.21,-1.1882,0.4031,4
Pune,2023,6,-1.0483,37.34,38.39,23.15,-1.7789,-0.057,3
Pune,2023,7,-0.7851,27.3,28.09,19.09,-0.7851,-0.7851,1
Pune,2023,8,0.5745,30.49,29.92,19.06,0.4192,0.7451,3
Pune,2023,9,0.0468,30.55,30.5,21.83,-2.8273,2.762,4
Pune,2023,10,0.8849,32.74,31.86,21.73,0.7135,1.0697,3
Pune,2023,11,0.33,30.0,29.67,20.3,0.1992,0.449,4
Pune,2023,12,0.2211,28.54,28.32,18.52,0.0277,0.4297,4
Pune,2024,1,0.0135,28.78,28.77,18.48,-0.1535,0.1915,4
Pune,2024,2,-0.4081,33.3,33.71,20.87,-0.4931,-0.2814,4
Pune,2024,3,-0.8148,38.51,39.33,24.2,-0.8975,-0.7207,4
Pune,2024,4,-0.5607,42.5,43.06,26.67,-0.8221,0.0523,4
Pune,2024,5,-0.3456,36.61,36.95,24.58,-0.8007,-0.1045,3
Pune,2024,6,-1.5527,35.81,37.36,22.33,-1.5527,-1.5527,1
Pune,2024,7,0.8115,31.85,31.04,,0.8115,0.8115,1
Pune,2024,8,1.3756,29.48,28.1,20.23,1.1033,1.6479,2
Pune,2024,9,0.8227,30.31,29.48,22.11,0.5716,1.0737,2
Pune,2024,10,1.3532,31.06,29.71,22.14,0.5692,2.8058,3
Pune,2024,11,0.4994,27.95,27.45,18.79,0.462,0.5336,3
Pune,2024,12,0.3039,27.64,27.34,18.89,0.1167,0.6099,4
Surat,2000,2,-0.2055,37.66,37.87,18.52,-0.2055,-0.2055,1
Surat,2000,3,-0.5231,38.03,38.55,19.83,-0.829,-0.2914,4
Surat,2000,4,-0.316,39.97,40.29,24.58,-0.4524,-0.2144,4
Surat,2000,5,-0.5059,35.68,36.19,24.07,-0.9487,0.375,3
Surat,2000,6,-1.5799,34.88,36.46,22.99,-2.3227,-0.8371,2
Surat,2000,7,0.2697,31.55,31.28,21.18,0.2697,0.2697,1
Surat,2000,8,0.0344,30.38,30.34,19.72,0.0344,0.0344,1
Surat,2000,9,-0.8663,32.79,33.66,23.88,-1.6335,-0.506,4
Surat,2000,10,-0.8061,34.93,35.74,22.13,-1.451,-0.3311,4
Surat,2000,11,-0.0362,33.77,33.81,17.85,-0.0948,0.039,3
Surat,2000,12,-0.2466,32.35,32.6,14.37,-0.561,-0.0171,4
Surat,2001,1,-0.4135,30.82,31.24,14.98,-0.589,-0.2974,4
Surat,2001,2,-0.327,34.56,34.88,16.43,-0.6336,0.2483,4
Surat,2001,3,-0.4376,38.55,38.99,20.83,-0.9277,0.0518,4
Surat,2001,4,0.072,42.79,42.72,24.67,-0.4647,0.6168,3
Surat,2001,5,-0.4539,38.97,39.42,26.03,-0.7172,-0.1889,4
Surat,2001,8,-0.1608,28.87,29.03,22.33,-1.3843,1.0626,2
Surat,2001,9,-0.6875,32.81,33.5,23.56,-1.2694,-0.4402,4
Surat,2001,10,-0.6718,34.1,34.77,22.06,-0.893,-0.2966,3
Surat,2001,11,-0.319,33.87,34.19,18.2,-0.4176,-0.2203,4
Surat,2001,12,-0.3399,31.56,31.9,16.45,-0.4616,-0.255,4
Surat,2002,1,-0.1474,29.79,29.93,14.5,-0.2845,0.1155,4
Surat,2002,2,-0.3425,33.62,33.96,17.89,-0.6106,0.0262,4
Surat,2002,3,-0.4099,38.25,38.66,20.84,-0.7514,-0.0545,4
Surat,2002,4,0.0986,41.46,41.36,24.69,-0.1083,0.442,3
Surat,2002,5,-0.1034,37.44,37.54,25.94,-1.1015,0.6934,4
Surat,2002,6,1.7453,37.88,36.13,25.26,1.7453,1.7453,1
Surat,2002,7,-7.1467,28.66,35.81,19.47,-7.1467,-7.1467,1
Surat,2002,9,-0.7584,31.24,32.0,23.39,-2.0173,-0.1634,4
Surat,2002,10,-0.3715,34.12,34.49,22.26,-0.4694,-0.1974,3
Surat,2002,11,-0.194,33.35,33.54,18.13,-0.3288,-0.0912,4
Surat,2002,12,-0.3933,30.32,30.71,16.24,-0.69,-0.1485,4
Surat,2003,1,-0.4165,30.05,30.47,17.02,-0.6033,-0.2785,4
Surat,2003,2,-0.4716,33.02,33.5,18.26,-0.9656,-0.2534,4
Surat,2003,3,-0.2417,37.73,37.97,20.89,-0.6188,0.219,4
Surat,2003,4,0.1413,40.9,40.76,25.16,-0.3277,0.6244,3
Surat,2003,5,-0.4377,37.76,38.2,26.34,-0.5714,-0.193,4
Surat,2003,6,-0.3768,36.87,37.24,26.18,-1.0308,0.2772,2
Surat,2003,8,0.23,28.7,28.47,23.95,0.0076,0.4525,2
Surat,2003,9,-1.1991,29.43,30.63,22.91,-4.0305,0.7799,4
Surat,2003,10,-0.6155,33.64,34.26,21.16,-0.7446,-0.5402,3
Surat,2003,11,-0.1834,33.17,33.35,20.52,-0.4656,-0.0174,4
Surat,2003,12,-0.3447,29.79,30.14,16.37,-1.0418,-0.0375,4
Surat,2004,1,-0.2108,29.62,29.83,15.17,-0.3292,0.0558,4
Surat,2004,2,-0.1679,33.94,34.11,17.56,-0.3428,0.0079,4
Surat,2004,3,-0.1257,39.35,39.47,21.75,-0.631,0.1518,4
Surat,2004,4,-0.1215,39.85,39.97,25.39,-0.3622,0.2791,4
Surat,2004,5,-0.0515,36.9,36.96,25.53,-0.3414,0.2394,3
Surat,2004,6,-0.4486,34.58,35.03,23.88,-0.7222,-0.175,2
Surat,2004,7,-0.6513,29.66,30.32,24.37,-0.8769,-0.4257,2
Surat,2004,8,-0.9329,27.35,28.28,20.77,-1.3723,-0.4936,2
Surat,2004,9,-1.1591,30.7,31.86,20.2,-4.0673,0.3273,4
Surat,2004,10,-0.5011,32.73,33.24,20.56,-0.9694,-0.1052,4
Surat,2004,11,-0.1045,33.68,33.78,19.7,-0.1949,-0.027,3
Surat,2004,12,-0.4109,30.86,31.27,16.62,-0.5206,-0.256,4
Surat,2005,1,-0.3708,29.06,29.43,14.72,-0.6024,-0.1021,4
Surat,2005,2,-0.415,33.08,33.49,17.42,-0.5498,-0.1669,4
Surat,2005,3,-0.1028,38.98,39.08,21.53,-0.4329,0.1848,4
Surat,2005,4,0.1189,39.2,39.08,23.78,-0.2978,0.4188,3
Surat,2005,5,0.4011,40.2,39.8,26.69,0.0546,0.7436,4
Surat,2005,6,0.4991,38.61,38.11,26.16,-0.2068,1.2049,2
Surat,2005,8,-1.4678,31.44,32.9,23.23,-1.5119,-1.4237,2
Surat,2005,9,-0.8368,30.29,31.13,23.1,-1.2312,-0.4423,2
Surat,2005,10,-0.4239,33.54,33.96,21.64,-0.5249,-0.3052,3
Surat,2005,11,-0.0352,32.92,32.95,17.91,-0.2629,0.3164,4
Surat,2005,12,-0.2714,29.18,29.45,15.15,-0.3139,-0.2348,4
Surat,2006,1,-0.4527,29.98,30.43,15.62,-0.6234,-0.2037,4
Surat,2006,2,-0.4259,34.0,34.43,19.09,-0.8108,-0.1224,4
Surat,2006,3,-0.0942,37.31,37.4,21.81,-0.1621,-0.0243,4
Surat,2006,4,-0.0313,39.92,39.96,24.99,-0.5174,0.3932,3
Surat,2006,5,0.0013,37.48,37.47,24.91,-0.8023,0.3946,4
Surat,2006,6,-0.124,33.5,33.63,24.38,-0.2924,0.0444,2
Surat,2006,8,-2.0226,29.58,31.6,19.9,-2.0226,-2.0226,1
Surat,2006,9,-0.07,31.3,31.37,24.08,-1.0765,1.4369,3
Surat,2006,10,-0.2395,34.38,34.62,22.86,-0.3314,-0.1843,3
Surat,2006,11,-0.1118,32.65,32.76,19.06,-0.2763,0.0951,4
Surat,2006,12,-0.2184,30.27,30.49,17.39,-0.5382,0.0271,4
Surat,2007,1,-0.2481,29.32,29.57,16.1,-0.497,0.1051,4
Surat,2007,2,-0.4272,32.9,33.33,18.84,-0.8543,0.0642,4
Surat,2007,3,-0.2127,38.75,38.96,21.73,-0.6097,0.0407,4
Surat,2007,4,-0.1067,38.86,38.97,24.91,-0.3071,0.2579,3
Surat,2007,5,-0.0384,38.19,38.23,26.14,-0.3466,0.4452,4
Surat,2007,6,0.3982,39.56,39.16,26.27,-0.5283,1.3246,2
Surat,2007,7,-0.5512,29.92,30.47,23.19,-0.5512,-0.5512,1
Surat,2007,8,-0.0548,29.36,29.41,23.53,-0.7389,0.6293,2
Surat,2007,9,-0.7726,29.66,30.43,22.97,-1.8198,0.1652,4
Surat,2007,10,-0.3869,33.59,33.97,21.11,-0.6482,-0.2487,3
Surat,2007,11,0.1521,32.38,32.23,18.98,-0.014,0.3229,4
Surat,2007,12,-0.1458,30.05,30.2,16.88,-0.2445,-0.0134,4
Surat,2008,1,-0.2765,28.78,29.06,14.88,-0.4412,-0.1442,4
Surat,2008,2,-0.35,31.86,32.21,15.47,-0.4552,-0.2631,4
Surat,2008,3,-0.4328,36.61,37.04,21.23,-0.5752,-0.3145,4
Surat,2008,4,-0.095,39.1,39.2,24.83,-0.3691,0.2714,4
Surat,2008,5,-0.3957,36.75,37.15,26.2,-0.9103,-0.0875,3
Surat,2008,6,-2.5904,34.47,37.06,24.3,-2.5904,-2.5904,1
Surat,2008,8,-1.0803,29.04,30.12,22.15,-1.8136,-0.0256,3
Surat,2008,9,-1.7688,29.43,31.2,23.19,-2.1259,-1.4117,2
Surat,2008,10,-0.0535,34.64,34.69,22.02,-0.3815,0.1478,4
Surat,2008,11,0.0776,33.36,33.28,18.91,-0.0585,0.3292,3
Surat,2008,12,-0.1466,31.54,31.68,17.53,-0.2646,0.1416,4
Surat,2009,1,-0.3473,30.44,30.78,17.65,-0.4604,-0.1999,4
Surat,2009,2,-0.4557,33.94,34.39,18.93,-0.618,-0.3013,4
Surat,2009,3,-0.3657,38.05,38.42,22.59,-0.7752,-0.0824,4
Surat,2009,4,0.0482,40.64,40.59,24.18,-0.2417,0.2601,3
Surat,2009,5,-0.0667,37.7,37.77,25.48,-0.648,0.7541,4
Surat,2009,6,-0.5824,35.12,35.7,25.53,-1.5107,0.012,3
Surat,2009,8,0.8298,26.33,25.5,,0.8298,0.8298,1
Surat,2009,9,-0.1428,32.61,32.75,25.04,-1.1939,0.9833,4
Surat,2009,10,-0.1527,33.9,34.05,21.18,-0.4927,0.0838,3
Surat,2009,11,0.3044,32.8,32.5,19.3,0.1923,0.4137,4
Surat,2009,12,-0.0133,30.65,30.66,17.56,-0.2079,0.262,4
Surat,2010,1,-0.3231,29.98,30.3,17.28,-0.4989,-0.1275,4
Surat,2010,2,-0.2331,32.59,32.83,18.66,-0.3683,-0.1395,4
Surat,2010,3,-0.1415,38.23,38.37,22.69,-0.3334,0.1232,4
Surat,2010,4,0.0076,41.32,41.31,26.41,-0.2496,0.1751,3
Surat,2010,5,-0.0632,38.98,39.04,27.28,-0.3977,0.3021,4
Surat,2010,6,-0.1616,36.69,36.85,24.86,-1.0055,0.6458,3
Surat,2010,7,-1.4053,29.11,30.52,,-1.4053,-1.4053,1
Surat,2010,9,-0.1368,31.41,31.54,24.13,-0.4015,0.1279,2
Surat,2010,10,0.0123,32.74,32.72,23.84,-0.3289,0.3815,3
Surat,2010,11,0.474,32.17,31.7,21.69,-0.041,0.9178,4
Surat,2010,12,0.0656,28.64,28.57,15.22,-0.002,0.2305,4
Surat,2011,1,-0.2233,29.62,29.84,14.58,-0.4029,-0.0758,4
Surat,2011,2,-0.2482,33.02,33.27,18.05,-0.4765,0.1126,4
Surat,2011,3,-0.3865,38.09,38.48,21.33,-0.608,-0.1382,4
Surat,2011,4,-0.1255,38.08,38.21,24.66,-0.3793,0.1741,3
Surat,2011,5,-0.3075,37.01,37.32,26.0,-0.4208,-0.1927,4
Surat,2011,6,0.5205,35.79,35.27,24.69,0.5205,0.5205,1
Surat,2011,9,-1.3018,29.92,31.22,23.53,-2.5422,-0.0613,2
Surat,2011,10,-0.2379,34.27,34.51,23.11,-0.5261,0.0691,3
Surat,2011,11,-0.0033,33.8,33.8,20.43,-0.1602,0.0717,4
Surat,2011,12,-0.2398,30.12,30.36,17.33,-0.3827,-0.0234,4
Surat,2012,1,-0.5204,28.67,29.19,14.67,-0.8569,-0.2018,4
Surat,2012,2,-0.7583,31.78,32.54,16.91,-1.0543,-0.4407,4
Surat,2012,3,-0.7098,36.87,37.58,20.36,-1.0723,-0.4991,4
Surat,2012,4,-0.2847,38.25,38.53,24.64,-0.5202,-0.1177,4
Surat,2012,5,0.2896,38.14,37.85,26.31,0.0475,0.4284,3
Surat,2012,6,0.0632,32.78,32.71,22.83,-0.76,1.3949,3
Surat,2012,9,0.1843,33.2,33.02,23.96,-0.0813,0.4499,2
Surat,2012,10,-0.0105,34.02,34.03,21.74,-0.2837,0.137,4
Surat,2012,11,0.1971,32.82,32.62,17.31,0.08,0.3475,3
Surat,2012,12,-0.1949,30.55,30.74,17.24,-0.2869,-0.0365,4
Surat,2013,1,-0.196,29.93,30.13,15.29,-0.3643,0.0478,4
Surat,2013,2,-0.5934,33.4,33.99,18.83,-0.8444,-0.3711,4
Surat,2013,3,-0.4,38.35,38.75,22.2,-0.6467,-0.1033,4
Surat,2013,4,-0.0203,39.36,39.38,25.24,-0.3982,0.5126,3
Surat,2013,5,-0.0716,38.57,38.65,26.43,-0.3925,0.0782,4
Surat,2013,6,1.2544,41.4,40.14,27.02,1.2544,1.2544,1
Surat,2013,8,-2.7257,27.91,30.63,22.82,-2.7257,-2.7257,1
Surat,2013,9,0.1023,30.65,30.54,23.94,-0.4299,0.6344,2
Surat,2013,10,-0.1601,32.47,32.63,22.89,-0.4766,0.2498,3
Surat,2013,11,0.0891,32.51,32.42,20.56,0.0703,0.1441,4
Surat,2013,12,-0.0468,29.93,29.97,16.54,-0.4192,0.1507,4
Surat,2014,1,-0.3092,29.12,29.43,16.5,-0.6186,-0.1619,4
Surat,2014,2,-0.5244,31.78,32.3,17.88,-1.0671,-0.2267,4
Surat,2014,3,-0.7046,37.84,38.54,22.47,-0.9399,-0.5595,4
Surat,2014,4,-0.638,39.54,40.18,25.21,-0.6797,-0.5787,3
Surat,2014,5,-0.4974,38.5,39.0,26.46,-0.9396,0.1633,4
Surat,2014,6,-1.123,33.7,34.82,24.31,-2.5773,-0.3924,3
Surat,2014,9,-0.2902,31.9,32.19,24.64,-0.6822,0.1975,3
Surat,2014,10,-0.3117,34.5,34.81,22.69,-1.1178,0.5196,3
Surat,2014,11,0.1483,33.9,33.75,21.34,-0.0626,0.3622,4
Surat,2014,12,-0.1343,29.43,29.56,16.05,-0.3599,0.1043,4
Surat,2015,1,-0.513,29.59,30.1,15.92,-0.7428,-0.384,4
Surat,2015,2,-0.5704,32.58,33.15,18.98,-0.7403,-0.462,4
Surat,2015,3,-0.4733,36.6,37.07,22.9,-0.5621,-0.3723,4
Surat,2015,4,-0.5931,37.08,37.67,25.29,-0.9947,-0.3857,3
Surat,2015,5,0.0114,39.06,39.05,26.62,-0.2975,0.6272,4
Surat,2015,6,-0.8217,33.42,34.25,24.57,-0.8527,-0.7907,2
Surat,2015,7,0.0,27.95,27.95,25.11,0.0,0.0,1
Surat,2015,8,-0.618,30.33,30.95,22.97,-1.1469,0.1481,3
Surat,2015,9,-1.4758,32.23,33.71,24.15,-2.4804,-0.5441,3
Surat,2015,10,-0.1601,34.66,34.82,23.8,-0.2691,-0.029,3
Surat,2015,11,-0.0242,33.83,33.86,21.12,-0.1805,0.0617,4
Surat,2015,12,-0.2894,30.73,31.02,15.91,-0.4137,-0.1281,4
Surat,2016,1,-0.1984,30.77,30.97,15.62,-0.349,0.015,4
Surat,2016,2,-0.5433,32.67,33.22,19.09,-1.016,-0.319,4
Surat,2016,3,-0.693,37.19,37.88,22.37,-1.035,-0.3033,4
Surat,2016,4,-0.5036,39.02,39.53,25.68,-0.9369,-0.1443,4
Surat,2016,5,-0.7449,37.33,38.07,26.69,-2.5729,0.4251,3
Surat,2016,6,-0.2952,36.49,36.78,26.21,-0.4452,-0.1452,2
Surat,2016,7,1.4133,30.31,28.9,,1.4133,1.4133,1
Surat,2016,8,-0.5046,27.53,28.03,21.17,-1.2291,0.22,2
Surat,2016,9,-0.882,30.28,31.16,24.18,-2.1594,1.4622,4
Surat,2016,10,0.0459,32.69,32.64,21.63,-0.1755,0.2235,4
Surat,2016,11,0.2213,33.08,32.86,18.06,0.0263,0.4939,3
Surat,2016,12,-0.121,31.36,31.48,16.75,-0.1958,-0.0377,4
Surat,2017,1,-0.3374,30.54,30.87,16.38,-0.5145,-0.1861,4
Surat,2017,2,-0.6083,34.18,34.79,19.67,-0.845,-0.4858,4
Surat,2017,3,-0.9569,36.63,37.59,22.82,-1.1168,-0.6873,4
Surat,2017,4,-0.9465,38.54,39.49,24.83,-1.0814,-0.8052,3
Surat,2017,5,-0.5283,38.28,38.81,26.54,-0.9077,-0.2088,4
Surat,2017,6,-0.046,32.57,32.61,24.31,-0.046,-0.046,1
Surat,2017,7,-0.7013,28.26,28.96,17.49,-0.7013,-0.7013,1
Surat,2017,8,-0.7188,29.94,30.66,19.31,-2.6042,0.6183,3
Surat,2017,9,-0.2909,31.8,32.09,24.95,-0.9769,0.6229,3
Surat,2017,10,-0.0638,33.57,33.64,21.18,-0.3121,0.1166,3
Surat,2017,11,0.1374,32.72,32.58,19.54,-0.2106,0.3178,4
Surat,2017,12,-0.2082,29.05,29.26,17.31,-0.3925,-0.0414,4
Surat,2018,1,-0.3078,30.68,30.99,16.7,-0.4626,-0.1004,4
Surat,2018,2,-0.4393,33.24,33.67,19.64,-0.9029,-0.1551,4
Surat,2018,3,-0.3008,38.01,38.32,22.74,-0.4893,-0.1999,4
Surat,2018,4,-0.5115,39.3,39.81,26.01,-0.6789,-0.3667,3
Surat,2018,5,0.1155,39.01,38.9,26.86,-0.5797,1.3511,4
Surat,2018,6,-0.6468,33.81,34.46,25.55,-1.4405,0.1469,2
Surat,2018,9,-0.8844,31.73,32.62,23.59,-1.1815,-0.5523,4
Surat,2018,10,-0.2153,34.98,35.2,22.87,-0.7341,0.2402,3
Surat,2018,11,0.081,33.88,33.8,20.99,-0.0607,0.1687,4
Surat,2018,12,-0.2745,29.67,29.95,15.41,-0.3926,-0.1646,4
Surat,2019,1,-0.4164,29.42,29.84,14.97,-0.5692,-0.253,4
Surat,2019,2,-0.3022,32.25,32.55,17.38,-0.5057,-0.1769,4
Surat,2019,3,-0.3283,37.86,38.18,22.08,-0.3989,-0.1373,4
Surat,2019,4,-0.1854,42.47,42.66,25.98,-0.4516,0.2068,3
Surat,2019,5,0.0011,39.97,39.97,26.84,-0.2228,0.2892,4
Surat,2019,6,1.0781,37.85,36.77,25.49,1.0781,1.0781,1
Surat,2019,8,-0.3537,32.16,32.52,24.16,-0.3537,-0.3537,1
Surat,2019,9,-0.121,29.91,30.03,24.74,-0.1787,-0.0632,2
Surat,2019,10,-0.2387,32.42,32.66,23.78,-0.4295,0.0027,3
Surat,2019,11,0.1163,31.88,31.76,22.41,-0.3804,0.5554,4
Surat,2019,12,-0.0472,29.11,29.16,18.67,-0.3279,0.1243,4
Surat,2020,1,-0.0686,29.01,29.08,16.77,-0.2949,0.303,4
Surat,2020,2,-0.6625,32.07,32.73,19.69,-0.8972,-0.4922,4
Surat,2020,3,-0.9385,35.0,35.94,22.35,-1.0164,-0.8475,4
Surat,2020,4,-0.6221,38.82,39.45,26.39,-1.0279,-0.3487,4
Surat,2020,5,0.1885,39.83,39.64,27.78,0.0406,0.4053,3
Surat,2020,6,0.2018,28.11,27.91,25.67,0.2018,0.2018,1
Surat,2020,7,0.0,30.53,30.53,,0.0,0.0,1
Surat,2020,8,-1.9206,29.09,31.01,24.88,-3.0692,-0.772,2
Surat,2020,9,-0.522,29.96,30.49,24.74,-1.8403,0.1946,4
Surat,2020,10,0.4001,33.89,33.49,23.38,0.2291,0.5412,4
Surat,2020,11,0.234,32.46,32.22,20.4,0.0264,0.4467,3
Surat,2020,12,-0.0767,29.03,29.1,17.86,-0.3591,0.071,4
Surat,2021,1,-0.291,29.53,29.83,17.43,-0.6638,-0.01,4
Surat,2021,2,-0.5685,32.25,32.82,19.59,-0.6715,-0.3596,4
Surat,2021,3,-0.7605,36.28,37.04,23.15,-1.1121,-0.5852,4
Surat,2021,4,-0.3613,37.68,38.04,25.02,-0.523,-0.2695,3
Surat,2021,5,-0.5391,35.99,36.53,25.97,-1.6255,0.405,4
Surat,2021,6,-1.0965,31.84,32.94,23.57,-2.4556,-0.5104,4
Surat,2021,8,-0.8783,28.59,29.47,23.84,-0.8783,-0.8783,1
Surat,2021,9,-0.8973,32.21,33.11,25.77,-0.8973,-0.8973,1
Surat,2021,10,0.1347,32.32,32.19,22.53,-0.1087,0.4249,3
Surat,2021,11,0.4878,32.16,31.67,20.93,0.2147,0.8097,4
Surat,2021,12,-0.1521,27.41,27.56,17.83,-0.5578,0.1529,4
Surat,2022,1,-0.0288,29.06,29.09,16.61,-0.3939,0.503,4
Surat,2022,2,-0.4767,31.58,32.05,18.84,-0.6625,-0.1613,4
Surat,2022,3,-0.8845,36.45,37.33,23.84,-0.9716,-0.7342,4
Surat,2022,4,-0.4641,38.24,38.71,26.0,-0.7088,-0.2417,3
Surat,2022,5,0.1712,36.26,36.09,26.05,-0.3769,0.6196,4
Surat,2022,6,-0.2927,34.08,34.37,24.73,-1.5406,0.9553,2
Surat,2022,7,0.544,30.71,30.17,,0.544,0.544,1
Surat,2022,8,-0.2581,28.96,29.22,23.43,-0.2581,-0.2581,1
Surat,2022,9,-0.4433,30.14,30.59,23.42,-0.9947,0.0544,4
Surat,2022,10,-0.2021,31.89,32.1,21.05,-0.4934,0.0893,2
Surat,2022,11,0.2715,32.26,31.99,20.15,0.2227,0.3595,4
Surat,2022,12,0.0093,30.13,30.12,19.36,-0.1673,0.3453,4
Surat,2023,1,-0.308,28.28,28.59,16.84,-0.4893,-0.1319,4
Surat,2023,2,-0.569,32.83,33.4,20.14,-0.6916,-0.4915,4
Surat,2023,3,-0.7936,33.93,34.73,22.97,-0.9907,-0.3688,4
Surat,2023,4,-0.8213,37.35,38.18,25.53,-0.952,-0.6442,3
Surat,2023,5,0.3144,39.01,38.69,26.86,-0.1193,0.6118,4
Surat,2023,6,-0.0042,36.6,36.6,26.52,-0.2019,0.1936,2
Surat,2023,8,-1.4155,30.17,31.59,23.86,-1.4155,-1.4155,1
Surat,2023,9,0.2163,31.27,31.05,24.53,-0.4899,0.9226,2
Surat,2023,10,0.0666,33.61,33.55,24.19,-0.2186,0.3698,3
Surat,2023,11,0.4571,31.72,31.27,21.92,0.1789,0.6723,4
Surat,2023,12,-0.0372,28.54,28.58,19.87,-0.2277,0.0868,4
Surat,2024,1,-0.0563,28.19,28.25,17.83,-0.2364,0.1098,4
Surat,2024,2,-0.4483,30.75,31.19,21.16,-0.5003,-0.3555,4
Surat,2024,3,-0.5873,33.95,34.54,23.22,-0.7446,-0.4684,4
Surat,2024,4,-0.153,37.51,37.66,26.61,-0.3897,0.3122,4
Surat,2024,5,0.7126,36.35,35.64,27.03,0.0422,1.0771,3
Surat,2024,6,0.5974,37.62,37.02,26.06,0.0611,1.1337,2
Surat,2024,9,-0.6338,29.27,29.9,25.13,-0.7133,-0.5544,2
Surat,2024,10,0.2043,31.76,31.55,25.75,-0.2966,0.4959,4
Surat,2024,11,0.3004,29.66,29.36,20.76,0.2023,0.4159,3
Surat,2024,12,0.1371,26.58,26.44,18.32,-0.3789,0.7692,4
