system:index,LST_Day_Rural,LST_Day_Urban,LST_Night_Urban,UHI_Index,city,date,.geo
2000_02_18,,,,,Ahmedabad,2000-02-18,"{""type"":""MultiPoint"",""coordinates"":[]}"
2000_02_26,36.87667461368368,36.70297134847622,16.93328601945196,-0.1737032652074646,Ahmedabad,2000-02-26,"{""type"":""MultiPoint"",""coordinates"":[]}"
2000_03_05,35.58305771809704,35.49329176198559,15.743186357710428,-0.08976595611144944,Ahmedabad,2000-03-05,"{""type"":""MultiPoint"",""coordinates"":[]}"
2000_03_13,38.41048980878185,38.177934798752396,17.878002005049787,-0.23255501002945067,Ahmedabad,2000-03-13,"{""type"":""MultiPoint"",""coordinates"":[]}"
2000_03_21,41.10253532582087,40.975506798592484,18.1309475116784,-0.12702852722838287,Ahmedabad,2000-03-21,"{""type"":""MultiPoint"",""coordinates"":[]}"
2000_03_29,44.57345864877052,44.17107655031613,22.761145671906167,-0.4023820984543889,Ahmedabad,2000-03-29,"{""type"":""MultiPoint"",""coordinates"":[]}"
2000_04_06,46.982237811730386,46.41333053088181,23.6225343909542,-0.5689072808485776,Ahmedabad,2000-04-06,"{""type"":""MultiPoint"",""coordinates"":[]}"
2000_04_14,44.85483898797177,44.33273619246478,25.272608942022842,-0.5221027955069886,Ahmedabad,2000-04-14,"{""type"":""MultiPoint"",""coordinates"":[]}"
2000_04_22,43.9163867984526,43.774809644041724,25.699916456260233,-0.14157715441087504,Ahmedabad,2000-04-22,"{""type"":""MultiPoint"",""coordinates"":[]}"
2000_04_30,46.02638214627478,45.70685364328538,27.43372383859934,-0.3195285029893995,Ahmedabad,2000-04-30,"{""type"":""MultiPoint"",""coordinates"":[]}"
2000_05_08,41.175340042941436,40.25175927452599,24.640725474031385,-0.923580768415448,Ahmedabad,2000-05-08,"{""type"":""MultiPoint"",""coordinates"":[]}"
2000_05_16,41.462629726482845,37.66454473301293,26.063591428193522,-3.7980849934699137,Ahmedabad,2000-05-16,"{""type"":""MultiPoint"",""coordinates"":[]}"
2000_05_24,42.9320233820825,42.994575200112386,26.32801881758182,0.0625518180298883,Ahmedabad,2000-05-24,"{""type"":""MultiPoint"",""coordinates"":[]}"
2000_06_01,42.29172510844305,41.019168071330654,27.499264796231845,-1.2725570371123993,Ahmedabad,2000-06-01,"{""type"":""MultiPoint"",""coordinates"":[]}"
2000_06_09,41.16218691431735,39.4062852063994,22.920817565343363,-1.7559017079179498,Ahmedabad,2000-06-09,"{""type"":""MultiPoint"",""coordinates"":[]}"
2000_06_17,37.542550860559146,37.204209172738985,25.036297838466755,-0.3383416878201615,Ahmedabad,2000-06-17,"{""type"":""MultiPoint"",""coordinates"":[]}"
2000_06_25,,,,,Ahmedabad,2000-06-25,"{""type"":""MultiPoint"",""coordinates"":[]}"
2000_07_03,,,,,Ahmedabad,2000-07-03,"{""type"":""MultiPoint"",""coordinates"":[]}"
2000_07_11,,,,,Ahmedabad,2000-07-11,"{""type"":""MultiPoint"",""coordinates"":[]}"
2000_07_19,31.870000000000005,,,,Ahmedabad,2000-07-19,"{""type"":""MultiPoint"",""coordinates"":[]}"
2000_07_27,,,,,Ahmedabad,2000-07-27,"{""type"":""MultiPoint"",""coordinates"":[]}"
2000_08_04,,,,,Ahmedabad,2000-08-04,"{""type"":""MultiPoint"",""coordinates"":[]}"
2000_08_12,,,,,Ahmedabad,2000-08-12,"{""type"":""MultiPoint"",""coordinates"":[]}"
2000_08_20,,,,,Ahmedabad,2000-08-20,"{""type"":""MultiPoint"",""coordinates"":[]}"
2000_08_28,,,,,Ahmedabad,2000-08-28,"{""type"":""MultiPoint"",""coordinates"":[]}"
2000_09_05,32.7329914150385,34.39450819672135,22.141885245901662,1.6615167816828489,Ahmedabad,2000-09-05,"{""type"":""MultiPoint"",""coordinates"":[]}"
2000_09_13,34.75713013111498,34.7268745876263,22.401381820027467,-0.030255543488678427,Ahmedabad,2000-09-13,"{""type"":""MultiPoint"",""coordinates"":[]}"
2000_09_21,37.67044819587235,37.35884126164967,25.924658024953732,-0.3116069342226808,Ahmedabad,2000-09-21,"{""type"":""MultiPoint"",""coordinates"":[]}"
2000_09_29,39.50323933853229,38.31732587818364,23.85862043004829,-1.185913460348651,Ahmedabad,2000-09-29,"{""type"":""MultiPoint"",""coordinates"":[]}"
2000_10_07,35.87141736317932,35.68946554149089,24.369606188466975,-0.18195182168842905,Ahmedabad,2000-10-07,"{""type"":""MultiPoint"",""coordinates"":[]}"
2000_10_15,41.06377747042497,39.93439979829287,21.449668659139572,-1.1293776721320938,Ahmedabad,2000-10-15,"{""type"":""MultiPoint"",""coordinates"":[]}"
2000_10_23,38.70697583685215,37.798654786349864,21.40385010266942,-0.9083210505022876,Ahmedabad,2000-10-23,"{""type"":""MultiPoint"",""coordinates"":[]}"
2000_10_31,37.909952441480634,37.29972941111457,19.14415056457109,-0.6102230303660647,Ahmedabad,2000-10-31,"{""type"":""MultiPoint"",""coordinates"":[]}"
2000_11_08,36.76920447281535,36.093150014996006,19.875100350722594,-0.6760544578193475,Ahmedabad,2000-11-08,"{""type"":""MultiPoint"",""coordinates"":[]}"
2000_11_16,35.73695952006497,35.16928490918163,16.03765301157329,-0.5676746108833441,Ahmedabad,2000-11-16,"{""type"":""MultiPoint"",""coordinates"":[]}"
2000_11_24,32.90862380178887,32.33551488845507,14.258231644521972,-0.5731089133337974,Ahmedabad,2000-11-24,"{""type"":""MultiPoint"",""coordinates"":[]}"
2000_12_02,33.781530551154624,33.476480349131165,12.938514539990367,-0.3050502020234589,Ahmedabad,2000-12-02,"{""type"":""MultiPoint"",""coordinates"":[]}"
2000_12_10,33.300491508583974,32.83335065523298,14.339987452334212,-0.46714085335099753,Ahmedabad,2000-12-10,"{""type"":""MultiPoint"",""coordinates"":[]}"
2000_12_18,31.76752839186342,31.434096868619825,13.386043957395561,-0.3334315232435934,Ahmedabad,2000-12-18,"{""type"":""MultiPoint"",""coordinates"":[]}"
2000_12_26,30.614736591151203,30.242977194510907,13.75282291299811,-0.37175939664029656,Ahmedabad,2000-12-26,"{""type"":""MultiPoint"",""coordinates"":[]}"
2001_01_01,28.81219326502996,28.517657691536307,12.469862364620976,-0.2945355734936541,Ahmedabad,2001-01-01,"{""type"":""MultiPoint"",""coordinates"":[]}"
2001_01_09,29.09896472614453,28.91868406623537,13.632118775206873,-0.1802806599091582,Ahmedabad,2001-01-09,"{""type"":""MultiPoint"",""coordinates"":[]}"
2001_01_17,30.64563010602016,30.46998223340858,13.068439130917618,-0.17564787261158088,Ahmedabad,2001-01-17,"{""type"":""MultiPoint"",""coordinates"":[]}"
2001_01_25,30.61128571160852,30.57182872512374,12.350203698905649,-0.03945698648477958,Ahmedabad,2001-01-25,"{""type"":""MultiPoint"",""coordinates"":[]}"
2001_02_02,32.400776334973806,32.02695516239385,12.210062284670395,-0.3738211725799587,Ahmedabad,2001-02-02,"{""type"":""MultiPoint"",""coordinates"":[]}"
2001_02_10,31.907378410006338,31.518570360959604,13.563671623944417,-0.38880804904673383,Ahmedabad,2001-02-10,"{""type"":""MultiPoint"",""coordinates"":[]}"
2001_02_18,35.8349265741875,35.55379029192874,16.895928200978407,-0.28113628225875686,Ahmedabad,2001-02-18,"{""type"":""MultiPoint"",""coordinates"":[]}"
2001_02_26,34.55911031997126,34.06158588049208,16.811289613029622,-0.4975244394791787,Ahmedabad,2001-02-26,"{""type"":""MultiPoint"",""coordinates"":[]}"
2001_03_06,38.38741220068937,38.136564289304914,17.936128174004768,-0.2508479113844544,Ahmedabad,2001-03-06,"{""type"":""MultiPoint"",""coordinates"":[]}"
2001_03_14,39.6799111999956,39.28432086558025,20.502363041700757,-0.39559033441535263,Ahmedabad,2001-03-14,"{""type"":""MultiPoint"",""coordinates"":[]}"
2001_03_22,41.203848457206284,40.651536259831346,22.610146991940912,-0.5523121973749383,Ahmedabad,2001-03-22,"{""type"":""MultiPoint"",""coordinates"":[]}"
2001_03_30,43.82775011326322,43.2372243951107,20.92960667658243,-0.5905257181525201,Ahmedabad,2001-03-30,"{""type"":""MultiPoint"",""coordinates"":[]}"
2001_04_07,46.03520084757814,45.39217309743623,22.431467367982247,-0.6430277501419113,Ahmedabad,2001-04-07,"{""type"":""MultiPoint"",""coordinates"":[]}"
2001_04_15,43.47402912979319,43.0982863145638,24.583260305527112,-0.3757428152293869,Ahmedabad,2001-04-15,"{""type"":""MultiPoint"",""coordinates"":[]}"
2001_04_23,48.08629159445263,47.79156535195135,27.123943902230973,-0.29472624250128376,Ahmedabad,2001-04-23,"{""type"":""MultiPoint"",""coordinates"":[]}"
2001_05_01,47.59575673299064,47.09679004577366,27.893719016421795,-0.4989666872169778,Ahmedabad,2001-05-01,"{""type"":""MultiPoint"",""coordinates"":[]}"
2001_05_09,46.06434239878511,45.749002530669564,27.580868324348543,-0.3153398681155437,Ahmedabad,2001-05-09,"{""type"":""MultiPoint"",""coordinates"":[]}"
2001_05_17,43.278559490175645,42.18472834224602,26.241455614973287,-1.0938311479296274,Ahmedabad,2001-05-17,"{""type"":""MultiPoint"",""coordinates"":[]}"
2001_05_25,45.141298054765585,43.5881301676752,26.001320923214337,-1.5531678870903818,Ahmedabad,2001-05-25,"{""type"":""MultiPoint"",""coordinates"":[]}"
2001_06_02,45.04774531687057,39.20750000000003,25.042500000000032,-5.840245316870536,Ahmedabad,2001-06-02,"{""type"":""MultiPoint"",""coordinates"":[]}"
2001_06_10,,,,,Ahmedabad,2001-06-10,"{""type"":""MultiPoint"",""coordinates"":[]}"
2001_06_26,,,,,Ahmedabad,2001-06-26,"{""type"":""MultiPoint"",""coordinates"":[]}"
2001_07_04,,,,,Ahmedabad,2001-07-04,"{""type"":""MultiPoint"",""coordinates"":[]}"
2001_07_12,,,,,Ahmedabad,2001-07-12,"{""type"":""MultiPoint"",""coordinates"":[]}"
2001_07_20,,,,,Ahmedabad,2001-07-20,"{""type"":""MultiPoint"",""coordinates"":[]}"
2001_07_28,27.434809559372702,,,,Ahmedabad,2001-07-28,"{""type"":""MultiPoint"",""coordinates"":[]}"
2001_08_05,,,,,Ahmedabad,2001-08-05,"{""type"":""MultiPoint"",""coordinates"":[]}"
2001_08_13,24.619714953271053,29.77000000000004,,5.150285046728985,Ahmedabad,2001-08-13,"{""type"":""MultiPoint"",""coordinates"":[]}"
2001_08_21,29.83577725437419,31.33000000000004,23.230000000000018,1.4942227456258514,Ahmedabad,2001-08-21,"{""type"":""MultiPoint"",""coordinates"":[]}"
2001_08_29,30.317278713118874,30.436055839559593,21.151258356272148,0.11877712644071892,Ahmedabad,2001-08-29,"{""type"":""MultiPoint"",""coordinates"":[]}"
2001_09_06,33.375687273943704,32.69265944997077,23.86312755997663,-0.6830278239729353,Ahmedabad,2001-09-06,"{""type"":""MultiPoint"",""coordinates"":[]}"
2001_09_14,35.87555728447211,36.31863502874287,24.96840711697079,0.4430777442707594,Ahmedabad,2001-09-14,"{""type"":""MultiPoint"",""coordinates"":[]}"
2001_09_22,35.66670185680651,36.036393720440486,23.98230044884389,0.36969186363397455,Ahmedabad,2001-09-22,"{""type"":""MultiPoint"",""coordinates"":[]}"
2001_09_30,36.11900636018416,36.81334568776916,21.410859079001543,0.6943393275849985,Ahmedabad,2001-09-30,"{""type"":""MultiPoint"",""coordinates"":[]}"
2001_10_08,35.22461952069268,35.35639587148328,23.59903711102482,0.13177635079060224,Ahmedabad,2001-10-08,"{""type"":""MultiPoint"",""coordinates"":[]}"
2001_10_16,39.18394968321886,39.08294546994491,20.900746207308917,-0.10100421327395281,Ahmedabad,2001-10-16,"{""type"":""MultiPoint"",""coordinates"":[]}"
2001_10_24,38.956366220995484,39.003514273100926,21.279454133945194,0.04714805210544171,Ahmedabad,2001-10-24,"{""type"":""MultiPoint"",""coordinates"":[]}"
2001_11_01,38.46822802523716,38.36288831571425,20.83329591552539,-0.10533970952290872,Ahmedabad,2001-11-01,"{""type"":""MultiPoint"",""coordinates"":[]}"
2001_11_09,35.22807002588187,35.230907946848305,16.088133644248728,0.0028379209664350924,Ahmedabad,2001-11-09,"{""type"":""MultiPoint"",""coordinates"":[]}"
2001_11_17,36.33752505714694,36.24482706748452,18.130530985405276,-0.09269798966241893,Ahmedabad,2001-11-17,"{""type"":""MultiPoint"",""coordinates"":[]}"
2001_11_25,32.17190193842154,32.088014745283616,14.366613019457152,-0.08388719313792592,Ahmedabad,2001-11-25,"{""type"":""MultiPoint"",""coordinates"":[]}"
2001_12_03,34.27176702422522,34.29326175962709,14.869297564785525,0.0214947354018733,Ahmedabad,2001-12-03,"{""type"":""MultiPoint"",""coordinates"":[]}"
2001_12_11,31.981813805020934,32.02762133372877,16.025642977375142,0.045807528707833,Ahmedabad,2001-12-11,"{""type"":""MultiPoint"",""coordinates"":[]}"
2001_12_19,30.074494321856704,30.096579724560552,13.032648295848796,0.022085402703847734,Ahmedabad,2001-12-19,"{""type"":""MultiPoint"",""coordinates"":[]}"
2001_12_27,28.56605402362048,28.630804977021654,14.092009142466047,0.0647509534011732,Ahmedabad,2001-12-27,"{""type"":""MultiPoint"",""coordinates"":[]}"
2002_01_01,27.85511497043557,27.77649521760086,13.920631910385334,-0.07861975283470812,Ahmedabad,2002-01-01,"{""type"":""MultiPoint"",""coordinates"":[]}"
2002_01_09,29.594351409615335,29.75652704353865,14.112193077787444,0.16217563392331513,Ahmedabad,2002-01-09,"{""type"":""MultiPoint"",""coordinates"":[]}"
2002_01_17,27.722806503740884,27.79578611848298,12.270348652709366,0.07297961474209558,Ahmedabad,2002-01-17,"{""type"":""MultiPoint"",""coordinates"":[]}"
2002_01_25,27.59189796547677,27.664527677497038,11.326288608102724,0.07262971202026591,Ahmedabad,2002-01-25,"{""type"":""MultiPoint"",""coordinates"":[]}"
2002_02_02,28.69110332639441,28.769831315365344,12.42973335332562,0.07872798897093602,Ahmedabad,2002-02-02,"{""type"":""MultiPoint"",""coordinates"":[]}"
2002_02_10,32.524910574553566,32.84213362230027,15.71101574371625,0.31722304774670107,Ahmedabad,2002-02-10,"{""type"":""MultiPoint"",""coordinates"":[]}"
2002_02_18,34.918452206662906,35.082127814359566,17.533451534879113,0.16367560769666056,Ahmedabad,2002-02-18,"{""type"":""MultiPoint"",""coordinates"":[]}"
2002_02_26,36.66999712849025,36.98997622131699,17.738651811247358,0.31997909282673476,Ahmedabad,2002-02-26,"{""type"":""MultiPoint"",""coordinates"":[]}"
2002_03_06,35.871527093946,35.989416779667884,19.575785749768425,0.11788968572188452,Ahmedabad,2002-03-06,"{""type"":""MultiPoint"",""coordinates"":[]}"
2002_03_14,41.79101908066865,41.652060477168305,21.19362679671463,-0.13895860350034184,Ahmedabad,2002-03-14,"{""type"":""MultiPoint"",""coordinates"":[]}"
2002_03_22,46.48046374564998,46.08996207925814,18.042098343627032,-0.3905016663918346,Ahmedabad,2002-03-22,"{""type"":""MultiPoint"",""coordinates"":[]}"
2002_03_30,44.238081551951424,43.824879979239654,23.793299659555043,-0.4132015727117704,Ahmedabad,2002-03-30,"{""type"":""MultiPoint"",""coordinates"":[]}"
2002_04_07,44.00483109944371,43.36369295325931,24.01511116482892,-0.641138146184403,Ahmedabad,2002-04-07,"{""type"":""MultiPoint"",""coordinates"":[]}"
2002_04_15,46.49852430791232,46.51057265309692,25.69863790281269,0.012048345184602738,Ahmedabad,2002-04-15,"{""type"":""MultiPoint"",""coordinates"":[]}"
2002_04_23,45.23119643891292,44.41389056215628,25.641564145679,-0.8173058767566346,Ahmedabad,2002-04-23,"{""type"":""MultiPoint"",""coordinates"":[]}"
2002_05_01,48.74959759463144,48.37503294098869,28.150197338933022,-0.37456465364275005,Ahmedabad,2002-05-01,"{""type"":""MultiPoint"",""coordinates"":[]}"
2002_05_09,42.06360187256236,41.51447099933485,27.05696609042022,-0.5491308732275115,Ahmedabad,2002-05-09,"{""type"":""MultiPoint"",""coordinates"":[]}"
2002_05_17,41.08038370583204,40.620420230615885,27.927791108419786,-0.4599634752161563,Ahmedabad,2002-05-17,"{""type"":""MultiPoint"",""coordinates"":[]}"
2002_05_25,42.434110395143925,42.37578629785877,27.30267688364397,-0.058324097285158416,Ahmedabad,2002-05-25,"{""type"":""MultiPoint"",""coordinates"":[]}"
2002_06_02,41.099364937093114,41.398308770612374,27.261123940048236,0.29894383351926024,Ahmedabad,2002-06-02,"{""type"":""MultiPoint"",""coordinates"":[]}"
2002_06_10,44.63992369967621,43.63019426747595,27.958538328814416,-1.0097294322002597,Ahmedabad,2002-06-10,"{""type"":""MultiPoint"",""coordinates"":[]}"
2002_06_18,,,,,Ahmedabad,2002-06-18,"{""type"":""MultiPoint"",""coordinates"":[]}"
2002_06_26,,,,,Ahmedabad,2002-06-26,"{""type"":""MultiPoint"",""coordinates"":[]}"
2002_07_04,36.56161272004546,34.103266044562965,21.981329063250634,-2.4583466754824954,Ahmedabad,2002-07-04,"{""type"":""MultiPoint"",""coordinates"":[]}"
2002_07_12,34.198055555555584,,,,Ahmedabad,2002-07-12,"{""type"":""MultiPoint"",""coordinates"":[]}"
2002_07_20,,34.06545454545457,20.518181818181855,,Ahmedabad,2002-07-20,"{""type"":""MultiPoint"",""coordinates"":[]}"
2002_07_28,,32.616666666666696,19.976666666666688,,Ahmedabad,2002-07-28,"{""type"":""MultiPoint"",""coordinates"":[]}"
2002_08_05,,,,,Ahmedabad,2002-08-05,"{""type"":""MultiPoint"",""coordinates"":[]}"
2002_08_13,,,,,Ahmedabad,2002-08-13,"{""type"":""MultiPoint"",""coordinates"":[]}"
2002_08_21,38.974250000000026,,,,Ahmedabad,2002-08-21,"{""type"":""MultiPoint"",""coordinates"":[]}"
2002_08_29,,,,,Ahmedabad,2002-08-29,"{""type"":""MultiPoint"",""coordinates"":[]}"
2002_09_06,32.289037545170004,31.30132102567658,22.905638279465723,-0.987716519493425,Ahmedabad,2002-09-06,"{""type"":""MultiPoint"",""coordinates"":[]}"
2002_09_14,34.11316469763375,34.04299873218535,23.610673407108692,-0.07016596544839615,Ahmedabad,2002-09-14,"{""type"":""MultiPoint"",""coordinates"":[]}"
2002_09_22,36.41951552725956,36.611524978636076,25.255557489224515,0.1920094513765136,Ahmedabad,2002-09-22,"{""type"":""MultiPoint"",""coordinates"":[]}"
2002_09_30,40.10783772656006,40.19233729349911,23.176125954081687,0.08449956693905136,Ahmedabad,2002-09-30,"{""type"":""MultiPoint"",""coordinates"":[]}"
2002_10_08,39.91133840314244,40.30388356969739,24.362376358793487,0.3925451665549531,Ahmedabad,2002-10-08,"{""type"":""MultiPoint"",""coordinates"":[]}"
2002_10_16,37.762900993598834,37.78441087317878,22.256244255402382,0.02150987957994488,Ahmedabad,2002-10-16,"{""type"":""MultiPoint"",""coordinates"":[]}"
2002_10_24,37.872569690619784,38.067048621296635,19.13256001271147,0.1944789306768513,Ahmedabad,2002-10-24,"{""type"":""MultiPoint"",""coordinates"":[]}"
2002_11_01,36.25672992486815,36.585000244451,18.38005732375087,0.328270319582856,Ahmedabad,2002-11-01,"{""type"":""MultiPoint"",""coordinates"":[]}"
2002_11_09,35.49194771648282,35.80890424855775,18.88734795150094,0.3169565320749328,Ahmedabad,2002-11-09,"{""type"":""MultiPoint"",""coordinates"":[]}"
2002_11_17,35.93998986131342,36.24639446691928,16.521247383868207,0.3064046056058558,Ahmedabad,2002-11-17,"{""type"":""MultiPoint"",""coordinates"":[]}"
2002_11_25,33.582520720268604,33.95038837362341,15.38173017469366,0.3678676533548071,Ahmedabad,2002-11-25,"{""type"":""MultiPoint"",""coordinates"":[]}"
2002_12_03,32.692033577938396,33.051758561077015,15.986285847402595,0.35972498313861934,Ahmedabad,2002-12-03,"{""type"":""MultiPoint"",""coordinates"":[]}"
2002_12_11,33.02255462944336,33.353358411588495,15.80324864083183,0.3308037821451322,Ahmedabad,2002-12-11,"{""type"":""MultiPoint"",""coordinates"":[]}"
2002_12_19,31.166401887699124,31.528054259097463,15.333942926916974,0.36165237139833906,Ahmedabad,2002-12-19,"{""type"":""MultiPoint"",""coordinates"":[]}"
2002_12_27,28.193216626950107,28.804123777036406,14.21633267108998,0.6109071500862981,Ahmedabad,2002-12-27,"{""type"":""MultiPoint"",""coordinates"":[]}"
2003_01_01,27.188014164234175,27.81623791620223,14.768291295886938,0.6282237519680542,Ahmedabad,2003-01-01,"{""type"":""MultiPoint"",""coordinates"":[]}"
2003_01_09,28.130931901071577,28.774608283813308,15.141450810097016,0.6436763827417309,Ahmedabad,2003-01-09,"{""type"":""MultiPoint"",""coordinates"":[]}"
2003_01_17,29.231354940989963,29.848139641533287,14.518566515076284,0.6167847005433238,Ahmedabad,2003-01-17,"{""type"":""MultiPoint"",""coordinates"":[]}"
2003_01_25,30.60271213829396,31.44082444216629,15.630849122274144,0.8381123038723288,Ahmedabad,2003-01-25,"{""type"":""MultiPoint"",""coordinates"":[]}"
2003_02_02,29.399443798665306,30.390642709138007,15.73990301737352,0.9911989104727006,Ahmedabad,2003-02-02,"{""type"":""MultiPoint"",""coordinates"":[]}"
2003_02_10,31.388840465907656,32.086739771723025,14.790602058724707,0.6978993058153691,Ahmedabad,2003-02-10,"{""type"":""MultiPoint"",""coordinates"":[]}"
2003_02_18,31.18618457944744,31.66723508462291,18.60900797377797,0.481050505175471,Ahmedabad,2003-02-18,"{""type"":""MultiPoint"",""coordinates"":[]}"
2003_02_26,35.080681345571165,35.47315820848311,17.63002299312032,0.3924768629119484,Ahmedabad,2003-02-26,"{""type"":""MultiPoint"",""coordinates"":[]}"
2003_03_06,37.253966388071795,37.42069730596252,16.856991273539325,0.16673091789072458,Ahmedabad,2003-03-06,"{""type"":""MultiPoint"",""coordinates"":[]}"
2003_03_14,38.813673544490285,38.75111629375898,20.275797439448088,-0.06255725073130236,Ahmedabad,2003-03-14,"{""type"":""MultiPoint"",""coordinates"":[]}"
2003_03_22,42.362294637341414,41.88599202970969,23.735265450148727,-0.47630260763172316,Ahmedabad,2003-03-22,"{""type"":""MultiPoint"",""coordinates"":[]}"
2003_03_30,42.294723016968256,42.39508784835896,23.494996628290505,0.1003648313907064,Ahmedabad,2003-03-30,"{""type"":""MultiPoint"",""coordinates"":[]}"
2003_04_07,44.637648493618165,44.62691515218812,26.01213618585833,-0.010733341430047005,Ahmedabad,2003-04-07,"{""type"":""MultiPoint"",""coordinates"":[]}"
2003_04_15,45.163776838931845,44.774532996150946,25.802701860081736,-0.38924384278089974,Ahmedabad,2003-04-15,"{""type"":""MultiPoint"",""coordinates"":[]}"
2003_04_23,45.66619573832814,45.219427397564466,26.479137950179542,-0.44676834076367555,Ahmedabad,2003-04-23,"{""type"":""MultiPoint"",""coordinates"":[]}"
2003_05_01,45.14874928046694,44.258731339172584,24.93414734020092,-0.890017941294353,Ahmedabad,2003-05-01,"{""type"":""MultiPoint"",""coordinates"":[]}"
2003_05_09,44.844924643351554,44.517756686009285,27.40358435995537,-0.3271679573422688,Ahmedabad,2003-05-09,"{""type"":""MultiPoint"",""coordinates"":[]}"
2003_05_17,43.764945450056466,43.5057642812304,27.432357429137113,-0.2591811688260677,Ahmedabad,2003-05-17,"{""type"":""MultiPoint"",""coordinates"":[]}"
2003_05_25,43.904413594574166,43.83061145247645,28.021226938071873,-0.07380214209771907,Ahmedabad,2003-05-25,"{""type"":""MultiPoint"",""coordinates"":[]}"
2003_06_02,43.97872723148944,43.00037724867729,26.931014109347498,-0.9783499828121478,Ahmedabad,2003-06-02,"{""type"":""MultiPoint"",""coordinates"":[]}"
2003_06_10,44.50128447204972,44.390262044492985,29.005389654701816,-0.1110224275567333,Ahmedabad,2003-06-10,"{""type"":""MultiPoint"",""coordinates"":[]}"
2003_06_18,,,,,Ahmedabad,2003-06-18,"{""type"":""MultiPoint"",""coordinates"":[]}"
2003_06_26,,,,,Ahmedabad,2003-06-26,"{""type"":""MultiPoint"",""coordinates"":[]}"
2003_07_04,,,,,Ahmedabad,2003-07-04,"{""type"":""MultiPoint"",""coordinates"":[]}"
2003_07_12,,,,,Ahmedabad,2003-07-12,"{""type"":""MultiPoint"",""coordinates"":[]}"
2003_07_20,,,,,Ahmedabad,2003-07-20,"{""type"":""MultiPoint"",""coordinates"":[]}"
2003_07_28,,,,,Ahmedabad,2003-07-28,"{""type"":""MultiPoint"",""coordinates"":[]}"
2003_08_05,,,,,Ahmedabad,2003-08-05,"{""type"":""MultiPoint"",""coordinates"":[]}"
2003_08_13,29.891407561991905,30.707091099552127,19.46221027933673,0.815683537560222,Ahmedabad,2003-08-13,"{""type"":""MultiPoint"",""coordinates"":[]}"
2003_08_21,,,,,Ahmedabad,2003-08-21,"{""type"":""MultiPoint"",""coordinates"":[]}"
2003_08_29,28.59725551654967,28.490379697791596,23.599252227818706,-0.1068758187580734,Ahmedabad,2003-08-29,"{""type"":""MultiPoint"",""coordinates"":[]}"
2003_09_06,29.20796011297484,29.110000000000042,22.860000000000014,-0.09796011297479623,Ahmedabad,2003-09-06,"{""type"":""MultiPoint"",""coordinates"":[]}"
2003_09_14,,,,,Ahmedabad,2003-09-14,"{""type"":""MultiPoint"",""coordinates"":[]}"
2003_09_22,30.837763937830214,32.55680835007271,,1.7190444122424928,Ahmedabad,2003-09-22,"{""type"":""MultiPoint"",""coordinates"":[]}"
2003_09_30,34.01561212595732,34.907695268083664,24.11001224525496,0.8920831421263458,Ahmedabad,2003-09-30,"{""type"":""MultiPoint"",""coordinates"":[]}"
2003_10_08,36.09130100709687,36.871806850166315,22.05018618025856,0.7805058430694487,Ahmedabad,2003-10-08,"{""type"":""MultiPoint"",""coordinates"":[]}"
2003_10_16,34.99972259187219,35.623456799205506,20.3270891725212,0.6237342073333139,Ahmedabad,2003-10-16,"{""type"":""MultiPoint"",""coordinates"":[]}"
2003_10_24,36.077329056065416,36.93875917632111,18.859797041369067,0.8614301202556973,Ahmedabad,2003-10-24,"{""type"":""MultiPoint"",""coordinates"":[]}"
2003_11_01,36.566597017948716,37.281207844429424,22.294508716371652,0.7146108264807083,Ahmedabad,2003-11-01,"{""type"":""MultiPoint"",""coordinates"":[]}"
2003_11_09,35.32158060514352,35.804743059803386,19.18695836190975,0.48316245465986896,Ahmedabad,2003-11-09,"{""type"":""MultiPoint"",""coordinates"":[]}"
2003_11_17,32.31683215041687,32.69470947003036,19.05554353671658,0.37787731961348925,Ahmedabad,2003-11-17,"{""type"":""MultiPoint"",""coordinates"":[]}"
2003_11_25,32.56440612950909,32.79153745234911,17.387991856032517,0.22713132284002313,Ahmedabad,2003-11-25,"{""type"":""MultiPoint"",""coordinates"":[]}"
2003_12_03,32.5515620707112,33.097991687203425,16.409079216782594,0.546429616492226,Ahmedabad,2003-12-03,"{""type"":""MultiPoint"",""coordinates"":[]}"
2003_12_11,30.609861000334334,31.089219645834582,17.195424670100522,0.4793586455002483,Ahmedabad,2003-12-11,"{""type"":""MultiPoint"",""coordinates"":[]}"
2003_12_19,27.830952133932847,28.50204108407992,13.102152166035708,0.6710889501470731,Ahmedabad,2003-12-19,"{""type"":""MultiPoint"",""coordinates"":[]}"
2003_12_27,25.35303672838547,25.539955073200645,11.184207659344905,0.18691834481517589,Ahmedabad,2003-12-27,"{""type"":""MultiPoint"",""coordinates"":[]}"
2004_01_01,26.629757005183617,27.222631907708536,14.328239408668283,0.5928749025249189,Ahmedabad,2004-01-01,"{""type"":""MultiPoint"",""coordinates"":[]}"
2004_01_09,29.11482927028159,29.845369268265056,13.8078484384742,0.7305399979834668,Ahmedabad,2004-01-09,"{""type"":""MultiPoint"",""coordinates"":[]}"
2004_01_17,27.79911061203341,28.63045630041242,13.769712778539157,0.8313456883790096,Ahmedabad,2004-01-17,"{""type"":""MultiPoint"",""coordinates"":[]}"
2004_01_25,27.9876809124555,28.72965615138115,13.149252720205716,0.7419752389256509,Ahmedabad,2004-01-25,"{""type"":""MultiPoint"",""coordinates"":[]}"
2004_02_02,29.86017100908237,30.589697213388394,12.255662779788237,0.7295262043060227,Ahmedabad,2004-02-02,"{""type"":""MultiPoint"",""coordinates"":[]}"
2004_02_10,30.957001821870886,31.532173710928085,16.09833311639616,0.5751718890571986,Ahmedabad,2004-02-10,"{""type"":""MultiPoint"",""coordinates"":[]}"
2004_02_18,34.75300050143612,35.54096718958838,17.556748730917306,0.7879666881522596,Ahmedabad,2004-02-18,"{""type"":""MultiPoint"",""coordinates"":[]}"
2004_02_26,36.074166862659496,36.807711440944594,17.852542226499367,0.7335445782850982,Ahmedabad,2004-02-26,"{""type"":""MultiPoint"",""coordinates"":[]}"
2004_03_05,39.75453434902372,40.35054188103791,18.644128881815163,0.5960075320141911,Ahmedabad,2004-03-05,"{""type"":""MultiPoint"",""coordinates"":[]}"
2004_03_13,42.82610335639758,43.15397962514709,22.503785423480405,0.32787626874950604,Ahmedabad,2004-03-13,"{""type"":""MultiPoint"",""coordinates"":[]}"
2004_03_21,42.107416713171105,42.36015717999174,23.04695661152006,0.252740466820633,Ahmedabad,2004-03-21,"{""type"":""MultiPoint"",""coordinates"":[]}"
2004_03_29,42.26706362376538,42.68346734934221,22.925093301088925,0.4164037255768278,Ahmedabad,2004-03-29,"{""type"":""MultiPoint"",""coordinates"":[]}"
2004_04_06,43.11190063938852,42.83400917521465,25.875551988783172,-0.27789146417386945,Ahmedabad,2004-04-06,"{""type"":""MultiPoint"",""coordinates"":[]}"
2004_04_14,44.099185202972244,44.13498019703949,25.954961879300996,0.03579499406724551,Ahmedabad,2004-04-14,"{""type"":""MultiPoint"",""coordinates"":[]}"
2004_04_22,45.58428016434482,45.46106407051225,26.71707141857822,-0.12321609383256771,Ahmedabad,2004-04-22,"{""type"":""MultiPoint"",""coordinates"":[]}"
2004_04_30,44.18778173319256,43.554873244484,24.605544186793708,-0.6329084887085585,Ahmedabad,2004-04-30,"{""type"":""MultiPoint"",""coordinates"":[]}"
2004_05_08,39.29678536325091,37.21618832522587,27.679614315496888,-2.08059703802504,Ahmedabad,2004-05-08,"{""type"":""MultiPoint"",""coordinates"":[]}"
2004_05_16,41.211749786604734,41.13148411395456,26.720889425398394,-0.08026567265017093,Ahmedabad,2004-05-16,"{""type"":""MultiPoint"",""coordinates"":[]}"
2004_05_24,44.20395300835259,44.01385992356463,27.83478681394154,-0.19009308478796072,Ahmedabad,2004-05-24,"{""type"":""MultiPoint"",""coordinates"":[]}"
2004_06_01,42.28318183358983,41.66569875125042,27.900543706237332,-0.6174830823394117,Ahmedabad,2004-06-01,"{""type"":""MultiPoint"",""coordinates"":[]}"
2004_06_09,40.144395270582685,38.357124645892384,26.631444759206833,-1.7872706246903007,Ahmedabad,2004-06-09,"{""type"":""MultiPoint"",""coordinates"":[]}"
2004_06_17,,,,,Ahmedabad,2004-06-17,"{""type"":""MultiPoint"",""coordinates"":[]}"
2004_06_25,39.41069973485096,38.37434588812127,22.783880098061093,-1.036353846729689,Ahmedabad,2004-06-25,"{""type"":""MultiPoint"",""coordinates"":[]}"
2004_07_03,45.29533333333337,,,,Ahmedabad,2004-07-03,"{""type"":""MultiPoint"",""coordinates"":[]}"
2004_07_11,37.57100000000003,,,,Ahmedabad,2004-07-11,"{""type"":""MultiPoint"",""coordinates"":[]}"
2004_07_19,35.7373198050108,35.73346553664838,23.246955452704693,-0.0038542683624172014,Ahmedabad,2004-07-19,"{""type"":""MultiPoint"",""coordinates"":[]}"
2004_07_27,,,,,Ahmedabad,2004-07-27,"{""type"":""MultiPoint"",""coordinates"":[]}"
2004_08_04,,,,,Ahmedabad,2004-08-04,"{""type"":""MultiPoint"",""coordinates"":[]}"
2004_08_12,,,,,Ahmedabad,2004-08-12,"{""type"":""MultiPoint"",""coordinates"":[]}"
2004_08_20,,,,,Ahmedabad,2004-08-20,"{""type"":""MultiPoint"",""coordinates"":[]}"
2004_08_28,33.78143227221471,34.00054020254072,23.181551401517694,0.21910793032601106,Ahmedabad,2004-08-28,"{""type"":""MultiPoint"",""coordinates"":[]}"
2004_09_05,36.908329112046424,36.75041862566304,24.166010340154315,-0.15791048638338623,Ahmedabad,2004-09-05,"{""type"":""MultiPoint"",""coordinates"":[]}"
2004_09_13,34.05162080788089,35.596847996857825,24.566378633150055,1.5452271889769378,Ahmedabad,2004-09-13,"{""type"":""MultiPoint"",""coordinates"":[]}"
2004_09_21,36.39250429135636,37.369601357308916,26.330838254023412,0.977097065952556,Ahmedabad,2004-09-21,"{""type"":""MultiPoint"",""coordinates"":[]}"
2004_09_29,36.12486204415821,36.630524413616904,24.152302362866024,0.5056623694586904,Ahmedabad,2004-09-29,"{""type"":""MultiPoint"",""coordinates"":[]}"
2004_10_07,30.926770069116433,31.5053002156037,22.061831753910948,0.5785301464872674,Ahmedabad,2004-10-07,"{""type"":""MultiPoint"",""coordinates"":[]}"
2004_10_15,33.81239180556965,34.39969162233472,20.59586455108842,0.5872998167650678,Ahmedabad,2004-10-15,"{""type"":""MultiPoint"",""coordinates"":[]}"
2004_10_23,33.76297774433547,34.31253331838676,19.397723388884753,0.5495555740512899,Ahmedabad,2004-10-23,"{""type"":""MultiPoint"",""coordinates"":[]}"
2004_10_31,32.94826987727648,33.33358438674847,17.695975702066463,0.3853145094719892,Ahmedabad,2004-10-31,"{""type"":""MultiPoint"",""coordinates"":[]}"
2004_11_08,33.21465912873986,33.73588651438803,20.605765010237736,0.5212273856481673,Ahmedabad,2004-11-08,"{""type"":""MultiPoint"",""coordinates"":[]}"
2004_11_16,35.32664602748001,35.84508620584618,19.199433051869782,0.5184401783661698,Ahmedabad,2004-11-16,"{""type"":""MultiPoint"",""coordinates"":[]}"
2004_11_24,32.29701438769814,32.667048110340176,18.146947724052772,0.3700337226420345,Ahmedabad,2004-11-24,"{""type"":""MultiPoint"",""coordinates"":[]}"
2004_12_02,30.641404231598948,30.79520790703786,16.459229883547042,0.15380367543891182,Ahmedabad,2004-12-02,"{""type"":""MultiPoint"",""coordinates"":[]}"
2004_12_10,30.73531258838937,31.180763658278625,15.061975007994512,0.44545106988925554,Ahmedabad,2004-12-10,"{""type"":""MultiPoint"",""coordinates"":[]}"
2004_12_18,29.040116042583545,29.485211143807106,14.410241143424951,0.44509510122356133,Ahmedabad,2004-12-18,"{""type"":""MultiPoint"",""coordinates"":[]}"
2004_12_26,27.490371370852355,27.989954267721288,15.881478677012698,0.4995828968689331,Ahmedabad,2004-12-26,"{""type"":""MultiPoint"",""coordinates"":[]}"
2005_01_01,27.398020659618616,27.99226244065631,13.108350306250474,0.5942417810376952,Ahmedabad,2005-01-01,"{""type"":""MultiPoint"",""coordinates"":[]}"
2005_01_09,26.992420606964163,27.564480308761745,12.399476628455533,0.5720597017975813,Ahmedabad,2005-01-09,"{""type"":""MultiPoint"",""coordinates"":[]}"
2005_01_17,25.926872498045988,26.625135495978952,11.629451088565215,0.6982629979329644,Ahmedabad,2005-01-17,"{""type"":""MultiPoint"",""coordinates"":[]}"
2005_01_25,26.251955445988006,26.480301157411876,12.813388164840038,0.22834571142387006,Ahmedabad,2005-01-25,"{""type"":""MultiPoint"",""coordinates"":[]}"
2005_02_02,29.495034527963444,30.282508109510864,14.871493385728506,0.7874735815474203,Ahmedabad,2005-02-02,"{""type"":""MultiPoint"",""coordinates"":[]}"
2005_02_10,31.462088179051577,32.309880766570615,17.92305789676641,0.847792587519038,Ahmedabad,2005-02-10,"{""type"":""MultiPoint"",""coordinates"":[]}"
2005_02_18,29.695628800976824,30.523769135190406,11.596708165776096,0.8281403342135825,Ahmedabad,2005-02-18,"{""type"":""MultiPoint"",""coordinates"":[]}"
2005_02_26,34.88422187923849,35.493802126370284,19.11068430684859,0.6095802471317953,Ahmedabad,2005-02-26,"{""type"":""MultiPoint"",""coordinates"":[]}"
2005_03_06,37.00933547236771,37.82450496577174,19.24432648768482,0.8151694934040279,Ahmedabad,2005-03-06,"{""type"":""MultiPoint"",""coordinates"":[]}"
2005_03_14,40.23998834368118,40.606681738026815,20.87164698847378,0.3666933943456314,Ahmedabad,2005-03-14,"{""type"":""MultiPoint"",""coordinates"":[]}"
2005_03_22,40.15143289772913,40.54422341631027,20.909927379951544,0.3927905185811369,Ahmedabad,2005-03-22,"{""type"":""MultiPoint"",""coordinates"":[]}"
2005_03_30,44.482467324184995,44.633769012056,20.93586992960113,0.15130168787100473,Ahmedabad,2005-03-30,"{""type"":""MultiPoint"",""coordinates"":[]}"
2005_04_07,43.61432938070319,43.692393786056556,20.177717805808204,0.07806440535336634,Ahmedabad,2005-04-07,"{""type"":""MultiPoint"",""coordinates"":[]}"
2005_04_15,46.68270604041988,46.78793066686495,22.648205991186188,0.10522462644507158,Ahmedabad,2005-04-15,"{""type"":""MultiPoint"",""coordinates"":[]}"
2005_04_23,44.40939844220742,43.987038711606,26.3808251749994,-0.4223597306014213,Ahmedabad,2005-04-23,"{""type"":""MultiPoint"",""coordinates"":[]}"
2005_05_01,43.02185122302034,42.6882817117491,26.061277021164287,-0.3335695112712429,Ahmedabad,2005-05-01,"{""type"":""MultiPoint"",""coordinates"":[]}"
2005_05_09,44.89050949641039,44.593421687634745,27.38947233018358,-0.2970878087756432,Ahmedabad,2005-05-09,"{""type"":""MultiPoint"",""coordinates"":[]}"
2005_05_17,46.21596899404294,45.732122576068555,29.08842231806002,-0.48384641797438377,Ahmedabad,2005-05-17,"{""type"":""MultiPoint"",""coordinates"":[]}"
2005_05_25,45.88201342409131,45.50046459772636,28.610484458578554,-0.38154882636494847,Ahmedabad,2005-05-25,"{""type"":""MultiPoint"",""coordinates"":[]}"
2005_06_02,43.85529765549451,43.4607811131263,28.488381759632865,-0.39451654236820843,Ahmedabad,2005-06-02,"{""type"":""MultiPoint"",""coordinates"":[]}"
2005_06_10,42.948561178068715,42.36679658660535,28.86972354059801,-0.5817645914633616,Ahmedabad,2005-06-10,"{""type"":""MultiPoint"",""coordinates"":[]}"
2005_06_18,41.643049764994316,41.69166841584459,26.78211642821907,0.048618650850272616,Ahmedabad,2005-06-18,"{""type"":""MultiPoint"",""coordinates"":[]}"
2005_06_26,,,,,Ahmedabad,2005-06-26,"{""type"":""MultiPoint"",""coordinates"":[]}"
2005_07_04,,,,,Ahmedabad,2005-07-04,"{""type"":""MultiPoint"",""coordinates"":[]}"
2005_07_12,,,,,Ahmedabad,2005-07-12,"{""type"":""MultiPoint"",""coordinates"":[]}"
2005_07_20,35.93000000000001,,,,Ahmedabad,2005-07-20,"{""type"":""MultiPoint"",""coordinates"":[]}"
2005_07_28,,,,,Ahmedabad,2005-07-28,"{""type"":""MultiPoint"",""coordinates"":[]}"
2005_08_05,,,,,Ahmedabad,2005-08-05,"{""type"":""MultiPoint"",""coordinates"":[]}"
2005_08_13,,,,,Ahmedabad,2005-08-13,"{""type"":""MultiPoint"",""coordinates"":[]}"
2005_08_21,29.821787948633546,32.30125000000004,20.013076923076945,2.479462051366493,Ahmedabad,2005-08-21,"{""type"":""MultiPoint"",""coordinates"":[]}"
2005_08_29,36.64166554840179,36.18250709326899,24.444820203239782,-0.4591584551328012,Ahmedabad,2005-08-29,"{""type"":""MultiPoint"",""coordinates"":[]}"
2005_09_06,28.0948818897638,,,,Ahmedabad,2005-09-06,"{""type"":""MultiPoint"",""coordinates"":[]}"
2005_09_14,29.439565906743237,,,,Ahmedabad,2005-09-14,"{""type"":""MultiPoint"",""coordinates"":[]}"
2005_09_22,29.952402969102273,30.243723307497657,23.07317878044925,0.2913203383953835,Ahmedabad,2005-09-22,"{""type"":""MultiPoint"",""coordinates"":[]}"
2005_09_30,32.790761862428255,33.105044490075365,24.414607289527755,0.3142826276471098,Ahmedabad,2005-09-30,"{""type"":""MultiPoint"",""coordinates"":[]}"
2005_10_08,34.69756663878025,34.85960858327604,22.865399071508744,0.16204194449579035,Ahmedabad,2005-10-08,"{""type"":""MultiPoint"",""coordinates"":[]}"
2005_10_16,34.25343695112838,34.5771053567269,20.748188104608825,0.32366840559852506,Ahmedabad,2005-10-16,"{""type"":""MultiPoint"",""coordinates"":[]}"
2005_10_24,33.630554897362124,34.03877418486079,19.341949172772182,0.4082192874986674,Ahmedabad,2005-10-24,"{""type"":""MultiPoint"",""coordinates"":[]}"
2005_11_01,33.58978545838104,33.76736536254954,18.876035952671813,0.17757990416850333,Ahmedabad,2005-11-01,"{""type"":""MultiPoint"",""coordinates"":[]}"
2005_11_09,33.55534734821143,33.72412093894663,16.471157685359227,0.16877359073520637,Ahmedabad,2005-11-09,"{""type"":""MultiPoint"",""coordinates"":[]}"
2005_11_17,33.95697174947306,34.20208734174875,16.87701020099229,0.24511559227568824,Ahmedabad,2005-11-17,"{""type"":""MultiPoint"",""coordinates"":[]}"
2005_11_25,30.606574434335844,30.75964337827586,15.997083535996214,0.15306894394001702,Ahmedabad,2005-11-25,"{""type"":""MultiPoint"",""coordinates"":[]}"
2005_12_03,29.974324025313585,30.157103480058833,14.98113730911991,0.1827794547452477,Ahmedabad,2005-12-03,"{""type"":""MultiPoint"",""coordinates"":[]}"
2005_12_11,28.168321388201498,28.433294222652005,12.627360183962784,0.2649728344505071,Ahmedabad,2005-12-11,"{""type"":""MultiPoint"",""coordinates"":[]}"
2005_12_19,26.633674426401758,27.00662589273125,12.013287430601004,0.37295146632949283,Ahmedabad,2005-12-19,"{""type"":""MultiPoint"",""coordinates"":[]}"
2005_12_27,28.078707832571776,28.403590656081757,13.254362834902146,0.32488282350998077,Ahmedabad,2005-12-27,"{""type"":""MultiPoint"",""coordinates"":[]}"
2006_01_01,26.363092142984225,26.943543539933692,13.366879838438255,0.5804513969494671,Ahmedabad,2006-01-01,"{""type"":""MultiPoint"",""coordinates"":[]}"
2006_01_09,28.740259070205184,29.385847369477577,14.134012725293054,0.6455882992723936,Ahmedabad,2006-01-09,"{""type"":""MultiPoint"",""coordinates"":[]}"
2006_01_17,28.427701274852804,29.284783717363627,12.93816607845677,0.8570824425108228,Ahmedabad,2006-01-17,"{""type"":""MultiPoint"",""coordinates"":[]}"
2006_01_25,28.152631262536275,28.807029291582975,13.86862246334643,0.6543980290466997,Ahmedabad,2006-01-25,"{""type"":""MultiPoint"",""coordinates"":[]}"
2006_02_02,30.79716358668866,31.82504809515819,16.884796396127552,1.0278845084695298,Ahmedabad,2006-02-02,"{""type"":""MultiPoint"",""coordinates"":[]}"
2006_02_10,32.2310831114775,33.19586497732138,18.14594969449342,0.9647818658438752,Ahmedabad,2006-02-10,"{""type"":""MultiPoint"",""coordinates"":[]}"
2006_02_18,34.88184931740821,35.981292146286336,19.87642470975679,1.099442828878125,Ahmedabad,2006-02-18,"{""type"":""MultiPoint"",""coordinates"":[]}"
2006_02_26,34.76563018191883,35.35793776120683,18.772203214290087,0.592307579287997,Ahmedabad,2006-02-26,"{""type"":""MultiPoint"",""coordinates"":[]}"
2006_03_06,35.605005664361414,36.10751077398302,18.61159591958751,0.5025051096216089,Ahmedabad,2006-03-06,"{""type"":""MultiPoint"",""coordinates"":[]}"
2006_03_14,36.55804237280679,37.3173200022035,20.32507066478149,0.7592776293967134,Ahmedabad,2006-03-14,"{""type"":""MultiPoint"",""coordinates"":[]}"
2006_03_22,40.702246430609215,41.03932993874989,20.2792728703909,0.33708350814067245,Ahmedabad,2006-03-22,"{""type"":""MultiPoint"",""coordinates"":[]}"
2006_03_30,42.027603682782484,41.99461711880035,23.59008843384904,-0.03298656398213495,Ahmedabad,2006-03-30,"{""type"":""MultiPoint"",""coordinates"":[]}"
2006_04_07,42.40212514501248,42.862542215796395,24.161329836203336,0.4604170707839188,Ahmedabad,2006-04-07,"{""type"":""MultiPoint"",""coordinates"":[]}"
2006_04_15,41.80251285994064,41.776811290568325,25.014319543907785,-0.025701569372316158,Ahmedabad,2006-04-15,"{""type"":""MultiPoint"",""coordinates"":[]}"
2006_04_23,45.87308015342276,45.69603734803557,27.21070415979013,-0.1770428053871953,Ahmedabad,2006-04-23,"{""type"":""MultiPoint"",""coordinates"":[]}"
2006_05_01,46.36078957644277,46.038192340415115,28.30057798833374,-0.32259723602765433,Ahmedabad,2006-05-01,"{""type"":""MultiPoint"",""coordinates"":[]}"
2006_05_09,45.96750068300601,45.732244201536545,27.735539638801207,-0.2352564814694631,Ahmedabad,2006-05-09,"{""type"":""MultiPoint"",""coordinates"":[]}"
2006_05_17,42.88794319718534,42.79477289222536,26.141216838365157,-0.09317030495998324,Ahmedabad,2006-05-17,"{""type"":""MultiPoint"",""coordinates"":[]}"
2006_05_25,41.72090901348667,41.589545902916065,26.7788310115082,-0.13136311057060368,Ahmedabad,2006-05-25,"{""type"":""MultiPoint"",""coordinates"":[]}"
2006_06_02,35.29180623083572,33.952076311484795,25.433926655761418,-1.3397299193509227,Ahmedabad,2006-06-02,"{""type"":""MultiPoint"",""coordinates"":[]}"
2006_06_10,40.609464096691035,37.85895067426103,25.711131272653656,-2.7505134224300036,Ahmedabad,2006-06-10,"{""type"":""MultiPoint"",""coordinates"":[]}"
2006_06_18,41.989482757668455,40.588215947897574,29.12375027692858,-1.4012668097708811,Ahmedabad,2006-06-18,"{""type"":""MultiPoint"",""coordinates"":[]}"
2006_06_26,34.612402698495096,34.59012298573814,,-0.02227971275695495,Ahmedabad,2006-06-26,"{""type"":""MultiPoint"",""coordinates"":[]}"
2006_07_04,,,,,Ahmedabad,2006-07-04,"{""type"":""MultiPoint"",""coordinates"":[]}"
2006_07_12,,,,,Ahmedabad,2006-07-12,"{""type"":""MultiPoint"",""coordinates"":[]}"
2006_07_20,,,,,Ahmedabad,2006-07-20,"{""type"":""MultiPoint"",""coordinates"":[]}"
2006_07_28,,,,,Ahmedabad,2006-07-28,"{""type"":""MultiPoint"",""coordinates"":[]}"
2006_08_05,,,,,Ahmedabad,2006-08-05,"{""type"":""MultiPoint"",""coordinates"":[]}"
2006_08_13,,,,,Ahmedabad,2006-08-13,"{""type"":""MultiPoint"",""coordinates"":[]}"
2006_08_21,28.55000000000001,,,,Ahmedabad,2006-08-21,"{""type"":""MultiPoint"",""coordinates"":[]}"
2006_08_29,30.639021341463444,28.290817051509805,21.808010657193634,-2.348204289953639,Ahmedabad,2006-08-29,"{""type"":""MultiPoint"",""coordinates"":[]}"
2006_09_06,26.780944652577578,27.699351535836193,24.537053469852125,0.9184068832586156,Ahmedabad,2006-09-06,"{""type"":""MultiPoint"",""coordinates"":[]}"
2006_09_14,31.824037281573982,32.49882237614131,25.513837353679975,0.6747850945673299,Ahmedabad,2006-09-14,"{""type"":""MultiPoint"",""coordinates"":[]}"
2006_09_22,34.74269720147578,31.00200000000002,24.574000000000034,-3.740697201475758,Ahmedabad,2006-09-22,"{""type"":""MultiPoint"",""coordinates"":[]}"
2006_09_30,33.26788548263023,33.709847588879434,25.682524585056225,0.44196210624920695,Ahmedabad,2006-09-30,"{""type"":""MultiPoint"",""coordinates"":[]}"
2006_10_08,35.08150712996967,35.450425887420195,24.188664166542928,0.3689187574505226,Ahmedabad,2006-10-08,"{""type"":""MultiPoint"",""coordinates"":[]}"
2006_10_16,36.79128817388651,37.21638221699102,22.871091575630572,0.42509404310451515,Ahmedabad,2006-10-16,"{""type"":""MultiPoint"",""coordinates"":[]}"
2006_10_24,35.50881261721926,35.84697776294898,20.6559158340903,0.3381651457297181,Ahmedabad,2006-10-24,"{""type"":""MultiPoint"",""coordinates"":[]}"
2006_11_01,35.245137631338935,35.58007653092118,20.17879923953456,0.334938899582248,Ahmedabad,2006-11-01,"{""type"":""MultiPoint"",""coordinates"":[]}"
2006_11_09,33.881045820694794,34.1443869655248,18.580811445732124,0.26334114483000803,Ahmedabad,2006-11-09,"{""type"":""MultiPoint"",""coordinates"":[]}"
2006_11_17,33.97213272330386,34.23877167330726,18.01285886610376,0.2666389500034043,Ahmedabad,2006-11-17,"{""type"":""MultiPoint"",""coordinates"":[]}"
2006_11_25,31.677177728318384,31.95294141921819,16.27384918137965,0.275763690899808,Ahmedabad,2006-11-25,"{""type"":""MultiPoint"",""coordinates"":[]}"
2006_12_03,31.042622534268787,31.083305449655164,17.03122749873542,0.040682915386376806,Ahmedabad,2006-12-03,"{""type"":""MultiPoint"",""coordinates"":[]}"
2006_12_11,29.591325204963013,29.82355830535333,14.060587266256746,0.2322331003903173,Ahmedabad,2006-12-11,"{""type"":""MultiPoint"",""coordinates"":[]}"
2006_12_19,29.880272091689104,30.36061145304551,16.38021947848292,0.48033936135640687,Ahmedabad,2006-12-19,"{""type"":""MultiPoint"",""coordinates"":[]}"
2006_12_27,28.620336058436358,29.06116231799082,16.062016678067717,0.44082625955446275,Ahmedabad,2006-12-27,"{""type"":""MultiPoint"",""coordinates"":[]}"
2007_01_01,26.741370017297704,27.706693672694517,13.990633482461782,0.9653236553968121,Ahmedabad,2007-01-01,"{""type"":""MultiPoint"",""coordinates"":[]}"
2007_01_09,26.125775145483598,26.940009922372038,12.729152253286408,0.8142347768884406,Ahmedabad,2007-01-09,"{""type"":""MultiPoint"",""coordinates"":[]}"
2007_01_17,27.231595745033715,28.12086498088323,13.092642187138258,0.8892692358495147,Ahmedabad,2007-01-17,"{""type"":""MultiPoint"",""coordinates"":[]}"
2007_01_25,30.327306058924652,31.32862572826705,16.620539275121743,1.0013196693423971,Ahmedabad,2007-01-25,"{""type"":""MultiPoint"",""coordinates"":[]}"
2007_02_02,30.50816997745755,31.21496051444042,17.361928524869665,0.7067905369828722,Ahmedabad,2007-02-02,"{""type"":""MultiPoint"",""coordinates"":[]}"
2007_02_10,30.03655607176818,30.704078703703765,15.943660052910094,0.6675226319355829,Ahmedabad,2007-02-10,"{""type"":""MultiPoint"",""coordinates"":[]}"
2007_02_18,32.8516009668041,33.648940415440556,18.777879837598274,0.7973394486364569,Ahmedabad,2007-02-18,"{""type"":""MultiPoint"",""coordinates"":[]}"
2007_02_26,34.57864804015942,35.09795746931349,18.49444813420907,0.5193094291540703,Ahmedabad,2007-02-26,"{""type"":""MultiPoint"",""coordinates"":[]}"
2007_03_06,34.56124612261762,35.01688596167569,19.318166309989454,0.4556398390580725,Ahmedabad,2007-03-06,"{""type"":""MultiPoint"",""coordinates"":[]}"
2007_03_14,39.331374818288175,39.80622456037267,20.569425990194507,0.47484974208449415,Ahmedabad,2007-03-14,"{""type"":""MultiPoint"",""coordinates"":[]}"
2007_03_22,41.917000664928764,42.36005377557164,21.322014640994805,0.4430531106428788,Ahmedabad,2007-03-22,"{""type"":""MultiPoint"",""coordinates"":[]}"
2007_03_30,44.38550988703226,44.60820756331287,23.54399665102185,0.22269767628060322,Ahmedabad,2007-03-30,"{""type"":""MultiPoint"",""coordinates"":[]}"
2007_04_07,43.80204708659656,43.70466743041567,24.85117481845566,-0.09737965618089106,Ahmedabad,2007-04-07,"{""type"":""MultiPoint"",""coordinates"":[]}"
2007_04_15,44.12274534227167,44.132059507896415,26.62093197683058,0.009314165624743964,Ahmedabad,2007-04-15,"{""type"":""MultiPoint"",""coordinates"":[]}"
2007_04_23,44.253228037514795,44.19569439038106,26.505501183216253,-0.057533647133737986,Ahmedabad,2007-04-23,"{""type"":""MultiPoint"",""coordinates"":[]}"
2007_05_01,45.44366785935922,45.18297333530116,28.431584507908422,-0.26069452405806004,Ahmedabad,2007-05-01,"{""type"":""MultiPoint"",""coordinates"":[]}"
2007_05_09,42.82435110102794,42.64041623347694,27.788528144957716,-0.1839348675510024,Ahmedabad,2007-05-09,"{""type"":""MultiPoint"",""coordinates"":[]}"
2007_05_17,44.816351050917405,44.7848258251112,27.46790318939277,-0.03152522580620598,Ahmedabad,2007-05-17,"{""type"":""MultiPoint"",""coordinates"":[]}"
2007_05_25,42.97673135915684,42.14945983529307,26.047728248945496,-0.8272715238637645,Ahmedabad,2007-05-25,"{""type"":""MultiPoint"",""coordinates"":[]}"
2007_06_02,42.34984787687522,41.73641705419978,27.21988024198531,-0.6134308226754399,Ahmedabad,2007-06-02,"{""type"":""MultiPoint"",""coordinates"":[]}"
2007_06_10,44.99436017850517,44.401627382595606,27.64753147818393,-0.5927327959095621,Ahmedabad,2007-06-10,"{""type"":""MultiPoint"",""coordinates"":[]}"
2007_06_18,42.10178948910102,39.98000000000002,,-2.1217894891010047,Ahmedabad,2007-06-18,"{""type"":""MultiPoint"",""coordinates"":[]}"
2007_06_26,,,,,Ahmedabad,2007-06-26,"{""type"":""MultiPoint"",""coordinates"":[]}"
2007_07_04,,,,,Ahmedabad,2007-07-04,"{""type"":""MultiPoint"",""coordinates"":[]}"
2007_07_12,,,,,Ahmedabad,2007-07-12,"{""type"":""MultiPoint"",""coordinates"":[]}"
2007_07_20,35.98115208228897,33.650000000000034,23.420000000000016,-2.3311520822889378,Ahmedabad,2007-07-20,"{""type"":""MultiPoint"",""coordinates"":[]}"
2007_07_28,,,,,Ahmedabad,2007-07-28,"{""type"":""MultiPoint"",""coordinates"":[]}"
2007_08_05,25.93727272727275,,,,Ahmedabad,2007-08-05,"{""type"":""MultiPoint"",""coordinates"":[]}"
2007_08_13,28.2966666666667,,,,Ahmedabad,2007-08-13,"{""type"":""MultiPoint"",""coordinates"":[]}"
2007_08_21,29.556941205119223,,,,Ahmedabad,2007-08-21,"{""type"":""MultiPoint"",""coordinates"":[]}"
2007_08_29,,,,,Ahmedabad,2007-08-29,"{""type"":""MultiPoint"",""coordinates"":[]}"
2007_09_06,28.631763059325795,28.899677932405602,23.26980119284298,0.2679148730798069,Ahmedabad,2007-09-06,"{""type"":""MultiPoint"",""coordinates"":[]}"
2007_09_14,31.220644658901872,30.810911743253133,23.658971553610534,-0.40973291564873904,Ahmedabad,2007-09-14,"{""type"":""MultiPoint"",""coordinates"":[]}"
2007_09_22,30.556013677659415,30.664680771526243,24.398250162319577,0.10866709386682771,Ahmedabad,2007-09-22,"{""type"":""MultiPoint"",""coordinates"":[]}"
2007_09_30,32.79499237337831,32.98457388768404,21.159861412321547,0.18958151430573622,Ahmedabad,2007-09-30,"{""type"":""MultiPoint"",""coordinates"":[]}"
2007_10_08,34.806751759729,35.220975403831616,21.751931438646178,0.4142236441026128,Ahmedabad,2007-10-08,"{""type"":""MultiPoint"",""coordinates"":[]}"
2007_10_16,34.43382096818136,34.7926421713556,19.19655584273914,0.3588212031742444,Ahmedabad,2007-10-16,"{""type"":""MultiPoint"",""coordinates"":[]}"
2007_10_24,33.92331383850588,34.371696153799014,18.68040227559745,0.4483823152931379,Ahmedabad,2007-10-24,"{""type"":""MultiPoint"",""coordinates"":[]}"
2007_11_01,35.282126475349216,35.64218966950234,20.884437273882906,0.3600631941531276,Ahmedabad,2007-11-01,"{""type"":""MultiPoint"",""coordinates"":[]}"
2007_11_09,34.818252146535016,35.11409401615676,19.251242948179048,0.2958418696217464,Ahmedabad,2007-11-09,"{""type"":""MultiPoint"",""coordinates"":[]}"
2007_11_17,32.625307543728795,32.76004046246326,15.11310584710224,0.13473291873446414,Ahmedabad,2007-11-17,"{""type"":""MultiPoint"",""coordinates"":[]}"
2007_11_25,31.95747741605411,32.01402397422832,16.076815187053427,0.056546558174211725,Ahmedabad,2007-11-25,"{""type"":""MultiPoint"",""coordinates"":[]}"
2007_12_03,28.809312498402136,29.161321651821932,15.16427731174093,0.35200915341979666,Ahmedabad,2007-12-03,"{""type"":""MultiPoint"",""coordinates"":[]}"
2007_12_11,27.54642242582675,27.828891751215426,14.804406573663101,0.282469325388675,Ahmedabad,2007-12-11,"{""type"":""MultiPoint"",""coordinates"":[]}"
2007_12_19,30.881638941307155,31.13932204867601,14.84252684154153,0.25768310736885525,Ahmedabad,2007-12-19,"{""type"":""MultiPoint"",""coordinates"":[]}"
2007_12_27,28.62642869430584,29.129431713686714,13.890785424406307,0.5030030193808734,Ahmedabad,2007-12-27,"{""type"":""MultiPoint"",""coordinates"":[]}"
2008_01_01,27.225834859709323,27.920269075307125,14.683679673499322,0.694434215597802,Ahmedabad,2008-01-01,"{""type"":""MultiPoint"",""coordinates"":[]}"
2008_01_09,26.460192298007463,27.44968898144854,14.010142356068329,0.9894966834410752,Ahmedabad,2008-01-09,"{""type"":""MultiPoint"",""coordinates"":[]}"
2008_01_17,25.103274250417062,26.09855785678572,11.457638753651445,0.995283606368659,Ahmedabad,2008-01-17,"{""type"":""MultiPoint"",""coordinates"":[]}"
2008_01_25,26.170719963009947,27.335019721212092,10.9111057718183,1.1642997582021444,Ahmedabad,2008-01-25,"{""type"":""MultiPoint"",""coordinates"":[]}"
2008_02_02,24.38411107675614,25.156231165660312,9.446493596939021,0.7721200889041704,Ahmedabad,2008-02-02,"{""type"":""MultiPoint"",""coordinates"":[]}"
2008_02_10,28.835301951417218,30.002984186362877,11.751102105336098,1.1676822349456586,Ahmedabad,2008-02-10,"{""type"":""MultiPoint"",""coordinates"":[]}"
2008_02_18,31.144904734914178,32.353842643064354,15.929496295201352,1.208937908150176,Ahmedabad,2008-02-18,"{""type"":""MultiPoint"",""coordinates"":[]}"
2008_02_26,34.474719709674204,35.74794750886428,16.230123551559032,1.2732277991900744,Ahmedabad,2008-02-26,"{""type"":""MultiPoint"",""coordinates"":[]}"
2008_03_05,34.44058634007132,35.63836637608667,18.480777382772448,1.1977800360153523,Ahmedabad,2008-03-05,"{""type"":""MultiPoint"",""coordinates"":[]}"
2008_03_13,37.69496651068818,38.81742927292698,20.57658560659343,1.122462762238797,Ahmedabad,2008-03-13,"{""type"":""MultiPoint"",""coordinates"":[]}"
2008_03_21,38.68949785414344,39.88377577081097,21.83593601559513,1.1942779166675308,Ahmedabad,2008-03-21,"{""type"":""MultiPoint"",""coordinates"":[]}"
2008_03_29,37.60431224968708,38.597062204129784,23.520613568126166,0.9927499544427079,Ahmedabad,2008-03-29,"{""type"":""MultiPoint"",""coordinates"":[]}"
2008_04_06,39.31489728125593,39.28092419790957,23.81828840148561,-0.03397308334636051,Ahmedabad,2008-04-06,"{""type"":""MultiPoint"",""coordinates"":[]}"
2008_04_14,43.74796397764223,43.75268584249828,24.752675788673532,0.0047218648560516385,Ahmedabad,2008-04-14,"{""type"":""MultiPoint"",""coordinates"":[]}"
2008_04_22,45.53248871093964,45.521286774780165,26.10241237575671,-0.011201936159473291,Ahmedabad,2008-04-22,"{""type"":""MultiPoint"",""coordinates"":[]}"
2008_04_30,41.727475081294465,42.12170308986022,25.66193654053,0.39422800856575435,Ahmedabad,2008-04-30,"{""type"":""MultiPoint"",""coordinates"":[]}"
2008_05_08,40.601447739242246,40.37170963399617,27.250541126783922,-0.22973810524607785,Ahmedabad,2008-05-08,"{""type"":""MultiPoint"",""coordinates"":[]}"
2008_05_16,41.488674719878304,41.37888398206782,27.681903866858875,-0.10979073781048498,Ahmedabad,2008-05-16,"{""type"":""MultiPoint"",""coordinates"":[]}"
2008_05_24,43.51447086318026,43.393111550577764,27.930651974113747,-0.12135931260249322,Ahmedabad,2008-05-24,"{""type"":""MultiPoint"",""coordinates"":[]}"
2008_06_01,41.851730002476785,42.08755155758168,24.996872082926316,0.23582155510489855,Ahmedabad,2008-06-01,"{""type"":""MultiPoint"",""coordinates"":[]}"
2008_06_09,,,,,Ahmedabad,2008-06-09,"{""type"":""MultiPoint"",""coordinates"":[]}"
2008_06_17,,32.275000000000034,22.750000000000057,,Ahmedabad,2008-06-17,"{""type"":""MultiPoint"",""coordinates"":[]}"
2008_06_25,,,,,Ahmedabad,2008-06-25,"{""type"":""MultiPoint"",""coordinates"":[]}"
2008_07_03,,,,,Ahmedabad,2008-07-03,"{""type"":""MultiPoint"",""coordinates"":[]}"
2008_07_11,,,,,Ahmedabad,2008-07-11,"{""type"":""MultiPoint"",""coordinates"":[]}"
2008_07_19,,,,,Ahmedabad,2008-07-19,"{""type"":""MultiPoint"",""coordinates"":[]}"
2008_07_27,,,,,Ahmedabad,2008-07-27,"{""type"":""MultiPoint"",""coordinates"":[]}"
2008_08_04,,,,,Ahmedabad,2008-08-04,"{""type"":""MultiPoint"",""coordinates"":[]}"
2008_08_12,26.650000000000034,,,,Ahmedabad,2008-08-12,"{""type"":""MultiPoint"",""coordinates"":[]}"
2008_08_20,34.02523955600406,,,,Ahmedabad,2008-08-20,"{""type"":""MultiPoint"",""coordinates"":[]}"
2008_08_28,36.01929026592322,36.29843914927704,24.350159331779153,0.2791488833538196,Ahmedabad,2008-08-28,"{""type"":""MultiPoint"",""coordinates"":[]}"
2008_09_05,33.851121766470385,33.64285170706285,23.006571609781332,-0.20827005940753196,Ahmedabad,2008-09-05,"{""type"":""MultiPoint"",""coordinates"":[]}"
2008_09_13,29.07800000000003,,,,Ahmedabad,2008-09-13,"{""type"":""MultiPoint"",""coordinates"":[]}"
2008_09_21,30.03650574481968,30.582200325593373,23.665481963842037,0.5456945807736915,Ahmedabad,2008-09-21,"{""type"":""MultiPoint"",""coordinates"":[]}"
2008_09_29,32.90965295836452,32.81928390726113,23.786529119110373,-0.09036905110338722,Ahmedabad,2008-09-29,"{""type"":""MultiPoint"",""coordinates"":[]}"
2008_10_07,35.109855382130526,35.70204610493816,24.69055343010737,0.5921907228076364,Ahmedabad,2008-10-07,"{""type"":""MultiPoint"",""coordinates"":[]}"
2008_10_15,34.74490519351677,35.20856594913908,21.789801502853177,0.4636607556223069,Ahmedabad,2008-10-15,"{""type"":""MultiPoint"",""coordinates"":[]}"
2008_10_23,34.860522214746425,35.63584474388972,20.166755230719957,0.7753225291432955,Ahmedabad,2008-10-23,"{""type"":""MultiPoint"",""coordinates"":[]}"
2008_10_31,35.54304612227654,36.03965274144931,20.40123595645571,0.4966066191727663,Ahmedabad,2008-10-31,"{""type"":""MultiPoint"",""coordinates"":[]}"
2008_11_08,33.78015554305805,34.16627292468839,17.845728997487814,0.38611738163034204,Ahmedabad,2008-11-08,"{""type"":""MultiPoint"",""coordinates"":[]}"
2008_11_16,31.98400358449024,32.19227522733943,17.546958052214766,0.20827164284919064,Ahmedabad,2008-11-16,"{""type"":""MultiPoint"",""coordinates"":[]}"
2008_11_24,32.3661135544551,32.94971596111752,15.8172199482133,0.5836024066624219,Ahmedabad,2008-11-24,"{""type"":""MultiPoint"",""coordinates"":[]}"
2008_12_02,31.24690131073991,31.397739908866374,19.298157584335957,0.1508385981264624,Ahmedabad,2008-12-02,"{""type"":""MultiPoint"",""coordinates"":[]}"
2008_12_10,29.667989143778595,29.95640146545224,18.968780860382747,0.28841232167364694,Ahmedabad,2008-12-10,"{""type"":""MultiPoint"",""coordinates"":[]}"
2008_12_18,30.684380023397985,31.321009465510446,15.08550764490957,0.6366294421124614,Ahmedabad,2008-12-18,"{""type"":""MultiPoint"",""coordinates"":[]}"
2008_12_26,28.788634223058708,29.180566667908305,13.549484610322724,0.39193244484959777,Ahmedabad,2008-12-26,"{""type"":""MultiPoint"",""coordinates"":[]}"
2009_01_01,26.920239177855734,27.54358247506419,13.317079177361219,0.6233432972084572,Ahmedabad,2009-01-01,"{""type"":""MultiPoint"",""coordinates"":[]}"
2009_01_09,27.635854464776855,28.546094965856785,17.93570684452918,0.9102405010799295,Ahmedabad,2009-01-09,"{""type"":""MultiPoint"",""coordinates"":[]}"
2009_01_17,28.435962348239517,29.444024878707232,16.871699631561718,1.0080625304677149,Ahmedabad,2009-01-17,"{""type"":""MultiPoint"",""coordinates"":[]}"
2009_01_25,29.090937313702582,30.205585811625244,13.938352889085692,1.114648497922662,Ahmedabad,2009-01-25,"{""type"":""MultiPoint"",""coordinates"":[]}"
2009_02_02,30.618634309546078,31.59405547124652,16.035362426126788,0.9754211617004422,Ahmedabad,2009-02-02,"{""type"":""MultiPoint"",""coordinates"":[]}"
2009_02_10,30.47333379929928,31.407550992623417,15.943781994158169,0.9342171933241374,Ahmedabad,2009-02-10,"{""type"":""MultiPoint"",""coordinates"":[]}"
2009_02_18,32.12317487374021,32.70603323428065,18.432728979844654,0.5828583605404418,Ahmedabad,2009-02-18,"{""type"":""MultiPoint"",""coordinates"":[]}"
2009_02_26,37.032626292427764,37.900862790095125,20.051641805776633,0.8682364976673611,Ahmedabad,2009-02-26,"{""type"":""MultiPoint"",""coordinates"":[]}"
2009_03_06,36.869390073324105,37.43349610086728,19.805596773801728,0.5641060275431755,Ahmedabad,2009-03-06,"{""type"":""MultiPoint"",""coordinates"":[]}"
2009_03_14,39.08014644877157,39.56241625643116,20.774147265302105,0.48226980765959127,Ahmedabad,2009-03-14,"{""type"":""MultiPoint"",""coordinates"":[]}"
2009_03_22,40.237549757270926,40.57509716517158,22.81848496012088,0.33754740790065085,Ahmedabad,2009-03-22,"{""type"":""MultiPoint"",""coordinates"":[]}"
2009_03_30,45.26387292065328,45.75559144910532,24.854183900459624,0.49171852845204,Ahmedabad,2009-03-30,"{""type"":""MultiPoint"",""coordinates"":[]}"
2009_04_07,44.016014069091455,44.003400007449585,23.57921493400877,-0.012614061641869512,Ahmedabad,2009-04-07,"{""type"":""MultiPoint"",""coordinates"":[]}"
2009_04_15,45.675235207129866,45.72625253725435,23.998511436209707,0.05101733012448051,Ahmedabad,2009-04-15,"{""type"":""MultiPoint"",""coordinates"":[]}"
2009_04_23,47.23029608196764,47.178261050694246,25.470961032662448,-0.05203503127339104,Ahmedabad,2009-04-23,"{""type"":""MultiPoint"",""coordinates"":[]}"
2009_05_01,46.176557668412066,45.905293103029365,26.601191239705596,-0.27126456538270105,Ahmedabad,2009-05-01,"{""type"":""MultiPoint"",""coordinates"":[]}"
2009_05_09,42.939464821072626,42.711042130798596,28.339936754294822,-0.22842269027403006,Ahmedabad,2009-05-09,"{""type"":""MultiPoint"",""coordinates"":[]}"
2009_05_17,43.31020940619159,43.354944976992705,26.49330552364452,0.0447355708011159,Ahmedabad,2009-05-17,"{""type"":""MultiPoint"",""coordinates"":[]}"
2009_05_25,43.142121108296664,42.85477075981657,27.637260748318255,-0.28735034848009633,Ahmedabad,2009-05-25,"{""type"":""MultiPoint"",""coordinates"":[]}"
2009_06_02,45.26295006349539,45.10813595418769,27.893556768524515,-0.15481410930770068,Ahmedabad,2009-06-02,"{""type"":""MultiPoint"",""coordinates"":[]}"
2009_06_10,41.87241233121402,41.49562495311543,26.606807645567347,-0.37678737809859086,Ahmedabad,2009-06-10,"{""type"":""MultiPoint"",""coordinates"":[]}"
2009_06_18,44.357144745916074,42.694869696356655,26.531276908854235,-1.662275049559419,Ahmedabad,2009-06-18,"{""type"":""MultiPoint"",""coordinates"":[]}"
2009_06_26,44.05354630049936,43.96359902451548,,-0.08994727598388153,Ahmedabad,2009-06-26,"{""type"":""MultiPoint"",""coordinates"":[]}"
2009_07_04,37.09531085270309,37.642391826923095,,0.5470809742200018,Ahmedabad,2009-07-04,"{""type"":""MultiPoint"",""coordinates"":[]}"
2009_07_12,,,,,Ahmedabad,2009-07-12,"{""type"":""MultiPoint"",""coordinates"":[]}"
2009_07_20,,,,,Ahmedabad,2009-07-20,"{""type"":""MultiPoint"",""coordinates"":[]}"
2009_07_28,32.76000000000002,33.98333333333335,23.80333333333336,1.2233333333333292,Ahmedabad,2009-07-28,"{""type"":""MultiPoint"",""coordinates"":[]}"
2009_08_05,,,,,Ahmedabad,2009-08-05,"{""type"":""MultiPoint"",""coordinates"":[]}"
2009_08_13,31.670000000000016,37.53000000000003,25.810000000000002,5.860000000000014,Ahmedabad,2009-08-13,"{""type"":""MultiPoint"",""coordinates"":[]}"
2009_08_21,33.68044496068623,35.120408503543175,,1.439963542856944,Ahmedabad,2009-08-21,"{""type"":""MultiPoint"",""coordinates"":[]}"
2009_08_29,29.215209311619574,27.730000000000018,25.27000000000004,-1.4852093116195562,Ahmedabad,2009-08-29,"{""type"":""MultiPoint"",""coordinates"":[]}"
2009_09_06,35.17873662812357,35.102471819520936,24.29130583766184,-0.0762648086026374,Ahmedabad,2009-09-06,"{""type"":""MultiPoint"",""coordinates"":[]}"
2009_09_14,33.446370592090574,33.67152588489662,25.67088829774313,0.2251552928060434,Ahmedabad,2009-09-14,"{""type"":""MultiPoint"",""coordinates"":[]}"
2009_09_22,35.21264102877171,35.73251926738322,25.79758420165819,0.5198782386115042,Ahmedabad,2009-09-22,"{""type"":""MultiPoint"",""coordinates"":[]}"
2009_09_30,34.215920243777774,35.02040347451594,25.302789406132746,0.804483230738164,Ahmedabad,2009-09-30,"{""type"":""MultiPoint"",""coordinates"":[]}"
2009_10_08,34.38157219020059,34.950544117285325,23.23460482621212,0.568971927084732,Ahmedabad,2009-10-08,"{""type"":""MultiPoint"",""coordinates"":[]}"
2009_10_16,36.12628808224516,36.87365421447034,19.737539002212767,0.7473661322251814,Ahmedabad,2009-10-16,"{""type"":""MultiPoint"",""coordinates"":[]}"
2009_10_24,36.22164971374406,37.08182805132145,18.162928561855008,0.8601783375773948,Ahmedabad,2009-10-24,"{""type"":""MultiPoint"",""coordinates"":[]}"
2009_11_01,35.36755100962113,35.866678753168834,19.499028927028526,0.49912774354770306,Ahmedabad,2009-11-01,"{""type"":""MultiPoint"",""coordinates"":[]}"
2009_11_09,34.71179342273021,34.574387850500166,20.231115414625265,-0.13740557223004402,Ahmedabad,2009-11-09,"{""type"":""MultiPoint"",""coordinates"":[]}"
2009_11_17,32.468141392035044,32.93436363863911,15.841890217574978,0.46622224660406886,Ahmedabad,2009-11-17,"{""type"":""MultiPoint"",""coordinates"":[]}"
2009_11_25,32.56524094468426,32.99648998908797,16.142317038780828,0.4312490444037067,Ahmedabad,2009-11-25,"{""type"":""MultiPoint"",""coordinates"":[]}"
2009_12_03,30.33208340672502,30.67355495958581,15.454612060937938,0.3414715528607921,Ahmedabad,2009-12-03,"{""type"":""MultiPoint"",""coordinates"":[]}"
2009_12_11,30.82466133172713,31.298440364708654,17.636232125451897,0.47377903298152546,Ahmedabad,2009-12-11,"{""type"":""MultiPoint"",""coordinates"":[]}"
2009_12_19,28.572162248123284,29.133381290660324,15.908183803185567,0.56121904253704,Ahmedabad,2009-12-19,"{""type"":""MultiPoint"",""coordinates"":[]}"
2009_12_27,28.119763409000907,28.81387173795449,14.497525104615551,0.6941083289535825,Ahmedabad,2009-12-27,"{""type"":""MultiPoint"",""coordinates"":[]}"
2010_01_01,27.08541883512706,27.90434063121982,14.533933466022189,0.8189217960927593,Ahmedabad,2010-01-01,"{""type"":""MultiPoint"",""coordinates"":[]}"
2010_01_09,26.08676932041451,27.17141011607955,14.045808975554428,1.0846407956650381,Ahmedabad,2010-01-09,"{""type"":""MultiPoint"",""coordinates"":[]}"
2010_01_17,28.945522297335167,30.088901314138496,14.806847169430261,1.1433790168033298,Ahmedabad,2010-01-17,"{""type"":""MultiPoint"",""coordinates"":[]}"
2010_01_25,28.953566887749638,29.827964767169096,15.637842022242584,0.8743978794194582,Ahmedabad,2010-01-25,"{""type"":""MultiPoint"",""coordinates"":[]}"
2010_02_02,29.940578004685978,31.151097579088106,16.133488291499614,1.2105195744021273,Ahmedabad,2010-02-02,"{""type"":""MultiPoint"",""coordinates"":[]}"
2010_02_10,29.967080598246334,31.178986313740577,15.398040662163595,1.2119057154942432,Ahmedabad,2010-02-10,"{""type"":""MultiPoint"",""coordinates"":[]}"
2010_02_18,32.21639048546287,33.182916937838215,17.156959469929426,0.9665264523753478,Ahmedabad,2010-02-18,"{""type"":""MultiPoint"",""coordinates"":[]}"
2010_02_26,35.67107371946521,36.74833209564834,19.25869102430818,1.0772583761831243,Ahmedabad,2010-02-26,"{""type"":""MultiPoint"",""coordinates"":[]}"
2010_03_06,38.42054860775849,39.207855673647835,20.417139813467436,0.787307065889344,Ahmedabad,2010-03-06,"{""type"":""MultiPoint"",""coordinates"":[]}"
2010_03_14,40.667725107542196,41.09931811127255,22.87141940129871,0.4315930037303559,Ahmedabad,2010-03-14,"{""type"":""MultiPoint"",""coordinates"":[]}"
2010_03_22,40.739815471262716,40.98108108438447,23.13076439816176,0.24126561312175454,Ahmedabad,2010-03-22,"{""type"":""MultiPoint"",""coordinates"":[]}"
2010_03_30,40.46772559130527,40.289289972282376,23.380741922010877,-0.17843561902289196,Ahmedabad,2010-03-30,"{""type"":""MultiPoint"",""coordinates"":[]}"
2010_04_07,42.677770793334865,42.19044056849948,25.258182871876908,-0.48733022483538235,Ahmedabad,2010-04-07,"{""type"":""MultiPoint"",""coordinates"":[]}"
2010_04_15,44.806571169902114,44.89300392347661,27.31193242139014,0.08643275357449909,Ahmedabad,2010-04-15,"{""type"":""MultiPoint"",""coordinates"":[]}"
2010_04_23,46.93463551945634,47.06250812012249,27.828160830616383,0.12787260066614436,Ahmedabad,2010-04-23,"{""type"":""MultiPoint"",""coordinates"":[]}"
2010_05_01,44.42426721098494,43.765896219012326,28.884872722022415,-0.6583709919726104,Ahmedabad,2010-05-01,"{""type"":""MultiPoint"",""coordinates"":[]}"
2010_05_09,46.85199319182089,46.59117995394229,29.211011563158724,-0.260813237878601,Ahmedabad,2010-05-09,"{""type"":""MultiPoint"",""coordinates"":[]}"
2010_05_17,45.16672777993056,44.819811441237334,28.365802955786013,-0.3469163386932266,Ahmedabad,2010-05-17,"{""type"":""MultiPoint"",""coordinates"":[]}"
2010_05_25,44.14717915083615,44.03771950794364,29.590329573185944,-0.10945964289251009,Ahmedabad,2010-05-25,"{""type"":""MultiPoint"",""coordinates"":[]}"
2010_06_02,35.1148327321056,33.180790513834026,26.554121541502006,-1.9340422182715713,Ahmedabad,2010-06-02,"{""type"":""MultiPoint"",""coordinates"":[]}"
2010_06_10,43.370059974210356,42.389656887540085,27.31459618951276,-0.9804030866702718,Ahmedabad,2010-06-10,"{""type"":""MultiPoint"",""coordinates"":[]}"
2010_06_18,39.362262747248,38.95039822061882,25.63422645739913,-0.4118645266291807,Ahmedabad,2010-06-18,"{""type"":""MultiPoint"",""coordinates"":[]}"
2010_06_26,41.80143232679181,40.96704371612379,26.335110590742175,-0.8343886106680216,Ahmedabad,2010-06-26,"{""type"":""MultiPoint"",""coordinates"":[]}"
2010_07_04,,,,,Ahmedabad,2010-07-04,"{""type"":""MultiPoint"",""coordinates"":[]}"
2010_07_12,,,,,Ahmedabad,2010-07-12,"{""type"":""MultiPoint"",""coordinates"":[]}"
2010_07_20,,,,,Ahmedabad,2010-07-20,"{""type"":""MultiPoint"",""coordinates"":[]}"
2010_07_28,,,,,Ahmedabad,2010-07-28,"{""type"":""MultiPoint"",""coordinates"":[]}"
2010_08_05,,,,,Ahmedabad,2010-08-05,"{""type"":""MultiPoint"",""coordinates"":[]}"
2010_08_13,29.762441860465156,,,,Ahmedabad,2010-08-13,"{""type"":""MultiPoint"",""coordinates"":[]}"
2010_08_21,29.606363636363668,,,,Ahmedabad,2010-08-21,"{""type"":""MultiPoint"",""coordinates"":[]}"
2010_08_29,,,,,Ahmedabad,2010-08-29,"{""type"":""MultiPoint"",""coordinates"":[]}"
2010_09_06,,,,,Ahmedabad,2010-09-06,"{""type"":""MultiPoint"",""coordinates"":[]}"
2010_09_14,28.853253599203644,28.660630460367532,24.71817768690892,-0.1926231388361117,Ahmedabad,2010-09-14,"{""type"":""MultiPoint"",""coordinates"":[]}"
2010_09_22,32.33600251149275,33.274341056487984,24.524623124907198,0.9383385449952328,Ahmedabad,2010-09-22,"{""type"":""MultiPoint"",""coordinates"":[]}"
2010_09_30,35.26144769189655,36.1533330896419,23.84773695946194,0.891885397745348,Ahmedabad,2010-09-30,"{""type"":""MultiPoint"",""coordinates"":[]}"
2010_10_08,33.1920539046638,33.789134258234334,24.202376700366568,0.5970803535705329,Ahmedabad,2010-10-08,"{""type"":""MultiPoint"",""coordinates"":[]}"
2010_10_16,34.33476889997781,35.094911853267895,24.292752227094965,0.7601429532900852,Ahmedabad,2010-10-16,"{""type"":""MultiPoint"",""coordinates"":[]}"
2010_10_24,33.7509205856012,34.338879351972594,21.691576971365137,0.5879587663713934,Ahmedabad,2010-10-24,"{""type"":""MultiPoint"",""coordinates"":[]}"
2010_11_01,33.998850004450425,34.374418739084504,19.738165326052204,0.37556873463407925,Ahmedabad,2010-11-01,"{""type"":""MultiPoint"",""coordinates"":[]}"
2010_11_09,31.711331227814604,33.469193239605175,23.24127098222563,1.7578620117905714,Ahmedabad,2010-11-09,"{""type"":""MultiPoint"",""coordinates"":[]}"
2010_11_17,31.593499432339442,32.93465757019156,21.579945271207453,1.3411581378521191,Ahmedabad,2010-11-17,"{""type"":""MultiPoint"",""coordinates"":[]}"
2010_11_25,29.918696406724774,30.287731921876365,19.44500030844779,0.36903551515159094,Ahmedabad,2010-11-25,"{""type"":""MultiPoint"",""coordinates"":[]}"
2010_12_03,29.03092190666901,29.156315242761593,16.394143247792705,0.12539333609258208,Ahmedabad,2010-12-03,"{""type"":""MultiPoint"",""coordinates"":[]}"
2010_12_11,28.783594982122285,28.72067402399294,12.252600927826666,-0.06292095812934306,Ahmedabad,2010-12-11,"{""type"":""MultiPoint"",""coordinates"":[]}"
2010_12_19,28.80020606669335,28.966418996015587,13.183504914971927,0.16621292932223852,Ahmedabad,2010-12-19,"{""type"":""MultiPoint"",""coordinates"":[]}"
2010_12_27,26.379544045269892,26.63603440636504,14.10402325865137,0.25649036109514967,Ahmedabad,2010-12-27,"{""type"":""MultiPoint"",""coordinates"":[]}"
2011_01_01,25.55995271166955,26.005336718893556,11.06267918536602,0.44538400722400695,Ahmedabad,2011-01-01,"{""type"":""MultiPoint"",""coordinates"":[]}"
2011_01_09,26.78234977631768,27.391351113097702,12.025367700922555,0.6090013367800218,Ahmedabad,2011-01-09,"{""type"":""MultiPoint"",""coordinates"":[]}"
2011_01_17,28.001745837291665,28.982513098664306,14.339405824908397,0.980767261372641,Ahmedabad,2011-01-17,"{""type"":""MultiPoint"",""coordinates"":[]}"
2011_01_25,27.575632586735857,28.60704556652497,14.508615911482593,1.0314129797891134,Ahmedabad,2011-01-25,"{""type"":""MultiPoint"",""coordinates"":[]}"
2011_02_02,29.725085376443275,30.886467050402242,16.798315253486855,1.1613816739589673,Ahmedabad,2011-02-02,"{""type"":""MultiPoint"",""coordinates"":[]}"
2011_02_10,30.470489007525366,31.647702557648945,17.053981320403253,1.1772135501235788,Ahmedabad,2011-02-10,"{""type"":""MultiPoint"",""coordinates"":[]}"
2011_02_18,31.069428402817785,32.35663843258039,16.647654615234206,1.2872100297626048,Ahmedabad,2011-02-18,"{""type"":""MultiPoint"",""coordinates"":[]}"
2011_02_26,33.16466282279863,34.33621189127838,18.069886367842486,1.1715490684797487,Ahmedabad,2011-02-26,"{""type"":""MultiPoint"",""coordinates"":[]}"
2011_03_06,36.09540077908349,37.28190861147102,17.763796237157642,1.1865078323875267,Ahmedabad,2011-03-06,"{""type"":""MultiPoint"",""coordinates"":[]}"
2011_03_14,39.38627546244606,40.15033346267792,21.681012891344388,0.7640580002318629,Ahmedabad,2011-03-14,"{""type"":""MultiPoint"",""coordinates"":[]}"
2011_03_22,40.44747675576591,41.19853087798296,21.68167438539973,0.7510541222170488,Ahmedabad,2011-03-22,"{""type"":""MultiPoint"",""coordinates"":[]}"
2011_03_30,38.391753546680675,38.86383746036447,21.697661719164525,0.47208391368379665,Ahmedabad,2011-03-30,"{""type"":""MultiPoint"",""coordinates"":[]}"
2011_04_07,41.81277749863908,42.14188233319031,24.826444129406177,0.32910483455123085,Ahmedabad,2011-04-07,"{""type"":""MultiPoint"",""coordinates"":[]}"
2011_04_15,43.59934617168719,43.67002215734163,24.477692025193296,0.07067598565443944,Ahmedabad,2011-04-15,"{""type"":""MultiPoint"",""coordinates"":[]}"
2011_04_23,44.04116672275497,44.04612863981707,25.45191183537414,0.004961917062097143,Ahmedabad,2011-04-23,"{""type"":""MultiPoint"",""coordinates"":[]}"
2011_05_01,42.58514524359172,42.25038635043125,26.730933038249884,-0.33475889316046903,Ahmedabad,2011-05-01,"{""type"":""MultiPoint"",""coordinates"":[]}"
2011_05_09,43.71123419876426,43.463979022131085,27.931587679315662,-0.24725517663317476,Ahmedabad,2011-05-09,"{""type"":""MultiPoint"",""coordinates"":[]}"
2011_05_17,43.54458523455158,43.15571861964355,28.031550463188708,-0.3888666149080322,Ahmedabad,2011-05-17,"{""type"":""MultiPoint"",""coordinates"":[]}"
2011_05_25,44.82768122841191,44.606501840922654,28.89408495316482,-0.2211793874892578,Ahmedabad,2011-05-25,"{""type"":""MultiPoint"",""coordinates"":[]}"
2011_06_02,40.30864400360707,38.291033649102054,26.96969294783238,-2.017610354505017,Ahmedabad,2011-06-02,"{""type"":""MultiPoint"",""coordinates"":[]}"
2011_06_10,42.86866451203326,,,,Ahmedabad,2011-06-10,"{""type"":""MultiPoint"",""coordinates"":[]}"
2011_06_18,,,,,Ahmedabad,2011-06-18,"{""type"":""MultiPoint"",""coordinates"":[]}"
2011_06_26,,,,,Ahmedabad,2011-06-26,"{""type"":""MultiPoint"",""coordinates"":[]}"
2011_07_04,,,,,Ahmedabad,2011-07-04,"{""type"":""MultiPoint"",""coordinates"":[]}"
2011_07_12,,,,,Ahmedabad,2011-07-12,"{""type"":""MultiPoint"",""coordinates"":[]}"
2011_07_20,,,,,Ahmedabad,2011-07-20,"{""type"":""MultiPoint"",""coordinates"":[]}"
2011_07_28,,,,,Ahmedabad,2011-07-28,"{""type"":""MultiPoint"",""coordinates"":[]}"
2011_08_05,,,,,Ahmedabad,2011-08-05,"{""type"":""MultiPoint"",""coordinates"":[]}"
2011_08_13,28.77076383623961,,,,Ahmedabad,2011-08-13,"{""type"":""MultiPoint"",""coordinates"":[]}"
2011_08_21,,,,,Ahmedabad,2011-08-21,"{""type"":""MultiPoint"",""coordinates"":[]}"
2011_08_29,29.96643835616441,,,,Ahmedabad,2011-08-29,"{""type"":""MultiPoint"",""coordinates"":[]}"
2011_09_06,26.26250000000003,,,,Ahmedabad,2011-09-06,"{""type"":""MultiPoint"",""coordinates"":[]}"
2011_09_14,29.05764331210194,,,,Ahmedabad,2011-09-14,"{""type"":""MultiPoint"",""coordinates"":[]}"
2011_09_22,31.88080626961775,33.061858478573406,23.65500623730268,1.1810522089556557,Ahmedabad,2011-09-22,"{""type"":""MultiPoint"",""coordinates"":[]}"
2011_09_30,33.171250707835654,33.52642474662321,24.01752095261039,0.3551740387875597,Ahmedabad,2011-09-30,"{""type"":""MultiPoint"",""coordinates"":[]}"
2011_10_08,34.923763417138865,35.572944632894064,24.41218033080626,0.649181215755199,Ahmedabad,2011-10-08,"{""type"":""MultiPoint"",""coordinates"":[]}"
2011_10_16,35.47553945324036,35.92858152096923,22.30572670103542,0.4530420677288731,Ahmedabad,2011-10-16,"{""type"":""MultiPoint"",""coordinates"":[]}"
2011_10_24,34.49433803832915,35.188676450999665,20.93487945168989,0.6943384126705183,Ahmedabad,2011-10-24,"{""type"":""MultiPoint"",""coordinates"":[]}"
2011_11_01,35.2832498909995,35.5813978099733,21.743526995843983,0.2981479189738039,Ahmedabad,2011-11-01,"{""type"":""MultiPoint"",""coordinates"":[]}"
2011_11_09,35.17181913977388,35.37231310955991,21.121933140254512,0.20049396978603085,Ahmedabad,2011-11-09,"{""type"":""MultiPoint"",""coordinates"":[]}"
2011_11_17,33.87144958329769,34.27509376028075,18.898854041013276,0.40364417698305743,Ahmedabad,2011-11-17,"{""type"":""MultiPoint"",""coordinates"":[]}"
2011_11_25,30.97665673003207,31.52520408472651,17.902965853481057,0.5485473546944419,Ahmedabad,2011-11-25,"{""type"":""MultiPoint"",""coordinates"":[]}"
2011_12_03,32.65475826215226,32.940800318740635,19.645710748979617,0.28604205658837856,Ahmedabad,2011-12-03,"{""type"":""MultiPoint"",""coordinates"":[]}"
2011_12_11,28.87493324068707,29.20214266971552,13.66013719683625,0.32720942902844996,Ahmedabad,2011-12-11,"{""type"":""MultiPoint"",""coordinates"":[]}"
2011_12_19,28.216955967645813,28.569730886383464,14.774999205122857,0.35277491873765143,Ahmedabad,2011-12-19,"{""type"":""MultiPoint"",""coordinates"":[]}"
2011_12_27,26.282723276590982,26.81074937504467,13.360113849010817,0.5280260984536866,Ahmedabad,2011-12-27,"{""type"":""MultiPoint"",""coordinates"":[]}"
2012_01_01,26.54630123178505,27.18012998788449,12.423170281783738,0.6338287560994402,Ahmedabad,2012-01-01,"{""type"":""MultiPoint"",""coordinates"":[]}"
2012_01_09,25.306979721768688,26.123335894096858,11.987649593869204,0.8163561723281703,Ahmedabad,2012-01-09,"{""type"":""MultiPoint"",""coordinates"":[]}"
2012_01_17,25.40637016971758,26.39457816174349,11.854633870298441,0.9882079920259095,Ahmedabad,2012-01-17,"{""type"":""MultiPoint"",""coordinates"":[]}"
2012_01_25,27.18541919942341,28.268057298567555,13.661072598185092,1.0826380991441447,Ahmedabad,2012-01-25,"{""type"":""MultiPoint"",""coordinates"":[]}"
2012_02_02,27.523907831286678,28.624045643282326,12.720545373295542,1.1001378119956478,Ahmedabad,2012-02-02,"{""type"":""MultiPoint"",""coordinates"":[]}"
2012_02_10,27.88526493868197,28.984594739233025,13.805506257039582,1.099329800551054,Ahmedabad,2012-02-10,"{""type"":""MultiPoint"",""coordinates"":[]}"
2012_02_18,31.7945004446296,33.08094002902615,15.880116104592569,1.286439584396554,Ahmedabad,2012-02-18,"{""type"":""MultiPoint"",""coordinates"":[]}"
2012_02_26,32.59274598059406,33.67621348170184,17.73080170403427,1.0834675011077834,Ahmedabad,2012-02-26,"{""type"":""MultiPoint"",""coordinates"":[]}"
2012_03_05,31.260068901116945,32.39762781901803,15.58759693492237,1.1375589179010817,Ahmedabad,2012-03-05,"{""type"":""MultiPoint"",""coordinates"":[]}"
2012_03_13,36.501532182931,37.633659671071285,19.641027624582062,1.1321274881402843,Ahmedabad,2012-03-13,"{""type"":""MultiPoint"",""coordinates"":[]}"
2012_03_21,38.341979405362444,39.95327445056135,20.558486410004544,1.6112950451989079,Ahmedabad,2012-03-21,"{""type"":""MultiPoint"",""coordinates"":[]}"
2012_03_29,40.76128605610342,41.48895596599672,24.81195259774712,0.7276699098933008,Ahmedabad,2012-03-29,"{""type"":""MultiPoint"",""coordinates"":[]}"
2012_04_06,41.539414382017576,42.00545211737188,24.926076307662107,0.4660377353543055,Ahmedabad,2012-04-06,"{""type"":""MultiPoint"",""coordinates"":[]}"
2012_04_14,41.33737858908196,40.98719939256084,24.451424092914767,-0.3501791965211183,Ahmedabad,2012-04-14,"{""type"":""MultiPoint"",""coordinates"":[]}"
2012_04_22,41.97169764083446,42.15675506675987,24.98716249187729,0.18505742592540741,Ahmedabad,2012-04-22,"{""type"":""MultiPoint"",""coordinates"":[]}"
2012_04_30,43.35747681556374,43.283251121216104,25.75833536056695,-0.07422569434763915,Ahmedabad,2012-04-30,"{""type"":""MultiPoint"",""coordinates"":[]}"
2012_05_08,43.43677795058502,42.81553750107958,27.806378699831,-0.6212404495054358,Ahmedabad,2012-05-08,"{""type"":""MultiPoint"",""coordinates"":[]}"
2012_05_16,44.6728588215361,44.300820224303244,28.3430113138641,-0.3720385972328586,Ahmedabad,2012-05-16,"{""type"":""MultiPoint"",""coordinates"":[]}"
2012_05_24,42.98507972307023,42.571180076628366,28.595059819552606,-0.4138996464418625,Ahmedabad,2012-05-24,"{""type"":""MultiPoint"",""coordinates"":[]}"
2012_06_01,42.73235614872148,41.23782156777829,27.310887830229557,-1.4945345809431885,Ahmedabad,2012-06-01,"{""type"":""MultiPoint"",""coordinates"":[]}"
2012_06_09,42.74627651498237,42.312880449650564,26.911947325939465,-0.43339606533180586,Ahmedabad,2012-06-09,"{""type"":""MultiPoint"",""coordinates"":[]}"
2012_06_17,34.22564784997163,35.07718875502011,25.201905399375306,0.8515409050484806,Ahmedabad,2012-06-17,"{""type"":""MultiPoint"",""coordinates"":[]}"
2012_06_25,39.440000000000026,34.58333333333335,26.690000000000015,-4.856666666666676,Ahmedabad,2012-06-25,"{""type"":""MultiPoint"",""coordinates"":[]}"
2012_07_03,43.00234532374103,43.210000000000036,,0.20765467625900413,Ahmedabad,2012-07-03,"{""type"":""MultiPoint"",""coordinates"":[]}"
2012_07_11,,,,,Ahmedabad,2012-07-11,"{""type"":""MultiPoint"",""coordinates"":[]}"
2012_07_19,35.08833333333336,,,,Ahmedabad,2012-07-19,"{""type"":""MultiPoint"",""coordinates"":[]}"
2012_07_27,,,,,Ahmedabad,2012-07-27,"{""type"":""MultiPoint"",""coordinates"":[]}"
2012_08_04,,,,,Ahmedabad,2012-08-04,"{""type"":""MultiPoint"",""coordinates"":[]}"
2012_08_12,,,,,Ahmedabad,2012-08-12,"{""type"":""MultiPoint"",""coordinates"":[]}"
2012_08_20,,,,,Ahmedabad,2012-08-20,"{""type"":""MultiPoint"",""coordinates"":[]}"
2012_08_28,,,,,Ahmedabad,2012-08-28,"{""type"":""MultiPoint"",""coordinates"":[]}"
2012_09_05,,,,,Ahmedabad,2012-09-05,"{""type"":""MultiPoint"",""coordinates"":[]}"
2012_09_13,29.24761982829289,30.335760023412394,22.467095112671956,1.0881401951195038,Ahmedabad,2012-09-13,"{""type"":""MultiPoint"",""coordinates"":[]}"
2012_09_21,32.02841135687986,32.58055621966503,24.308546800512776,0.5521448627851697,Ahmedabad,2012-09-21,"{""type"":""MultiPoint"",""coordinates"":[]}"
2012_09_29,33.098862659705645,33.56635719174733,25.184413317688506,0.4674945320416839,Ahmedabad,2012-09-29,"{""type"":""MultiPoint"",""coordinates"":[]}"
2012_10_07,34.822987556072626,35.42705834048075,22.91386734551119,0.6040707844081226,Ahmedabad,2012-10-07,"{""type"":""MultiPoint"",""coordinates"":[]}"
2012_10_15,34.417481152988486,34.85172716828008,21.888303632541366,0.4342460152915919,Ahmedabad,2012-10-15,"{""type"":""MultiPoint"",""coordinates"":[]}"
2012_10_23,34.4594819546739,35.075562575598575,19.729136473318757,0.6160806209246772,Ahmedabad,2012-10-23,"{""type"":""MultiPoint"",""coordinates"":[]}"
2012_10_31,32.25238418808271,32.76551507005243,17.217821048425204,0.5131308819697225,Ahmedabad,2012-10-31,"{""type"":""MultiPoint"",""coordinates"":[]}"
2012_11_08,33.73809172426786,34.098586568950445,17.879025675192185,0.3604948446825844,Ahmedabad,2012-11-08,"{""type"":""MultiPoint"",""coordinates"":[]}"
2012_11_16,32.18237894797001,32.44476145637164,15.938112173451179,0.2623825084016289,Ahmedabad,2012-11-16,"{""type"":""MultiPoint"",""coordinates"":[]}"
2012_11_24,32.023939131479274,32.135214540039,16.256406853266785,0.1112754085597274,Ahmedabad,2012-11-24,"{""type"":""MultiPoint"",""coordinates"":[]}"
2012_12_02,30.30424236672402,30.59099062712362,17.576848226077413,0.28674826039960166,Ahmedabad,2012-12-02,"{""type"":""MultiPoint"",""coordinates"":[]}"
2012_12_10,30.59356924155745,30.818947929201748,17.42996853690334,0.22537868764429803,Ahmedabad,2012-12-10,"{""type"":""MultiPoint"",""coordinates"":[]}"
2012_12_18,28.6986510322844,29.39993882370443,14.569508854137643,0.7012877914200324,Ahmedabad,2012-12-18,"{""type"":""MultiPoint"",""coordinates"":[]}"
2012_12_26,27.92088659766244,28.398737415789885,13.035070017409778,0.47785081812744323,Ahmedabad,2012-12-26,"{""type"":""MultiPoint"",""coordinates"":[]}"
2013_01_01,25.450102427965245,26.304203603536436,10.88768045659719,0.8541011755711914,Ahmedabad,2013-01-01,"{""type"":""MultiPoint"",""coordinates"":[]}"
2013_01_09,28.139199242719112,29.025706008273893,14.290010295234703,0.8865067655547811,Ahmedabad,2013-01-09,"{""type"":""MultiPoint"",""coordinates"":[]}"
2013_01_17,25.066819624510476,25.859223303663075,12.357500069323155,0.7924036791525992,Ahmedabad,2013-01-17,"{""type"":""MultiPoint"",""coordinates"":[]}"
2013_01_25,27.488506869794104,28.660955729673095,13.65376470293027,1.1724488598789904,Ahmedabad,2013-01-25,"{""type"":""MultiPoint"",""coordinates"":[]}"
2013_02_02,26.65278053777809,28.079995304330176,13.588409817757293,1.427214766552087,Ahmedabad,2013-02-02,"{""type"":""MultiPoint"",""coordinates"":[]}"
2013_02_10,29.923283605720624,31.06433561466946,17.55211867252071,1.1410520089488365,Ahmedabad,2013-02-10,"{""type"":""MultiPoint"",""coordinates"":[]}"
2013_02_18,30.666975829697773,31.884454479278492,17.0679358675402,1.2174786495807197,Ahmedabad,2013-02-18,"{""type"":""MultiPoint"",""coordinates"":[]}"
2013_02_26,34.90249268181347,36.03639737142579,17.049391808177266,1.1339046896123222,Ahmedabad,2013-02-26,"{""type"":""MultiPoint"",""coordinates"":[]}"
2013_03_06,36.250911959581,37.072543830427755,19.791828971881927,0.8216318708467512,Ahmedabad,2013-03-06,"{""type"":""MultiPoint"",""coordinates"":[]}"
2013_03_14,37.83441873245477,38.56963300069455,21.525699699041116,0.7352142682397798,Ahmedabad,2013-03-14,"{""type"":""MultiPoint"",""coordinates"":[]}"
2013_03_22,39.26933319953516,39.96744813200732,21.603009895581142,0.6981149324721585,Ahmedabad,2013-03-22,"{""type"":""MultiPoint"",""coordinates"":[]}"
2013_03_30,42.59598674527851,42.855605024917445,23.044665594424384,0.2596182796389357,Ahmedabad,2013-03-30,"{""type"":""MultiPoint"",""coordinates"":[]}"
2013_04_07,41.05498763513582,41.303517972749546,23.573057960668052,0.24853033761372956,Ahmedabad,2013-04-07,"{""type"":""MultiPoint"",""coordinates"":[]}"
2013_04_15,40.57762786601965,40.695418821479564,24.213091191063203,0.1177909554599168,Ahmedabad,2013-04-15,"{""type"":""MultiPoint"",""coordinates"":[]}"
2013_04_23,43.831617927032546,43.78452891839049,27.62961459298138,-0.0470890086420539,Ahmedabad,2013-04-23,"{""type"":""MultiPoint"",""coordinates"":[]}"
2013_05_01,46.422115399426566,46.36655118042345,27.727831322332875,-0.05556421900311648,Ahmedabad,2013-05-01,"{""type"":""MultiPoint"",""coordinates"":[]}"
2013_05_09,43.07424168960974,42.64769626769628,27.527580562532023,-0.4265454219134597,Ahmedabad,2013-05-09,"{""type"":""MultiPoint"",""coordinates"":[]}"
2013_05_17,45.84787476770265,45.913982256066646,28.811285763971586,0.06610748836399694,Ahmedabad,2013-05-17,"{""type"":""MultiPoint"",""coordinates"":[]}"
2013_05_25,40.38411975102658,40.06944522008297,27.74009816336034,-0.31467453094361275,Ahmedabad,2013-05-25,"{""type"":""MultiPoint"",""coordinates"":[]}"
2013_06_02,43.6181719693033,43.07162220966375,28.39813760949427,-0.5465497596395466,Ahmedabad,2013-06-02,"{""type"":""MultiPoint"",""coordinates"":[]}"
2013_06_10,,,,,Ahmedabad,2013-06-10,"{""type"":""MultiPoint"",""coordinates"":[]}"
2013_06_18,33.29114099268344,32.94036448997016,23.584960307298363,-0.35077650271328054,Ahmedabad,2013-06-18,"{""type"":""MultiPoint"",""coordinates"":[]}"
2013_06_26,,,,,Ahmedabad,2013-06-26,"{""type"":""MultiPoint"",""coordinates"":[]}"
2013_07_04,,,,,Ahmedabad,2013-07-04,"{""type"":""MultiPoint"",""coordinates"":[]}"
2013_07_12,,,,,Ahmedabad,2013-07-12,"{""type"":""MultiPoint"",""coordinates"":[]}"
2013_07_20,,,,,Ahmedabad,2013-07-20,"{""type"":""MultiPoint"",""coordinates"":[]}"
2013_07_28,,,,,Ahmedabad,2013-07-28,"{""type"":""MultiPoint"",""coordinates"":[]}"
2013_08_05,,,,,Ahmedabad,2013-08-05,"{""type"":""MultiPoint"",""coordinates"":[]}"
2013_08_13,,,,,Ahmedabad,2013-08-13,"{""type"":""MultiPoint"",""coordinates"":[]}"
2013_08_21,27.850000000000023,,,,Ahmedabad,2013-08-21,"{""type"":""MultiPoint"",""coordinates"":[]}"
2013_08_29,30.293254146402305,,,,Ahmedabad,2013-08-29,"{""type"":""MultiPoint"",""coordinates"":[]}"
2013_09_06,32.401412725110916,32.46006218496129,26.647679756110268,0.058649459850371954,Ahmedabad,2013-09-06,"{""type"":""MultiPoint"",""coordinates"":[]}"
2013_09_14,34.38426150842789,35.05767621459881,24.75857141083426,0.6734147061709166,Ahmedabad,2013-09-14,"{""type"":""MultiPoint"",""coordinates"":[]}"
2013_09_22,26.77727272727276,,,,Ahmedabad,2013-09-22,"{""type"":""MultiPoint"",""coordinates"":[]}"
2013_09_30,28.708913007693088,29.819317147974918,23.832308858325952,1.1104041402818297,Ahmedabad,2013-09-30,"{""type"":""MultiPoint"",""coordinates"":[]}"
2013_10_08,29.724912644352187,30.47556063347575,24.84856280350939,0.7506479891235642,Ahmedabad,2013-10-08,"{""type"":""MultiPoint"",""coordinates"":[]}"
2013_10_16,32.782073219933615,33.080745332815994,22.79261399262125,0.2986721128823788,Ahmedabad,2013-10-16,"{""type"":""MultiPoint"",""coordinates"":[]}"
2013_10_24,33.58882311409999,33.80589846530047,21.163707549407864,0.21707535120048504,Ahmedabad,2013-10-24,"{""type"":""MultiPoint"",""coordinates"":[]}"
2013_11_01,33.16125984589566,33.209294765024445,21.03893412789481,0.048034919128788545,Ahmedabad,2013-11-01,"{""type"":""MultiPoint"",""coordinates"":[]}"
2013_11_09,31.578918547785875,31.52590615785128,18.27327127364255,-0.053012389934593784,Ahmedabad,2013-11-09,"{""type"":""MultiPoint"",""coordinates"":[]}"
2013_11_17,31.259077037842367,31.31801185042836,15.908670583960065,0.05893481258599209,Ahmedabad,2013-11-17,"{""type"":""MultiPoint"",""coordinates"":[]}"
2013_11_25,30.595706161804824,30.889375754502876,18.125884880969682,0.29366959269805193,Ahmedabad,2013-11-25,"{""type"":""MultiPoint"",""coordinates"":[]}"
2013_12_03,30.827494206018333,31.109476995965526,15.67991067352657,0.28198278994719317,Ahmedabad,2013-12-03,"{""type"":""MultiPoint"",""coordinates"":[]}"
2013_12_11,30.316398731830887,30.527149751477292,14.488432321190048,0.21075101964640552,Ahmedabad,2013-12-11,"{""type"":""MultiPoint"",""coordinates"":[]}"
2013_12_19,26.980550057260487,27.149416978298678,13.984904301993494,0.168866921038191,Ahmedabad,2013-12-19,"{""type"":""MultiPoint"",""coordinates"":[]}"
2013_12_27,26.22365707003565,26.671308531938255,13.946449193124282,0.4476514619026055,Ahmedabad,2013-12-27,"{""type"":""MultiPoint"",""coordinates"":[]}"
2014_01_01,27.246124010953785,27.78818315501596,14.04124588564325,0.5420591440621756,Ahmedabad,2014-01-01,"{""type"":""MultiPoint"",""coordinates"":[]}"
2014_01_09,25.570272925864796,26.355191025025405,12.174503761805687,0.7849180991606097,Ahmedabad,2014-01-09,"{""type"":""MultiPoint"",""coordinates"":[]}"
2014_01_17,25.532959678669773,26.390835046491876,14.625088811856518,0.8578753678221034,Ahmedabad,2014-01-17,"{""type"":""MultiPoint"",""coordinates"":[]}"
2014_01_25,27.488922013105203,28.73076028412094,16.19837126487217,1.2418382710157374,Ahmedabad,2014-01-25,"{""type"":""MultiPoint"",""coordinates"":[]}"
2014_02_02,29.412097877777732,30.52815702332643,16.668703122226542,1.1160591455486966,Ahmedabad,2014-02-02,"{""type"":""MultiPoint"",""coordinates"":[]}"
2014_02_10,28.10003521005321,29.102541219609055,14.605750836362748,1.0025060095558445,Ahmedabad,2014-02-10,"{""type"":""MultiPoint"",""coordinates"":[]}"
2014_02_18,30.27775150970211,31.062932828881152,17.16645647826146,0.785181319179042,Ahmedabad,2014-02-18,"{""type"":""MultiPoint"",""coordinates"":[]}"
2014_02_26,31.049855362630655,31.671434702327332,15.245332270404196,0.6215793396966767,Ahmedabad,2014-02-26,"{""type"":""MultiPoint"",""coordinates"":[]}"
2014_03_06,34.10178292273337,34.8749639632991,18.822133790864157,0.7731810405657313,Ahmedabad,2014-03-06,"{""type"":""MultiPoint"",""coordinates"":[]}"
2014_03_14,38.453982685696,39.16582685538283,21.202648381734654,0.7118441696868345,Ahmedabad,2014-03-14,"{""type"":""MultiPoint"",""coordinates"":[]}"
2014_03_22,38.84005809278545,39.370585680620856,22.64917521066983,0.5305275878354081,Ahmedabad,2014-03-22,"{""type"":""MultiPoint"",""coordinates"":[]}"
2014_03_30,41.67695047822779,41.92193109979583,23.867751211472747,0.24498062156803968,Ahmedabad,2014-03-30,"{""type"":""MultiPoint"",""coordinates"":[]}"
2014_04_07,41.67273320078997,41.51904910245177,23.5320310022571,-0.1536840983382035,Ahmedabad,2014-04-07,"{""type"":""MultiPoint"",""coordinates"":[]}"
2014_04_15,42.70843898400495,42.53586755415164,26.163779833533937,-0.1725714298533063,Ahmedabad,2014-04-15,"{""type"":""MultiPoint"",""coordinates"":[]}"
2014_04_23,44.19473204132508,43.34893603217858,26.943071481090186,-0.845796009146504,Ahmedabad,2014-04-23,"{""type"":""MultiPoint"",""coordinates"":[]}"
2014_05_01,44.49041278879024,43.958297449769134,26.631820009503993,-0.5321153390211038,Ahmedabad,2014-05-01,"{""type"":""MultiPoint"",""coordinates"":[]}"
2014_05_09,42.723306780448155,42.5345419992398,26.508279692500114,-0.18876478120835571,Ahmedabad,2014-05-09,"{""type"":""MultiPoint"",""coordinates"":[]}"
2014_05_17,45.863279041419865,45.56736397262925,27.597976945676436,-0.29591506879061313,Ahmedabad,2014-05-17,"{""type"":""MultiPoint"",""coordinates"":[]}"
2014_05_25,43.08194060176624,42.43344755455237,29.026126260346185,-0.6484930472138686,Ahmedabad,2014-05-25,"{""type"":""MultiPoint"",""coordinates"":[]}"
2014_06_02,43.68117525899426,42.75213973424777,28.049424652501425,-0.9290355247464888,Ahmedabad,2014-06-02,"{""type"":""MultiPoint"",""coordinates"":[]}"
2014_06_10,41.61689380051866,40.478706199460945,27.287238694219862,-1.1381876010577159,Ahmedabad,2014-06-10,"{""type"":""MultiPoint"",""coordinates"":[]}"
2014_06_18,37.09200000000003,38.103333333333374,25.05666666666669,1.0113333333333472,Ahmedabad,2014-06-18,"{""type"":""MultiPoint"",""coordinates"":[]}"
2014_06_26,41.023439082011514,41.690000000000055,26.170000000000016,0.6665609179885408,Ahmedabad,2014-06-26,"{""type"":""MultiPoint"",""coordinates"":[]}"
2014_07_04,42.18142857142859,,,,Ahmedabad,2014-07-04,"{""type"":""MultiPoint"",""coordinates"":[]}"
2014_07_12,,,,,Ahmedabad,2014-07-12,"{""type"":""MultiPoint"",""coordinates"":[]}"
2014_07_20,,,,,Ahmedabad,2014-07-20,"{""type"":""MultiPoint"",""coordinates"":[]}"
2014_07_28,,,,,Ahmedabad,2014-07-28,"{""type"":""MultiPoint"",""coordinates"":[]}"
2014_08_05,,,,,Ahmedabad,2014-08-05,"{""type"":""MultiPoint"",""coordinates"":[]}"
2014_08_13,32.0412626453032,31.653695652173944,23.908532608695687,-0.3875669931292549,Ahmedabad,2014-08-13,"{""type"":""MultiPoint"",""coordinates"":[]}"
2014_08_21,28.990000000000034,,,,Ahmedabad,2014-08-21,"{""type"":""MultiPoint"",""coordinates"":[]}"
2014_08_29,29.282858161083432,,,,Ahmedabad,2014-08-29,"{""type"":""MultiPoint"",""coordinates"":[]}"
2014_09_06,27.148506135462842,27.571409638554254,24.140228915662675,0.4229035030914119,Ahmedabad,2014-09-06,"{""type"":""MultiPoint"",""coordinates"":[]}"
2014_09_14,29.90930336395433,29.875102538889838,24.625131471905284,-0.034200825064491625,Ahmedabad,2014-09-14,"{""type"":""MultiPoint"",""coordinates"":[]}"
2014_09_22,31.99400240931175,32.76659916587111,25.47092206421791,0.7725967565593628,Ahmedabad,2014-09-22,"{""type"":""MultiPoint"",""coordinates"":[]}"
2014_09_30,33.685172235525584,34.11787519291923,25.939806306055036,0.4327029573936443,Ahmedabad,2014-09-30,"{""type"":""MultiPoint"",""coordinates"":[]}"
2014_10_08,34.20058828581912,34.95847218148041,24.43450217561359,0.757883895661287,Ahmedabad,2014-10-08,"{""type"":""MultiPoint"",""coordinates"":[]}"
2014_10_16,34.97489818109392,35.520269544292944,22.956966243230337,0.545371363199024,Ahmedabad,2014-10-16,"{""type"":""MultiPoint"",""coordinates"":[]}"
2014_10_24,34.47033007242173,34.8234556233813,21.368268330137308,0.3531255509595681,Ahmedabad,2014-10-24,"{""type"":""MultiPoint"",""coordinates"":[]}"
2014_11_01,34.600034128565994,34.91773675918662,21.77067470817598,0.317702630620623,Ahmedabad,2014-11-01,"{""type"":""MultiPoint"",""coordinates"":[]}"
2014_11_09,33.567958859867986,33.726233832059954,20.48738209214867,0.1582749721919683,Ahmedabad,2014-11-09,"{""type"":""MultiPoint"",""coordinates"":[]}"
2014_11_17,32.723574853043694,32.671742146825146,19.608689061604775,-0.05183270621854774,Ahmedabad,2014-11-17,"{""type"":""MultiPoint"",""coordinates"":[]}"
2014_11_25,32.71992677077044,32.830328152934655,18.210326322405095,0.11040138216421269,Ahmedabad,2014-11-25,"{""type"":""MultiPoint"",""coordinates"":[]}"
2014_12_03,31.24409047874873,31.926983941623927,15.692731468609274,0.6828934628751959,Ahmedabad,2014-12-03,"{""type"":""MultiPoint"",""coordinates"":[]}"
2014_12_11,27.949374558327595,28.369479696952528,12.349302183279434,0.42010513862493326,Ahmedabad,2014-12-11,"{""type"":""MultiPoint"",""coordinates"":[]}"
2014_12_19,27.799890717681954,28.273155931842766,13.161846289586837,0.47326521416081135,Ahmedabad,2014-12-19,"{""type"":""MultiPoint"",""coordinates"":[]}"
2014_12_27,25.91691014251199,26.562698008385016,12.178478648483088,0.6457878658730252,Ahmedabad,2014-12-27,"{""type"":""MultiPoint"",""coordinates"":[]}"
2015_01_01,26.395910225302153,27.37211852255959,14.45516180924207,0.9762082972574362,Ahmedabad,2015-01-01,"{""type"":""MultiPoint"",""coordinates"":[]}"
2015_01_09,27.41159123345785,28.309919775371103,14.192849353188958,0.8983285419132514,Ahmedabad,2015-01-09,"{""type"":""MultiPoint"",""coordinates"":[]}"
2015_01_17,24.77193431915667,25.348662724816226,13.509855885173046,0.576728405659555,Ahmedabad,2015-01-17,"{""type"":""MultiPoint"",""coordinates"":[]}"
2015_01_25,25.769114330631325,26.702024864205434,12.981809916635223,0.932910533574109,Ahmedabad,2015-01-25,"{""type"":""MultiPoint"",""coordinates"":[]}"
2015_02_02,28.29982316951225,29.288435131143206,16.504826498012218,0.988611961630955,Ahmedabad,2015-02-02,"{""type"":""MultiPoint"",""coordinates"":[]}"
2015_02_10,30.778416737410186,32.10568199819492,17.762802225128514,1.3272652607847313,Ahmedabad,2015-02-10,"{""type"":""MultiPoint"",""coordinates"":[]}"
2015_02_18,32.994252764898256,34.12959398854093,20.561078487006334,1.1353412236426763,Ahmedabad,2015-02-18,"{""type"":""MultiPoint"",""coordinates"":[]}"
2015_02_26,29.595175378674558,30.029253103958293,15.945457906822902,0.43407772528373556,Ahmedabad,2015-02-26,"{""type"":""MultiPoint"",""coordinates"":[]}"
2015_03_06,32.60859054274027,33.111685273286724,19.26433019326877,0.5030947305464579,Ahmedabad,2015-03-06,"{""type"":""MultiPoint"",""coordinates"":[]}"
2015_03_14,35.822750570580205,36.52708433249744,20.152823652882823,0.7043337619172334,Ahmedabad,2015-03-14,"{""type"":""MultiPoint"",""coordinates"":[]}"
2015_03_22,40.21112800098647,40.243403732260624,25.411629604797582,0.032275731274154396,Ahmedabad,2015-03-22,"{""type"":""MultiPoint"",""coordinates"":[]}"
2015_03_30,38.47467805226229,38.44874733544645,23.02502394236535,-0.025930716815842914,Ahmedabad,2015-03-30,"{""type"":""MultiPoint"",""coordinates"":[]}"
2015_04_07,37.53771586255227,37.548961089106456,24.819494183294783,0.011245226554187582,Ahmedabad,2015-04-07,"{""type"":""MultiPoint"",""coordinates"":[]}"
2015_04_15,42.30208019068724,41.96635063471229,26.062638691279123,-0.33572955597495024,Ahmedabad,2015-04-15,"{""type"":""MultiPoint"",""coordinates"":[]}"
2015_04_23,42.976874047093425,42.34141759174891,26.9270768019735,-0.6354564553445172,Ahmedabad,2015-04-23,"{""type"":""MultiPoint"",""coordinates"":[]}"
2015_05_01,45.452865663501235,44.410989566091715,26.428353011856203,-1.0418760974095207,Ahmedabad,2015-05-01,"{""type"":""MultiPoint"",""coordinates"":[]}"
2015_05_09,43.905861637265694,43.13873766156369,27.674751493028438,-0.7671239757020061,Ahmedabad,2015-05-09,"{""type"":""MultiPoint"",""coordinates"":[]}"
2015_05_17,45.75933355167297,45.14954789495417,29.44278393217209,-0.6097856567187989,Ahmedabad,2015-05-17,"{""type"":""MultiPoint"",""coordinates"":[]}"
2015_05_25,44.534661910635805,43.762644714337775,29.32898800298847,-0.7720171962980302,Ahmedabad,2015-05-25,"{""type"":""MultiPoint"",""coordinates"":[]}"
2015_06_02,43.296699462638784,42.44736107718616,27.256268014167084,-0.8493383854526257,Ahmedabad,2015-06-02,"{""type"":""MultiPoint"",""coordinates"":[]}"
2015_06_10,43.796126800700655,42.88201973481344,25.533106691335238,-0.9141070658872152,Ahmedabad,2015-06-10,"{""type"":""MultiPoint"",""coordinates"":[]}"
2015_06_18,42.93021465607892,41.91250000000002,,-1.017714656078894,Ahmedabad,2015-06-18,"{""type"":""MultiPoint"",""coordinates"":[]}"
2015_06_26,34.55327789699575,33.89290358895846,23.403040032422215,-0.6603743080372908,Ahmedabad,2015-06-26,"{""type"":""MultiPoint"",""coordinates"":[]}"
2015_07_04,37.028010471204226,,,,Ahmedabad,2015-07-04,"{""type"":""MultiPoint"",""coordinates"":[]}"
2015_07_12,,,,,Ahmedabad,2015-07-12,"{""type"":""MultiPoint"",""coordinates"":[]}"
2015_07_20,,,,,Ahmedabad,2015-07-20,"{""type"":""MultiPoint"",""coordinates"":[]}"
2015_07_28,,,,,Ahmedabad,2015-07-28,"{""type"":""MultiPoint"",""coordinates"":[]}"
2015_08_05,,,,,Ahmedabad,2015-08-05,"{""type"":""MultiPoint"",""coordinates"":[]}"
2015_08_13,,,,,Ahmedabad,2015-08-13,"{""type"":""MultiPoint"",""coordinates"":[]}"
2015_08_21,31.483931977529103,32.81947315266794,22.591467093082,1.335541175138836,Ahmedabad,2015-08-21,"{""type"":""MultiPoint"",""coordinates"":[]}"
2015_08_29,33.74565485918974,36.89938883844383,24.357077832879348,3.153733979254092,Ahmedabad,2015-08-29,"{""type"":""MultiPoint"",""coordinates"":[]}"
2015_09_06,34.73070690902465,36.551052596560126,26.134947603047365,1.8203456875354789,Ahmedabad,2015-09-06,"{""type"":""MultiPoint"",""coordinates"":[]}"
2015_09_14,34.85744596720523,35.82690864133899,26.476409887426115,0.9694626741337586,Ahmedabad,2015-09-14,"{""type"":""MultiPoint"",""coordinates"":[]}"
2015_09_22,30.835502613145348,31.83186805911234,24.282310651959428,0.996365445966994,Ahmedabad,2015-09-22,"{""type"":""MultiPoint"",""coordinates"":[]}"
2015_09_30,34.05118361123147,35.307340428808146,25.207376891664698,1.2561568175766737,Ahmedabad,2015-09-30,"{""type"":""MultiPoint"",""coordinates"":[]}"
2015_10_08,34.63591189818134,35.76897119192073,25.25790775117765,1.133059293739386,Ahmedabad,2015-10-08,"{""type"":""MultiPoint"",""coordinates"":[]}"
2015_10_16,35.77033667616261,36.91822790588644,23.883767010894385,1.1478912297238324,Ahmedabad,2015-10-16,"{""type"":""MultiPoint"",""coordinates"":[]}"
2015_10_24,34.058410936573715,34.890391119925084,21.62143918666644,0.8319801833513694,Ahmedabad,2015-10-24,"{""type"":""MultiPoint"",""coordinates"":[]}"
2015_11_01,35.06723215790198,35.733251903122735,21.326884307411415,0.6660197452207584,Ahmedabad,2015-11-01,"{""type"":""MultiPoint"",""coordinates"":[]}"
2015_11_09,34.51040523611027,34.80800777198842,20.800984118654025,0.29760253587814844,Ahmedabad,2015-11-09,"{""type"":""MultiPoint"",""coordinates"":[]}"
2015_11_17,32.99018409419971,33.515471652503784,19.178464394404283,0.5252875583040719,Ahmedabad,2015-11-17,"{""type"":""MultiPoint"",""coordinates"":[]}"
2015_11_25,32.291698441126606,32.724740486556996,16.523621995916677,0.4330420454303905,Ahmedabad,2015-11-25,"{""type"":""MultiPoint"",""coordinates"":[]}"
2015_12_03,31.907072698426056,32.200226770798636,16.155499747072845,0.2931540723725803,Ahmedabad,2015-12-03,"{""type"":""MultiPoint"",""coordinates"":[]}"
2015_12_11,27.402651081025052,27.929384613421632,11.525250690603375,0.5267335323965803,Ahmedabad,2015-12-11,"{""type"":""MultiPoint"",""coordinates"":[]}"
2015_12_19,27.585353662531467,28.021047385814562,11.60433384682231,0.4356937232830944,Ahmedabad,2015-12-19,"{""type"":""MultiPoint"",""coordinates"":[]}"
2015_12_27,31.330645946101033,32.09826627678867,15.649254543435646,0.7676203306876381,Ahmedabad,2015-12-27,"{""type"":""MultiPoint"",""coordinates"":[]}"
2016_01_01,29.980485203730865,30.743451767372154,16.552283023235987,0.7629665636412888,Ahmedabad,2016-01-01,"{""type"":""MultiPoint"",""coordinates"":[]}"
2016_01_09,27.5458900538269,28.248224590765215,15.468347192802595,0.7023345369383165,Ahmedabad,2016-01-09,"{""type"":""MultiPoint"",""coordinates"":[]}"
2016_01_17,27.228408194345054,28.135367101201624,13.208685808311479,0.9069589068565698,Ahmedabad,2016-01-17,"{""type"":""MultiPoint"",""coordinates"":[]}"
2016_01_25,29.3759926862296,30.273448809347027,16.48166332491711,0.8974561231174256,Ahmedabad,2016-01-25,"{""type"":""MultiPoint"",""coordinates"":[]}"
2016_02_02,28.771848807123458,29.863668766976467,15.072748880553386,1.0918199598530087,Ahmedabad,2016-02-02,"{""type"":""MultiPoint"",""coordinates"":[]}"
2016_02_10,28.02966590051727,29.122915531335185,16.70014032378489,1.0932496308179154,Ahmedabad,2016-02-10,"{""type"":""MultiPoint"",""coordinates"":[]}"
2016_02_18,30.113543304430003,,,,Ahmedabad,2016-02-18,"{""type"":""MultiPoint"",""coordinates"":[]}"
2016_02_26,34.336807419401644,35.22379374749295,20.27840641295634,0.8869863280913037,Ahmedabad,2016-02-26,"{""type"":""MultiPoint"",""coordinates"":[]}"
2016_03_05,35.94099546490998,36.90443238802861,20.574960091220078,0.9634369231186284,Ahmedabad,2016-03-05,"{""type"":""MultiPoint"",""coordinates"":[]}"
2016_03_13,36.61535396968827,37.31044091355627,22.094349826404827,0.6950869438679987,Ahmedabad,2016-03-13,"{""type"":""MultiPoint"",""coordinates"":[]}"
2016_03_21,39.47542238120132,40.153850773295886,21.630135627044144,0.6784283920945668,Ahmedabad,2016-03-21,"{""type"":""MultiPoint"",""coordinates"":[]}"
2016_03_29,39.795185645058076,39.87843707089514,22.995790869589808,0.08325142583706224,Ahmedabad,2016-03-29,"{""type"":""MultiPoint"",""coordinates"":[]}"
2016_04_06,42.28991462035488,42.63698989383668,24.7067554600005,0.34707527348179923,Ahmedabad,2016-04-06,"{""type"":""MultiPoint"",""coordinates"":[]}"
2016_04_14,43.826034815588095,44.01603095907013,25.440619977108184,0.18999614348203409,Ahmedabad,2016-04-14,"{""type"":""MultiPoint"",""coordinates"":[]}"
2016_04_22,42.64342264613441,42.89745829001438,25.738528516263234,0.25403564387996624,Ahmedabad,2016-04-22,"{""type"":""MultiPoint"",""coordinates"":[]}"
2016_04_30,43.580298736817554,43.29608206575314,26.929908901731135,-0.2842166710644136,Ahmedabad,2016-04-30,"{""type"":""MultiPoint"",""coordinates"":[]}"
2016_05_08,44.72200631358576,44.300311966838514,28.13746269024441,-0.4216943467472447,Ahmedabad,2016-05-08,"{""type"":""MultiPoint"",""coordinates"":[]}"
2016_05_16,43.69225428391317,43.6956332361807,29.126549336123407,0.0033789522675249373,Ahmedabad,2016-05-16,"{""type"":""MultiPoint"",""coordinates"":[]}"
2016_05_24,39.65400206814542,38.72940227740861,28.052649722125096,-0.9245997907368064,Ahmedabad,2016-05-24,"{""type"":""MultiPoint"",""coordinates"":[]}"
2016_06_01,45.94814444599325,45.35212653679901,29.989593804774305,-0.5960179091942379,Ahmedabad,2016-06-01,"{""type"":""MultiPoint"",""coordinates"":[]}"
2016_06_09,,,,,Ahmedabad,2016-06-09,"{""type"":""MultiPoint"",""coordinates"":[]}"
2016_06_17,,,,,Ahmedabad,2016-06-17,"{""type"":""MultiPoint"",""coordinates"":[]}"
2016_06_25,44.65973180076633,43.43195520581116,,-1.2277765949551736,Ahmedabad,2016-06-25,"{""type"":""MultiPoint"",""coordinates"":[]}"
2016_07_03,,,,,Ahmedabad,2016-07-03,"{""type"":""MultiPoint"",""coordinates"":[]}"
2016_07_11,,,,,Ahmedabad,2016-07-11,"{""type"":""MultiPoint"",""coordinates"":[]}"
2016_07_19,,,,,Ahmedabad,2016-07-19,"{""type"":""MultiPoint"",""coordinates"":[]}"
2016_07_27,,,,,Ahmedabad,2016-07-27,"{""type"":""MultiPoint"",""coordinates"":[]}"
2016_08_04,,,,,Ahmedabad,2016-08-04,"{""type"":""MultiPoint"",""coordinates"":[]}"
2016_08_12,25.712500000000027,33.47000000000003,22.970000000000027,7.7575,Ahmedabad,2016-08-12,"{""type"":""MultiPoint"",""coordinates"":[]}"
2016_08_20,,,,,Ahmedabad,2016-08-20,"{""type"":""MultiPoint"",""coordinates"":[]}"
2016_08_28,,,,,Ahmedabad,2016-08-28,"{""type"":""MultiPoint"",""coordinates"":[]}"
2016_09_05,28.978440004452395,29.14141065830725,20.291567398119142,0.1629706538548561,Ahmedabad,2016-09-05,"{""type"":""MultiPoint"",""coordinates"":[]}"
2016_09_13,34.33411731101744,35.15376465206706,23.431474939054745,0.8196473410496239,Ahmedabad,2016-09-13,"{""type"":""MultiPoint"",""coordinates"":[]}"
2016_09_21,30.71685270443726,31.29663542770722,24.82783831359207,0.5797827232699575,Ahmedabad,2016-09-21,"{""type"":""MultiPoint"",""coordinates"":[]}"
2016_09_29,31.345002790335187,31.630216618758297,24.98049181918522,0.28521382842311027,Ahmedabad,2016-09-29,"{""type"":""MultiPoint"",""coordinates"":[]}"
2016_10_07,30.873572158682567,30.910506342494735,24.193365539112083,0.03693418381216773,Ahmedabad,2016-10-07,"{""type"":""MultiPoint"",""coordinates"":[]}"
2016_10_15,32.846150819607345,33.40709665591087,21.809910653173013,0.5609458363035245,Ahmedabad,2016-10-15,"{""type"":""MultiPoint"",""coordinates"":[]}"
2016_10_23,33.41431245680999,33.58185982998039,20.35350412227054,0.16754737317040025,Ahmedabad,2016-10-23,"{""type"":""MultiPoint"",""coordinates"":[]}"
2016_10_31,32.54355227911526,32.95444675951312,18.361845840796416,0.41089448039785736,Ahmedabad,2016-10-31,"{""type"":""MultiPoint"",""coordinates"":[]}"
2016_11_08,33.4566939562398,33.480695920844546,17.514151003543397,0.02400196460474291,Ahmedabad,2016-11-08,"{""type"":""MultiPoint"",""coordinates"":[]}"
2016_11_16,32.94367879016889,33.207940001321894,16.666438171800756,0.2642612111530056,Ahmedabad,2016-11-16,"{""type"":""MultiPoint"",""coordinates"":[]}"
2016_11_24,33.34948169709928,33.511638734393976,15.677091532856625,0.16215703729469766,Ahmedabad,2016-11-24,"{""type"":""MultiPoint"",""coordinates"":[]}"
2016_12_02,31.4537314436605,31.77494795306581,16.36260295974798,0.321216509405307,Ahmedabad,2016-12-02,"{""type"":""MultiPoint"",""coordinates"":[]}"
2016_12_10,31.67008867197861,31.826086044589218,16.488517846787857,0.15599737261060653,Ahmedabad,2016-12-10,"{""type"":""MultiPoint"",""coordinates"":[]}"
2016_12_18,30.25124812851184,30.6957941294733,14.723476014670258,0.44454600096145924,Ahmedabad,2016-12-18,"{""type"":""MultiPoint"",""coordinates"":[]}"
2016_12_26,29.69955314249421,30.126608748723363,14.50986597912466,0.4270556062291533,Ahmedabad,2016-12-26,"{""type"":""MultiPoint"",""coordinates"":[]}"
2017_01_01,28.47636959455045,29.18286858791819,15.22913227272155,0.7064989933677381,Ahmedabad,2017-01-01,"{""type"":""MultiPoint"",""coordinates"":[]}"
2017_01_09,25.7949843587795,26.591137656050595,12.821070676592036,0.7961532972710934,Ahmedabad,2017-01-09,"{""type"":""MultiPoint"",""coordinates"":[]}"
2017_01_17,27.777201374923948,28.837217972797657,16.199944379417673,1.0600165978737088,Ahmedabad,2017-01-17,"{""type"":""MultiPoint"",""coordinates"":[]}"
2017_01_25,29.37996179531195,30.643499059359375,15.73274530917376,1.2635372640474252,Ahmedabad,2017-01-25,"{""type"":""MultiPoint"",""coordinates"":[]}"
2017_02_02,29.110138758498714,30.448385533115317,14.607731419033385,1.3382467746166036,Ahmedabad,2017-02-02,"{""type"":""MultiPoint"",""coordinates"":[]}"
2017_02_10,30.09011721214213,31.102554124172496,19.05996498223553,1.012436912030367,Ahmedabad,2017-02-10,"{""type"":""MultiPoint"",""coordinates"":[]}"
2017_02_18,33.665289165958875,34.97228688385201,18.529002988120414,1.3069977178931325,Ahmedabad,2017-02-18,"{""type"":""MultiPoint"",""coordinates"":[]}"
2017_02_26,34.89483316252254,35.89364708675388,19.626667416376183,0.9988139242313423,Ahmedabad,2017-02-26,"{""type"":""MultiPoint"",""coordinates"":[]}"
2017_03_06,33.942141593270996,35.03948104486627,16.950880606759554,1.0973394515952748,Ahmedabad,2017-03-06,"{""type"":""MultiPoint"",""coordinates"":[]}"
2017_03_14,36.58127521535345,37.65070633751145,20.79470883588934,1.0694311221580008,Ahmedabad,2017-03-14,"{""type"":""MultiPoint"",""coordinates"":[]}"
2017_03_22,40.94164705273804,42.0763275271482,24.697776158200337,1.1346804744101604,Ahmedabad,2017-03-22,"{""type"":""MultiPoint"",""coordinates"":[]}"
2017_03_30,40.471179739378144,40.946773352430306,25.535774864271033,0.47559361305216186,Ahmedabad,2017-03-30,"{""type"":""MultiPoint"",""coordinates"":[]}"
2017_04_07,42.345409828489956,42.93870208168835,22.593080972229913,0.593292253198392,Ahmedabad,2017-04-07,"{""type"":""MultiPoint"",""coordinates"":[]}"
2017_04_15,42.25281746704886,42.49407792703735,26.547711339825245,0.24126045998849577,Ahmedabad,2017-04-15,"{""type"":""MultiPoint"",""coordinates"":[]}"
2017_04_23,39.68502211685491,39.587910453410124,25.898263442081113,-0.09711166344478528,Ahmedabad,2017-04-23,"{""type"":""MultiPoint"",""coordinates"":[]}"
2017_05_01,44.07205563342944,44.09914017100344,27.81210682163081,0.02708453757399809,Ahmedabad,2017-05-01,"{""type"":""MultiPoint"",""coordinates"":[]}"
2017_05_09,45.53127727151771,45.244246410611474,28.534376503170357,-0.28703086090623486,Ahmedabad,2017-05-09,"{""type"":""MultiPoint"",""coordinates"":[]}"
2017_05_17,43.2307757768708,43.12767620372578,28.24022045677817,-0.10309957314502327,Ahmedabad,2017-05-17,"{""type"":""MultiPoint"",""coordinates"":[]}"
2017_05_25,41.25760931414368,41.14026593235958,28.462044958169198,-0.11734338178409587,Ahmedabad,2017-05-25,"{""type"":""MultiPoint"",""coordinates"":[]}"
2017_06_02,40.684412581959585,40.56104073235012,27.03142031531743,-0.12337184960946246,Ahmedabad,2017-06-02,"{""type"":""MultiPoint"",""coordinates"":[]}"
2017_06_10,40.95276381307891,41.81763688077744,26.350476416212405,0.8648730676985323,Ahmedabad,2017-06-10,"{""type"":""MultiPoint"",""coordinates"":[]}"
2017_06_18,,,,,Ahmedabad,2017-06-18,"{""type"":""MultiPoint"",""coordinates"":[]}"
2017_06_26,,,,,Ahmedabad,2017-06-26,"{""type"":""MultiPoint"",""coordinates"":[]}"
2017_07_04,31.681449735141786,30.963333333333367,,-0.7181164018084196,Ahmedabad,2017-07-04,"{""type"":""MultiPoint"",""coordinates"":[]}"
2017_07_12,,,,,Ahmedabad,2017-07-12,"{""type"":""MultiPoint"",""coordinates"":[]}"
2017_07_20,,,,,Ahmedabad,2017-07-20,"{""type"":""MultiPoint"",""coordinates"":[]}"
2017_07_28,26.228607819905235,,,,Ahmedabad,2017-07-28,"{""type"":""MultiPoint"",""coordinates"":[]}"
2017_08_05,,,,,Ahmedabad,2017-08-05,"{""type"":""MultiPoint"",""coordinates"":[]}"
2017_08_13,31.152454583140326,32.459268707483034,22.455127551020443,1.3068141243427078,Ahmedabad,2017-08-13,"{""type"":""MultiPoint"",""coordinates"":[]}"
2017_08_21,29.714313385371526,,,,Ahmedabad,2017-08-21,"{""type"":""MultiPoint"",""coordinates"":[]}"
2017_08_29,28.53572981366463,,,,Ahmedabad,2017-08-29,"{""type"":""MultiPoint"",""coordinates"":[]}"
2017_09_06,30.910361209364538,31.26683155558739,24.97580141742433,0.3564703462228529,Ahmedabad,2017-09-06,"{""type"":""MultiPoint"",""coordinates"":[]}"
2017_09_14,30.267601526626525,32.71193713849178,,2.4443356118652524,Ahmedabad,2017-09-14,"{""type"":""MultiPoint"",""coordinates"":[]}"
2017_09_22,32.406597577304304,33.25092347052737,24.74193580918734,0.8443258932230648,Ahmedabad,2017-09-22,"{""type"":""MultiPoint"",""coordinates"":[]}"
2017_09_30,34.34244516865854,35.28831151952262,25.11641795871548,0.9458663508640797,Ahmedabad,2017-09-30,"{""type"":""MultiPoint"",""coordinates"":[]}"
2017_10_08,34.48806566096862,35.40126842017465,24.148692839533677,0.9132027592060297,Ahmedabad,2017-10-08,"{""type"":""MultiPoint"",""coordinates"":[]}"
2017_10_16,35.48079171881212,36.44992371790202,22.71506972280933,0.9691319990898961,Ahmedabad,2017-10-16,"{""type"":""MultiPoint"",""coordinates"":[]}"
2017_10_24,34.721906195991366,35.09463155411534,20.128734805875297,0.37272535812397223,Ahmedabad,2017-10-24,"{""type"":""MultiPoint"",""coordinates"":[]}"
2017_11_01,34.642789751936284,35.19198673566071,19.881185044821834,0.5491969837244284,Ahmedabad,2017-11-01,"{""type"":""MultiPoint"",""coordinates"":[]}"
2017_11_09,32.433292520212134,32.64523211195084,18.52893025862763,0.21193959173870525,Ahmedabad,2017-11-09,"{""type"":""MultiPoint"",""coordinates"":[]}"
2017_11_17,31.16578340255089,31.49343369493024,17.875014759058413,0.3276502923793494,Ahmedabad,2017-11-17,"{""type"":""MultiPoint"",""coordinates"":[]}"
2017_11_25,31.81860446805988,32.24164772171701,16.138847047032375,0.42304325365712714,Ahmedabad,2017-11-25,"{""type"":""MultiPoint"",""coordinates"":[]}"
2017_12_03,27.26280717622004,27.40129947067693,19.287864479265288,0.1384922944568885,Ahmedabad,2017-12-03,"{""type"":""MultiPoint"",""coordinates"":[]}"
2017_12_11,27.725945466528497,28.24512293421907,15.580752592352574,0.5191774676905716,Ahmedabad,2017-12-11,"{""type"":""MultiPoint"",""coordinates"":[]}"
2017_12_19,28.5770082371633,29.53107061661224,13.81689363738848,0.9540623794489385,Ahmedabad,2017-12-19,"{""type"":""MultiPoint"",""coordinates"":[]}"
2017_12_27,28.102802608650435,28.770137628219363,15.015188423978566,0.6673350195689274,Ahmedabad,2017-12-27,"{""type"":""MultiPoint"",""coordinates"":[]}"
2018_01_01,26.391695267679918,27.287461161051084,13.88099559190908,0.8957658933711663,Ahmedabad,2018-01-01,"{""type"":""MultiPoint"",""coordinates"":[]}"
2018_01_09,27.843647001490805,28.94255032059818,17.29021373210806,1.0989033191073752,Ahmedabad,2018-01-09,"{""type"":""MultiPoint"",""coordinates"":[]}"
2018_01_17,28.622024008429136,29.662711222275384,15.88973835534142,1.0406872138462475,Ahmedabad,2018-01-17,"{""type"":""MultiPoint"",""coordinates"":[]}"
2018_01_25,28.429069832137046,29.63957207403445,15.20034079735132,1.2105022418974052,Ahmedabad,2018-01-25,"{""type"":""MultiPoint"",""coordinates"":[]}"
2018_02_02,28.978806754059942,30.117977117110325,15.533605320778157,1.1391703630503827,Ahmedabad,2018-02-02,"{""type"":""MultiPoint"",""coordinates"":[]}"
2018_02_10,29.851461660795685,31.23142445531572,16.627924130405493,1.3799627945200363,Ahmedabad,2018-02-10,"{""type"":""MultiPoint"",""coordinates"":[]}"
2018_02_18,32.60270187290607,33.66776177038468,19.61512983316009,1.065059897478612,Ahmedabad,2018-02-18,"{""type"":""MultiPoint"",""coordinates"":[]}"
2018_02_26,34.52093514383655,35.63978538541516,20.84914154166049,1.1188502415786061,Ahmedabad,2018-02-26,"{""type"":""MultiPoint"",""coordinates"":[]}"
2018_03_06,36.23416543633053,37.43488608585113,21.215337953456572,1.2007206495206049,Ahmedabad,2018-03-06,"{""type"":""MultiPoint"",""coordinates"":[]}"
2018_03_14,36.414800045757985,37.30806590653721,20.98528842552516,0.8932658607792234,Ahmedabad,2018-03-14,"{""type"":""MultiPoint"",""coordinates"":[]}"
2018_03_22,39.775969557355815,40.28601411456988,22.03820483399341,0.5100445572140657,Ahmedabad,2018-03-22,"{""type"":""MultiPoint"",""coordinates"":[]}"
2018_03_30,41.08930971132672,41.5860524453384,24.2005007387542,0.4967427340116828,Ahmedabad,2018-03-30,"{""type"":""MultiPoint"",""coordinates"":[]}"
2018_04_07,40.26984398322362,40.27252566598145,25.311032703281285,0.002681682757824433,Ahmedabad,2018-04-07,"{""type"":""MultiPoint"",""coordinates"":[]}"
2018_04_15,42.79187015198973,43.350143025471375,25.442250300842385,0.5582728734816484,Ahmedabad,2018-04-15,"{""type"":""MultiPoint"",""coordinates"":[]}"
2018_04_23,44.174910191127076,44.240126558925574,26.534386638132524,0.06521636779849871,Ahmedabad,2018-04-23,"{""type"":""MultiPoint"",""coordinates"":[]}"
2018_05_01,44.673863769107605,44.38574709447815,27.6302667951831,-0.2881166746294568,Ahmedabad,2018-05-01,"{""type"":""MultiPoint"",""coordinates"":[]}"
2018_05_09,46.003494165054406,45.68833342630646,27.537225868833566,-0.3151607387479487,Ahmedabad,2018-05-09,"{""type"":""MultiPoint"",""coordinates"":[]}"
2018_05_17,44.93269718673403,44.4551634361315,27.702294757848463,-0.47753375060253234,Ahmedabad,2018-05-17,"{""type"":""MultiPoint"",""coordinates"":[]}"
2018_05_25,44.73728045493714,44.369200211264996,27.7091969416884,-0.3680802436721464,Ahmedabad,2018-05-25,"{""type"":""MultiPoint"",""coordinates"":[]}"
2018_06_02,40.628033983935566,40.61032421248016,25.986352419422378,-0.017709771455407974,Ahmedabad,2018-06-02,"{""type"":""MultiPoint"",""coordinates"":[]}"
2018_06_10,,38.10200000000003,26.704000000000025,,Ahmedabad,2018-06-10,"{""type"":""MultiPoint"",""coordinates"":[]}"
2018_06_18,41.16556565073232,40.890092636005896,28.482498188483067,-0.2754730147264226,Ahmedabad,2018-06-18,"{""type"":""MultiPoint"",""coordinates"":[]}"
2018_06_26,38.8046666666667,,,,Ahmedabad,2018-06-26,"{""type"":""MultiPoint"",""coordinates"":[]}"
2018_07_04,,,,,Ahmedabad,2018-07-04,"{""type"":""MultiPoint"",""coordinates"":[]}"
2018_07_12,,,,,Ahmedabad,2018-07-12,"{""type"":""MultiPoint"",""coordinates"":[]}"
2018_07_20,,,,,Ahmedabad,2018-07-20,"{""type"":""MultiPoint"",""coordinates"":[]}"
2018_07_28,,,,,Ahmedabad,2018-07-28,"{""type"":""MultiPoint"",""coordinates"":[]}"
2018_08_05,,,,,Ahmedabad,2018-08-05,"{""type"":""MultiPoint"",""coordinates"":[]}"
2018_08_13,,,,,Ahmedabad,2018-08-13,"{""type"":""MultiPoint"",""coordinates"":[]}"
2018_08_21,29.83452991452995,,,,Ahmedabad,2018-08-21,"{""type"":""MultiPoint"",""coordinates"":[]}"
2018_08_29,,,,,Ahmedabad,2018-08-29,"{""type"":""MultiPoint"",""coordinates"":[]}"
2018_09_06,32.08520388114014,31.31839056295261,21.451779957953793,-0.766813318187527,Ahmedabad,2018-09-06,"{""type"":""MultiPoint"",""coordinates"":[]}"
2018_09_14,33.64344767205199,33.68379070762388,24.466527252502832,0.04034303557188679,Ahmedabad,2018-09-14,"{""type"":""MultiPoint"",""coordinates"":[]}"
2018_09_22,33.249677907622306,33.436266472361304,24.386027202750213,0.18658856473899732,Ahmedabad,2018-09-22,"{""type"":""MultiPoint"",""coordinates"":[]}"
2018_09_30,35.57562926334833,35.90434545922681,25.189775750665163,0.3287161958784779,Ahmedabad,2018-09-30,"{""type"":""MultiPoint"",""coordinates"":[]}"
2018_10_08,34.792109184476054,35.31691994352188,23.301350351738755,0.5248107590458275,Ahmedabad,2018-10-08,"{""type"":""MultiPoint"",""coordinates"":[]}"
2018_10_16,36.45799913739801,37.01450406115915,22.30246405552803,0.556504923761139,Ahmedabad,2018-10-16,"{""type"":""MultiPoint"",""coordinates"":[]}"
2018_10_24,36.41879361898897,36.65583761122518,21.175810966070227,0.23704399223620953,Ahmedabad,2018-10-24,"{""type"":""MultiPoint"",""coordinates"":[]}"
2018_11_01,35.347217589757754,35.75270693429759,20.409214203133857,0.40548934453983776,Ahmedabad,2018-11-01,"{""type"":""MultiPoint"",""coordinates"":[]}"
2018_11_09,35.12629728543573,35.44411505520075,19.43685157681073,0.3178177697650142,Ahmedabad,2018-11-09,"{""type"":""MultiPoint"",""coordinates"":[]}"
2018_11_17,34.854913970851996,35.20916006649066,19.685329886574813,0.3542460956386648,Ahmedabad,2018-11-17,"{""type"":""MultiPoint"",""coordinates"":[]}"
2018_11_25,31.92049698432392,32.53830522755,16.535843362130773,0.6178082432260794,Ahmedabad,2018-11-25,"{""type"":""MultiPoint"",""coordinates"":[]}"
2018_12_03,30.359219574317223,30.496609130565624,16.171417844965944,0.13738955624840088,Ahmedabad,2018-12-03,"{""type"":""MultiPoint"",""coordinates"":[]}"
2018_12_11,28.157505845009585,28.808104184239482,14.573371290545245,0.650598339229898,Ahmedabad,2018-12-11,"{""type"":""MultiPoint"",""coordinates"":[]}"
2018_12_19,29.373854145649247,29.639650979006706,13.381029336110153,0.2657968333574594,Ahmedabad,2018-12-19,"{""type"":""MultiPoint"",""coordinates"":[]}"
2018_12_27,26.564834312557537,27.24073493298216,11.863859324196444,0.6759006204246241,Ahmedabad,2018-12-27,"{""type"":""MultiPoint"",""coordinates"":[]}"
2019_01_01,27.192419597288055,28.38069610596098,12.59255491018197,1.1882765086729243,Ahmedabad,2019-01-01,"{""type"":""MultiPoint"",""coordinates"":[]}"
2019_01_09,26.195439180085657,27.39703413076936,13.37458371166147,1.2015949506837025,Ahmedabad,2019-01-09,"{""type"":""MultiPoint"",""coordinates"":[]}"
2019_01_17,28.012628752058877,29.226922841747314,15.344631660743232,1.2142940896884369,Ahmedabad,2019-01-17,"{""type"":""MultiPoint"",""coordinates"":[]}"
2019_01_25,25.599617359473907,26.979896528262586,11.366078677399724,1.3802791687886788,Ahmedabad,2019-01-25,"{""type"":""MultiPoint"",""coordinates"":[]}"
2019_02_02,26.049990950432125,27.244593027680356,13.518674788817195,1.1946020772482306,Ahmedabad,2019-02-02,"{""type"":""MultiPoint"",""coordinates"":[]}"
2019_02_10,29.335677102383915,30.612067398039525,15.075792447559577,1.2763902956556095,Ahmedabad,2019-02-10,"{""type"":""MultiPoint"",""coordinates"":[]}"
2019_02_18,33.094796115028515,34.599958878786744,19.050507538889114,1.5051627637582286,Ahmedabad,2019-02-18,"{""type"":""MultiPoint"",""coordinates"":[]}"
2019_02_26,31.356286603376827,32.75626573896174,16.54494836066086,1.3999791355849105,Ahmedabad,2019-02-26,"{""type"":""MultiPoint"",""coordinates"":[]}"
2019_03_06,34.15457630200164,35.25506305515961,17.896661427300778,1.1004867531579734,Ahmedabad,2019-03-06,"{""type"":""MultiPoint"",""coordinates"":[]}"
2019_03_14,36.723680044614056,38.03511640278811,19.505360089954497,1.3114363581740562,Ahmedabad,2019-03-14,"{""type"":""MultiPoint"",""coordinates"":[]}"
2019_03_22,40.38870722927948,41.573205443067934,23.277454383379713,1.1844982137884514,Ahmedabad,2019-03-22,"{""type"":""MultiPoint"",""coordinates"":[]}"
2019_03_30,42.80481204942221,43.7884399426903,25.336645749832282,0.9836278932680926,Ahmedabad,2019-03-30,"{""type"":""MultiPoint"",""coordinates"":[]}"
2019_04_07,44.99355361061898,45.49716298425136,26.26910157608602,0.5036093736323792,Ahmedabad,2019-04-07,"{""type"":""MultiPoint"",""coordinates"":[]}"
2019_04_15,44.57631378488855,44.56264697483267,24.509237407034988,-0.013666810055880774,Ahmedabad,2019-04-15,"{""type"":""MultiPoint"",""coordinates"":[]}"
2019_04_23,46.51768368786364,46.674041385548044,27.583813435024926,0.1563576976844061,Ahmedabad,2019-04-23,"{""type"":""MultiPoint"",""coordinates"":[]}"
2019_05_01,44.711752197347316,44.68429846306391,26.610074306665002,-0.02745373428340514,Ahmedabad,2019-05-01,"{""type"":""MultiPoint"",""coordinates"":[]}"
2019_05_09,43.42170780618001,43.43613572832021,27.57202309451645,0.014427922140200167,Ahmedabad,2019-05-09,"{""type"":""MultiPoint"",""coordinates"":[]}"
2019_05_17,44.03892521735769,44.118878567360646,28.736928304752315,0.07995335000295256,Ahmedabad,2019-05-17,"{""type"":""MultiPoint"",""coordinates"":[]}"
2019_05_25,45.826003586260335,45.51499115542591,29.314748648830623,-0.311012430834424,Ahmedabad,2019-05-25,"{""type"":""MultiPoint"",""coordinates"":[]}"
2019_06_02,43.15296712347145,43.4452631080894,29.382895608435202,0.2922959846179509,Ahmedabad,2019-06-02,"{""type"":""MultiPoint"",""coordinates"":[]}"
2019_06_10,43.104886252616915,40.90780832369947,26.055982427745686,-2.1970779289174445,Ahmedabad,2019-06-10,"{""type"":""MultiPoint"",""coordinates"":[]}"
2019_06_18,37.6387617453663,37.56932112919598,24.752820233307038,-0.0694406161703256,Ahmedabad,2019-06-18,"{""type"":""MultiPoint"",""coordinates"":[]}"
2019_06_26,,,,,Ahmedabad,2019-06-26,"{""type"":""MultiPoint"",""coordinates"":[]}"
2019_07_04,,,,,Ahmedabad,2019-07-04,"{""type"":""MultiPoint"",""coordinates"":[]}"
2019_07_12,34.36663303386321,33.799516193522614,26.10507397041186,-0.5671168403405957,Ahmedabad,2019-07-12,"{""type"":""MultiPoint"",""coordinates"":[]}"
2019_07_20,36.6769704454476,36.72084782975852,26.803338497288944,0.04387738431091748,Ahmedabad,2019-07-20,"{""type"":""MultiPoint"",""coordinates"":[]}"
2019_07_28,,,,,Ahmedabad,2019-07-28,"{""type"":""MultiPoint"",""coordinates"":[]}"
2019_08_05,,,,,Ahmedabad,2019-08-05,"{""type"":""MultiPoint"",""coordinates"":[]}"
2019_08_13,,,,,Ahmedabad,2019-08-13,"{""type"":""MultiPoint"",""coordinates"":[]}"
2019_08_21,33.7828176178247,34.819491492527696,24.135662159539393,1.0366738747029984,Ahmedabad,2019-08-21,"{""type"":""MultiPoint"",""coordinates"":[]}"
2019_08_29,,,,,Ahmedabad,2019-08-29,"{""type"":""MultiPoint"",""coordinates"":[]}"
2019_09_06,,,,,Ahmedabad,2019-09-06,"{""type"":""MultiPoint"",""coordinates"":[]}"
2019_09_14,29.47940982294691,,,,Ahmedabad,2019-09-14,"{""type"":""MultiPoint"",""coordinates"":[]}"
2019_09_22,30.292027928683453,,,,Ahmedabad,2019-09-22,"{""type"":""MultiPoint"",""coordinates"":[]}"
2019_09_30,29.938158022964277,30.82672547984743,24.993587715371827,0.8885674568831519,Ahmedabad,2019-09-30,"{""type"":""MultiPoint"",""coordinates"":[]}"
2019_10_08,33.21352704992666,34.08411474794445,23.765165231711944,0.8705876980177862,Ahmedabad,2019-10-08,"{""type"":""MultiPoint"",""coordinates"":[]}"
2019_10_16,32.27639120746644,32.90821366417782,23.074281142985473,0.631822456711383,Ahmedabad,2019-10-16,"{""type"":""MultiPoint"",""coordinates"":[]}"
2019_10_24,29.86568313981363,30.053586935339307,23.546731088802414,0.1879037955256777,Ahmedabad,2019-10-24,"{""type"":""MultiPoint"",""coordinates"":[]}"
2019_11_01,31.30698017090886,32.01934944731755,23.918053037745537,0.7123692764086904,Ahmedabad,2019-11-01,"{""type"":""MultiPoint"",""coordinates"":[]}"
2019_11_09,31.67049132864242,32.19987956656541,22.51608846040162,0.5293882379229871,Ahmedabad,2019-11-09,"{""type"":""MultiPoint"",""coordinates"":[]}"
2019_11_17,31.98780351887389,32.378409389836065,19.820272450551837,0.390605870962176,Ahmedabad,2019-11-17,"{""type"":""MultiPoint"",""coordinates"":[]}"
2019_11_25,30.639654411716037,30.743100923392227,21.074722420062272,0.10344651167618935,Ahmedabad,2019-11-25,"{""type"":""MultiPoint"",""coordinates"":[]}"
2019_12_03,28.901462865110332,28.90825975633175,17.434886167239252,0.006796891221416246,Ahmedabad,2019-12-03,"{""type"":""MultiPoint"",""coordinates"":[]}"
2019_12_11,26.95023072497952,27.677923751589653,15.750094261704074,0.7276930266101331,Ahmedabad,2019-12-11,"{""type"":""MultiPoint"",""coordinates"":[]}"
2019_12_19,27.966004345550918,28.54241230992036,16.47882027516297,0.5764079643694409,Ahmedabad,2019-12-19,"{""type"":""MultiPoint"",""coordinates"":[]}"
2019_12_27,25.312384824825234,26.015803662040287,13.411805720329916,0.7034188372150538,Ahmedabad,2019-12-27,"{""type"":""MultiPoint"",""coordinates"":[]}"
2020_01_01,26.497301104591457,27.26183285776319,15.368032690279783,0.764531753171731,Ahmedabad,2020-01-01,"{""type"":""MultiPoint"",""coordinates"":[]}"
2020_01_09,23.830014147139213,24.638855600790023,14.16139137440558,0.8088414536508104,Ahmedabad,2020-01-09,"{""type"":""MultiPoint"",""coordinates"":[]}"
2020_01_17,25.756262545208937,27.01005393357726,14.06359736960099,1.2537913883683238,Ahmedabad,2020-01-17,"{""type"":""MultiPoint"",""coordinates"":[]}"
2020_01_25,26.7999460404019,28.244911220554382,14.383739294608686,1.444965180152483,Ahmedabad,2020-01-25,"{""type"":""MultiPoint"",""coordinates"":[]}"
2020_02_02,26.54501314000711,27.96473616978226,14.841625098019415,1.4197230297751489,Ahmedabad,2020-02-02,"{""type"":""MultiPoint"",""coordinates"":[]}"
2020_02_10,29.820459334046447,31.179903968313322,17.830307774705446,1.3594446342668753,Ahmedabad,2020-02-10,"{""type"":""MultiPoint"",""coordinates"":[]}"
2020_02_18,30.949984759438102,32.700711822690096,18.182520500542253,1.7507270632519933,Ahmedabad,2020-02-18,"{""type"":""MultiPoint"",""coordinates"":[]}"
2020_02_26,32.320982504547366,33.67021206590433,20.096883947306363,1.3492295613569638,Ahmedabad,2020-02-26,"{""type"":""MultiPoint"",""coordinates"":[]}"
2020_03_05,31.39885852297915,32.48599841296832,17.492575525704286,1.0871398899891709,Ahmedabad,2020-03-05,"{""type"":""MultiPoint"",""coordinates"":[]}"
2020_03_13,33.38663808752848,35.81475418672282,18.946708533894935,2.428116099194341,Ahmedabad,2020-03-13,"{""type"":""MultiPoint"",""coordinates"":[]}"
2020_03_21,36.14999627228624,37.430859416975956,22.715007684522284,1.280863144689718,Ahmedabad,2020-03-21,"{""type"":""MultiPoint"",""coordinates"":[]}"
2020_03_29,40.05882963047679,41.02405716298619,23.065900930447267,0.9652275325094024,Ahmedabad,2020-03-29,"{""type"":""MultiPoint"",""coordinates"":[]}"
2020_04_06,41.16382822510758,41.91521064776562,25.584990849385182,0.7513824226580397,Ahmedabad,2020-04-06,"{""type"":""MultiPoint"",""coordinates"":[]}"
2020_04_14,42.403174541677515,43.441243819644356,26.120020662681725,1.0380692779668408,Ahmedabad,2020-04-14,"{""type"":""MultiPoint"",""coordinates"":[]}"
2020_04_22,43.289239007780154,44.15042358497526,27.545458145770343,0.8611845771951039,Ahmedabad,2020-04-22,"{""type"":""MultiPoint"",""coordinates"":[]}"
2020_04_30,44.78131354273425,45.020042382630436,28.88909712887957,0.23872883989618288,Ahmedabad,2020-04-30,"{""type"":""MultiPoint"",""coordinates"":[]}"
2020_05_08,45.588815105772134,45.26018369854729,29.337441381762414,-0.3286314072248473,Ahmedabad,2020-05-08,"{""type"":""MultiPoint"",""coordinates"":[]}"
2020_05_16,45.87340730249363,46.00622207217895,29.546372439886436,0.1328147696853179,Ahmedabad,2020-05-16,"{""type"":""MultiPoint"",""coordinates"":[]}"
2020_05_24,46.10711074794007,45.597398089651044,29.291814455475365,-0.5097126582890255,Ahmedabad,2020-05-24,"{""type"":""MultiPoint"",""coordinates"":[]}"
2020_06_01,39.83741448680186,39.821647390732835,24.66350703830081,-0.01576709606902682,Ahmedabad,2020-06-01,"{""type"":""MultiPoint"",""coordinates"":[]}"
2020_06_09,37.48348094747685,,,,Ahmedabad,2020-06-09,"{""type"":""MultiPoint"",""coordinates"":[]}"
2020_06_17,32.00695532626576,35.96507187380743,25.040179366492843,3.958116547541671,Ahmedabad,2020-06-17,"{""type"":""MultiPoint"",""coordinates"":[]}"
2020_06_25,40.23098728975096,38.82618556407264,26.188998068009283,-1.4048017256783254,Ahmedabad,2020-06-25,"{""type"":""MultiPoint"",""coordinates"":[]}"
2020_07_03,,,,,Ahmedabad,2020-07-03,"{""type"":""MultiPoint"",""coordinates"":[]}"
2020_07_11,,,,,Ahmedabad,2020-07-11,"{""type"":""MultiPoint"",""coordinates"":[]}"
2020_07_19,,,,,Ahmedabad,2020-07-19,"{""type"":""MultiPoint"",""coordinates"":[]}"
2020_07_27,,,,,Ahmedabad,2020-07-27,"{""type"":""MultiPoint"",""coordinates"":[]}"
2020_08_04,33.11400000000003,,,,Ahmedabad,2020-08-04,"{""type"":""MultiPoint"",""coordinates"":[]}"
2020_08_12,,,,,Ahmedabad,2020-08-12,"{""type"":""MultiPoint"",""coordinates"":[]}"
2020_08_20,28.83422651933705,,,,Ahmedabad,2020-08-20,"{""type"":""MultiPoint"",""coordinates"":[]}"
2020_08_28,31.297454228952258,32.02194282508478,23.503323235531287,0.7244885961325203,Ahmedabad,2020-08-28,"{""type"":""MultiPoint"",""coordinates"":[]}"
2020_09_05,30.519649629252328,,,,Ahmedabad,2020-09-05,"{""type"":""MultiPoint"",""coordinates"":[]}"
2020_09_13,31.150000000000034,,,,Ahmedabad,2020-09-13,"{""type"":""MultiPoint"",""coordinates"":[]}"
2020_09_21,32.2068739228698,33.241862812230224,24.26856679270002,1.0349888893604202,Ahmedabad,2020-09-21,"{""type"":""MultiPoint"",""coordinates"":[]}"
2020_09_29,33.17878293587166,33.87435455233986,25.766395127947288,0.6955716164682002,Ahmedabad,2020-09-29,"{""type"":""MultiPoint"",""coordinates"":[]}"
2020_10_07,34.29020154208208,35.0981273666735,23.19646010931003,0.8079258245914218,Ahmedabad,2020-10-07,"{""type"":""MultiPoint"",""coordinates"":[]}"
2020_10_15,35.442652588642545,36.2169090614423,24.715665629850367,0.7742564727997561,Ahmedabad,2020-10-15,"{""type"":""MultiPoint"",""coordinates"":[]}"
2020_10_23,36.42321331289222,36.935204605456185,20.911021316124042,0.5119912925639625,Ahmedabad,2020-10-23,"{""type"":""MultiPoint"",""coordinates"":[]}"
2020_10_31,34.43606434217302,34.57498843715489,19.24746300804823,0.1389240949818742,Ahmedabad,2020-10-31,"{""type"":""MultiPoint"",""coordinates"":[]}"
2020_11_08,32.839752222465705,33.04534985775119,19.237736105171212,0.20559763528548558,Ahmedabad,2020-11-08,"{""type"":""MultiPoint"",""coordinates"":[]}"
2020_11_16,32.75406536146779,33.01292766490449,17.220869482461193,0.25886230343670036,Ahmedabad,2020-11-16,"{""type"":""MultiPoint"",""coordinates"":[]}"
2020_11_24,32.0049090177125,32.0508836575827,18.781346478239715,0.04597463987020234,Ahmedabad,2020-11-24,"{""type"":""MultiPoint"",""coordinates"":[]}"
2020_12_02,33.0031203486844,33.09254091827473,18.066442689700803,0.08942056959033096,Ahmedabad,2020-12-02,"{""type"":""MultiPoint"",""coordinates"":[]}"
2020_12_10,28.51491902786486,29.179962730545057,16.748482942057173,0.6650437026801974,Ahmedabad,2020-12-10,"{""type"":""MultiPoint"",""coordinates"":[]}"
2020_12_18,27.495351916638988,28.180384878560186,14.23685938843799,0.6850329619211983,Ahmedabad,2020-12-18,"{""type"":""MultiPoint"",""coordinates"":[]}"
2020_12_26,25.888524805238042,26.756477302050477,12.659598179135521,0.8679524968124355,Ahmedabad,2020-12-26,"{""type"":""MultiPoint"",""coordinates"":[]}"
2021_01_01,25.840337503155144,26.93900773429644,15.137770246870861,1.0986702311412948,Ahmedabad,2021-01-01,"{""type"":""MultiPoint"",""coordinates"":[]}"
2021_01_09,27.108333466001554,28.103978225430872,15.975147492625409,0.9956447594293181,Ahmedabad,2021-01-09,"{""type"":""MultiPoint"",""coordinates"":[]}"
2021_01_17,27.95080299936073,29.12408035101003,15.434657611057393,1.1732773516493005,Ahmedabad,2021-01-17,"{""type"":""MultiPoint"",""coordinates"":[]}"
2021_01_25,25.701281608369257,26.874355603992516,12.398320995202102,1.173073995623259,Ahmedabad,2021-01-25,"{""type"":""MultiPoint"",""coordinates"":[]}"
2021_02_02,27.382153535791144,28.73642880788611,15.126739740807542,1.3542752720949665,Ahmedabad,2021-02-02,"{""type"":""MultiPoint"",""coordinates"":[]}"
2021_02_10,29.535213590045093,31.230867142954875,17.538229961387117,1.695653552909782,Ahmedabad,2021-02-10,"{""type"":""MultiPoint"",""coordinates"":[]}"
2021_02_18,32.290230434658106,33.70454552205556,18.589984776474118,1.4143150873974548,Ahmedabad,2021-02-18,"{""type"":""MultiPoint"",""coordinates"":[]}"
2021_02_26,34.82694706769831,36.282373004883056,20.46069856424461,1.4554259371847422,Ahmedabad,2021-02-26,"{""type"":""MultiPoint"",""coordinates"":[]}"
2021_03_06,36.51812309854631,37.61206081374706,21.77436672005567,1.0939377152007452,Ahmedabad,2021-03-06,"{""type"":""MultiPoint"",""coordinates"":[]}"
2021_03_14,35.25023733015161,36.47328621399566,21.788563517242682,1.2230488838440436,Ahmedabad,2021-03-14,"{""type"":""MultiPoint"",""coordinates"":[]}"
2021_03_22,39.19484833531232,40.095249797062955,23.05542899663002,0.9004014617506328,Ahmedabad,2021-03-22,"{""type"":""MultiPoint"",""coordinates"":[]}"
2021_03_30,40.58608336734014,41.02019256535505,25.058021653839013,0.4341091980149159,Ahmedabad,2021-03-30,"{""type"":""MultiPoint"",""coordinates"":[]}"
2021_04_07,42.0539593204517,42.489782459297004,24.713505141757615,0.43582313884530066,Ahmedabad,2021-04-07,"{""type"":""MultiPoint"",""coordinates"":[]}"
2021_04_15,42.38959888307723,43.2260997953782,24.934689156294812,0.8365009123009699,Ahmedabad,2021-04-15,"{""type"":""MultiPoint"",""coordinates"":[]}"
2021_04_23,41.9868296575516,42.35852381306005,26.151628545967647,0.3716941555084503,Ahmedabad,2021-04-23,"{""type"":""MultiPoint"",""coordinates"":[]}"
2021_05_01,44.39635377044633,44.18819645006012,27.358923109707185,-0.20815732038621348,Ahmedabad,2021-05-01,"{""type"":""MultiPoint"",""coordinates"":[]}"
2021_05_09,43.959682861087956,43.818187666776346,27.341455812650086,-0.1414951943116094,Ahmedabad,2021-05-09,"{""type"":""MultiPoint"",""coordinates"":[]}"
2021_05_17,33.37339338055135,33.54618015237731,25.88518693541648,0.1727867718259617,Ahmedabad,2021-05-17,"{""type"":""MultiPoint"",""coordinates"":[]}"
2021_05_25,38.47972708194354,37.45478171784855,27.2141726899049,-1.0249453640949895,Ahmedabad,2021-05-25,"{""type"":""MultiPoint"",""coordinates"":[]}"
2021_06_02,36.63073903129858,35.177221286501045,27.961654586400737,-1.4535177447975371,Ahmedabad,2021-06-02,"{""type"":""MultiPoint"",""coordinates"":[]}"
2021_06_10,36.00975067923928,38.53000000000003,27.230000000000018,2.5202493207607475,Ahmedabad,2021-06-10,"{""type"":""MultiPoint"",""coordinates"":[]}"
2021_06_18,,,,,Ahmedabad,2021-06-18,"{""type"":""MultiPoint"",""coordinates"":[]}"
2021_06_26,32.86967846427848,32.29025832527899,20.9356824298347,-0.5794201389994882,Ahmedabad,2021-06-26,"{""type"":""MultiPoint"",""coordinates"":[]}"
2021_07_04,37.57962234755413,37.81377154072623,26.301724924310964,0.23414919317210092,Ahmedabad,2021-07-04,"{""type"":""MultiPoint"",""coordinates"":[]}"
2021_07_12,,,,,Ahmedabad,2021-07-12,"{""type"":""MultiPoint"",""coordinates"":[]}"
2021_07_20,,,,,Ahmedabad,2021-07-20,"{""type"":""MultiPoint"",""coordinates"":[]}"
2021_07_28,,,,,Ahmedabad,2021-07-28,"{""type"":""MultiPoint"",""coordinates"":[]}"
2021_08_05,,,,,Ahmedabad,2021-08-05,"{""type"":""MultiPoint"",""coordinates"":[]}"
2021_08_13,35.08579116465865,,,,Ahmedabad,2021-08-13,"{""type"":""MultiPoint"",""coordinates"":[]}"
2021_08_21,32.579240220435494,31.690000000000055,,-0.8892402204354397,Ahmedabad,2021-08-21,"{""type"":""MultiPoint"",""coordinates"":[]}"
2021_08_29,37.64373478023087,37.15111057460165,,-0.4926242056292196,Ahmedabad,2021-08-29,"{""type"":""MultiPoint"",""coordinates"":[]}"
2021_09_06,,,,,Ahmedabad,2021-09-06,"{""type"":""MultiPoint"",""coordinates"":[]}"
2021_09_14,,,,,Ahmedabad,2021-09-14,"{""type"":""MultiPoint"",""coordinates"":[]}"
2021_09_22,29.43568585643215,,,,Ahmedabad,2021-09-22,"{""type"":""MultiPoint"",""coordinates"":[]}"
2021_09_30,31.148624805182575,31.992949834515795,24.77787830407839,0.8443250293332198,Ahmedabad,2021-09-30,"{""type"":""MultiPoint"",""coordinates"":[]}"
2021_10_08,32.36475881016263,32.810348004819645,24.050439294067665,0.44558919465701763,Ahmedabad,2021-10-08,"{""type"":""MultiPoint"",""coordinates"":[]}"
2021_10_16,32.823301815922854,33.298781285003315,21.826819258524804,0.47547946908046157,Ahmedabad,2021-10-16,"{""type"":""MultiPoint"",""coordinates"":[]}"
2021_10_24,32.930806105014724,33.33725184415075,20.004319520768366,0.406445739136025,Ahmedabad,2021-10-24,"{""type"":""MultiPoint"",""coordinates"":[]}"
2021_11_01,33.34407839364758,33.66504343799885,18.624279343495292,0.3209650443512686,Ahmedabad,2021-11-01,"{""type"":""MultiPoint"",""coordinates"":[]}"
2021_11_09,31.712450851453237,31.938981983964037,17.961887405886422,0.22653113251080015,Ahmedabad,2021-11-09,"{""type"":""MultiPoint"",""coordinates"":[]}"
2021_11_17,32.77785550977025,32.90959963479788,21.32759756202887,0.13174412502763033,Ahmedabad,2021-11-17,"{""type"":""MultiPoint"",""coordinates"":[]}"
2021_11_25,32.613930345568235,32.90058035115939,17.921850105396576,0.28665000559115583,Ahmedabad,2021-11-25,"{""type"":""MultiPoint"",""coordinates"":[]}"
2021_12_03,28.756319482542075,28.980243807218585,18.38028727218309,0.2239243246765099,Ahmedabad,2021-12-03,"{""type"":""MultiPoint"",""coordinates"":[]}"
2021_12_11,27.894794291403265,28.53184750960556,15.82300391272167,0.6370532182022934,Ahmedabad,2021-12-11,"{""type"":""MultiPoint"",""coordinates"":[]}"
2021_12_19,28.100200380720015,28.420547959966285,14.398483903477949,0.32034757924627044,Ahmedabad,2021-12-19,"{""type"":""MultiPoint"",""coordinates"":[]}"
2021_12_27,24.19139620110477,24.995245633187796,14.216285480349379,0.8038494320830267,Ahmedabad,2021-12-27,"{""type"":""MultiPoint"",""coordinates"":[]}"
2022_01_01,26.99576395918057,28.558768861525646,16.434902013983102,1.5630049023450745,Ahmedabad,2022-01-01,"{""type"":""MultiPoint"",""coordinates"":[]}"
2022_01_09,24.335781645073407,25.12665659163021,12.313963549420347,0.7908749465568015,Ahmedabad,2022-01-09,"{""type"":""MultiPoint"",""coordinates"":[]}"
2022_01_17,26.939771360138288,28.14325686417951,14.587845598634514,1.2034855040412218,Ahmedabad,2022-01-17,"{""type"":""MultiPoint"",""coordinates"":[]}"
2022_01_25,26.994479083534507,28.08879298003429,13.330516910806084,1.0943138964997843,Ahmedabad,2022-01-25,"{""type"":""MultiPoint"",""coordinates"":[]}"
2022_02_02,27.81518613513535,28.714368918944984,15.345000417445416,0.8991827838096356,Ahmedabad,2022-02-02,"{""type"":""MultiPoint"",""coordinates"":[]}"
2022_02_10,29.69872463060042,30.880252279232074,16.43594577860337,1.1815276486316542,Ahmedabad,2022-02-10,"{""type"":""MultiPoint"",""coordinates"":[]}"
2022_02_18,31.95179070596942,33.16936933155712,18.96321751613477,1.2175786255877021,Ahmedabad,2022-02-18,"{""type"":""MultiPoint"",""coordinates"":[]}"
2022_02_26,33.30077992174111,34.459865808834905,19.57794498472144,1.159085887093795,Ahmedabad,2022-02-26,"{""type"":""MultiPoint"",""coordinates"":[]}"
2022_03_06,35.852895878214674,36.85104314562108,21.946426600948985,0.9981472674064022,Ahmedabad,2022-03-06,"{""type"":""MultiPoint"",""coordinates"":[]}"
2022_03_14,38.72585575803893,39.57506945614001,23.12230399770458,0.8492136981010745,Ahmedabad,2022-03-14,"{""type"":""MultiPoint"",""coordinates"":[]}"
2022_03_22,39.415824865432,40.12975675890726,24.26624206589671,0.7139318934752623,Ahmedabad,2022-03-22,"{""type"":""MultiPoint"",""coordinates"":[]}"
2022_03_30,41.73642450498751,42.20783854701018,25.846860601764675,0.47141404202266557,Ahmedabad,2022-03-30,"{""type"":""MultiPoint"",""coordinates"":[]}"
2022_04_07,41.87930669784707,42.219047794750715,25.630384965439266,0.3397410969036443,Ahmedabad,2022-04-07,"{""type"":""MultiPoint"",""coordinates"":[]}"
2022_04_15,43.05803871556549,42.96320562176502,26.283617368773324,-0.09483309380046734,Ahmedabad,2022-04-15,"{""type"":""MultiPoint"",""coordinates"":[]}"
2022_04_23,45.55962813944455,45.45612374107756,27.286853549428038,-0.10350439836698655,Ahmedabad,2022-04-23,"{""type"":""MultiPoint"",""coordinates"":[]}"
2022_05_01,42.77374561839467,42.496136353837585,27.930362780785604,-0.27760926455708557,Ahmedabad,2022-05-01,"{""type"":""MultiPoint"",""coordinates"":[]}"
2022_05_09,42.24972256756607,41.64708819166026,28.478802000956332,-0.6026343759058079,Ahmedabad,2022-05-09,"{""type"":""MultiPoint"",""coordinates"":[]}"
2022_05_17,42.11470815618248,41.365868382645644,28.132494613873188,-0.7488397735368366,Ahmedabad,2022-05-17,"{""type"":""MultiPoint"",""coordinates"":[]}"
2022_05_25,40.38880022274817,39.22054685139625,27.48742587077563,-1.1682533713519234,Ahmedabad,2022-05-25,"{""type"":""MultiPoint"",""coordinates"":[]}"
2022_06_02,41.568185799322,40.46193296697599,27.789555186894138,-1.1062528323460086,Ahmedabad,2022-06-02,"{""type"":""MultiPoint"",""coordinates"":[]}"
2022_06_10,41.08087303640163,40.999015707095374,,-0.08185732930625278,Ahmedabad,2022-06-10,"{""type"":""MultiPoint"",""coordinates"":[]}"
2022_06_18,37.69747612231621,38.70559669096571,24.311176470588265,1.0081205686495025,Ahmedabad,2022-06-18,"{""type"":""MultiPoint"",""coordinates"":[]}"
2022_06_26,42.44000000000002,,,,Ahmedabad,2022-06-26,"{""type"":""MultiPoint"",""coordinates"":[]}"
2022_07_04,,,,,Ahmedabad,2022-07-04,"{""type"":""MultiPoint"",""coordinates"":[]}"
2022_07_12,,,,,Ahmedabad,2022-07-12,"{""type"":""MultiPoint"",""coordinates"":[]}"
2022_07_20,,,,,Ahmedabad,2022-07-20,"{""type"":""MultiPoint"",""coordinates"":[]}"
2022_07_28,,,,,Ahmedabad,2022-07-28,"{""type"":""MultiPoint"",""coordinates"":[]}"
2022_08_05,,,,,Ahmedabad,2022-08-05,"{""type"":""MultiPoint"",""coordinates"":[]}"
2022_08_13,29.63500000000002,,,,Ahmedabad,2022-08-13,"{""type"":""MultiPoint"",""coordinates"":[]}"
2022_08_21,27.541277015897872,29.127530924380025,24.134293061445483,1.5862539084821528,Ahmedabad,2022-08-21,"{""type"":""MultiPoint"",""coordinates"":[]}"
2022_08_29,28.720545171339595,,,,Ahmedabad,2022-08-29,"{""type"":""MultiPoint"",""coordinates"":[]}"
2022_09_06,35.55940064622093,35.5442406559046,25.892616724152493,-0.01515999031632731,Ahmedabad,2022-09-06,"{""type"":""MultiPoint"",""coordinates"":[]}"
2022_09_14,30.547370368624527,30.59900837611459,23.852102134558262,0.05163800749006242,Ahmedabad,2022-09-14,"{""type"":""MultiPoint"",""coordinates"":[]}"
2022_09_22,29.5358904198202,32.479565217391325,25.06434782608699,2.943674797571127,Ahmedabad,2022-09-22,"{""type"":""MultiPoint"",""coordinates"":[]}"
2022_09_30,32.20731288745589,33.306084590059484,25.28209882115552,1.0987717026035924,Ahmedabad,2022-09-30,"{""type"":""MultiPoint"",""coordinates"":[]}"
2022_10_08,33.98055860632459,,,,Ahmedabad,2022-10-08,"{""type"":""MultiPoint"",""coordinates"":[]}"
2022_10_16,,,,,Ahmedabad,2022-10-16,"{""type"":""MultiPoint"",""coordinates"":[]}"
2022_10_24,34.04081199037284,34.31357634163391,20.757978322973024,0.272764351261074,Ahmedabad,2022-10-24,"{""type"":""MultiPoint"",""coordinates"":[]}"
2022_11_01,34.324573163490236,34.44079553069909,21.329820155718835,0.11622236720885581,Ahmedabad,2022-11-01,"{""type"":""MultiPoint"",""coordinates"":[]}"
2022_11_09,32.304161655630956,32.394340847121015,19.82143082750369,0.09017919149005849,Ahmedabad,2022-11-09,"{""type"":""MultiPoint"",""coordinates"":[]}"
2022_11_17,31.907582114647063,31.976082754640327,16.857772231329896,0.06850063999326395,Ahmedabad,2022-11-17,"{""type"":""MultiPoint"",""coordinates"":[]}"
2022_11_25,30.295513934704786,30.334467069482738,16.993698516232772,0.0389531347779517,Ahmedabad,2022-11-25,"{""type"":""MultiPoint"",""coordinates"":[]}"
2022_12_03,28.936479538126527,29.394536346968582,17.428469654020205,0.4580568088420556,Ahmedabad,2022-12-03,"{""type"":""MultiPoint"",""coordinates"":[]}"
2022_12_11,30.13805074401768,30.67510086343747,19.435165653515096,0.5370501194197921,Ahmedabad,2022-12-11,"{""type"":""MultiPoint"",""coordinates"":[]}"
2022_12_19,28.31656486593369,29.008036150646383,15.044323714301733,0.6914712847126943,Ahmedabad,2022-12-19,"{""type"":""MultiPoint"",""coordinates"":[]}"
2022_12_27,26.681015669234235,27.27296479933382,14.914043047948526,0.5919491300995858,Ahmedabad,2022-12-27,"{""type"":""MultiPoint"",""coordinates"":[]}"
2023_01_01,24.828309108324248,25.759912417754176,14.870792421275034,0.9316033094299279,Ahmedabad,2023-01-01,"{""type"":""MultiPoint"",""coordinates"":[]}"
2023_01_09,25.149917582926044,26.02709036879266,14.582454609478367,0.8771727858666161,Ahmedabad,2023-01-09,"{""type"":""MultiPoint"",""coordinates"":[]}"
2023_01_17,24.459399912679245,25.988281322003292,12.900619896407468,1.5288814093240468,Ahmedabad,2023-01-17,"{""type"":""MultiPoint"",""coordinates"":[]}"
2023_01_25,24.61106971015497,25.630657990421042,14.973526166654166,1.019588280266074,Ahmedabad,2023-01-25,"{""type"":""MultiPoint"",""coordinates"":[]}"
2023_02_02,28.601229964067457,29.880142193954047,16.322365878324874,1.2789122298865898,Ahmedabad,2023-02-02,"{""type"":""MultiPoint"",""coordinates"":[]}"
2023_02_10,30.715010409651768,32.08592207776057,18.019909903187894,1.3709116681088034,Ahmedabad,2023-02-10,"{""type"":""MultiPoint"",""coordinates"":[]}"
2023_02_18,31.941701773707642,33.55702372580229,19.926598067883205,1.6153219520946465,Ahmedabad,2023-02-18,"{""type"":""MultiPoint"",""coordinates"":[]}"
2023_02_26,33.17364435039328,34.39649139532609,21.2921712134546,1.2228470449328057,Ahmedabad,2023-02-26,"{""type"":""MultiPoint"",""coordinates"":[]}"
2023_03_06,33.45709084985733,34.50340994027885,21.086755317167714,1.0463190904215196,Ahmedabad,2023-03-06,"{""type"":""MultiPoint"",""coordinates"":[]}"
2023_03_14,33.256832179816755,34.91424884442324,22.679876050223125,1.6574166646064867,Ahmedabad,2023-03-14,"{""type"":""MultiPoint"",""coordinates"":[]}"
2023_03_22,34.988323148784154,35.37107232826432,21.296445549006215,0.3827491794801645,Ahmedabad,2023-03-22,"{""type"":""MultiPoint"",""coordinates"":[]}"
2023_03_30,36.8481217873987,37.22981740474446,23.493291720638044,0.3816956173457555,Ahmedabad,2023-03-30,"{""type"":""MultiPoint"",""coordinates"":[]}"
2023_04_07,40.19430103312954,40.77637594097878,24.956687566877594,0.5820749078492398,Ahmedabad,2023-04-07,"{""type"":""MultiPoint"",""coordinates"":[]}"
2023_04_15,41.79594409795323,42.11491830244551,26.205026014061023,0.3189742044922781,Ahmedabad,2023-04-15,"{""type"":""MultiPoint"",""coordinates"":[]}"
2023_04_23,40.4047217357052,40.606003970907,23.1810231838841,0.2012822352017949,Ahmedabad,2023-04-23,"{""type"":""MultiPoint"",""coordinates"":[]}"
2023_05_01,39.80964824823535,40.07961009552043,27.43397535133954,0.26996184728508155,Ahmedabad,2023-05-01,"{""type"":""MultiPoint"",""coordinates"":[]}"
2023_05_09,45.585440472728465,45.595942992227386,28.89777860290118,0.010502519498921004,Ahmedabad,2023-05-09,"{""type"":""MultiPoint"",""coordinates"":[]}"
2023_05_17,44.11371087577525,43.58004472593922,29.455109496177236,-0.53366614983603,Ahmedabad,2023-05-17,"{""type"":""MultiPoint"",""coordinates"":[]}"
2023_05_25,41.06769840064482,39.22852329669383,27.26454311788294,-1.8391751039509927,Ahmedabad,2023-05-25,"{""type"":""MultiPoint"",""coordinates"":[]}"
2023_06_02,37.34347892863271,36.06669732072355,27.236621524992746,-1.2767816079091645,Ahmedabad,2023-06-02,"{""type"":""MultiPoint"",""coordinates"":[]}"
2023_06_10,37.49073987081624,38.009109831709495,25.594043401240057,0.5183699608932528,Ahmedabad,2023-06-10,"{""type"":""MultiPoint"",""coordinates"":[]}"
2023_06_18,35.13000000000004,,,,Ahmedabad,2023-06-18,"{""type"":""MultiPoint"",""coordinates"":[]}"
2023_06_26,,,,,Ahmedabad,2023-06-26,"{""type"":""MultiPoint"",""coordinates"":[]}"
2023_07_04,,,,,Ahmedabad,2023-07-04,"{""type"":""MultiPoint"",""coordinates"":[]}"
2023_07_12,,,,,Ahmedabad,2023-07-12,"{""type"":""MultiPoint"",""coordinates"":[]}"
2023_07_20,,,,,Ahmedabad,2023-07-20,"{""type"":""MultiPoint"",""coordinates"":[]}"
2023_07_28,,,,,Ahmedabad,2023-07-28,"{""type"":""MultiPoint"",""coordinates"":[]}"
2023_08_05,,,,,Ahmedabad,2023-08-05,"{""type"":""MultiPoint"",""coordinates"":[]}"
2023_08_13,,,,,Ahmedabad,2023-08-13,"{""type"":""MultiPoint"",""coordinates"":[]}"
2023_08_21,29.930114890741187,31.669754224270378,20.999261951797745,1.7396393335291904,Ahmedabad,2023-08-21,"{""type"":""MultiPoint"",""coordinates"":[]}"
2023_08_29,32.31453870029882,33.576368370097065,24.576779836198572,1.2618296697982458,Ahmedabad,2023-08-29,"{""type"":""MultiPoint"",""coordinates"":[]}"
2023_09_06,29.06434927128614,,,,Ahmedabad,2023-09-06,"{""type"":""MultiPoint"",""coordinates"":[]}"
2023_09_14,,,,,Ahmedabad,2023-09-14,"{""type"":""MultiPoint"",""coordinates"":[]}"
2023_09_22,30.986774120945427,32.09351723267268,25.488691258211244,1.1067431117272548,Ahmedabad,2023-09-22,"{""type"":""MultiPoint"",""coordinates"":[]}"
2023_09_30,31.40402766928022,32.48889196608607,25.038470228117518,1.0848642968058506,Ahmedabad,2023-09-30,"{""type"":""MultiPoint"",""coordinates"":[]}"
2023_10_08,33.11393879621223,33.51512467458762,25.34715919606179,0.40118587837538655,Ahmedabad,2023-10-08,"{""type"":""MultiPoint"",""coordinates"":[]}"
2023_10_16,33.85396516766952,34.21696228319946,23.847233053434675,0.36299711552993585,Ahmedabad,2023-10-16,"{""type"":""MultiPoint"",""coordinates"":[]}"
2023_10_24,33.83089452258372,33.98745092638499,22.009751495008484,0.15655640380126812,Ahmedabad,2023-10-24,"{""type"":""MultiPoint"",""coordinates"":[]}"
2023_11_01,33.12024220684689,33.2913484622422,21.53770309516358,0.17110625539530844,Ahmedabad,2023-11-01,"{""type"":""MultiPoint"",""coordinates"":[]}"
2023_11_09,32.53987678672498,32.660440844268365,19.95120995951368,0.12056405754338329,Ahmedabad,2023-11-09,"{""type"":""MultiPoint"",""coordinates"":[]}"
2023_11_17,30.6280754258927,30.589796625321295,20.269237407034964,-0.03827880057140476,Ahmedabad,2023-11-17,"{""type"":""MultiPoint"",""coordinates"":[]}"
2023_11_25,25.865013090052717,26.200556211271785,19.57816907642376,0.33554312121906804,Ahmedabad,2023-11-25,"{""type"":""MultiPoint"",""coordinates"":[]}"
2023_12_03,28.07359331868056,28.462171380038942,18.837967178364135,0.38857806135838047,Ahmedabad,2023-12-03,"{""type"":""MultiPoint"",""coordinates"":[]}"
2023_12_11,27.59461979343677,27.604839178660935,16.119860687071892,0.010219385224164768,Ahmedabad,2023-12-11,"{""type"":""MultiPoint"",""coordinates"":[]}"
2023_12_19,26.368500416641524,27.154449870067086,16.63561044298062,0.7859494534255624,Ahmedabad,2023-12-19,"{""type"":""MultiPoint"",""coordinates"":[]}"
2023_12_27,25.886533201175038,25.735356518538985,17.502379243720704,-0.1511766826360521,Ahmedabad,2023-12-27,"{""type"":""MultiPoint"",""coordinates"":[]}"
2024_01_01,24.177961987385707,24.541533029648676,16.218454518229002,0.36357104226296855,Ahmedabad,2024-01-01,"{""type"":""MultiPoint"",""coordinates"":[]}"
2024_01_09,25.97377875523307,26.719386972398492,16.919736224729206,0.7456082171654224,Ahmedabad,2024-01-09,"{""type"":""MultiPoint"",""coordinates"":[]}"
2024_01_17,23.978211378807675,25.05566189999682,14.36410869728957,1.0774505211891459,Ahmedabad,2024-01-17,"{""type"":""MultiPoint"",""coordinates"":[]}"
2024_01_25,25.192842726683814,26.326662384777205,15.396326421140346,1.1338196580933904,Ahmedabad,2024-01-25,"{""type"":""MultiPoint"",""coordinates"":[]}"
2024_02_02,27.410388249038974,28.7272817516669,18.159679609418358,1.3168935026279271,Ahmedabad,2024-02-02,"{""type"":""MultiPoint"",""coordinates"":[]}"
2024_02_10,27.631667724213397,29.232648578488956,19.371542695255,1.6009808542755586,Ahmedabad,2024-02-10,"{""type"":""MultiPoint"",""coordinates"":[]}"
2024_02_18,30.013183353234503,31.2772522069505,18.457920065556713,1.2640688537159974,Ahmedabad,2024-02-18,"{""type"":""MultiPoint"",""coordinates"":[]}"
2024_02_26,29.222723760248158,30.55046080857646,19.72440588762932,1.3277370483283022,Ahmedabad,2024-02-26,"{""type"":""MultiPoint"",""coordinates"":[]}"
2024_03_05,32.284545012689954,33.66517600323686,19.892494697220513,1.380630990546905,Ahmedabad,2024-03-05,"{""type"":""MultiPoint"",""coordinates"":[]}"
2024_03_13,33.86293968964125,34.98098676903764,21.572628808730546,1.1180470793963906,Ahmedabad,2024-03-13,"{""type"":""MultiPoint"",""coordinates"":[]}"
2024_03_21,36.68061532330515,37.59185298406829,24.778324028141377,0.9112376607631418,Ahmedabad,2024-03-21,"{""type"":""MultiPoint"",""coordinates"":[]}"
2024_03_29,35.91286673508679,36.89602627039934,24.569520966407026,0.9831595353125522,Ahmedabad,2024-03-29,"{""type"":""MultiPoint"",""coordinates"":[]}"
2024_04_06,37.70200177672822,38.55874632939772,25.255386433697677,0.8567445526695039,Ahmedabad,2024-04-06,"{""type"":""MultiPoint"",""coordinates"":[]}"
2024_04_14,40.330999051013364,41.375147970100336,27.781327006974774,1.0441489190869717,Ahmedabad,2024-04-14,"{""type"":""MultiPoint"",""coordinates"":[]}"
2024_04_22,40.93855802962957,41.69558046968292,27.46791833304903,0.7570224400533547,Ahmedabad,2024-04-22,"{""type"":""MultiPoint"",""coordinates"":[]}"
2024_04_30,42.32523352224471,42.995715443732536,27.553961246473076,0.670481921487827,Ahmedabad,2024-04-30,"{""type"":""MultiPoint"",""coordinates"":[]}"
2024_05_08,40.54806147970413,40.739940767741224,28.526791332852433,0.19187928803709298,Ahmedabad,2024-05-08,"{""type"":""MultiPoint"",""coordinates"":[]}"
2024_05_16,40.547473175372744,40.29338761345437,30.60809663641216,-0.25408556191837306,Ahmedabad,2024-05-16,"{""type"":""MultiPoint"",""coordinates"":[]}"
2024_05_24,38.98093704870883,38.42863060951664,29.561697172754172,-0.5523064391921935,Ahmedabad,2024-05-24,"{""type"":""MultiPoint"",""coordinates"":[]}"
2024_06_01,40.88415300216048,40.1106200212336,30.020531456556764,-0.7735329809268805,Ahmedabad,2024-06-01,"{""type"":""MultiPoint"",""coordinates"":[]}"
2024_06_09,40.26683623947155,39.180342557014086,29.41700873898856,-1.0864936824574656,Ahmedabad,2024-06-09,"{""type"":""MultiPoint"",""coordinates"":[]}"
2024_06_17,,,,,Ahmedabad,2024-06-17,"{""type"":""MultiPoint"",""coordinates"":[]}"
2024_06_25,,,,,Ahmedabad,2024-06-25,"{""type"":""MultiPoint"",""coordinates"":[]}"
2024_07_03,,,,,Ahmedabad,2024-07-03,"{""type"":""MultiPoint"",""coordinates"":[]}"
2024_07_11,,30.83000000000003,,,Ahmedabad,2024-07-11,"{""type"":""MultiPoint"",""coordinates"":[]}"
2024_07_19,,,,,Ahmedabad,2024-07-19,"{""type"":""MultiPoint"",""coordinates"":[]}"
2024_07_27,,,,,Ahmedabad,2024-07-27,"{""type"":""MultiPoint"",""coordinates"":[]}"
2024_08_04,,,,,Ahmedabad,2024-08-04,"{""type"":""MultiPoint"",""coordinates"":[]}"
2024_08_12,29.768761270090195,,,,Ahmedabad,2024-08-12,"{""type"":""MultiPoint"",""coordinates"":[]}"
2024_08_20,,,,,Ahmedabad,2024-08-20,"{""type"":""MultiPoint"",""coordinates"":[]}"
2024_08_28,26.99421052631582,,,,Ahmedabad,2024-08-28,"{""type"":""MultiPoint"",""coordinates"":[]}"
2024_09_05,27.711162867163566,,,,Ahmedabad,2024-09-05,"{""type"":""MultiPoint"",""coordinates"":[]}"
2024_09_13,28.995056227413166,29.06333333333337,24.883333333333344,0.06827710592020608,Ahmedabad,2024-09-13,"{""type"":""MultiPoint"",""coordinates"":[]}"
2024_09_21,28.87880253050161,,,,Ahmedabad,2024-09-21,"{""type"":""MultiPoint"",""coordinates"":[]}"
2024_09_29,29.628204162537124,30.3951112870742,25.53128242645417,0.7669071245370773,Ahmedabad,2024-09-29,"{""type"":""MultiPoint"",""coordinates"":[]}"
2024_10_07,31.33515348905487,32.03850146928271,26.20673757303407,0.7033479802278357,Ahmedabad,2024-10-07,"{""type"":""MultiPoint"",""coordinates"":[]}"
2024_10_15,30.86724440767169,30.99072381313017,25.883154541581913,0.12347940545847891,Ahmedabad,2024-10-15,"{""type"":""MultiPoint"",""coordinates"":[]}"
2024_10_23,33.138819455007656,33.48406207238959,25.11179169542632,0.34524261738193474,Ahmedabad,2024-10-23,"{""type"":""MultiPoint"",""coordinates"":[]}"
2024_10_31,33.21134539796559,33.5016211179363,23.79049754171729,0.29027571997071533,Ahmedabad,2024-10-31,"{""type"":""MultiPoint"",""coordinates"":[]}"
2024_11_08,31.701578730243217,31.85508948238727,21.945904373135175,0.1535107521440544,Ahmedabad,2024-11-08,"{""type"":""MultiPoint"",""coordinates"":[]}"
2024_11_16,29.000554485559487,29.046896817248467,18.55357717316912,0.0463423316889795,Ahmedabad,2024-11-16,"{""type"":""MultiPoint"",""coordinates"":[]}"
2024_11_24,27.62395909213764,27.798108364658123,16.806144714027194,0.1741492725204843,Ahmedabad,2024-11-24,"{""type"":""MultiPoint"",""coordinates"":[]}"
2024_12_02,26.966285143226006,27.17186219302367,16.53585549298714,0.20557704979766456,Ahmedabad,2024-12-02,"{""type"":""MultiPoint"",""coordinates"":[]}"
2024_12_10,24.69412433630125,24.83215506286167,13.738835177850993,0.13803072656041948,Ahmedabad,2024-12-10,"{""type"":""MultiPoint"",""coordinates"":[]}"
2024_12_18,25.09068002485247,25.41291366313492,16.199528976276483,0.322233638282448,Ahmedabad,2024-12-18,"{""type"":""MultiPoint"",""coordinates"":[]}"
2024_12_26,24.020134206783606,24.44346394171741,16.957033752626305,0.4233297349338052,Ahmedabad,2024-12-26,"{""type"":""MultiPoint"",""coordinates"":[]}"
