system:index,LST_Day_Rural,LST_Day_Urban,LST_Night_Urban,UHI_Index,city,date,.geo
2000_02_18,,,,,Bangalore,2000-02-18,"{""type"":""MultiPoint"",""coordinates"":[]}"
2000_02_26,35.87598004849194,34.45196188543528,16.521943501235675,-1.4240181630566582,Bangalore,2000-02-26,"{""type"":""MultiPoint"",""coordinates"":[]}"
2000_03_05,35.95859025543387,34.510552590200874,20.1528799057631,-1.4480376652329952,Bangalore,2000-03-05,"{""type"":""MultiPoint"",""coordinates"":[]}"
2000_03_13,37.50094294123541,36.24354083099391,21.81402555147921,-1.2574021102415003,Bangalore,2000-03-13,"{""type"":""MultiPoint"",""coordinates"":[]}"
2000_03_21,39.30726213808848,37.70397266753734,20.722138986292684,-1.6032894705511396,Bangalore,2000-03-21,"{""type"":""MultiPoint"",""coordinates"":[]}"
2000_03_29,39.05407647555322,37.96195593563068,21.249334821804734,-1.09212053992254,Bangalore,2000-03-29,"{""type"":""MultiPoint"",""coordinates"":[]}"
2000_04_06,39.311935661888974,38.181562055413615,21.683026594787894,-1.1303736064753593,Bangalore,2000-04-06,"{""type"":""MultiPoint"",""coordinates"":[]}"
2000_04_14,34.95806385364128,33.85142831042812,21.155698930188233,-1.1066355432131587,Bangalore,2000-04-14,"{""type"":""MultiPoint"",""coordinates"":[]}"
2000_04_22,36.99966770917576,36.16637471833703,21.228529568123182,-0.8332929908387285,Bangalore,2000-04-22,"{""type"":""MultiPoint"",""coordinates"":[]}"
2000_04_30,36.49120518684902,35.32254132147081,20.418263886054817,-1.168663865378214,Bangalore,2000-04-30,"{""type"":""MultiPoint"",""coordinates"":[]}"
2000_05_08,36.259524779812786,35.19642004380605,22.360888459284148,-1.0631047360067356,Bangalore,2000-05-08,"{""type"":""MultiPoint"",""coordinates"":[]}"
2000_05_16,34.799047979856525,33.429529041929264,21.974658351646806,-1.3695189379272605,Bangalore,2000-05-16,"{""type"":""MultiPoint"",""coordinates"":[]}"
2000_05_24,36.44668856141492,35.26966407536799,20.475781137755302,-1.1770244860469319,Bangalore,2000-05-24,"{""type"":""MultiPoint"",""coordinates"":[]}"
2000_06_01,32.680000000000035,,,,Bangalore,2000-06-01,"{""type"":""MultiPoint"",""coordinates"":[]}"
2000_06_09,31.012222222222263,,,,Bangalore,2000-06-09,"{""type"":""MultiPoint"",""coordinates"":[]}"
2000_06_17,33.18085255359282,31.511084416987643,18.022036217058073,-1.6697681366051782,Bangalore,2000-06-17,"{""type"":""MultiPoint"",""coordinates"":[]}"
2000_06_25,34.44088322148291,33.5054852421686,,-0.9353979793143168,Bangalore,2000-06-25,"{""type"":""MultiPoint"",""coordinates"":[]}"
2000_07_03,,,,,Bangalore,2000-07-03,"{""type"":""MultiPoint"",""coordinates"":[]}"
2000_07_11,29.647447118891357,28.660181311018157,,-0.9872658078732002,Bangalore,2000-07-11,"{""type"":""MultiPoint"",""coordinates"":[]}"
2000_07_19,35.40498466690409,34.04901181651627,16.983860914312665,-1.355972850387822,Bangalore,2000-07-19,"{""type"":""MultiPoint"",""coordinates"":[]}"
2000_07_27,31.823155506384282,31.242140659704535,20.867423341158876,-0.5810148466797465,Bangalore,2000-07-27,"{""type"":""MultiPoint"",""coordinates"":[]}"
2000_08_04,31.805573770491833,,,,Bangalore,2000-08-04,"{""type"":""MultiPoint"",""coordinates"":[]}"
2000_08_12,,,,,Bangalore,2000-08-12,"{""type"":""MultiPoint"",""coordinates"":[]}"
2000_08_20,,,,,Bangalore,2000-08-20,"{""type"":""MultiPoint"",""coordinates"":[]}"
2000_08_28,30.599771047674274,29.913732847135623,,-0.6860382005386505,Bangalore,2000-08-28,"{""type"":""MultiPoint"",""coordinates"":[]}"
2000_09_05,30.328386975238516,29.137979674987147,17.796032889209016,-1.190407300251369,Bangalore,2000-09-05,"{""type"":""MultiPoint"",""coordinates"":[]}"
2000_09_13,30.99475399690275,30.21898726715402,19.543353115727033,-0.7757667297487316,Bangalore,2000-09-13,"{""type"":""MultiPoint"",""coordinates"":[]}"
2000_09_21,29.023762272950446,28.88538855678909,18.357327070879624,-0.1383737161613574,Bangalore,2000-09-21,"{""type"":""MultiPoint"",""coordinates"":[]}"
2000_09_29,29.969407091363877,,,,Bangalore,2000-09-29,"{""type"":""MultiPoint"",""coordinates"":[]}"
2000_10_07,28.696576293759538,29.310000000000024,18.006363636363666,0.6134237062404857,Bangalore,2000-10-07,"{""type"":""MultiPoint"",""coordinates"":[]}"
2000_10_15,27.902242222196076,28.290945329685094,17.025636645962766,0.38870310748901815,Bangalore,2000-10-15,"{""type"":""MultiPoint"",""coordinates"":[]}"
2000_10_23,,,,,Bangalore,2000-10-23,"{""type"":""MultiPoint"",""coordinates"":[]}"
2000_10_31,28.436025694685068,28.4472320939017,19.121455232215766,0.01120639921663269,Bangalore,2000-10-31,"{""type"":""MultiPoint"",""coordinates"":[]}"
2000_11_08,28.63622887690953,28.93610253999288,17.90501812513148,0.29987366308334984,Bangalore,2000-11-08,"{""type"":""MultiPoint"",""coordinates"":[]}"
2000_11_16,27.68528336506839,27.23183151718361,15.549513254455618,-0.45345184788477866,Bangalore,2000-11-16,"{""type"":""MultiPoint"",""coordinates"":[]}"
2000_11_24,29.576556637812136,30.192855394853417,15.94947073818665,0.6162987570412817,Bangalore,2000-11-24,"{""type"":""MultiPoint"",""coordinates"":[]}"
2000_12_02,28.876157906419873,28.82537518212104,16.761027857433433,-0.050782724298834125,Bangalore,2000-12-02,"{""type"":""MultiPoint"",""coordinates"":[]}"
2000_12_10,29.319643256297635,29.15730443321827,14.55043086953446,-0.16233882307936653,Bangalore,2000-12-10,"{""type"":""MultiPoint"",""coordinates"":[]}"
2000_12_18,29.963450116156217,29.761505989761222,14.658330209654494,-0.20194412639499504,Bangalore,2000-12-18,"{""type"":""MultiPoint"",""coordinates"":[]}"
2000_12_26,29.161383158606693,28.364232318326206,17.32044992508727,-0.7971508402804872,Bangalore,2000-12-26,"{""type"":""MultiPoint"",""coordinates"":[]}"
2001_01_01,29.65495705840607,29.53004223985393,17.831095952965395,-0.12491481855213848,Bangalore,2001-01-01,"{""type"":""MultiPoint"",""coordinates"":[]}"
2001_01_09,30.679240672372213,30.576218157731276,18.174623592418996,-0.10302251464093715,Bangalore,2001-01-09,"{""type"":""MultiPoint"",""coordinates"":[]}"
2001_01_17,30.267798217091975,29.33681267160133,17.346275268540996,-0.9309855454906462,Bangalore,2001-01-17,"{""type"":""MultiPoint"",""coordinates"":[]}"
2001_01_25,31.22809321321437,30.304112027382683,18.25562145581262,-0.9239811858316855,Bangalore,2001-01-25,"{""type"":""MultiPoint"",""coordinates"":[]}"
2001_02_02,34.48948942092281,34.505316580502836,18.025422063863903,0.015827159580027228,Bangalore,2001-02-02,"{""type"":""MultiPoint"",""coordinates"":[]}"
2001_02_10,36.298265301010375,36.05827536091961,18.250047868529286,-0.23998994009076569,Bangalore,2001-02-10,"{""type"":""MultiPoint"",""coordinates"":[]}"
2001_02_18,36.82495125173856,36.52239266225948,20.922892879921463,-0.30255858947908365,Bangalore,2001-02-18,"{""type"":""MultiPoint"",""coordinates"":[]}"
2001_02_26,38.26581136276961,38.189649817265185,20.325510088380895,-0.07616154550442644,Bangalore,2001-02-26,"{""type"":""MultiPoint"",""coordinates"":[]}"
2001_03_06,35.850874728409956,35.52933413188695,21.383080306937497,-0.3215405965230076,Bangalore,2001-03-06,"{""type"":""MultiPoint"",""coordinates"":[]}"
2001_03_14,38.61346675606958,38.325341976451924,21.958325277051312,-0.2881247796176538,Bangalore,2001-03-14,"{""type"":""MultiPoint"",""coordinates"":[]}"
2001_03_22,40.19242030278595,39.69524325370472,22.238394959697494,-0.4971770490812304,Bangalore,2001-03-22,"{""type"":""MultiPoint"",""coordinates"":[]}"
2001_03_30,39.18864111188383,39.69741823922585,22.66938611983448,0.5087771273420145,Bangalore,2001-03-30,"{""type"":""MultiPoint"",""coordinates"":[]}"
2001_04_07,41.39523318702381,41.373607678148836,20.35574420990121,-0.021625508874976163,Bangalore,2001-04-07,"{""type"":""MultiPoint"",""coordinates"":[]}"
2001_04_15,33.43135352577644,32.81156164383566,20.40437671817237,-0.6197918819407775,Bangalore,2001-04-15,"{""type"":""MultiPoint"",""coordinates"":[]}"
2001_04_23,34.27994025555973,33.22633971441827,22.107183421715764,-1.0536005411414564,Bangalore,2001-04-23,"{""type"":""MultiPoint"",""coordinates"":[]}"
2001_05_01,35.49905525369962,35.31029331896112,22.334711137828844,-0.18876193473850122,Bangalore,2001-05-01,"{""type"":""MultiPoint"",""coordinates"":[]}"
2001_05_09,36.71146551724137,36.29116863234869,22.002561866105363,-0.4202968848926787,Bangalore,2001-05-09,"{""type"":""MultiPoint"",""coordinates"":[]}"
2001_05_17,37.81937790009676,36.48750697664773,21.896011121139544,-1.3318709234490314,Bangalore,2001-05-17,"{""type"":""MultiPoint"",""coordinates"":[]}"
2001_05_25,36.409127067815525,35.47925933936902,20.038581328984947,-0.9298677284465029,Bangalore,2001-05-25,"{""type"":""MultiPoint"",""coordinates"":[]}"
2001_06_02,36.065505466645554,34.70414634146344,,-1.361359125182112,Bangalore,2001-06-02,"{""type"":""MultiPoint"",""coordinates"":[]}"
2001_06_10,,,,,Bangalore,2001-06-10,"{""type"":""MultiPoint"",""coordinates"":[]}"
2001_06_26,,,,,Bangalore,2001-06-26,"{""type"":""MultiPoint"",""coordinates"":[]}"
2001_07_04,,,,,Bangalore,2001-07-04,"{""type"":""MultiPoint"",""coordinates"":[]}"
2001_07_12,28.015696047889595,27.80458885017425,,-0.21110719771534292,Bangalore,2001-07-12,"{""type"":""MultiPoint"",""coordinates"":[]}"
2001_07_20,29.994077548419195,28.758690963183373,,-1.2353865852358226,Bangalore,2001-07-20,"{""type"":""MultiPoint"",""coordinates"":[]}"
2001_07_28,,,,,Bangalore,2001-07-28,"{""type"":""MultiPoint"",""coordinates"":[]}"
2001_08_05,29.436569186875918,,,,Bangalore,2001-08-05,"{""type"":""MultiPoint"",""coordinates"":[]}"
2001_08_13,,,,,Bangalore,2001-08-13,"{""type"":""MultiPoint"",""coordinates"":[]}"
2001_08_21,29.230000000000018,,,,Bangalore,2001-08-21,"{""type"":""MultiPoint"",""coordinates"":[]}"
2001_08_29,34.901486109748326,33.44629057809102,19.551932577544108,-1.4551955316573029,Bangalore,2001-08-29,"{""type"":""MultiPoint"",""coordinates"":[]}"
2001_09_06,35.212369930344046,33.519085340301274,18.76864819136525,-1.6932845900427722,Bangalore,2001-09-06,"{""type"":""MultiPoint"",""coordinates"":[]}"
2001_09_14,,,,,Bangalore,2001-09-14,"{""type"":""MultiPoint"",""coordinates"":[]}"
2001_09_22,29.50407656492501,,,,Bangalore,2001-09-22,"{""type"":""MultiPoint"",""coordinates"":[]}"
2001_09_30,,,,,Bangalore,2001-09-30,"{""type"":""MultiPoint"",""coordinates"":[]}"
2001_10_08,,,,,Bangalore,2001-10-08,"{""type"":""MultiPoint"",""coordinates"":[]}"
2001_10_16,29.18766445793808,29.12661936313932,17.919137189141328,-0.06104509479876086,Bangalore,2001-10-16,"{""type"":""MultiPoint"",""coordinates"":[]}"
2001_10_24,28.29929270820913,28.786864021454278,18.646640458340986,0.487571313245148,Bangalore,2001-10-24,"{""type"":""MultiPoint"",""coordinates"":[]}"
2001_11_01,28.68252102029378,28.804465612368602,18.58255553130154,0.12194459207482211,Bangalore,2001-11-01,"{""type"":""MultiPoint"",""coordinates"":[]}"
2001_11_09,27.38994153731833,26.877482205382844,17.910590958975718,-0.5124593319354851,Bangalore,2001-11-09,"{""type"":""MultiPoint"",""coordinates"":[]}"
2001_11_17,27.326407929127846,27.164347852010867,18.93733670214354,-0.16206007711697978,Bangalore,2001-11-17,"{""type"":""MultiPoint"",""coordinates"":[]}"
2001_11_25,28.625461657149703,28.540951057414244,17.59551701503561,-0.08451059973545938,Bangalore,2001-11-25,"{""type"":""MultiPoint"",""coordinates"":[]}"
2001_12_03,29.978685206839327,29.488592743268814,15.333724661061998,-0.4900924635705124,Bangalore,2001-12-03,"{""type"":""MultiPoint"",""coordinates"":[]}"
2001_12_11,28.847749651088144,28.274245621460928,14.863641633415789,-0.573504029627216,Bangalore,2001-12-11,"{""type"":""MultiPoint"",""coordinates"":[]}"
2001_12_19,,,,,Bangalore,2001-12-19,"{""type"":""MultiPoint"",""coordinates"":[]}"
2001_12_27,27.355567333758323,27.3079182955172,17.812020109498956,-0.0476490382411221,Bangalore,2001-12-27,"{""type"":""MultiPoint"",""coordinates"":[]}"
2002_01_01,28.527912976485915,27.761047844494055,16.38431538601939,-0.7668651319918602,Bangalore,2002-01-01,"{""type"":""MultiPoint"",""coordinates"":[]}"
2002_01_09,30.04449481200279,29.742210871888112,15.66365443480327,-0.30228394011467685,Bangalore,2002-01-09,"{""type"":""MultiPoint"",""coordinates"":[]}"
2002_01_17,31.401461565010084,31.022025404365234,18.348772193035042,-0.3794361606448504,Bangalore,2002-01-17,"{""type"":""MultiPoint"",""coordinates"":[]}"
2002_01_25,30.009125573600087,29.026850461745806,17.800943787352008,-0.9822751118542818,Bangalore,2002-01-25,"{""type"":""MultiPoint"",""coordinates"":[]}"
2002_02_02,32.96584085003154,32.637193977889545,19.35983224560849,-0.32864687214199506,Bangalore,2002-02-02,"{""type"":""MultiPoint"",""coordinates"":[]}"
2002_02_10,33.85001722173697,33.22736403618552,19.288689373700652,-0.6226531855514494,Bangalore,2002-02-10,"{""type"":""MultiPoint"",""coordinates"":[]}"
2002_02_18,36.8703638393039,36.40032439455151,18.140785306835046,-0.4700394447523877,Bangalore,2002-02-18,"{""type"":""MultiPoint"",""coordinates"":[]}"
2002_02_26,37.91865827575953,37.15050101099745,20.31710673208321,-0.7681572647620811,Bangalore,2002-02-26,"{""type"":""MultiPoint"",""coordinates"":[]}"
2002_03_06,39.43284780589384,38.89631000716503,21.532859915950596,-0.5365377987288156,Bangalore,2002-03-06,"{""type"":""MultiPoint"",""coordinates"":[]}"
2002_03_14,38.481992314367304,37.39369512752972,20.79987743899558,-1.0882971868375861,Bangalore,2002-03-14,"{""type"":""MultiPoint"",""coordinates"":[]}"
2002_03_22,38.7622646582366,38.596242001581764,,-0.16602265665483884,Bangalore,2002-03-22,"{""type"":""MultiPoint"",""coordinates"":[]}"
2002_03_30,37.21349178124842,36.99973625056202,21.66212144890927,-0.21375553068639874,Bangalore,2002-03-30,"{""type"":""MultiPoint"",""coordinates"":[]}"
2002_04_07,39.607836314376804,39.708336415096475,21.720840924302088,0.10050010071967108,Bangalore,2002-04-07,"{""type"":""MultiPoint"",""coordinates"":[]}"
2002_04_15,41.643358176341735,40.790213690071596,22.19161196415325,-0.8531444862701392,Bangalore,2002-04-15,"{""type"":""MultiPoint"",""coordinates"":[]}"
2002_04_23,41.86975674600218,41.99853786198466,24.398715408055416,0.128781115982477,Bangalore,2002-04-23,"{""type"":""MultiPoint"",""coordinates"":[]}"
2002_05_01,38.096749680023514,37.669418355507794,22.093881977320308,-0.42733132451571976,Bangalore,2002-05-01,"{""type"":""MultiPoint"",""coordinates"":[]}"
2002_05_09,35.86872520146462,35.77643612144536,23.721853125923516,-0.09228908001926328,Bangalore,2002-05-09,"{""type"":""MultiPoint"",""coordinates"":[]}"
2002_05_17,35.84544386638592,30.94143523332392,19.925455290102416,-4.904008633062002,Bangalore,2002-05-17,"{""type"":""MultiPoint"",""coordinates"":[]}"
2002_05_25,31.937219421406613,30.899435439334205,,-1.0377839820724084,Bangalore,2002-05-25,"{""type"":""MultiPoint"",""coordinates"":[]}"
2002_06_02,34.47069512896335,32.06328363370867,20.790252853245235,-2.407411495254678,Bangalore,2002-06-02,"{""type"":""MultiPoint"",""coordinates"":[]}"
2002_06_10,,,,,Bangalore,2002-06-10,"{""type"":""MultiPoint"",""coordinates"":[]}"
2002_06_18,,25.21666666666668,,,Bangalore,2002-06-18,"{""type"":""MultiPoint"",""coordinates"":[]}"
2002_06_26,32.23452199415334,30.25543145065071,21.454755410341626,-1.979090543502629,Bangalore,2002-06-26,"{""type"":""MultiPoint"",""coordinates"":[]}"
2002_07_04,32.200419545852434,30.19168180030913,20.647674997028144,-2.0087377455433035,Bangalore,2002-07-04,"{""type"":""MultiPoint"",""coordinates"":[]}"
2002_07_12,,,,,Bangalore,2002-07-12,"{""type"":""MultiPoint"",""coordinates"":[]}"
2002_07_20,30.882008511487214,,,,Bangalore,2002-07-20,"{""type"":""MultiPoint"",""coordinates"":[]}"
2002_07_28,34.108000000000025,,,,Bangalore,2002-07-28,"{""type"":""MultiPoint"",""coordinates"":[]}"
2002_08_05,,,,,Bangalore,2002-08-05,"{""type"":""MultiPoint"",""coordinates"":[]}"
2002_08_13,32.05766084490226,,,,Bangalore,2002-08-13,"{""type"":""MultiPoint"",""coordinates"":[]}"
2002_08_21,30.981638704996865,31.471384759153878,19.91371038994141,0.48974605415701333,Bangalore,2002-08-21,"{""type"":""MultiPoint"",""coordinates"":[]}"
2002_08_29,35.117492998464215,34.018393104992185,18.682395380371283,-1.0990998934720295,Bangalore,2002-08-29,"{""type"":""MultiPoint"",""coordinates"":[]}"
2002_09_06,31.888871757494915,31.12162976898459,19.137156555230913,-0.7672419885103245,Bangalore,2002-09-06,"{""type"":""MultiPoint"",""coordinates"":[]}"
2002_09_14,32.243724693471364,33.49151782863228,,1.2477931351609186,Bangalore,2002-09-14,"{""type"":""MultiPoint"",""coordinates"":[]}"
2002_09_22,36.74757477525199,37.56565553979419,20.49121619232812,0.8180807645422021,Bangalore,2002-09-22,"{""type"":""MultiPoint"",""coordinates"":[]}"
2002_09_30,34.67421775817584,34.7015318446061,21.1867035630779,0.02731408643025901,Bangalore,2002-09-30,"{""type"":""MultiPoint"",""coordinates"":[]}"
2002_10_08,,,,,Bangalore,2002-10-08,"{""type"":""MultiPoint"",""coordinates"":[]}"
2002_10_16,32.52087162725847,31.174116067294374,16.283529411764736,-1.3467555599640981,Bangalore,2002-10-16,"{""type"":""MultiPoint"",""coordinates"":[]}"
2002_10_24,,,,,Bangalore,2002-10-24,"{""type"":""MultiPoint"",""coordinates"":[]}"
2002_11_01,28.020928547439382,28.12430267032542,18.182457772939614,0.10337412288603787,Bangalore,2002-11-01,"{""type"":""MultiPoint"",""coordinates"":[]}"
2002_11_09,28.721866321542656,27.51519287272296,18.0318872562003,-1.2066734488196964,Bangalore,2002-11-09,"{""type"":""MultiPoint"",""coordinates"":[]}"
2002_11_17,30.51129507120465,29.76416263299951,15.829003145145128,-0.7471324382051385,Bangalore,2002-11-17,"{""type"":""MultiPoint"",""coordinates"":[]}"
2002_11_25,32.61951873778545,31.696608601090563,15.903302166279683,-0.9229101366948846,Bangalore,2002-11-25,"{""type"":""MultiPoint"",""coordinates"":[]}"
2002_12_03,31.05030535261885,30.72273225700338,16.78240316577764,-0.3275730956154703,Bangalore,2002-12-03,"{""type"":""MultiPoint"",""coordinates"":[]}"
2002_12_11,29.834073350482566,28.789338572155824,15.4532796725206,-1.0447347783267418,Bangalore,2002-12-11,"{""type"":""MultiPoint"",""coordinates"":[]}"
2002_12_19,29.73423214377708,28.786899784258544,14.675738613340949,-0.947332359518537,Bangalore,2002-12-19,"{""type"":""MultiPoint"",""coordinates"":[]}"
2002_12_27,29.679807637018982,29.58978033722186,16.930856783485854,-0.09002729979712143,Bangalore,2002-12-27,"{""type"":""MultiPoint"",""coordinates"":[]}"
2003_01_01,31.073132431005483,30.6577862603503,18.043707778319007,-0.41534617065518376,Bangalore,2003-01-01,"{""type"":""MultiPoint"",""coordinates"":[]}"
2003_01_09,31.25764475560283,30.44716205110817,17.46347999634757,-0.8104827044946603,Bangalore,2003-01-09,"{""type"":""MultiPoint"",""coordinates"":[]}"
2003_01_17,32.44198753246537,31.511436564831463,18.405485662484935,-0.9305509676339057,Bangalore,2003-01-17,"{""type"":""MultiPoint"",""coordinates"":[]}"
2003_01_25,34.32485888197797,33.53697603926106,17.73532961481364,-0.787882842716904,Bangalore,2003-01-25,"{""type"":""MultiPoint"",""coordinates"":[]}"
2003_02_02,36.04624460260874,35.15847658260427,20.28270137699966,-0.8877680200044651,Bangalore,2003-02-02,"{""type"":""MultiPoint"",""coordinates"":[]}"
2003_02_10,37.384974242188804,36.468182012205936,21.651250476398623,-0.9167922299828675,Bangalore,2003-02-10,"{""type"":""MultiPoint"",""coordinates"":[]}"
2003_02_18,38.30072779675459,37.253740060901336,21.55875493506041,-1.046987735853257,Bangalore,2003-02-18,"{""type"":""MultiPoint"",""coordinates"":[]}"
2003_02_26,38.324199401389116,37.4087979665381,20.93036290097775,-0.9154014348510131,Bangalore,2003-02-26,"{""type"":""MultiPoint"",""coordinates"":[]}"
2003_03_06,38.98961653569701,38.179816390866925,21.97032058577661,-0.8098001448300849,Bangalore,2003-03-06,"{""type"":""MultiPoint"",""coordinates"":[]}"
2003_03_14,37.87389735693011,36.89277553143969,22.169744728017175,-0.981121825490419,Bangalore,2003-03-14,"{""type"":""MultiPoint"",""coordinates"":[]}"
2003_03_22,39.9182912700173,39.6343270211811,22.007015161408848,-0.28396424883619886,Bangalore,2003-03-22,"{""type"":""MultiPoint"",""coordinates"":[]}"
2003_03_30,36.339490647572326,36.394780344429094,21.83042447244142,0.05528969685676799,Bangalore,2003-03-30,"{""type"":""MultiPoint"",""coordinates"":[]}"
2003_04_07,38.2813315859695,38.261677954640646,22.593294728820343,-0.01965363132885045,Bangalore,2003-04-07,"{""type"":""MultiPoint"",""coordinates"":[]}"
2003_04_15,39.78267582415681,39.443920401028144,23.669079593650423,-0.33875542312866713,Bangalore,2003-04-15,"{""type"":""MultiPoint"",""coordinates"":[]}"
2003_04_23,39.873648883177694,38.67730566349827,23.29231141552999,-1.1963432196794272,Bangalore,2003-04-23,"{""type"":""MultiPoint"",""coordinates"":[]}"
2003_05_01,39.65082470888035,37.93947836554952,23.099629443946604,-1.7113463433308311,Bangalore,2003-05-01,"{""type"":""MultiPoint"",""coordinates"":[]}"
2003_05_09,39.08858872722754,37.97608928625187,21.991431932773143,-1.112499440975668,Bangalore,2003-05-09,"{""type"":""MultiPoint"",""coordinates"":[]}"
2003_05_17,39.16385647163646,38.42566757220227,23.435850898955252,-0.738188899434185,Bangalore,2003-05-17,"{""type"":""MultiPoint"",""coordinates"":[]}"
2003_05_25,41.30679790605136,39.7964821722912,24.088295430603974,-1.5103157337601587,Bangalore,2003-05-25,"{""type"":""MultiPoint"",""coordinates"":[]}"
2003_06_02,35.174007020695925,34.76480846334009,21.64453233297611,-0.4091985573558361,Bangalore,2003-06-02,"{""type"":""MultiPoint"",""coordinates"":[]}"
2003_06_10,32.52190658451967,33.063633350943796,22.268338216224038,0.5417267664241265,Bangalore,2003-06-10,"{""type"":""MultiPoint"",""coordinates"":[]}"
2003_06_18,,,,,Bangalore,2003-06-18,"{""type"":""MultiPoint"",""coordinates"":[]}"
2003_06_26,,,,,Bangalore,2003-06-26,"{""type"":""MultiPoint"",""coordinates"":[]}"
2003_07_04,,,,,Bangalore,2003-07-04,"{""type"":""MultiPoint"",""coordinates"":[]}"
2003_07_12,34.22241941595351,31.80218798151006,19.830278080903124,-2.4202314344434512,Bangalore,2003-07-12,"{""type"":""MultiPoint"",""coordinates"":[]}"
2003_07_20,,,,,Bangalore,2003-07-20,"{""type"":""MultiPoint"",""coordinates"":[]}"
2003_07_28,,,,,Bangalore,2003-07-28,"{""type"":""MultiPoint"",""coordinates"":[]}"
2003_08_05,,,,,Bangalore,2003-08-05,"{""type"":""MultiPoint"",""coordinates"":[]}"
2003_08_13,29.47890510948908,,,,Bangalore,2003-08-13,"{""type"":""MultiPoint"",""coordinates"":[]}"
2003_08_21,,,,,Bangalore,2003-08-21,"{""type"":""MultiPoint"",""coordinates"":[]}"
2003_08_29,28.033579277865027,28.80000000000003,,0.7664207221350026,Bangalore,2003-08-29,"{""type"":""MultiPoint"",""coordinates"":[]}"
2003_09_06,28.333937277806,26.88389010989014,18.150000000000034,-1.4500471679158622,Bangalore,2003-09-06,"{""type"":""MultiPoint"",""coordinates"":[]}"
2003_09_14,33.08477707910017,33.13293266456911,19.94461056605006,0.04815558546894039,Bangalore,2003-09-14,"{""type"":""MultiPoint"",""coordinates"":[]}"
2003_09_22,34.893918240397866,35.142078550255306,19.619794641915448,0.24816030985743964,Bangalore,2003-09-22,"{""type"":""MultiPoint"",""coordinates"":[]}"
2003_09_30,29.52763164136624,29.667980240648934,,0.14034859928269228,Bangalore,2003-09-30,"{""type"":""MultiPoint"",""coordinates"":[]}"
2003_10_08,29.663985182450972,29.32974934398622,19.162209972971255,-0.33423583846475324,Bangalore,2003-10-08,"{""type"":""MultiPoint"",""coordinates"":[]}"
2003_10_16,27.68329032258067,,,,Bangalore,2003-10-16,"{""type"":""MultiPoint"",""coordinates"":[]}"
2003_10_24,28.17625346247762,28.134228350993244,18.98596327747303,-0.04202511148437793,Bangalore,2003-10-24,"{""type"":""MultiPoint"",""coordinates"":[]}"
2003_11_01,29.70028386212509,29.588248586100924,19.655906957928856,-0.11203527602416585,Bangalore,2003-11-01,"{""type"":""MultiPoint"",""coordinates"":[]}"
2003_11_09,28.505066084569197,28.25337631276844,18.724599579063774,-0.2516897718007556,Bangalore,2003-11-09,"{""type"":""MultiPoint"",""coordinates"":[]}"
2003_11_17,28.30030846939615,27.810695685005435,17.810712513484404,-0.4896127843907152,Bangalore,2003-11-17,"{""type"":""MultiPoint"",""coordinates"":[]}"
2003_11_25,30.774337368130954,30.284742865390996,16.392218533487355,-0.4895945027399584,Bangalore,2003-11-25,"{""type"":""MultiPoint"",""coordinates"":[]}"
2003_12_03,30.9503887411922,30.21016957107296,15.790591968330416,-0.7402191701192393,Bangalore,2003-12-03,"{""type"":""MultiPoint"",""coordinates"":[]}"
2003_12_11,31.781775840439867,31.36569156289618,16.57819345387668,-0.4160842775436855,Bangalore,2003-12-11,"{""type"":""MultiPoint"",""coordinates"":[]}"
2003_12_19,28.557606428546997,28.020201599738865,18.249156056154135,-0.5374048288081319,Bangalore,2003-12-19,"{""type"":""MultiPoint"",""coordinates"":[]}"
2003_12_27,29.645411341155132,29.006587821935344,18.12113744872573,-0.6388235192197875,Bangalore,2003-12-27,"{""type"":""MultiPoint"",""coordinates"":[]}"
2004_01_01,28.47329289912528,27.12295241904082,16.478651504467646,-1.3503404800844585,Bangalore,2004-01-01,"{""type"":""MultiPoint"",""coordinates"":[]}"
2004_01_09,32.11577080408834,31.208988103153764,16.184553433513745,-0.9067827009345777,Bangalore,2004-01-09,"{""type"":""MultiPoint"",""coordinates"":[]}"
2004_01_17,33.53576214501238,32.72851162503732,18.168103283391815,-0.8072505199750566,Bangalore,2004-01-17,"{""type"":""MultiPoint"",""coordinates"":[]}"
2004_01_25,30.69579443457087,29.61529983375346,19.47887917627506,-1.08049460081741,Bangalore,2004-01-25,"{""type"":""MultiPoint"",""coordinates"":[]}"
2004_02_02,33.80779031249583,33.31317453357139,19.598497927563965,-0.494615778924441,Bangalore,2004-02-02,"{""type"":""MultiPoint"",""coordinates"":[]}"
2004_02_10,35.39329974061653,34.590903093388086,18.98259123700139,-0.8023966472284414,Bangalore,2004-02-10,"{""type"":""MultiPoint"",""coordinates"":[]}"
2004_02_18,37.548846794312524,36.55661887865922,20.11057160755646,-0.9922279156533023,Bangalore,2004-02-18,"{""type"":""MultiPoint"",""coordinates"":[]}"
2004_02_26,40.25801018599032,39.13086224266548,20.766760458750174,-1.127147943324843,Bangalore,2004-02-26,"{""type"":""MultiPoint"",""coordinates"":[]}"
2004_03_05,40.74349167611541,39.754299122410345,20.793799500988413,-0.9891925537050668,Bangalore,2004-03-05,"{""type"":""MultiPoint"",""coordinates"":[]}"
2004_03_13,41.20107646083072,40.18244606524347,21.056854649794946,-1.0186303955872518,Bangalore,2004-03-13,"{""type"":""MultiPoint"",""coordinates"":[]}"
2004_03_21,39.21491166969155,38.069219999080595,23.523846625359525,-1.1456916706109581,Bangalore,2004-03-21,"{""type"":""MultiPoint"",""coordinates"":[]}"
2004_03_29,35.408021139112456,35.14243416818532,20.00697124717384,-0.26558697092713857,Bangalore,2004-03-29,"{""type"":""MultiPoint"",""coordinates"":[]}"
2004_04_06,38.99069364918901,38.24640973766233,23.21568516398032,-0.7442839115266793,Bangalore,2004-04-06,"{""type"":""MultiPoint"",""coordinates"":[]}"
2004_04_14,41.03272645507065,39.97899701832763,23.17981071319321,-1.0537294367430192,Bangalore,2004-04-14,"{""type"":""MultiPoint"",""coordinates"":[]}"
2004_04_22,36.25719076052615,35.16778753272677,21.321974928659987,-1.0894032277993801,Bangalore,2004-04-22,"{""type"":""MultiPoint"",""coordinates"":[]}"
2004_04_30,38.83966857063859,38.364860820025434,23.116278102532295,-0.4748077506131523,Bangalore,2004-04-30,"{""type"":""MultiPoint"",""coordinates"":[]}"
2004_05_08,33.418145012793026,33.03230118048023,21.52689135584437,-0.3858438323127942,Bangalore,2004-05-08,"{""type"":""MultiPoint"",""coordinates"":[]}"
2004_05_16,33.81221501503331,32.58901460427137,20.36819671273035,-1.2232004107619403,Bangalore,2004-05-16,"{""type"":""MultiPoint"",""coordinates"":[]}"
2004_05_24,28.713892319873345,29.475697445972532,18.559980353634607,0.7618051260991869,Bangalore,2004-05-24,"{""type"":""MultiPoint"",""coordinates"":[]}"
2004_06_01,28.666908850726582,,,,Bangalore,2004-06-01,"{""type"":""MultiPoint"",""coordinates"":[]}"
2004_06_09,,,,,Bangalore,2004-06-09,"{""type"":""MultiPoint"",""coordinates"":[]}"
2004_06_17,31.616205073548137,29.6558899630367,20.338085828019036,-1.9603151105114378,Bangalore,2004-06-17,"{""type"":""MultiPoint"",""coordinates"":[]}"
2004_06_25,30.91430825163932,,,,Bangalore,2004-06-25,"{""type"":""MultiPoint"",""coordinates"":[]}"
2004_07_03,,,,,Bangalore,2004-07-03,"{""type"":""MultiPoint"",""coordinates"":[]}"
2004_07_11,30.445237614020197,29.134099642841033,20.286794835969406,-1.3111379711791642,Bangalore,2004-07-11,"{""type"":""MultiPoint"",""coordinates"":[]}"
2004_07_19,29.15423228518878,,,,Bangalore,2004-07-19,"{""type"":""MultiPoint"",""coordinates"":[]}"
2004_07_27,,,,,Bangalore,2004-07-27,"{""type"":""MultiPoint"",""coordinates"":[]}"
2004_08_04,28.39584376014588,27.929250275633994,,-0.4665934845118862,Bangalore,2004-08-04,"{""type"":""MultiPoint"",""coordinates"":[]}"
2004_08_12,26.57000000000005,,,,Bangalore,2004-08-12,"{""type"":""MultiPoint"",""coordinates"":[]}"
2004_08_20,31.3888294714057,28.96488376694038,18.366919576614922,-2.4239457044653214,Bangalore,2004-08-20,"{""type"":""MultiPoint"",""coordinates"":[]}"
2004_08_28,31.642855482295115,30.93769092180085,19.849655811070882,-0.7051645604942642,Bangalore,2004-08-28,"{""type"":""MultiPoint"",""coordinates"":[]}"
2004_09_05,28.84846113390137,28.72389069088554,,-0.12457044301583053,Bangalore,2004-09-05,"{""type"":""MultiPoint"",""coordinates"":[]}"
2004_09_13,29.5248659303255,27.41013864818027,,-2.114727282145232,Bangalore,2004-09-13,"{""type"":""MultiPoint"",""coordinates"":[]}"
2004_09_21,,,,,Bangalore,2004-09-21,"{""type"":""MultiPoint"",""coordinates"":[]}"
2004_09_29,30.52750751718726,30.97790953462625,14.958049835611726,0.45040201743898933,Bangalore,2004-09-29,"{""type"":""MultiPoint"",""coordinates"":[]}"
2004_10_07,28.99413902043561,28.694919525749143,20.06354240532861,-0.2992194946864686,Bangalore,2004-10-07,"{""type"":""MultiPoint"",""coordinates"":[]}"
2004_10_15,28.39073727173218,24.93492610837439,19.929901477832523,-3.45581116335779,Bangalore,2004-10-15,"{""type"":""MultiPoint"",""coordinates"":[]}"
2004_10_23,27.537575078440188,28.173068875326972,20.06126416739322,0.6354937968867844,Bangalore,2004-10-23,"{""type"":""MultiPoint"",""coordinates"":[]}"
2004_10_31,26.029502195384012,26.512193432816773,17.636689780419385,0.48269123743276054,Bangalore,2004-10-31,"{""type"":""MultiPoint"",""coordinates"":[]}"
2004_11_08,28.400542044030924,28.233560345974745,17.22002119142928,-0.1669816980561798,Bangalore,2004-11-08,"{""type"":""MultiPoint"",""coordinates"":[]}"
2004_11_16,28.561674704449167,28.70544795119875,17.05627495401502,0.14377324674958203,Bangalore,2004-11-16,"{""type"":""MultiPoint"",""coordinates"":[]}"
2004_11_24,28.25440887264618,27.73614074299669,15.597821359544447,-0.518268129649492,Bangalore,2004-11-24,"{""type"":""MultiPoint"",""coordinates"":[]}"
2004_12_02,29.101072779224257,28.682895000226342,16.160272646344353,-0.4181777789979151,Bangalore,2004-12-02,"{""type"":""MultiPoint"",""coordinates"":[]}"
2004_12_10,28.746793468696183,28.411422124674385,16.711501097413414,-0.335371344021798,Bangalore,2004-12-10,"{""type"":""MultiPoint"",""coordinates"":[]}"
2004_12_18,29.510878897523632,29.011481090517922,15.639820141694273,-0.49939780700571035,Bangalore,2004-12-18,"{""type"":""MultiPoint"",""coordinates"":[]}"
2004_12_26,30.128829228682957,29.403479383938194,16.8313408464482,-0.7253498447447626,Bangalore,2004-12-26,"{""type"":""MultiPoint"",""coordinates"":[]}"
2005_01_01,30.757736576119324,30.506277047408847,17.136323908245004,-0.25145952871047683,Bangalore,2005-01-01,"{""type"":""MultiPoint"",""coordinates"":[]}"
2005_01_09,31.39108418497863,30.782649805670236,16.348082820410138,-0.6084343793083953,Bangalore,2005-01-09,"{""type"":""MultiPoint"",""coordinates"":[]}"
2005_01_17,32.32586977625335,32.12132146613889,19.58925951145648,-0.20454831011446117,Bangalore,2005-01-17,"{""type"":""MultiPoint"",""coordinates"":[]}"
2005_01_25,32.72833610789347,31.947854187099164,18.91674173567811,-0.7804819207943048,Bangalore,2005-01-25,"{""type"":""MultiPoint"",""coordinates"":[]}"
2005_02_02,31.972050941161815,31.260701267641853,19.079960927051637,-0.7113496735199618,Bangalore,2005-02-02,"{""type"":""MultiPoint"",""coordinates"":[]}"
2005_02_10,37.06878645956833,36.34888149458441,18.100656820358978,-0.7199049649839182,Bangalore,2005-02-10,"{""type"":""MultiPoint"",""coordinates"":[]}"
2005_02_18,36.44894336928263,35.498390968514926,20.293995355963325,-0.9505524007677053,Bangalore,2005-02-18,"{""type"":""MultiPoint"",""coordinates"":[]}"
2005_02_26,39.38259977364023,38.33289613458279,20.64911473059216,-1.0497036390574408,Bangalore,2005-02-26,"{""type"":""MultiPoint"",""coordinates"":[]}"
2005_03_06,34.69348476124024,33.280991834141716,21.41088569347817,-1.4124929270985263,Bangalore,2005-03-06,"{""type"":""MultiPoint"",""coordinates"":[]}"
2005_03_14,39.7954228602919,39.10322309960418,21.673988609742363,-0.6921997606877213,Bangalore,2005-03-14,"{""type"":""MultiPoint"",""coordinates"":[]}"
2005_03_22,39.96871729464286,38.96587752046122,22.05367612972046,-1.0028397741816377,Bangalore,2005-03-22,"{""type"":""MultiPoint"",""coordinates"":[]}"
2005_03_30,39.28769088888044,37.8943330766531,19.33600000000003,-1.3933578122273431,Bangalore,2005-03-30,"{""type"":""MultiPoint"",""coordinates"":[]}"
2005_04_07,34.681014026497905,33.01478267534386,21.90444221026282,-1.666231351154046,Bangalore,2005-04-07,"{""type"":""MultiPoint"",""coordinates"":[]}"
2005_04_15,37.91210076556966,36.83588713626906,23.07105997224834,-1.0762136293006037,Bangalore,2005-04-15,"{""type"":""MultiPoint"",""coordinates"":[]}"
2005_04_23,35.741522760020025,34.86280223336227,22.684762677840823,-0.8787205266577587,Bangalore,2005-04-23,"{""type"":""MultiPoint"",""coordinates"":[]}"
2005_05_01,36.41309179133821,34.75515642472904,20.850566602108927,-1.6579353666091734,Bangalore,2005-05-01,"{""type"":""MultiPoint"",""coordinates"":[]}"
2005_05_09,34.56359935574591,33.92401048777068,21.595609148017303,-0.6395888679752275,Bangalore,2005-05-09,"{""type"":""MultiPoint"",""coordinates"":[]}"
2005_05_17,36.91845080557863,35.90983466178932,24.848312427904858,-1.008616143789311,Bangalore,2005-05-17,"{""type"":""MultiPoint"",""coordinates"":[]}"
2005_05_25,30.678923660104257,29.288679084274964,20.231893316654787,-1.3902445758292927,Bangalore,2005-05-25,"{""type"":""MultiPoint"",""coordinates"":[]}"
2005_06_02,34.54607833698934,31.93102759868798,21.852493034835742,-2.6150507383013597,Bangalore,2005-06-02,"{""type"":""MultiPoint"",""coordinates"":[]}"
2005_06_10,32.31634458727447,31.48096043720425,21.09076576105435,-0.8353841500702224,Bangalore,2005-06-10,"{""type"":""MultiPoint"",""coordinates"":[]}"
2005_06_18,33.510000000000026,35.920000000000044,19.910000000000025,2.410000000000018,Bangalore,2005-06-18,"{""type"":""MultiPoint"",""coordinates"":[]}"
2005_06_26,31.983263629574346,31.724802182810404,19.416666666666703,-0.2584614467639419,Bangalore,2005-06-26,"{""type"":""MultiPoint"",""coordinates"":[]}"
2005_07_04,29.18388648129499,29.88375000000003,,0.6998635187050404,Bangalore,2005-07-04,"{""type"":""MultiPoint"",""coordinates"":[]}"
2005_07_12,33.10148148148149,,,,Bangalore,2005-07-12,"{""type"":""MultiPoint"",""coordinates"":[]}"
2005_07_20,29.647777777777808,,,,Bangalore,2005-07-20,"{""type"":""MultiPoint"",""coordinates"":[]}"
2005_07_28,,,,,Bangalore,2005-07-28,"{""type"":""MultiPoint"",""coordinates"":[]}"
2005_08_05,25.17720467836261,,,,Bangalore,2005-08-05,"{""type"":""MultiPoint"",""coordinates"":[]}"
2005_08_13,,,,,Bangalore,2005-08-13,"{""type"":""MultiPoint"",""coordinates"":[]}"
2005_08_21,30.873239649316982,30.836008597703675,,-0.03723105161330764,Bangalore,2005-08-21,"{""type"":""MultiPoint"",""coordinates"":[]}"
2005_08_29,29.83160392360359,,,,Bangalore,2005-08-29,"{""type"":""MultiPoint"",""coordinates"":[]}"
2005_09_06,,,,,Bangalore,2005-09-06,"{""type"":""MultiPoint"",""coordinates"":[]}"
2005_09_14,29.016925111050977,28.735238058033982,19.57673000296891,-0.28168705301699504,Bangalore,2005-09-14,"{""type"":""MultiPoint"",""coordinates"":[]}"
2005_09_22,32.05302456568421,31.88920934125467,19.963266101494767,-0.16381522442954122,Bangalore,2005-09-22,"{""type"":""MultiPoint"",""coordinates"":[]}"
2005_09_30,28.385873471677,28.315325655281995,19.41057324840767,-0.07054781639500618,Bangalore,2005-09-30,"{""type"":""MultiPoint"",""coordinates"":[]}"
2005_10_08,28.031044215037,28.79168045770492,19.71671192316028,0.7606362426679212,Bangalore,2005-10-08,"{""type"":""MultiPoint"",""coordinates"":[]}"
2005_10_16,27.741352071722826,28.635024814905247,,0.893672743182421,Bangalore,2005-10-16,"{""type"":""MultiPoint"",""coordinates"":[]}"
2005_10_24,28.10888290145732,28.27867511028892,,0.1697922088315984,Bangalore,2005-10-24,"{""type"":""MultiPoint"",""coordinates"":[]}"
2005_11_01,22.58454545454549,,,,Bangalore,2005-11-01,"{""type"":""MultiPoint"",""coordinates"":[]}"
2005_11_09,27.536292672644915,27.844497974485233,17.97873608898955,0.30820530184031725,Bangalore,2005-11-09,"{""type"":""MultiPoint"",""coordinates"":[]}"
2005_11_17,26.274595290517617,25.64000909764995,14.619694939498027,-0.6345861928676655,Bangalore,2005-11-17,"{""type"":""MultiPoint"",""coordinates"":[]}"
2005_11_25,25.794508030767716,26.476353601176406,15.937263790828666,0.6818455704086901,Bangalore,2005-11-25,"{""type"":""MultiPoint"",""coordinates"":[]}"
2005_12_03,26.820751372246153,26.45750937998799,16.984656619887676,-0.363241992258164,Bangalore,2005-12-03,"{""type"":""MultiPoint"",""coordinates"":[]}"
2005_12_11,27.339884828321217,27.184196333517914,16.010013456374136,-0.1556884948033037,Bangalore,2005-12-11,"{""type"":""MultiPoint"",""coordinates"":[]}"
2005_12_19,27.3103451673717,27.73565484302828,17.37792276241365,0.4253096756565782,Bangalore,2005-12-19,"{""type"":""MultiPoint"",""coordinates"":[]}"
2005_12_27,27.905767321107184,27.633796585830346,16.252641220818052,-0.2719707352768381,Bangalore,2005-12-27,"{""type"":""MultiPoint"",""coordinates"":[]}"
2006_01_01,28.04437818379135,27.797335661638733,17.421468332190646,-0.2470425221526149,Bangalore,2006-01-01,"{""type"":""MultiPoint"",""coordinates"":[]}"
2006_01_09,29.865712680954235,29.76009541333729,18.08200150924677,-0.10561726761694601,Bangalore,2006-01-09,"{""type"":""MultiPoint"",""coordinates"":[]}"
2006_01_17,32.86665175807632,32.370650050112914,17.25240582321798,-0.4960017079634085,Bangalore,2006-01-17,"{""type"":""MultiPoint"",""coordinates"":[]}"
2006_01_25,31.077109700651,30.619494677032296,16.91561752579439,-0.457615023618704,Bangalore,2006-01-25,"{""type"":""MultiPoint"",""coordinates"":[]}"
2006_02_02,32.251229363087,31.74779388657269,16.157895602438696,-0.5034354765143085,Bangalore,2006-02-02,"{""type"":""MultiPoint"",""coordinates"":[]}"
2006_02_10,34.08645056840431,33.66650132883448,16.944897783920872,-0.41994923956983143,Bangalore,2006-02-10,"{""type"":""MultiPoint"",""coordinates"":[]}"
2006_02_18,36.55931425490924,36.10371626164637,17.00514602470065,-0.4555979932628702,Bangalore,2006-02-18,"{""type"":""MultiPoint"",""coordinates"":[]}"
2006_02_26,34.9555789133379,34.99887191259034,20.80187240562164,0.04329299925243646,Bangalore,2006-02-26,"{""type"":""MultiPoint"",""coordinates"":[]}"
2006_03_06,32.45292992478422,32.16977645050315,20.102150133102267,-0.28315347428107174,Bangalore,2006-03-06,"{""type"":""MultiPoint"",""coordinates"":[]}"
2006_03_14,34.1663858266186,33.63729057333183,21.038470699491917,-0.5290952532867692,Bangalore,2006-03-14,"{""type"":""MultiPoint"",""coordinates"":[]}"
2006_03_22,37.01929883558337,35.82254957777789,21.84783985233548,-1.1967492578054788,Bangalore,2006-03-22,"{""type"":""MultiPoint"",""coordinates"":[]}"
2006_03_30,37.27938577152461,36.62760620294972,23.08572654919903,-0.651779568574888,Bangalore,2006-03-30,"{""type"":""MultiPoint"",""coordinates"":[]}"
2006_04_07,38.43167482506132,37.41115185581273,21.94998803845945,-1.0205229692485887,Bangalore,2006-04-07,"{""type"":""MultiPoint"",""coordinates"":[]}"
2006_04_15,38.57173227231204,37.805961832605576,19.754070609826805,-0.7657704397064649,Bangalore,2006-04-15,"{""type"":""MultiPoint"",""coordinates"":[]}"
2006_04_23,38.1663807967406,37.446915071322316,21.161691486884628,-0.7194657254182815,Bangalore,2006-04-23,"{""type"":""MultiPoint"",""coordinates"":[]}"
2006_05_01,38.35883567071063,36.72765709787165,23.437178283240126,-1.6311785728389836,Bangalore,2006-05-01,"{""type"":""MultiPoint"",""coordinates"":[]}"
2006_05_09,35.18121193826364,33.61563541725199,18.017328373669866,-1.56557652101165,Bangalore,2006-05-09,"{""type"":""MultiPoint"",""coordinates"":[]}"
2006_05_17,32.34719151552695,30.844466584040436,21.419573054123962,-1.5027249314865152,Bangalore,2006-05-17,"{""type"":""MultiPoint"",""coordinates"":[]}"
2006_05_25,,,,,Bangalore,2006-05-25,"{""type"":""MultiPoint"",""coordinates"":[]}"
2006_06_02,33.938656715759755,32.52220368554177,19.91112379807695,-1.416453030217987,Bangalore,2006-06-02,"{""type"":""MultiPoint"",""coordinates"":[]}"
2006_06_10,34.06849871180633,32.20556311407097,21.737697449842997,-1.8629355977353583,Bangalore,2006-06-10,"{""type"":""MultiPoint"",""coordinates"":[]}"
2006_06_18,30.272549088359117,29.780468482050377,,-0.49208060630873973,Bangalore,2006-06-18,"{""type"":""MultiPoint"",""coordinates"":[]}"
2006_06_26,,,,,Bangalore,2006-06-26,"{""type"":""MultiPoint"",""coordinates"":[]}"
2006_07_04,29.935848119233533,29.385305674191613,20.37478828554,-0.5505424450419198,Bangalore,2006-07-04,"{""type"":""MultiPoint"",""coordinates"":[]}"
2006_07_12,26.51979650450074,25.53910678115999,17.222634085408718,-0.980689723340749,Bangalore,2006-07-12,"{""type"":""MultiPoint"",""coordinates"":[]}"
2006_07_20,31.28691063485648,,,,Bangalore,2006-07-20,"{""type"":""MultiPoint"",""coordinates"":[]}"
2006_07_28,,,,,Bangalore,2006-07-28,"{""type"":""MultiPoint"",""coordinates"":[]}"
2006_08_05,,,,,Bangalore,2006-08-05,"{""type"":""MultiPoint"",""coordinates"":[]}"
2006_08_13,31.119883221119125,29.105238095238136,19.953809523809554,-2.014645125880989,Bangalore,2006-08-13,"{""type"":""MultiPoint"",""coordinates"":[]}"
2006_08_21,30.56961243021647,29.596301706827333,,-0.9733107233891367,Bangalore,2006-08-21,"{""type"":""MultiPoint"",""coordinates"":[]}"
2006_08_29,36.09738546149423,34.989888692167284,,-1.1074967693269429,Bangalore,2006-08-29,"{""type"":""MultiPoint"",""coordinates"":[]}"
2006_09_06,34.09582930328174,33.44698599688823,21.384178706379224,-0.6488433063935091,Bangalore,2006-09-06,"{""type"":""MultiPoint"",""coordinates"":[]}"
2006_09_14,,,,,Bangalore,2006-09-14,"{""type"":""MultiPoint"",""coordinates"":[]}"
2006_09_22,34.01173699852856,34.165423705130955,,0.15368670660239303,Bangalore,2006-09-22,"{""type"":""MultiPoint"",""coordinates"":[]}"
2006_09_30,32.754284739185145,31.747330840871943,19.61963381097123,-1.0069538983132027,Bangalore,2006-09-30,"{""type"":""MultiPoint"",""coordinates"":[]}"
2006_10_08,31.00766728096318,31.130720864512735,19.58856286963232,0.12305358354955587,Bangalore,2006-10-08,"{""type"":""MultiPoint"",""coordinates"":[]}"
2006_10_16,32.419593599269426,32.10881127101142,19.905587983409223,-0.3107823282580071,Bangalore,2006-10-16,"{""type"":""MultiPoint"",""coordinates"":[]}"
2006_10_24,,,,,Bangalore,2006-10-24,"{""type"":""MultiPoint"",""coordinates"":[]}"
2006_11_01,28.323701392532172,28.694709044169254,,0.3710076516370826,Bangalore,2006-11-01,"{""type"":""MultiPoint"",""coordinates"":[]}"
2006_11_09,30.22708988565543,30.51655668485364,18.592662585364124,0.28946679919820895,Bangalore,2006-11-09,"{""type"":""MultiPoint"",""coordinates"":[]}"
2006_11_17,30.01126592653213,29.70885285602639,17.945686844335853,-0.3024130705057395,Bangalore,2006-11-17,"{""type"":""MultiPoint"",""coordinates"":[]}"
2006_11_25,29.694415348353118,29.734690035870496,17.912902922356537,0.04027468751737828,Bangalore,2006-11-25,"{""type"":""MultiPoint"",""coordinates"":[]}"
2006_12_03,30.31050724088712,30.206336104421645,16.350659207492768,-0.10417113646547449,Bangalore,2006-12-03,"{""type"":""MultiPoint"",""coordinates"":[]}"
2006_12_11,28.677608714660426,28.39480318069649,16.802226816561596,-0.2828055339639377,Bangalore,2006-12-11,"{""type"":""MultiPoint"",""coordinates"":[]}"
2006_12_19,29.504500055081916,29.212970298045185,15.693466185309049,-0.2915297570367308,Bangalore,2006-12-19,"{""type"":""MultiPoint"",""coordinates"":[]}"
2006_12_27,30.473673731942252,29.438779046868884,15.744387968740332,-1.0348946850733682,Bangalore,2006-12-27,"{""type"":""MultiPoint"",""coordinates"":[]}"
2007_01_01,31.0580598030958,30.538804304077374,16.367517513335642,-0.5192554990184277,Bangalore,2007-01-01,"{""type"":""MultiPoint"",""coordinates"":[]}"
2007_01_09,30.63016972148183,30.084054388133517,17.26475026712202,-0.5461153333483146,Bangalore,2007-01-09,"{""type"":""MultiPoint"",""coordinates"":[]}"
2007_01_17,32.66285747200121,31.450479053087676,17.46593292013022,-1.2123784189135307,Bangalore,2007-01-17,"{""type"":""MultiPoint"",""coordinates"":[]}"
2007_01_25,33.03604934665262,32.0228904631982,18.450978877243898,-1.013158883454416,Bangalore,2007-01-25,"{""type"":""MultiPoint"",""coordinates"":[]}"
2007_02_02,35.663119930803916,34.843949071815466,18.251242374100382,-0.8191708589884499,Bangalore,2007-02-02,"{""type"":""MultiPoint"",""coordinates"":[]}"
2007_02_10,34.01555028419207,32.93085712426948,19.204925564097298,-1.0846931599225869,Bangalore,2007-02-10,"{""type"":""MultiPoint"",""coordinates"":[]}"
2007_02_18,35.750550277449946,35.3620315503965,19.511740260010235,-0.3885187270534445,Bangalore,2007-02-18,"{""type"":""MultiPoint"",""coordinates"":[]}"
2007_02_26,38.4855224933519,37.49592116218609,21.405007278986975,-0.9896013311658081,Bangalore,2007-02-26,"{""type"":""MultiPoint"",""coordinates"":[]}"
2007_03_06,39.36851301959231,38.49380244063163,21.725861857597536,-0.8747105789606735,Bangalore,2007-03-06,"{""type"":""MultiPoint"",""coordinates"":[]}"
2007_03_14,40.25150625955684,39.09212696022065,22.761718786571333,-1.1593792993361944,Bangalore,2007-03-14,"{""type"":""MultiPoint"",""coordinates"":[]}"
2007_03_22,41.68005470064858,40.648413263479576,23.19252562790256,-1.0316414371690072,Bangalore,2007-03-22,"{""type"":""MultiPoint"",""coordinates"":[]}"
2007_03_30,41.80622756614307,40.56225832486254,23.276922546470647,-1.2439692412805314,Bangalore,2007-03-30,"{""type"":""MultiPoint"",""coordinates"":[]}"
2007_04_07,41.3269246688358,40.47810423459598,22.307267170610533,-0.8488204342398191,Bangalore,2007-04-07,"{""type"":""MultiPoint"",""coordinates"":[]}"
2007_04_15,34.58959708640495,34.40575077810942,22.435498450871048,-0.18384630829552862,Bangalore,2007-04-15,"{""type"":""MultiPoint"",""coordinates"":[]}"
2007_04_23,36.877597667298524,35.8500963787117,23.546800368506904,-1.0275012885868264,Bangalore,2007-04-23,"{""type"":""MultiPoint"",""coordinates"":[]}"
2007_05_01,34.62345708491732,33.24327672984496,22.986313268117108,-1.380180355072362,Bangalore,2007-05-01,"{""type"":""MultiPoint"",""coordinates"":[]}"
2007_05_09,37.40036441890233,36.346264101663145,23.03388914820972,-1.0541003172391825,Bangalore,2007-05-09,"{""type"":""MultiPoint"",""coordinates"":[]}"
2007_05_17,38.115112541506456,36.63903188505851,22.795974054230488,-1.476080656447948,Bangalore,2007-05-17,"{""type"":""MultiPoint"",""coordinates"":[]}"
2007_05_25,35.74392526949207,34.39092355980039,21.851665128747445,-1.353001709691675,Bangalore,2007-05-25,"{""type"":""MultiPoint"",""coordinates"":[]}"
2007_06_02,34.533432337206406,31.875420894760403,,-2.6580114424460035,Bangalore,2007-06-02,"{""type"":""MultiPoint"",""coordinates"":[]}"
2007_06_10,33.81239398221821,32.05596407624637,,-1.7564299059718422,Bangalore,2007-06-10,"{""type"":""MultiPoint"",""coordinates"":[]}"
2007_06_18,,,,,Bangalore,2007-06-18,"{""type"":""MultiPoint"",""coordinates"":[]}"
2007_06_26,,,,,Bangalore,2007-06-26,"{""type"":""MultiPoint"",""coordinates"":[]}"
2007_07_04,,,,,Bangalore,2007-07-04,"{""type"":""MultiPoint"",""coordinates"":[]}"
2007_07_12,29.009673659673687,,,,Bangalore,2007-07-12,"{""type"":""MultiPoint"",""coordinates"":[]}"
2007_07_20,,,,,Bangalore,2007-07-20,"{""type"":""MultiPoint"",""coordinates"":[]}"
2007_07_28,,,,,Bangalore,2007-07-28,"{""type"":""MultiPoint"",""coordinates"":[]}"
2007_08_05,,,,,Bangalore,2007-08-05,"{""type"":""MultiPoint"",""coordinates"":[]}"
2007_08_13,32.42877110634765,30.593576308526842,21.095504841165827,-1.8351947978208045,Bangalore,2007-08-13,"{""type"":""MultiPoint"",""coordinates"":[]}"
2007_08_21,,,,,Bangalore,2007-08-21,"{""type"":""MultiPoint"",""coordinates"":[]}"
2007_08_29,,,,,Bangalore,2007-08-29,"{""type"":""MultiPoint"",""coordinates"":[]}"
2007_09_06,29.821324920517235,29.4648330210964,19.16390767149543,-0.3564918994208348,Bangalore,2007-09-06,"{""type"":""MultiPoint"",""coordinates"":[]}"
2007_09_14,27.660000000000036,,,,Bangalore,2007-09-14,"{""type"":""MultiPoint"",""coordinates"":[]}"
2007_09_22,30.2215006759802,,,,Bangalore,2007-09-22,"{""type"":""MultiPoint"",""coordinates"":[]}"
2007_09_30,30.973139239464757,31.19136283427637,19.374144049648216,0.21822359481161158,Bangalore,2007-09-30,"{""type"":""MultiPoint"",""coordinates"":[]}"
2007_10_08,32.3435912418688,31.831957928973477,19.363042968626296,-0.5116333128953237,Bangalore,2007-10-08,"{""type"":""MultiPoint"",""coordinates"":[]}"
2007_10_16,30.817822074911764,31.340014470169226,,0.5221923952574627,Bangalore,2007-10-16,"{""type"":""MultiPoint"",""coordinates"":[]}"
2007_10_24,,,,,Bangalore,2007-10-24,"{""type"":""MultiPoint"",""coordinates"":[]}"
2007_11_01,28.50096355157672,27.973733380896146,18.864775674611145,-0.5272301706805749,Bangalore,2007-11-01,"{""type"":""MultiPoint"",""coordinates"":[]}"
2007_11_09,28.181245234329396,28.207825845527417,16.81392526247596,0.02658061119802113,Bangalore,2007-11-09,"{""type"":""MultiPoint"",""coordinates"":[]}"
2007_11_17,29.37594167338572,29.214418336252375,15.269570244085195,-0.161523337133346,Bangalore,2007-11-17,"{""type"":""MultiPoint"",""coordinates"":[]}"
2007_11_25,29.070714392097464,28.842622568744094,17.053490870705833,-0.22809182335337042,Bangalore,2007-11-25,"{""type"":""MultiPoint"",""coordinates"":[]}"
2007_12_03,27.85435710387791,27.773142307548895,16.334726249660342,-0.0812147963290144,Bangalore,2007-12-03,"{""type"":""MultiPoint"",""coordinates"":[]}"
2007_12_11,28.095199830368117,27.762236320260158,16.73824375853652,-0.3329635101079589,Bangalore,2007-12-11,"{""type"":""MultiPoint"",""coordinates"":[]}"
2007_12_19,28.440335217816184,28.266999591408215,14.880511877608678,-0.17333562640796885,Bangalore,2007-12-19,"{""type"":""MultiPoint"",""coordinates"":[]}"
2007_12_27,28.29907911808163,27.548477447836888,16.88854105314918,-0.7506016702447411,Bangalore,2007-12-27,"{""type"":""MultiPoint"",""coordinates"":[]}"
2008_01_01,27.945645160135324,27.474327317706887,16.0131852975122,-0.4713178424284372,Bangalore,2008-01-01,"{""type"":""MultiPoint"",""coordinates"":[]}"
2008_01_09,31.555529997628657,30.77308398884046,16.7244465035705,-0.7824460087881953,Bangalore,2008-01-09,"{""type"":""MultiPoint"",""coordinates"":[]}"
2008_01_17,31.128524265174242,30.459655461283464,16.837049022061773,-0.6688688038907777,Bangalore,2008-01-17,"{""type"":""MultiPoint"",""coordinates"":[]}"
2008_01_25,30.2909151118933,29.878540080894304,18.12224030489297,-0.41237503099899797,Bangalore,2008-01-25,"{""type"":""MultiPoint"",""coordinates"":[]}"
2008_02_02,30.609647454482257,29.80365391212866,19.85385495048379,-0.8059935423535975,Bangalore,2008-02-02,"{""type"":""MultiPoint"",""coordinates"":[]}"
2008_02_10,32.61224364263973,31.58951558787982,19.69547732672038,-1.022728054759913,Bangalore,2008-02-10,"{""type"":""MultiPoint"",""coordinates"":[]}"
2008_02_18,34.92377928941639,34.045013440791955,19.824714643603087,-0.8787658486244325,Bangalore,2008-02-18,"{""type"":""MultiPoint"",""coordinates"":[]}"
2008_02_26,37.3079771285276,36.17287932962022,19.564120076142956,-1.135097798907374,Bangalore,2008-02-26,"{""type"":""MultiPoint"",""coordinates"":[]}"
2008_03_05,36.79483559267093,35.94434039930218,18.320820857319017,-0.8504951933687508,Bangalore,2008-03-05,"{""type"":""MultiPoint"",""coordinates"":[]}"
2008_03_13,34.226727150132255,34.122920864938315,20.469360189573482,-0.10380628519394008,Bangalore,2008-03-13,"{""type"":""MultiPoint"",""coordinates"":[]}"
2008_03_21,30.529023524760127,30.345152608403435,19.740703705872047,-0.1838709163566925,Bangalore,2008-03-21,"{""type"":""MultiPoint"",""coordinates"":[]}"
2008_03_29,30.381081214515003,29.15185059608447,14.942877118251722,-1.2292306184305346,Bangalore,2008-03-29,"{""type"":""MultiPoint"",""coordinates"":[]}"
2008_04_06,36.71855335589829,36.001041173490975,21.268774408964557,-0.7175121824073116,Bangalore,2008-04-06,"{""type"":""MultiPoint"",""coordinates"":[]}"
2008_04_14,38.335842136282416,37.38103164775385,22.099792838147867,-0.9548104885285653,Bangalore,2008-04-14,"{""type"":""MultiPoint"",""coordinates"":[]}"
2008_04_22,37.69815373733571,36.72010616918054,23.117919449463102,-0.9780475681551692,Bangalore,2008-04-22,"{""type"":""MultiPoint"",""coordinates"":[]}"
2008_04_30,35.96217437267987,34.807377098713864,22.36317936890028,-1.154797273966004,Bangalore,2008-04-30,"{""type"":""MultiPoint"",""coordinates"":[]}"
2008_05_08,36.075108821124466,35.54069002620489,22.71896514088316,-0.5344187949195742,Bangalore,2008-05-08,"{""type"":""MultiPoint"",""coordinates"":[]}"
2008_05_16,36.299936548494514,34.97288493544356,21.10082933002135,-1.3270516130509549,Bangalore,2008-05-16,"{""type"":""MultiPoint"",""coordinates"":[]}"
2008_05_24,32.823458256917334,32.219254011428134,,-0.6042042454891998,Bangalore,2008-05-24,"{""type"":""MultiPoint"",""coordinates"":[]}"
2008_06_01,33.606492021835116,31.919815343593772,20.990326591102484,-1.6866766782413443,Bangalore,2008-06-01,"{""type"":""MultiPoint"",""coordinates"":[]}"
2008_06_09,,,,,Bangalore,2008-06-09,"{""type"":""MultiPoint"",""coordinates"":[]}"
2008_06_17,,,,,Bangalore,2008-06-17,"{""type"":""MultiPoint"",""coordinates"":[]}"
2008_06_25,31.930000000000007,,,,Bangalore,2008-06-25,"{""type"":""MultiPoint"",""coordinates"":[]}"
2008_07_03,31.739252359662235,,,,Bangalore,2008-07-03,"{""type"":""MultiPoint"",""coordinates"":[]}"
2008_07_11,35.49282603640857,33.683681394333576,21.227682155530452,-1.8091446420749975,Bangalore,2008-07-11,"{""type"":""MultiPoint"",""coordinates"":[]}"
2008_07_19,30.471722700026103,29.682297849169643,19.08820595333872,-0.7894248508564594,Bangalore,2008-07-19,"{""type"":""MultiPoint"",""coordinates"":[]}"
2008_07_27,,,,,Bangalore,2008-07-27,"{""type"":""MultiPoint"",""coordinates"":[]}"
2008_08_04,,,,,Bangalore,2008-08-04,"{""type"":""MultiPoint"",""coordinates"":[]}"
2008_08_12,,,,,Bangalore,2008-08-12,"{""type"":""MultiPoint"",""coordinates"":[]}"
2008_08_20,27.16864502585748,25.93898619911471,19.74470697517314,-1.2296588267427708,Bangalore,2008-08-20,"{""type"":""MultiPoint"",""coordinates"":[]}"
2008_08_28,28.172538427215294,27.722730579039755,19.84110202746896,-0.44980784817553854,Bangalore,2008-08-28,"{""type"":""MultiPoint"",""coordinates"":[]}"
2008_09_05,28.872843997614417,,,,Bangalore,2008-09-05,"{""type"":""MultiPoint"",""coordinates"":[]}"
2008_09_13,28.84941176470591,28.735925925925955,19.557407407407432,-0.11348583877995466,Bangalore,2008-09-13,"{""type"":""MultiPoint"",""coordinates"":[]}"
2008_09_21,30.280670332266507,29.704825854238404,19.44939246524991,-0.5758444780281025,Bangalore,2008-09-21,"{""type"":""MultiPoint"",""coordinates"":[]}"
2008_09_29,29.873380189570565,29.284745701318936,19.376212328000925,-0.5886344882516283,Bangalore,2008-09-29,"{""type"":""MultiPoint"",""coordinates"":[]}"
2008_10_07,29.62706240078353,29.95917135961386,18.508213998391014,0.33210895883032876,Bangalore,2008-10-07,"{""type"":""MultiPoint"",""coordinates"":[]}"
2008_10_15,,,,,Bangalore,2008-10-15,"{""type"":""MultiPoint"",""coordinates"":[]}"
2008_10_23,28.507092867086303,29.035246672368554,16.641856662176934,0.5281538052822512,Bangalore,2008-10-23,"{""type"":""MultiPoint"",""coordinates"":[]}"
2008_10_31,29.411876307140687,29.562977798636954,16.49780496265766,0.1511014914962665,Bangalore,2008-10-31,"{""type"":""MultiPoint"",""coordinates"":[]}"
2008_11_08,28.219304683538024,27.583978283818464,17.567783951834645,-0.6353263997195597,Bangalore,2008-11-08,"{""type"":""MultiPoint"",""coordinates"":[]}"
2008_11_16,29.289274566603947,29.063334976620517,18.46774755352093,-0.22593958998342956,Bangalore,2008-11-16,"{""type"":""MultiPoint"",""coordinates"":[]}"
2008_11_24,26.640000000000043,24.410000000000025,,-2.230000000000018,Bangalore,2008-11-24,"{""type"":""MultiPoint"",""coordinates"":[]}"
2008_12_02,27.48121256223509,27.922682293149254,17.760786413344473,0.4414697309141644,Bangalore,2008-12-02,"{""type"":""MultiPoint"",""coordinates"":[]}"
2008_12_10,27.737706569814986,27.507521338167045,17.240249189086082,-0.23018523164794047,Bangalore,2008-12-10,"{""type"":""MultiPoint"",""coordinates"":[]}"
2008_12_18,28.74133168013619,28.436767616101008,17.5477617617618,-0.30456406403518343,Bangalore,2008-12-18,"{""type"":""MultiPoint"",""coordinates"":[]}"
2008_12_26,30.047083676779447,29.502497249272505,14.915355846452888,-0.5445864275069425,Bangalore,2008-12-26,"{""type"":""MultiPoint"",""coordinates"":[]}"
2009_01_01,29.28391029702107,29.106385748683863,16.616826715096142,-0.17752454833720677,Bangalore,2009-01-01,"{""type"":""MultiPoint"",""coordinates"":[]}"
2009_01_09,28.632599934095477,28.056934374305005,16.459882737305524,-0.5756655597904725,Bangalore,2009-01-09,"{""type"":""MultiPoint"",""coordinates"":[]}"
2009_01_17,31.12285271847119,30.5487635369995,16.009203853649765,-0.5740891814716917,Bangalore,2009-01-17,"{""type"":""MultiPoint"",""coordinates"":[]}"
2009_01_25,32.54546837646871,32.00375033491904,16.98368319945002,-0.5417180415496716,Bangalore,2009-01-25,"{""type"":""MultiPoint"",""coordinates"":[]}"
2009_02_02,33.69615629077908,33.2914108535776,18.975947217167885,-0.40474543720147693,Bangalore,2009-02-02,"{""type"":""MultiPoint"",""coordinates"":[]}"
2009_02_10,35.1177809730486,34.28737736195572,18.745500448924663,-0.8304036110928834,Bangalore,2009-02-10,"{""type"":""MultiPoint"",""coordinates"":[]}"
2009_02_18,36.3169255537763,35.756755708789846,20.576777244715924,-0.5601698449864543,Bangalore,2009-02-18,"{""type"":""MultiPoint"",""coordinates"":[]}"
2009_02_26,39.15995087617448,38.285763279451594,20.742439313173065,-0.8741875967228836,Bangalore,2009-02-26,"{""type"":""MultiPoint"",""coordinates"":[]}"
2009_03_06,36.840904201382486,36.23344520338137,20.1592776723865,-0.607458998001114,Bangalore,2009-03-06,"{""type"":""MultiPoint"",""coordinates"":[]}"
2009_03_14,38.05254179323151,37.71793563208963,21.325214457139356,-0.3346061611418847,Bangalore,2009-03-14,"{""type"":""MultiPoint"",""coordinates"":[]}"
2009_03_22,36.65860706586341,37.053419764455015,19.90392128025802,0.3948126985916076,Bangalore,2009-03-22,"{""type"":""MultiPoint"",""coordinates"":[]}"
2009_03_30,42.00400484648389,41.28597924680756,23.038251070944018,-0.7180255996763307,Bangalore,2009-03-30,"{""type"":""MultiPoint"",""coordinates"":[]}"
2009_04_07,40.295956646741395,39.66747836034712,22.60271378964744,-0.6284782863942766,Bangalore,2009-04-07,"{""type"":""MultiPoint"",""coordinates"":[]}"
2009_04_15,37.00874211487152,36.09840302187421,24.617399529454264,-0.9103390929973045,Bangalore,2009-04-15,"{""type"":""MultiPoint"",""coordinates"":[]}"
2009_04_23,35.778631688936365,35.17678236092686,22.380339701335423,-0.6018493280095072,Bangalore,2009-04-23,"{""type"":""MultiPoint"",""coordinates"":[]}"
2009_05_01,36.473981657418335,35.6294572949211,22.286115074236577,-0.8445243624972321,Bangalore,2009-05-01,"{""type"":""MultiPoint"",""coordinates"":[]}"
2009_05_09,34.831747407444524,34.072518500860305,23.279356667564954,-0.7592289065842195,Bangalore,2009-05-09,"{""type"":""MultiPoint"",""coordinates"":[]}"
2009_05_17,32.750575240764476,32.125630750146534,20.368046968077945,-0.624944490617942,Bangalore,2009-05-17,"{""type"":""MultiPoint"",""coordinates"":[]}"
2009_05_25,32.37704924513601,31.312614730771934,20.192925737450008,-1.0644345143640734,Bangalore,2009-05-25,"{""type"":""MultiPoint"",""coordinates"":[]}"
2009_06_02,30.82674566459252,29.808738600138664,19.93193846021189,-1.0180070644538546,Bangalore,2009-06-02,"{""type"":""MultiPoint"",""coordinates"":[]}"
2009_06_10,31.90174836843099,30.981770809621413,20.941566518102473,-0.9199775588095775,Bangalore,2009-06-10,"{""type"":""MultiPoint"",""coordinates"":[]}"
2009_06_18,34.30991628834848,33.23734635586865,21.478603933667593,-1.07256993247983,Bangalore,2009-06-18,"{""type"":""MultiPoint"",""coordinates"":[]}"
2009_06_26,35.489606090409225,34.17270165208944,20.273420647149493,-1.3169044383197885,Bangalore,2009-06-26,"{""type"":""MultiPoint"",""coordinates"":[]}"
2009_07_04,,,,,Bangalore,2009-07-04,"{""type"":""MultiPoint"",""coordinates"":[]}"
2009_07_12,,,,,Bangalore,2009-07-12,"{""type"":""MultiPoint"",""coordinates"":[]}"
2009_07_20,32.183737842938044,30.017914412198742,19.697722577471744,-2.1658234307393016,Bangalore,2009-07-20,"{""type"":""MultiPoint"",""coordinates"":[]}"
2009_07_28,30.426954831736342,29.183419255675688,18.74203753732408,-1.2435355760606548,Bangalore,2009-07-28,"{""type"":""MultiPoint"",""coordinates"":[]}"
2009_08_05,30.64873520896663,29.47106435240159,20.05329876836332,-1.1776708565650402,Bangalore,2009-08-05,"{""type"":""MultiPoint"",""coordinates"":[]}"
2009_08_13,30.810000000000034,30.270000000000028,20.670000000000027,-0.5400000000000063,Bangalore,2009-08-13,"{""type"":""MultiPoint"",""coordinates"":[]}"
2009_08_21,,,,,Bangalore,2009-08-21,"{""type"":""MultiPoint"",""coordinates"":[]}"
2009_08_29,30.4722179942008,29.76969622232918,20.30745289459313,-0.7025217718716199,Bangalore,2009-08-29,"{""type"":""MultiPoint"",""coordinates"":[]}"
2009_09_06,32.0376882603692,30.29805982046026,20.257705706333578,-1.739628439908941,Bangalore,2009-09-06,"{""type"":""MultiPoint"",""coordinates"":[]}"
2009_09_14,28.102491746783283,28.234435010732202,20.584007154781798,0.1319432639489193,Bangalore,2009-09-14,"{""type"":""MultiPoint"",""coordinates"":[]}"
2009_09_22,28.072579437846223,28.03446759449891,,-0.03811184334731266,Bangalore,2009-09-22,"{""type"":""MultiPoint"",""coordinates"":[]}"
2009_09_30,28.162916972910146,27.534799858682252,19.963229613340697,-0.6281171142278943,Bangalore,2009-09-30,"{""type"":""MultiPoint"",""coordinates"":[]}"
2009_10_08,29.398143611523206,29.245554744181675,19.210538490530524,-0.15258886734153165,Bangalore,2009-10-08,"{""type"":""MultiPoint"",""coordinates"":[]}"
2009_10_16,30.663877304327716,30.851210157939878,18.830289046239265,0.1873328536121619,Bangalore,2009-10-16,"{""type"":""MultiPoint"",""coordinates"":[]}"
2009_10_24,30.628946579933864,30.472188814129545,18.263950356336657,-0.15675776580431844,Bangalore,2009-10-24,"{""type"":""MultiPoint"",""coordinates"":[]}"
2009_11_01,31.35986017498329,31.070743315755227,18.905571841121084,-0.28911685922806285,Bangalore,2009-11-01,"{""type"":""MultiPoint"",""coordinates"":[]}"
2009_11_09,28.43628442663999,27.73224116657322,19.043555413196696,-0.7040432600667685,Bangalore,2009-11-09,"{""type"":""MultiPoint"",""coordinates"":[]}"
2009_11_17,28.01139267236831,24.690000000000055,19.630000000000052,-3.3213926723682548,Bangalore,2009-11-17,"{""type"":""MultiPoint"",""coordinates"":[]}"
2009_11_25,28.65048748718717,28.611955921725947,18.50154563403871,-0.038531565461223494,Bangalore,2009-11-25,"{""type"":""MultiPoint"",""coordinates"":[]}"
2009_12_03,28.05189768912367,27.94712949644053,16.852896238603655,-0.10476819268313875,Bangalore,2009-12-03,"{""type"":""MultiPoint"",""coordinates"":[]}"
2009_12_11,29.764392623646874,29.4781471026263,17.3621132899865,-0.2862455210205752,Bangalore,2009-12-11,"{""type"":""MultiPoint"",""coordinates"":[]}"
2009_12_19,28.875681543601104,28.77617100318117,17.734381190082924,-0.09951054041993501,Bangalore,2009-12-19,"{""type"":""MultiPoint"",""coordinates"":[]}"
2009_12_27,29.7078994133815,28.76690344912094,16.995844243080622,-0.9409959642605621,Bangalore,2009-12-27,"{""type"":""MultiPoint"",""coordinates"":[]}"
2010_01_01,29.30790811850363,28.714226523933753,17.49376796978607,-0.5936815945698761,Bangalore,2010-01-01,"{""type"":""MultiPoint"",""coordinates"":[]}"
2010_01_09,30.171965453291907,30.062042150752667,18.37714289169648,-0.1099233025392401,Bangalore,2010-01-09,"{""type"":""MultiPoint"",""coordinates"":[]}"
2010_01_17,29.932729996963428,29.333427000737892,17.343137061323766,-0.5993029962255356,Bangalore,2010-01-17,"{""type"":""MultiPoint"",""coordinates"":[]}"
2010_01_25,30.942759356627118,30.2936488828136,18.437815274227784,-0.6491104738135185,Bangalore,2010-01-25,"{""type"":""MultiPoint"",""coordinates"":[]}"
2010_02_02,32.615860346042176,31.928863296712162,18.533036796187172,-0.6869970493300137,Bangalore,2010-02-02,"{""type"":""MultiPoint"",""coordinates"":[]}"
2010_02_10,36.61637551108942,35.72861217099543,21.118469470217008,-0.8877633400939899,Bangalore,2010-02-10,"{""type"":""MultiPoint"",""coordinates"":[]}"
2010_02_18,37.28437002862533,36.21377102435663,21.94102971082021,-1.0705990042687006,Bangalore,2010-02-18,"{""type"":""MultiPoint"",""coordinates"":[]}"
2010_02_26,38.83887266905165,38.182904032159385,20.95683773415505,-0.6559686368922684,Bangalore,2010-02-26,"{""type"":""MultiPoint"",""coordinates"":[]}"
2010_03_06,39.38851596487744,38.53882828963586,22.671163311187016,-0.849687675241583,Bangalore,2010-03-06,"{""type"":""MultiPoint"",""coordinates"":[]}"
2010_03_14,39.127973892647006,38.14900791778634,22.149919796517043,-0.9789659748606638,Bangalore,2010-03-14,"{""type"":""MultiPoint"",""coordinates"":[]}"
2010_03_22,40.00491381163641,38.94475196021988,22.6313220976264,-1.060161851416531,Bangalore,2010-03-22,"{""type"":""MultiPoint"",""coordinates"":[]}"
2010_03_30,38.09283229056657,37.200629852073135,22.672698450437828,-0.8922024384934346,Bangalore,2010-03-30,"{""type"":""MultiPoint"",""coordinates"":[]}"
2010_04_07,41.382488278520924,40.39218437788664,25.15683480735137,-0.9903039006342809,Bangalore,2010-04-07,"{""type"":""MultiPoint"",""coordinates"":[]}"
2010_04_15,36.743965448191815,35.71954243685877,23.098254269216127,-1.0244230113330488,Bangalore,2010-04-15,"{""type"":""MultiPoint"",""coordinates"":[]}"
2010_04_23,34.57805834608224,33.21024996903543,21.69186528497411,-1.3678083770468064,Bangalore,2010-04-23,"{""type"":""MultiPoint"",""coordinates"":[]}"
2010_05_01,33.238446390224865,32.21029124014373,21.437621270627012,-1.0281551500811332,Bangalore,2010-05-01,"{""type"":""MultiPoint"",""coordinates"":[]}"
2010_05_09,36.9018552341131,35.85868385535443,23.787943989388953,-1.0431713787586716,Bangalore,2010-05-09,"{""type"":""MultiPoint"",""coordinates"":[]}"
2010_05_17,32.02420835307526,31.607614300343368,18.81167437410304,-0.41659405273189165,Bangalore,2010-05-17,"{""type"":""MultiPoint"",""coordinates"":[]}"
2010_05_25,32.869713189048035,32.46079918785456,22.954107252173213,-0.4089140011934731,Bangalore,2010-05-25,"{""type"":""MultiPoint"",""coordinates"":[]}"
2010_06_02,32.81252059149769,32.39035088609655,,-0.42216970540113863,Bangalore,2010-06-02,"{""type"":""MultiPoint"",""coordinates"":[]}"
2010_06_10,32.586353569183046,31.37323850965465,,-1.2131150595283948,Bangalore,2010-06-10,"{""type"":""MultiPoint"",""coordinates"":[]}"
2010_06_18,32.984690119760515,30.856000000000034,,-2.1286901197604813,Bangalore,2010-06-18,"{""type"":""MultiPoint"",""coordinates"":[]}"
2010_06_26,34.75739724265357,34.859788269652014,20.795334631297195,0.10239102699844693,Bangalore,2010-06-26,"{""type"":""MultiPoint"",""coordinates"":[]}"
2010_07_04,34.86208057193553,,,,Bangalore,2010-07-04,"{""type"":""MultiPoint"",""coordinates"":[]}"
2010_07_12,,,,,Bangalore,2010-07-12,"{""type"":""MultiPoint"",""coordinates"":[]}"
2010_07_20,,,,,Bangalore,2010-07-20,"{""type"":""MultiPoint"",""coordinates"":[]}"
2010_07_28,,,,,Bangalore,2010-07-28,"{""type"":""MultiPoint"",""coordinates"":[]}"
2010_08_05,31.271425464479197,30.263705818034655,20.61531289077372,-1.0077196464445421,Bangalore,2010-08-05,"{""type"":""MultiPoint"",""coordinates"":[]}"
2010_08_13,28.588006279434875,30.719194499017693,18.850196463654264,2.1311882195828176,Bangalore,2010-08-13,"{""type"":""MultiPoint"",""coordinates"":[]}"
2010_08_21,28.53250000000005,,,,Bangalore,2010-08-21,"{""type"":""MultiPoint"",""coordinates"":[]}"
2010_08_29,28.57576647167814,28.159320523468562,20.45525214592278,-0.4164459482095779,Bangalore,2010-08-29,"{""type"":""MultiPoint"",""coordinates"":[]}"
2010_09_06,,,,,Bangalore,2010-09-06,"{""type"":""MultiPoint"",""coordinates"":[]}"
2010_09_14,29.074063320836522,,,,Bangalore,2010-09-14,"{""type"":""MultiPoint"",""coordinates"":[]}"
2010_09_22,30.885200245933166,30.839922409682046,21.137455114903297,-0.04527783625112036,Bangalore,2010-09-22,"{""type"":""MultiPoint"",""coordinates"":[]}"
2010_09_30,29.259411764705906,,,,Bangalore,2010-09-30,"{""type"":""MultiPoint"",""coordinates"":[]}"
2010_10_08,28.583549821479078,27.746430718061436,17.96579756058929,-0.837119103417642,Bangalore,2010-10-08,"{""type"":""MultiPoint"",""coordinates"":[]}"
2010_10_16,28.190614679074084,28.52211738041277,20.188797566503673,0.3315027013386853,Bangalore,2010-10-16,"{""type"":""MultiPoint"",""coordinates"":[]}"
2010_10_24,,28.220476190476216,,,Bangalore,2010-10-24,"{""type"":""MultiPoint"",""coordinates"":[]}"
2010_11_01,27.53000000000003,,,,Bangalore,2010-11-01,"{""type"":""MultiPoint"",""coordinates"":[]}"
2010_11_09,27.486064108765966,27.556699865827245,20.12710161007333,0.07063575706127878,Bangalore,2010-11-09,"{""type"":""MultiPoint"",""coordinates"":[]}"
2010_11_17,26.42428028214536,28.07604323164192,18.275856861457676,1.6517629494965576,Bangalore,2010-11-17,"{""type"":""MultiPoint"",""coordinates"":[]}"
2010_11_25,26.415959893116383,25.980259994763646,17.224624887845973,-0.4356998983527376,Bangalore,2010-11-25,"{""type"":""MultiPoint"",""coordinates"":[]}"
2010_12_03,26.274709688857413,28.090646896644497,18.939758831964575,1.8159372077870835,Bangalore,2010-12-03,"{""type"":""MultiPoint"",""coordinates"":[]}"
2010_12_11,27.204784431733962,26.461027880063156,17.271468700683876,-0.7437565516708062,Bangalore,2010-12-11,"{""type"":""MultiPoint"",""coordinates"":[]}"
2010_12_19,28.21855268058493,27.745880592717587,15.30221302456634,-0.4726720878673447,Bangalore,2010-12-19,"{""type"":""MultiPoint"",""coordinates"":[]}"
2010_12_27,27.81821025801083,27.169264590652258,16.862277771768554,-0.6489456673585714,Bangalore,2010-12-27,"{""type"":""MultiPoint"",""coordinates"":[]}"
2011_01_01,28.51998438168801,27.897432751867786,17.70398151503132,-0.6225516298202223,Bangalore,2011-01-01,"{""type"":""MultiPoint"",""coordinates"":[]}"
2011_01_09,30.498170531486444,30.055257453977145,15.646520425009976,-0.4429130775092993,Bangalore,2011-01-09,"{""type"":""MultiPoint"",""coordinates"":[]}"
2011_01_17,31.6488433313824,31.193351684695777,16.97610449082603,-0.455491646686621,Bangalore,2011-01-17,"{""type"":""MultiPoint"",""coordinates"":[]}"
2011_01_25,31.857541242191108,31.291846241405793,18.30395657277595,-0.5656950007853148,Bangalore,2011-01-25,"{""type"":""MultiPoint"",""coordinates"":[]}"
2011_02_02,33.91657204418906,33.14118954821869,16.72786822021796,-0.7753824959703692,Bangalore,2011-02-02,"{""type"":""MultiPoint"",""coordinates"":[]}"
2011_02_10,33.350032667446214,32.901339108288184,18.211893000734328,-0.44869355915803055,Bangalore,2011-02-10,"{""type"":""MultiPoint"",""coordinates"":[]}"
2011_02_18,31.75938933434207,30.986882879707778,19.88863976418951,-0.7725064546342928,Bangalore,2011-02-18,"{""type"":""MultiPoint"",""coordinates"":[]}"
2011_02_26,36.77759914032516,36.11140401175369,19.541504509651904,-0.6661951285714665,Bangalore,2011-02-26,"{""type"":""MultiPoint"",""coordinates"":[]}"
2011_03_06,39.54577459719921,38.52893134270721,21.357003135337905,-1.0168432544920023,Bangalore,2011-03-06,"{""type"":""MultiPoint"",""coordinates"":[]}"
2011_03_14,39.17564782979522,38.557488572827864,21.349404358650002,-0.6181592569673526,Bangalore,2011-03-14,"{""type"":""MultiPoint"",""coordinates"":[]}"
2011_03_22,39.19029230468801,38.079411806284895,22.50599997980456,-1.1108804984031124,Bangalore,2011-03-22,"{""type"":""MultiPoint"",""coordinates"":[]}"
2011_03_30,37.16751781768576,36.61739705342204,22.253940741949982,-0.550120764263724,Bangalore,2011-03-30,"{""type"":""MultiPoint"",""coordinates"":[]}"
2011_04_07,40.093277141780156,39.30917814348673,23.328055348883225,-0.7840989982934232,Bangalore,2011-04-07,"{""type"":""MultiPoint"",""coordinates"":[]}"
2011_04_15,37.257024594174055,36.31049945803491,23.008375521497616,-0.9465251361391438,Bangalore,2011-04-15,"{""type"":""MultiPoint"",""coordinates"":[]}"
2011_04_23,33.60120529542064,32.663643401711155,23.17565210469527,-0.9375618937094856,Bangalore,2011-04-23,"{""type"":""MultiPoint"",""coordinates"":[]}"
2011_05_01,33.65756515117001,33.2475146659481,22.33127712941276,-0.4100504852219089,Bangalore,2011-05-01,"{""type"":""MultiPoint"",""coordinates"":[]}"
2011_05_09,35.681493824953925,34.588358197124194,21.445002721541453,-1.0931356278297315,Bangalore,2011-05-09,"{""type"":""MultiPoint"",""coordinates"":[]}"
2011_05_17,32.13502637687277,32.109049403159716,21.641140422103916,-0.02597697371305685,Bangalore,2011-05-17,"{""type"":""MultiPoint"",""coordinates"":[]}"
2011_05_25,29.68019227286962,28.995598600252414,21.94552080758676,-0.6845936726172042,Bangalore,2011-05-25,"{""type"":""MultiPoint"",""coordinates"":[]}"
2011_06_02,28.61144439885107,27.9908928571429,19.95910714285719,-0.6205515417081706,Bangalore,2011-06-02,"{""type"":""MultiPoint"",""coordinates"":[]}"
2011_06_10,29.758457298400852,29.08618935643569,,-0.6722679419651634,Bangalore,2011-06-10,"{""type"":""MultiPoint"",""coordinates"":[]}"
2011_06_18,29.983357318099475,28.458458883622495,19.59760618471312,-1.524898434476981,Bangalore,2011-06-18,"{""type"":""MultiPoint"",""coordinates"":[]}"
2011_06_26,32.814460632794415,29.357055584688037,19.762683971333704,-3.457405048106377,Bangalore,2011-06-26,"{""type"":""MultiPoint"",""coordinates"":[]}"
2011_07_04,30.69831224701722,27.786253746253784,19.02206264578477,-2.912058500763436,Bangalore,2011-07-04,"{""type"":""MultiPoint"",""coordinates"":[]}"
2011_07_12,,,,,Bangalore,2011-07-12,"{""type"":""MultiPoint"",""coordinates"":[]}"
2011_07_20,,,,,Bangalore,2011-07-20,"{""type"":""MultiPoint"",""coordinates"":[]}"
2011_07_28,,,,,Bangalore,2011-07-28,"{""type"":""MultiPoint"",""coordinates"":[]}"
2011_08_05,,,,,Bangalore,2011-08-05,"{""type"":""MultiPoint"",""coordinates"":[]}"
2011_08_13,35.100476494744186,31.95797493862898,19.371289707983767,-3.1425015561152065,Bangalore,2011-08-13,"{""type"":""MultiPoint"",""coordinates"":[]}"
2011_08_21,,,,,Bangalore,2011-08-21,"{""type"":""MultiPoint"",""coordinates"":[]}"
2011_08_29,,,,,Bangalore,2011-08-29,"{""type"":""MultiPoint"",""coordinates"":[]}"
2011_09_06,29.406115038387917,,,,Bangalore,2011-09-06,"{""type"":""MultiPoint"",""coordinates"":[]}"
2011_09_14,,,,,Bangalore,2011-09-14,"{""type"":""MultiPoint"",""coordinates"":[]}"
2011_09_22,30.917888770257008,30.5011623946272,19.645822363135903,-0.41672637562980697,Bangalore,2011-09-22,"{""type"":""MultiPoint"",""coordinates"":[]}"
2011_09_30,30.169532223119543,29.540048272300705,18.980500684793114,-0.6294839508188375,Bangalore,2011-09-30,"{""type"":""MultiPoint"",""coordinates"":[]}"
2011_10_08,28.48062008364991,28.473825594801422,20.014412535373683,-0.0067944888484881005,Bangalore,2011-10-08,"{""type"":""MultiPoint"",""coordinates"":[]}"
2011_10_16,29.76356142872354,29.323559590502896,19.678502567693783,-0.4400018382206454,Bangalore,2011-10-16,"{""type"":""MultiPoint"",""coordinates"":[]}"
2011_10_24,,,,,Bangalore,2011-10-24,"{""type"":""MultiPoint"",""coordinates"":[]}"
2011_11_01,28.259579446282654,28.52029823318757,17.789332801688087,0.260718786904917,Bangalore,2011-11-01,"{""type"":""MultiPoint"",""coordinates"":[]}"
2011_11_09,28.746007561684067,28.770111201780086,18.13883755112805,0.024103640096019063,Bangalore,2011-11-09,"{""type"":""MultiPoint"",""coordinates"":[]}"
2011_11_17,28.28162513599343,27.847172038871868,16.85681269081307,-0.4344530971215619,Bangalore,2011-11-17,"{""type"":""MultiPoint"",""coordinates"":[]}"
2011_11_25,,27.11000000000003,18.766666666666698,,Bangalore,2011-11-25,"{""type"":""MultiPoint"",""coordinates"":[]}"
2011_12_03,28.68323479900517,28.000576574097806,17.636508126805744,-0.6826582249073638,Bangalore,2011-12-03,"{""type"":""MultiPoint"",""coordinates"":[]}"
2011_12_11,28.559998640581053,27.951076787013275,17.19103418861569,-0.6089218535677787,Bangalore,2011-12-11,"{""type"":""MultiPoint"",""coordinates"":[]}"
2011_12_19,30.15923843495,29.41841870384884,14.0029017326643,-0.740819731101162,Bangalore,2011-12-19,"{""type"":""MultiPoint"",""coordinates"":[]}"
2011_12_27,29.616660374807495,28.171741547966388,10.57348178137655,-1.444918826841107,Bangalore,2011-12-27,"{""type"":""MultiPoint"",""coordinates"":[]}"
2012_01_01,30.991873183319605,30.29107147509449,18.944822088840372,-0.7008017082251143,Bangalore,2012-01-01,"{""type"":""MultiPoint"",""coordinates"":[]}"
2012_01_09,30.26296096814812,29.569138408322797,16.971900563672946,-0.6938225598253247,Bangalore,2012-01-09,"{""type"":""MultiPoint"",""coordinates"":[]}"
2012_01_17,30.82837356314207,29.956027731298274,15.802216973431868,-0.8723458318437949,Bangalore,2012-01-17,"{""type"":""MultiPoint"",""coordinates"":[]}"
2012_01_25,31.537923534058333,30.88727920351942,17.41272663487986,-0.6506443305389134,Bangalore,2012-01-25,"{""type"":""MultiPoint"",""coordinates"":[]}"
2012_02_02,33.346547022315306,32.480749460338046,18.45922708269093,-0.86579756197726,Bangalore,2012-02-02,"{""type"":""MultiPoint"",""coordinates"":[]}"
2012_02_10,35.922631182798,34.38859153332237,20.74547241009571,-1.5340396494756305,Bangalore,2012-02-10,"{""type"":""MultiPoint"",""coordinates"":[]}"
2012_02_18,36.16484555787016,35.05031785583743,19.361304423931383,-1.1145277020327313,Bangalore,2012-02-18,"{""type"":""MultiPoint"",""coordinates"":[]}"
2012_02_26,38.507961575475036,37.619420983173825,19.90795828521945,-0.8885405923012115,Bangalore,2012-02-26,"{""type"":""MultiPoint"",""coordinates"":[]}"
2012_03_05,36.93168321786894,36.45286931716338,21.692586103585533,-0.4788139007055534,Bangalore,2012-03-05,"{""type"":""MultiPoint"",""coordinates"":[]}"
2012_03_13,39.154947569454826,38.053472348234926,22.73054509650283,-1.1014752212199,Bangalore,2012-03-13,"{""type"":""MultiPoint"",""coordinates"":[]}"
2012_03_21,40.66000947272581,39.211458636746,22.16939149966157,-1.448550835979809,Bangalore,2012-03-21,"{""type"":""MultiPoint"",""coordinates"":[]}"
2012_03_29,40.4129280839241,39.22125288564547,22.41474639011414,-1.1916751982786309,Bangalore,2012-03-29,"{""type"":""MultiPoint"",""coordinates"":[]}"
2012_04_06,41.21753825522036,40.110987504634394,24.393430764451857,-1.106550750585967,Bangalore,2012-04-06,"{""type"":""MultiPoint"",""coordinates"":[]}"
2012_04_14,41.705255002382756,40.88184054027337,24.43363321349231,-0.8234144621093833,Bangalore,2012-04-14,"{""type"":""MultiPoint"",""coordinates"":[]}"
2012_04_22,40.37298861529917,39.36832141263313,,-1.0046672026660417,Bangalore,2012-04-22,"{""type"":""MultiPoint"",""coordinates"":[]}"
2012_04_30,33.98182561635469,33.1700059686029,23.20322439694592,-0.8118196477517898,Bangalore,2012-04-30,"{""type"":""MultiPoint"",""coordinates"":[]}"
2012_05_08,34.17310275476149,33.81348113867519,,-0.3596216160862937,Bangalore,2012-05-08,"{""type"":""MultiPoint"",""coordinates"":[]}"
2012_05_16,33.828906994228376,33.234132447432685,21.97992637919502,-0.5947745467956906,Bangalore,2012-05-16,"{""type"":""MultiPoint"",""coordinates"":[]}"
2012_05_24,36.129378700661505,35.168888952808324,20.665104923712253,-0.9604897478531811,Bangalore,2012-05-24,"{""type"":""MultiPoint"",""coordinates"":[]}"
2012_06_01,36.55431991537926,34.03175566502467,22.81370719211826,-2.5225642503545913,Bangalore,2012-06-01,"{""type"":""MultiPoint"",""coordinates"":[]}"
2012_06_09,32.568530378953945,31.218922804839735,18.798103667958934,-1.3496075741142093,Bangalore,2012-06-09,"{""type"":""MultiPoint"",""coordinates"":[]}"
2012_06_17,32.62735361216733,30.072222222222265,20.92333333333336,-2.5551313899450676,Bangalore,2012-06-17,"{""type"":""MultiPoint"",""coordinates"":[]}"
2012_06_25,38.440095807204116,36.487339384884336,20.423722946588146,-1.95275642231978,Bangalore,2012-06-25,"{""type"":""MultiPoint"",""coordinates"":[]}"
2012_07_03,37.54911703638948,,,,Bangalore,2012-07-03,"{""type"":""MultiPoint"",""coordinates"":[]}"
2012_07_11,35.72245137189235,,,,Bangalore,2012-07-11,"{""type"":""MultiPoint"",""coordinates"":[]}"
2012_07_19,,,,,Bangalore,2012-07-19,"{""type"":""MultiPoint"",""coordinates"":[]}"
2012_07_27,,,,,Bangalore,2012-07-27,"{""type"":""MultiPoint"",""coordinates"":[]}"
2012_08_04,,,,,Bangalore,2012-08-04,"{""type"":""MultiPoint"",""coordinates"":[]}"
2012_08_12,,,,,Bangalore,2012-08-12,"{""type"":""MultiPoint"",""coordinates"":[]}"
2012_08_20,32.701580253353896,32.132746475345,,-0.5688337780088943,Bangalore,2012-08-20,"{""type"":""MultiPoint"",""coordinates"":[]}"
2012_08_28,30.690000000000055,,,,Bangalore,2012-08-28,"{""type"":""MultiPoint"",""coordinates"":[]}"
2012_09_05,,,,,Bangalore,2012-09-05,"{""type"":""MultiPoint"",""coordinates"":[]}"
2012_09_13,33.076352799181755,33.44812230227373,18.473552141103756,0.37176950309197565,Bangalore,2012-09-13,"{""type"":""MultiPoint"",""coordinates"":[]}"
2012_09_21,35.35048411444038,34.65264025494401,21.47554910367834,-0.6978438594963663,Bangalore,2012-09-21,"{""type"":""MultiPoint"",""coordinates"":[]}"
2012_09_29,33.47685073418567,33.2545873567334,21.014188907769853,-0.22226337745226488,Bangalore,2012-09-29,"{""type"":""MultiPoint"",""coordinates"":[]}"
2012_10_07,31.89015997797621,32.352837705277516,19.46458556170222,0.46267772730130474,Bangalore,2012-10-07,"{""type"":""MultiPoint"",""coordinates"":[]}"
2012_10_15,29.5911031607745,29.703655143208334,19.587597642808,0.11255198243383191,Bangalore,2012-10-15,"{""type"":""MultiPoint"",""coordinates"":[]}"
2012_10_23,28.88729753534726,29.3240957826235,18.89869780594031,0.43679824727623995,Bangalore,2012-10-23,"{""type"":""MultiPoint"",""coordinates"":[]}"
2012_10_31,28.696324696831244,29.46545678141122,19.034260794259584,0.7691320845799758,Bangalore,2012-10-31,"{""type"":""MultiPoint"",""coordinates"":[]}"
2012_11_08,29.46047603740332,29.71349704344938,17.715834744926077,0.25302100604605826,Bangalore,2012-11-08,"{""type"":""MultiPoint"",""coordinates"":[]}"
2012_11_16,30.18001075847226,29.882631084725865,16.91920741409268,-0.29737967374639496,Bangalore,2012-11-16,"{""type"":""MultiPoint"",""coordinates"":[]}"
2012_11_24,29.49630135585386,29.240735279344854,18.041118278091822,-0.2555660765090053,Bangalore,2012-11-24,"{""type"":""MultiPoint"",""coordinates"":[]}"
2012_12_02,29.090330961309743,28.509887678801906,16.677079115510583,-0.5804432825078365,Bangalore,2012-12-02,"{""type"":""MultiPoint"",""coordinates"":[]}"
2012_12_10,29.534024862420566,28.845427076951605,17.56280577021095,-0.6885977854689607,Bangalore,2012-12-10,"{""type"":""MultiPoint"",""coordinates"":[]}"
2012_12_18,29.31713933039757,28.619450160838056,17.848797735895797,-0.6976891695595135,Bangalore,2012-12-18,"{""type"":""MultiPoint"",""coordinates"":[]}"
2012_12_26,29.67661391323744,28.905480886837925,19.014359413973466,-0.7711330263995144,Bangalore,2012-12-26,"{""type"":""MultiPoint"",""coordinates"":[]}"
2013_01_01,32.85896219055738,31.962253577815297,18.846102690557853,-0.8967086127420814,Bangalore,2013-01-01,"{""type"":""MultiPoint"",""coordinates"":[]}"
2013_01_09,32.57615765048052,31.62851111950694,17.71597280805721,-0.9476465309735786,Bangalore,2013-01-09,"{""type"":""MultiPoint"",""coordinates"":[]}"
2013_01_17,32.63971182271792,31.63914323704355,18.20806347820797,-1.000568585674369,Bangalore,2013-01-17,"{""type"":""MultiPoint"",""coordinates"":[]}"
2013_01_25,33.73034992882681,32.679649510386284,19.10246970562513,-1.0507004184405275,Bangalore,2013-01-25,"{""type"":""MultiPoint"",""coordinates"":[]}"
2013_02_02,34.566688999758526,33.40047010492927,19.064902051048577,-1.1662188948292567,Bangalore,2013-02-02,"{""type"":""MultiPoint"",""coordinates"":[]}"
2013_02_10,33.97739888795467,33.175240246320236,20.205719687209164,-0.8021586416344348,Bangalore,2013-02-10,"{""type"":""MultiPoint"",""coordinates"":[]}"
2013_02_18,36.40793624222889,35.22538489333045,20.926674323410577,-1.1825513488984427,Bangalore,2013-02-18,"{""type"":""MultiPoint"",""coordinates"":[]}"
2013_02_26,37.93970539541555,36.717992113380426,21.18321201896453,-1.2217132820351253,Bangalore,2013-02-26,"{""type"":""MultiPoint"",""coordinates"":[]}"
2013_03_06,39.98176473714771,38.778774588416816,22.47451574267681,-1.2029901487308905,Bangalore,2013-03-06,"{""type"":""MultiPoint"",""coordinates"":[]}"
2013_03_14,38.49191655505072,36.81992999199301,22.55147449631028,-1.6719865630577146,Bangalore,2013-03-14,"{""type"":""MultiPoint"",""coordinates"":[]}"
2013_03_22,41.75756920893715,40.39779361592279,23.91646020834812,-1.359775593014362,Bangalore,2013-03-22,"{""type"":""MultiPoint"",""coordinates"":[]}"
2013_03_30,37.508621811450574,35.881910132722204,22.737189613383336,-1.6267116787283697,Bangalore,2013-03-30,"{""type"":""MultiPoint"",""coordinates"":[]}"
2013_04_07,41.389580454318825,39.399645252221,24.52203008130913,-1.9899352020978256,Bangalore,2013-04-07,"{""type"":""MultiPoint"",""coordinates"":[]}"
2013_04_15,39.608882547137114,38.73689562542133,23.540885508796322,-0.8719869217157807,Bangalore,2013-04-15,"{""type"":""MultiPoint"",""coordinates"":[]}"
2013_04_23,39.43792948154315,38.6483433924872,24.21259129808127,-0.7895860890559518,Bangalore,2013-04-23,"{""type"":""MultiPoint"",""coordinates"":[]}"
2013_05_01,38.22725514954051,37.365228875783195,23.08035165305471,-0.8620262737573157,Bangalore,2013-05-01,"{""type"":""MultiPoint"",""coordinates"":[]}"
2013_05_09,32.807156899644895,31.555900447962937,,-1.2512564516819573,Bangalore,2013-05-09,"{""type"":""MultiPoint"",""coordinates"":[]}"
2013_05_17,33.61571627700414,32.93337324366011,22.32017531271425,-0.6823430333440328,Bangalore,2013-05-17,"{""type"":""MultiPoint"",""coordinates"":[]}"
2013_05_25,35.26005559343978,,,,Bangalore,2013-05-25,"{""type"":""MultiPoint"",""coordinates"":[]}"
2013_06_02,,,,,Bangalore,2013-06-02,"{""type"":""MultiPoint"",""coordinates"":[]}"
2013_06_10,,,,,Bangalore,2013-06-10,"{""type"":""MultiPoint"",""coordinates"":[]}"
2013_06_18,,,,,Bangalore,2013-06-18,"{""type"":""MultiPoint"",""coordinates"":[]}"
2013_06_26,34.193046553526536,32.076891528462596,,-2.1161550250639394,Bangalore,2013-06-26,"{""type"":""MultiPoint"",""coordinates"":[]}"
2013_07_04,,,,,Bangalore,2013-07-04,"{""type"":""MultiPoint"",""coordinates"":[]}"
2013_07_12,,,,,Bangalore,2013-07-12,"{""type"":""MultiPoint"",""coordinates"":[]}"
2013_07_20,,,,,Bangalore,2013-07-20,"{""type"":""MultiPoint"",""coordinates"":[]}"
2013_07_28,27.58655616695749,28.10810361958839,,0.5215474526309016,Bangalore,2013-07-28,"{""type"":""MultiPoint"",""coordinates"":[]}"
2013_08_05,32.05000000000001,32.05000000000001,,0.0,Bangalore,2013-08-05,"{""type"":""MultiPoint"",""coordinates"":[]}"
2013_08_13,,,,,Bangalore,2013-08-13,"{""type"":""MultiPoint"",""coordinates"":[]}"
2013_08_21,34.545000000000016,,,,Bangalore,2013-08-21,"{""type"":""MultiPoint"",""coordinates"":[]}"
2013_08_29,32.55845205125465,31.209517340708285,21.43910443183563,-1.348934710546363,Bangalore,2013-08-29,"{""type"":""MultiPoint"",""coordinates"":[]}"
2013_09_06,,,,,Bangalore,2013-09-06,"{""type"":""MultiPoint"",""coordinates"":[]}"
2013_09_14,,,,,Bangalore,2013-09-14,"{""type"":""MultiPoint"",""coordinates"":[]}"
2013_09_22,28.902813071174826,28.35900564831482,20.00466823909134,-0.5438074228600058,Bangalore,2013-09-22,"{""type"":""MultiPoint"",""coordinates"":[]}"
2013_09_30,30.50926043899078,30.824117043752988,19.99588418699108,0.314856604762209,Bangalore,2013-09-30,"{""type"":""MultiPoint"",""coordinates"":[]}"
2013_10_08,28.933426041498443,30.320168896838787,20.727012142015496,1.3867428553403442,Bangalore,2013-10-08,"{""type"":""MultiPoint"",""coordinates"":[]}"
2013_10_16,29.102389189555975,30.19900140081539,19.719611234089687,1.0966122112594157,Bangalore,2013-10-16,"{""type"":""MultiPoint"",""coordinates"":[]}"
2013_10_24,27.14117889399464,26.710000000000036,21.05000000000001,-0.43117889399460196,Bangalore,2013-10-24,"{""type"":""MultiPoint"",""coordinates"":[]}"
2013_11_01,28.458627351459484,28.808013802390217,18.602764224552228,0.3493864509307336,Bangalore,2013-11-01,"{""type"":""MultiPoint"",""coordinates"":[]}"
2013_11_09,28.58225955076562,28.67485367542937,18.275192222210766,0.09259412466375139,Bangalore,2013-11-09,"{""type"":""MultiPoint"",""coordinates"":[]}"
2013_11_17,29.352107474347665,29.067662248025805,18.01287509388772,-0.28444522632186064,Bangalore,2013-11-17,"{""type"":""MultiPoint"",""coordinates"":[]}"
2013_11_25,28.536953686808793,27.79961303235855,19.464423811112393,-0.737340654450243,Bangalore,2013-11-25,"{""type"":""MultiPoint"",""coordinates"":[]}"
2013_12_03,28.94358903233573,28.105141606082416,15.303714624481291,-0.8384474262533139,Bangalore,2013-12-03,"{""type"":""MultiPoint"",""coordinates"":[]}"
2013_12_11,28.092476203423878,27.280301501417934,16.989782181318407,-0.8121747020059438,Bangalore,2013-12-11,"{""type"":""MultiPoint"",""coordinates"":[]}"
2013_12_19,30.165127143096903,29.12054564135563,16.721768210099178,-1.0445815017412734,Bangalore,2013-12-19,"{""type"":""MultiPoint"",""coordinates"":[]}"
2013_12_27,28.9525986264535,28.071974536246906,17.339241946413047,-0.8806240902065952,Bangalore,2013-12-27,"{""type"":""MultiPoint"",""coordinates"":[]}"
2014_01_01,30.971040255212078,30.34965573292212,18.08138081940572,-0.6213845222899579,Bangalore,2014-01-01,"{""type"":""MultiPoint"",""coordinates"":[]}"
2014_01_09,31.617796231262215,30.24424013776315,18.795123217460937,-1.3735560934990652,Bangalore,2014-01-09,"{""type"":""MultiPoint"",""coordinates"":[]}"
2014_01_17,29.84793725809462,28.859633524297017,18.461302876086922,-0.9883037337976042,Bangalore,2014-01-17,"{""type"":""MultiPoint"",""coordinates"":[]}"
2014_01_25,31.045500149148236,30.356224655457645,18.51509989296272,-0.6892754936905909,Bangalore,2014-01-25,"{""type"":""MultiPoint"",""coordinates"":[]}"
2014_02_02,34.69944037895677,33.628603803922,18.849604037978203,-1.0708365750347753,Bangalore,2014-02-02,"{""type"":""MultiPoint"",""coordinates"":[]}"
2014_02_10,34.209001048853644,32.95294759644285,19.810793515889006,-1.2560534524107965,Bangalore,2014-02-10,"{""type"":""MultiPoint"",""coordinates"":[]}"
2014_02_18,34.75743013336311,33.82872664783034,20.762354931893917,-0.9287034855327718,Bangalore,2014-02-18,"{""type"":""MultiPoint"",""coordinates"":[]}"
2014_02_26,35.269229028600066,33.04409559814197,21.02533652395991,-2.2251334304580936,Bangalore,2014-02-26,"{""type"":""MultiPoint"",""coordinates"":[]}"
2014_03_06,34.17740829101767,34.78569829072572,20.7667307733243,0.6082899997080489,Bangalore,2014-03-06,"{""type"":""MultiPoint"",""coordinates"":[]}"
2014_03_14,40.01231211023551,39.27300446042878,22.477509292559947,-0.739307649806733,Bangalore,2014-03-14,"{""type"":""MultiPoint"",""coordinates"":[]}"
2014_03_22,40.11799731044082,39.46157439905316,23.43838734032573,-0.6564229113876578,Bangalore,2014-03-22,"{""type"":""MultiPoint"",""coordinates"":[]}"
2014_03_30,41.62654659048592,40.471927728211114,24.058360730852197,-1.154618862274809,Bangalore,2014-03-30,"{""type"":""MultiPoint"",""coordinates"":[]}"
2014_04_07,38.58152763568489,37.83533197001395,22.370390215401066,-0.7461956656709461,Bangalore,2014-04-07,"{""type"":""MultiPoint"",""coordinates"":[]}"
2014_04_15,40.79763885876118,39.81538962804803,23.63150674307824,-0.9822492307131512,Bangalore,2014-04-15,"{""type"":""MultiPoint"",""coordinates"":[]}"
2014_04_23,40.88744407098196,39.317025622483605,23.917876845388786,-1.5704184484983514,Bangalore,2014-04-23,"{""type"":""MultiPoint"",""coordinates"":[]}"
2014_05_01,41.9489656003447,39.7250635783873,22.627184313926946,-2.2239020219574,Bangalore,2014-05-01,"{""type"":""MultiPoint"",""coordinates"":[]}"
2014_05_09,38.74427895609429,37.99711257780368,22.275781094154297,-0.7471663782906148,Bangalore,2014-05-09,"{""type"":""MultiPoint"",""coordinates"":[]}"
2014_05_17,36.72662555492332,35.76179339910981,23.70097136468999,-0.9648321558135038,Bangalore,2014-05-17,"{""type"":""MultiPoint"",""coordinates"":[]}"
2014_05_25,32.650312576448485,32.03937213464108,23.833565850296296,-0.6109404418074078,Bangalore,2014-05-25,"{""type"":""MultiPoint"",""coordinates"":[]}"
2014_06_02,32.077359873356926,31.54117655236921,20.943155792276993,-0.5361833209877176,Bangalore,2014-06-02,"{""type"":""MultiPoint"",""coordinates"":[]}"
2014_06_10,33.444697497786926,31.908154310316345,21.141542818084186,-1.5365431874705813,Bangalore,2014-06-10,"{""type"":""MultiPoint"",""coordinates"":[]}"
2014_06_18,29.925114162541945,,,,Bangalore,2014-06-18,"{""type"":""MultiPoint"",""coordinates"":[]}"
2014_06_26,36.17164788694567,35.859230279996176,21.030035288023132,-0.31241760694949505,Bangalore,2014-06-26,"{""type"":""MultiPoint"",""coordinates"":[]}"
2014_07_04,,,,,Bangalore,2014-07-04,"{""type"":""MultiPoint"",""coordinates"":[]}"
2014_07_12,,27.930000000000028,18.11800000000003,,Bangalore,2014-07-12,"{""type"":""MultiPoint"",""coordinates"":[]}"
2014_07_20,,,,,Bangalore,2014-07-20,"{""type"":""MultiPoint"",""coordinates"":[]}"
2014_07_28,31.628000000000025,31.33000000000004,,-0.29799999999998406,Bangalore,2014-07-28,"{""type"":""MultiPoint"",""coordinates"":[]}"
2014_08_05,,,,,Bangalore,2014-08-05,"{""type"":""MultiPoint"",""coordinates"":[]}"
2014_08_13,,,,,Bangalore,2014-08-13,"{""type"":""MultiPoint"",""coordinates"":[]}"
2014_08_21,30.54697720484005,30.22574395490287,20.110328461654394,-0.3212332499371797,Bangalore,2014-08-21,"{""type"":""MultiPoint"",""coordinates"":[]}"
2014_08_29,,,,,Bangalore,2014-08-29,"{""type"":""MultiPoint"",""coordinates"":[]}"
2014_09_06,32.81865337299849,31.931927551142785,19.668032430931255,-0.8867258218557055,Bangalore,2014-09-06,"{""type"":""MultiPoint"",""coordinates"":[]}"
2014_09_14,33.190460497776854,31.114400433235375,20.66198884017541,-2.0760600645414797,Bangalore,2014-09-14,"{""type"":""MultiPoint"",""coordinates"":[]}"
2014_09_22,28.97884277451546,28.4977419354839,21.599677419354865,-0.48110083903155854,Bangalore,2014-09-22,"{""type"":""MultiPoint"",""coordinates"":[]}"
2014_09_30,30.40014214844259,30.193913862941276,21.342693891047393,-0.20622828550131445,Bangalore,2014-09-30,"{""type"":""MultiPoint"",""coordinates"":[]}"
2014_10_08,29.272680300870224,29.634869631996892,19.710995344392742,0.3621893311266682,Bangalore,2014-10-08,"{""type"":""MultiPoint"",""coordinates"":[]}"
2014_10_16,28.085228560093494,28.402780780273623,20.070315052121398,0.3175522201801293,Bangalore,2014-10-16,"{""type"":""MultiPoint"",""coordinates"":[]}"
2014_10_24,25.741768688495185,26.46772185390641,19.308128868190476,0.7259531654112266,Bangalore,2014-10-24,"{""type"":""MultiPoint"",""coordinates"":[]}"
2014_11_01,27.902745870949854,28.558109963015276,18.182560566724526,0.6553640920654225,Bangalore,2014-11-01,"{""type"":""MultiPoint"",""coordinates"":[]}"
2014_11_09,28.984952614790487,29.285247863068207,18.637419405848767,0.30029524827772036,Bangalore,2014-11-09,"{""type"":""MultiPoint"",""coordinates"":[]}"
2014_11_17,27.557579221428547,27.862499985364817,17.892095878141483,0.3049207639362699,Bangalore,2014-11-17,"{""type"":""MultiPoint"",""coordinates"":[]}"
2014_11_25,29.02452581897806,29.05226273144697,16.290264988446346,0.02773691246891019,Bangalore,2014-11-25,"{""type"":""MultiPoint"",""coordinates"":[]}"
2014_12_03,28.38116290301509,27.959289929937828,17.14983533540294,-0.4218729730772601,Bangalore,2014-12-03,"{""type"":""MultiPoint"",""coordinates"":[]}"
2014_12_11,27.12174915071568,27.43635325833725,17.379348717348044,0.31460410762156954,Bangalore,2014-12-11,"{""type"":""MultiPoint"",""coordinates"":[]}"
2014_12_19,27.39324555205023,27.27136059487699,17.88218639343028,-0.12188495717323988,Bangalore,2014-12-19,"{""type"":""MultiPoint"",""coordinates"":[]}"
2014_12_27,29.767024273510295,28.281759898113144,18.48976358285732,-1.4852643753971506,Bangalore,2014-12-27,"{""type"":""MultiPoint"",""coordinates"":[]}"
2015_01_01,28.0865294752999,27.734287919296623,18.68865769962242,-0.35224155600327833,Bangalore,2015-01-01,"{""type"":""MultiPoint"",""coordinates"":[]}"
2015_01_09,29.623126338417354,28.78305364028247,16.801887902250463,-0.8400726981348825,Bangalore,2015-01-09,"{""type"":""MultiPoint"",""coordinates"":[]}"
2015_01_17,29.99388317170952,28.718505693995077,18.65825314115228,-1.2753774777144429,Bangalore,2015-01-17,"{""type"":""MultiPoint"",""coordinates"":[]}"
2015_01_25,30.843857950438906,29.911913643758993,19.038522496312737,-0.9319443066799131,Bangalore,2015-01-25,"{""type"":""MultiPoint"",""coordinates"":[]}"
2015_02_02,32.70294004942295,31.453848447767065,19.272743632194384,-1.2490916016558842,Bangalore,2015-02-02,"{""type"":""MultiPoint"",""coordinates"":[]}"
2015_02_10,35.331876679933984,34.13806698627979,19.944994777841778,-1.1938096936541953,Bangalore,2015-02-10,"{""type"":""MultiPoint"",""coordinates"":[]}"
2015_02_18,36.19444918798621,35.04684659563636,19.555927924202948,-1.1476025923498483,Bangalore,2015-02-18,"{""type"":""MultiPoint"",""coordinates"":[]}"
2015_02_26,35.63525433276296,34.110966251074835,21.45023581255375,-1.5242880816881268,Bangalore,2015-02-26,"{""type"":""MultiPoint"",""coordinates"":[]}"
2015_03_06,35.26762860627585,34.56700279397916,21.99660263580978,-0.7006258122966926,Bangalore,2015-03-06,"{""type"":""MultiPoint"",""coordinates"":[]}"
2015_03_14,39.592984720416396,37.83759445588947,22.516816391554155,-1.7553902645269233,Bangalore,2015-03-14,"{""type"":""MultiPoint"",""coordinates"":[]}"
2015_03_22,39.87965975158009,38.46228853176762,23.852875701995824,-1.4173712198124733,Bangalore,2015-03-22,"{""type"":""MultiPoint"",""coordinates"":[]}"
2015_03_30,38.7242251419067,37.48920923138008,22.35498372380178,-1.23501591052662,Bangalore,2015-03-30,"{""type"":""MultiPoint"",""coordinates"":[]}"
2015_04_07,38.85474010795548,37.792351234241146,24.09443400860632,-1.0623888737143332,Bangalore,2015-04-07,"{""type"":""MultiPoint"",""coordinates"":[]}"
2015_04_15,31.04155870202733,31.309414383864645,22.54901351095717,0.26785568183731456,Bangalore,2015-04-15,"{""type"":""MultiPoint"",""coordinates"":[]}"
2015_04_23,33.45105588183085,32.60630767307135,22.056410619764108,-0.8447482087594977,Bangalore,2015-04-23,"{""type"":""MultiPoint"",""coordinates"":[]}"
2015_05_01,31.9087454299695,31.722924217207513,21.9766159484357,-0.1858212127619865,Bangalore,2015-05-01,"{""type"":""MultiPoint"",""coordinates"":[]}"
2015_05_09,30.00575733110352,29.837540017928063,,-0.1682173131754574,Bangalore,2015-05-09,"{""type"":""MultiPoint"",""coordinates"":[]}"
2015_05_17,30.294666695012445,29.875904003404635,22.634236495729155,-0.4187626916078102,Bangalore,2015-05-17,"{""type"":""MultiPoint"",""coordinates"":[]}"
2015_05_25,32.210853375616104,31.7357237732896,19.45014452635569,-0.47512960232650414,Bangalore,2015-05-25,"{""type"":""MultiPoint"",""coordinates"":[]}"
2015_06_02,33.836126508290185,32.89026418661697,22.289841529367397,-0.9458623216732178,Bangalore,2015-06-02,"{""type"":""MultiPoint"",""coordinates"":[]}"
2015_06_10,36.29460595653976,28.99000000000001,,-7.304605956539753,Bangalore,2015-06-10,"{""type"":""MultiPoint"",""coordinates"":[]}"
2015_06_18,,,,,Bangalore,2015-06-18,"{""type"":""MultiPoint"",""coordinates"":[]}"
2015_06_26,33.26946534043558,30.628298932384368,20.11897116390262,-2.6411664080512125,Bangalore,2015-06-26,"{""type"":""MultiPoint"",""coordinates"":[]}"
2015_07_04,30.668325018406044,29.468801348754553,20.148497401741956,-1.1995236696514908,Bangalore,2015-07-04,"{""type"":""MultiPoint"",""coordinates"":[]}"
2015_07_12,32.30847597657822,,,,Bangalore,2015-07-12,"{""type"":""MultiPoint"",""coordinates"":[]}"
2015_07_20,32.94842732327246,,,,Bangalore,2015-07-20,"{""type"":""MultiPoint"",""coordinates"":[]}"
2015_07_28,32.974834334456105,31.76029813763886,20.286308275918433,-1.214536196817246,Bangalore,2015-07-28,"{""type"":""MultiPoint"",""coordinates"":[]}"
2015_08_05,,,,,Bangalore,2015-08-05,"{""type"":""MultiPoint"",""coordinates"":[]}"
2015_08_13,31.08891679611588,31.070671820483028,20.070836372890007,-0.018244975632850213,Bangalore,2015-08-13,"{""type"":""MultiPoint"",""coordinates"":[]}"
2015_08_21,31.60161617250676,33.25127144298692,22.07427850655905,1.6496552704801601,Bangalore,2015-08-21,"{""type"":""MultiPoint"",""coordinates"":[]}"
2015_08_29,31.814157893827037,31.472037170436565,18.166233653007872,-0.3421207233904724,Bangalore,2015-08-29,"{""type"":""MultiPoint"",""coordinates"":[]}"
2015_09_06,31.05668720732122,30.46994440124073,20.781076942398617,-0.5867428060804905,Bangalore,2015-09-06,"{""type"":""MultiPoint"",""coordinates"":[]}"
2015_09_14,32.45103619406181,,,,Bangalore,2015-09-14,"{""type"":""MultiPoint"",""coordinates"":[]}"
2015_09_22,30.28238562564134,31.068107096099933,20.25450785266238,0.7857214704585935,Bangalore,2015-09-22,"{""type"":""MultiPoint"",""coordinates"":[]}"
2015_09_30,26.71915735760588,,,,Bangalore,2015-09-30,"{""type"":""MultiPoint"",""coordinates"":[]}"
2015_10_08,30.4996911477081,31.532379511204223,20.214258618187902,1.0326883634961241,Bangalore,2015-10-08,"{""type"":""MultiPoint"",""coordinates"":[]}"
2015_10_16,30.865136802479206,31.45883574814655,20.616428475942737,0.5936989456673452,Bangalore,2015-10-16,"{""type"":""MultiPoint"",""coordinates"":[]}"
2015_10_24,30.946373016491833,31.4984712618953,19.384303219085574,0.5520982454034673,Bangalore,2015-10-24,"{""type"":""MultiPoint"",""coordinates"":[]}"
2015_11_01,27.11362871755099,26.69777070063697,20.890000000000043,-0.41585801691402224,Bangalore,2015-11-01,"{""type"":""MultiPoint"",""coordinates"":[]}"
2015_11_09,,,,,Bangalore,2015-11-09,"{""type"":""MultiPoint"",""coordinates"":[]}"
2015_11_17,,,,,Bangalore,2015-11-17,"{""type"":""MultiPoint"",""coordinates"":[]}"
2015_11_25,27.494647465513115,27.87813414896125,17.169406385220547,0.38348668344813674,Bangalore,2015-11-25,"{""type"":""MultiPoint"",""coordinates"":[]}"
2015_12_03,26.683987385131466,26.870770795943102,17.14910294670064,0.18678341081163552,Bangalore,2015-12-03,"{""type"":""MultiPoint"",""coordinates"":[]}"
2015_12_11,28.467577518673146,27.861628395738908,18.94731066139326,-0.6059491229342377,Bangalore,2015-12-11,"{""type"":""MultiPoint"",""coordinates"":[]}"
2015_12_19,28.677329342199226,28.214993638419962,18.66350361499317,-0.4623357037792637,Bangalore,2015-12-19,"{""type"":""MultiPoint"",""coordinates"":[]}"
2015_12_27,29.04719984975477,28.817276659318704,17.08108486475761,-0.22992319043606457,Bangalore,2015-12-27,"{""type"":""MultiPoint"",""coordinates"":[]}"
2016_01_01,28.752216209090772,27.979882361398552,16.14724660973874,-0.7723338476922201,Bangalore,2016-01-01,"{""type"":""MultiPoint"",""coordinates"":[]}"
2016_01_09,28.7943778689121,27.805284562164005,16.22865627474683,-0.9890933067480958,Bangalore,2016-01-09,"{""type"":""MultiPoint"",""coordinates"":[]}"
2016_01_17,29.02451241870479,27.900229064964343,17.71793721286374,-1.1242833537404486,Bangalore,2016-01-17,"{""type"":""MultiPoint"",""coordinates"":[]}"
2016_01_25,31.86231544368666,31.39243932417969,19.05811178998155,-0.4698761195069707,Bangalore,2016-01-25,"{""type"":""MultiPoint"",""coordinates"":[]}"
2016_02_02,30.721333263055033,30.189467918952076,19.066529220284135,-0.5318653441029575,Bangalore,2016-02-02,"{""type"":""MultiPoint"",""coordinates"":[]}"
2016_02_10,33.45628487043801,32.57668367138723,20.345238542219352,-0.8796011990507822,Bangalore,2016-02-10,"{""type"":""MultiPoint"",""coordinates"":[]}"
2016_02_18,34.41453012821369,33.50461186770432,,-0.9099182605093716,Bangalore,2016-02-18,"{""type"":""MultiPoint"",""coordinates"":[]}"
2016_02_26,37.637089861339945,36.26786963058754,21.549523494306708,-1.3692202307524042,Bangalore,2016-02-26,"{""type"":""MultiPoint"",""coordinates"":[]}"
2016_03_05,38.94680670602565,37.74151792020898,22.551001173846124,-1.2052887858166699,Bangalore,2016-03-05,"{""type"":""MultiPoint"",""coordinates"":[]}"
2016_03_13,37.47453377169527,36.5157902353805,23.93554555134027,-0.9587435363147705,Bangalore,2016-03-13,"{""type"":""MultiPoint"",""coordinates"":[]}"
2016_03_21,39.64007076043185,38.40897106142434,24.05134555882188,-1.2310996990075083,Bangalore,2016-03-21,"{""type"":""MultiPoint"",""coordinates"":[]}"
2016_03_29,40.473201910024756,39.07778005001169,24.55323881065435,-1.395421860013066,Bangalore,2016-03-29,"{""type"":""MultiPoint"",""coordinates"":[]}"
2016_04_06,39.85483741136285,39.24653546328462,25.071018054770214,-0.6083019480782283,Bangalore,2016-04-06,"{""type"":""MultiPoint"",""coordinates"":[]}"
2016_04_14,41.70985884459564,40.46559749915168,26.743652554834654,-1.2442613454439595,Bangalore,2016-04-14,"{""type"":""MultiPoint"",""coordinates"":[]}"
2016_04_22,42.64261366145252,41.10976574567559,25.177892529435262,-1.5328479157769337,Bangalore,2016-04-22,"{""type"":""MultiPoint"",""coordinates"":[]}"
2016_04_30,41.02786807620078,40.28856279594829,26.69985610592079,-0.7393052802524949,Bangalore,2016-04-30,"{""type"":""MultiPoint"",""coordinates"":[]}"
2016_05_08,36.702441649397606,35.43756848205611,23.000009597109603,-1.2648731673414986,Bangalore,2016-05-08,"{""type"":""MultiPoint"",""coordinates"":[]}"
2016_05_16,33.239505608261396,32.5783971610839,21.18428196344692,-0.6611084471774973,Bangalore,2016-05-16,"{""type"":""MultiPoint"",""coordinates"":[]}"
2016_05_24,34.89971735882178,34.14910720221242,23.064161696845424,-0.7506101566093619,Bangalore,2016-05-24,"{""type"":""MultiPoint"",""coordinates"":[]}"
2016_06_01,,,,,Bangalore,2016-06-01,"{""type"":""MultiPoint"",""coordinates"":[]}"
2016_06_09,29.702347548824267,,,,Bangalore,2016-06-09,"{""type"":""MultiPoint"",""coordinates"":[]}"
2016_06_17,,,,,Bangalore,2016-06-17,"{""type"":""MultiPoint"",""coordinates"":[]}"
2016_06_25,27.430000000000007,,,,Bangalore,2016-06-25,"{""type"":""MultiPoint"",""coordinates"":[]}"
2016_07_03,,,,,Bangalore,2016-07-03,"{""type"":""MultiPoint"",""coordinates"":[]}"
2016_07_11,33.18414705452423,,,,Bangalore,2016-07-11,"{""type"":""MultiPoint"",""coordinates"":[]}"
2016_07_19,32.4685505785541,30.717026592635925,,-1.7515239859181762,Bangalore,2016-07-19,"{""type"":""MultiPoint"",""coordinates"":[]}"
2016_07_27,,,,,Bangalore,2016-07-27,"{""type"":""MultiPoint"",""coordinates"":[]}"
2016_08_04,,,,,Bangalore,2016-08-04,"{""type"":""MultiPoint"",""coordinates"":[]}"
2016_08_12,32.4969303600349,,,,Bangalore,2016-08-12,"{""type"":""MultiPoint"",""coordinates"":[]}"
2016_08_20,,,,,Bangalore,2016-08-20,"{""type"":""MultiPoint"",""coordinates"":[]}"
2016_08_28,,,,,Bangalore,2016-08-28,"{""type"":""MultiPoint"",""coordinates"":[]}"
2016_09_05,30.251563057722354,28.425708558480075,,-1.8258544992422792,Bangalore,2016-09-05,"{""type"":""MultiPoint"",""coordinates"":[]}"
2016_09_13,30.935393727237386,29.193337178008495,19.205718960539016,-1.7420565492288915,Bangalore,2016-09-13,"{""type"":""MultiPoint"",""coordinates"":[]}"
2016_09_21,,,,,Bangalore,2016-09-21,"{""type"":""MultiPoint"",""coordinates"":[]}"
2016_09_29,32.8620211253155,32.73714838982914,19.505723894278773,-0.12487273548636324,Bangalore,2016-09-29,"{""type"":""MultiPoint"",""coordinates"":[]}"
2016_10_07,35.460650456944656,35.8096444177877,18.823702440536863,0.3489939608430461,Bangalore,2016-10-07,"{""type"":""MultiPoint"",""coordinates"":[]}"
2016_10_15,32.42230621574823,32.205448123261874,19.454908852845104,-0.2168580924863548,Bangalore,2016-10-15,"{""type"":""MultiPoint"",""coordinates"":[]}"
2016_10_23,31.944477861042557,31.05788752796325,18.648753909188745,-0.8865903330793081,Bangalore,2016-10-23,"{""type"":""MultiPoint"",""coordinates"":[]}"
2016_10_31,32.27590739636141,31.80623934130856,18.830473538636365,-0.4696680550528498,Bangalore,2016-10-31,"{""type"":""MultiPoint"",""coordinates"":[]}"
2016_11_08,32.52222365548316,31.660397516290406,19.146019313194998,-0.861826139192754,Bangalore,2016-11-08,"{""type"":""MultiPoint"",""coordinates"":[]}"
2016_11_16,32.472677232975094,31.5083328784695,18.5589349362736,-0.9643443545055952,Bangalore,2016-11-16,"{""type"":""MultiPoint"",""coordinates"":[]}"
2016_11_24,33.22804718879639,32.60019479653104,17.111540916166366,-0.6278523922653463,Bangalore,2016-11-24,"{""type"":""MultiPoint"",""coordinates"":[]}"
2016_12_02,30.505455114064322,29.41134769195972,18.55039117623039,-1.094107422104603,Bangalore,2016-12-02,"{""type"":""MultiPoint"",""coordinates"":[]}"
2016_12_10,26.36886498884863,20.958000000000027,16.710000000000036,-5.410864988848605,Bangalore,2016-12-10,"{""type"":""MultiPoint"",""coordinates"":[]}"
2016_12_18,30.08800823799935,29.515820192124103,17.410139989366627,-0.5721880458752473,Bangalore,2016-12-18,"{""type"":""MultiPoint"",""coordinates"":[]}"
2016_12_26,30.17825867978623,29.128800221510392,17.04753047060591,-1.0494584582758364,Bangalore,2016-12-26,"{""type"":""MultiPoint"",""coordinates"":[]}"
2017_01_01,31.16911709991576,30.052716330760052,18.019558942915236,-1.1164007691557067,Bangalore,2017-01-01,"{""type"":""MultiPoint"",""coordinates"":[]}"
2017_01_09,29.322648025643357,28.42935171839796,17.726479365014992,-0.8932963072453965,Bangalore,2017-01-09,"{""type"":""MultiPoint"",""coordinates"":[]}"
2017_01_17,31.59947833372039,30.134504289824687,18.072595747116317,-1.4649740438957046,Bangalore,2017-01-17,"{""type"":""MultiPoint"",""coordinates"":[]}"
2017_01_25,33.461599987322245,31.987558112883733,19.7327249225784,-1.4740418744385124,Bangalore,2017-01-25,"{""type"":""MultiPoint"",""coordinates"":[]}"
2017_02_02,35.22496751318135,33.65039452504127,18.982216204177117,-1.5745729881400763,Bangalore,2017-02-02,"{""type"":""MultiPoint"",""coordinates"":[]}"
2017_02_10,33.85749393241121,32.49763774331912,19.228673705047854,-1.359856189092092,Bangalore,2017-02-10,"{""type"":""MultiPoint"",""coordinates"":[]}"
2017_02_18,37.70825944264778,36.13276559358231,21.771469496901013,-1.5754938490654666,Bangalore,2017-02-18,"{""type"":""MultiPoint"",""coordinates"":[]}"
2017_02_26,34.83806975065132,33.83530619500492,20.61751323691866,-1.0027635556464034,Bangalore,2017-02-26,"{""type"":""MultiPoint"",""coordinates"":[]}"
2017_03_06,35.915368162312646,34.988572358625795,22.621042736397555,-0.9267958036868507,Bangalore,2017-03-06,"{""type"":""MultiPoint"",""coordinates"":[]}"
2017_03_14,37.531569191359814,36.85550129402498,22.842438188569638,-0.676067897334832,Bangalore,2017-03-14,"{""type"":""MultiPoint"",""coordinates"":[]}"
2017_03_22,40.759113661469065,39.400839951670605,23.278030878271487,-1.3582737097984605,Bangalore,2017-03-22,"{""type"":""MultiPoint"",""coordinates"":[]}"
2017_03_30,39.7809791044715,38.25402040366903,23.89282711680386,-1.5269587008024672,Bangalore,2017-03-30,"{""type"":""MultiPoint"",""coordinates"":[]}"
2017_04_07,39.105028045223065,37.71750769765853,24.289728101312445,-1.3875203475645321,Bangalore,2017-04-07,"{""type"":""MultiPoint"",""coordinates"":[]}"
2017_04_15,36.17762615671985,35.31272027399906,24.884803469706174,-0.8649058827207909,Bangalore,2017-04-15,"{""type"":""MultiPoint"",""coordinates"":[]}"
2017_04_23,39.831977856820885,39.051496353298155,23.86238050270238,-0.7804815035227293,Bangalore,2017-04-23,"{""type"":""MultiPoint"",""coordinates"":[]}"
2017_05_01,40.24229851400584,39.29354695394438,23.807691963446068,-0.94875156006146,Bangalore,2017-05-01,"{""type"":""MultiPoint"",""coordinates"":[]}"
2017_05_09,35.33275004303817,35.07848672425281,23.782866829858506,-0.25426331878535535,Bangalore,2017-05-09,"{""type"":""MultiPoint"",""coordinates"":[]}"
2017_05_17,32.78491674838448,32.71172876287706,21.856212637154776,-0.073187985507424,Bangalore,2017-05-17,"{""type"":""MultiPoint"",""coordinates"":[]}"
2017_05_25,31.01665974403967,30.29001645907476,21.23555516014238,-0.7266432849649114,Bangalore,2017-05-25,"{""type"":""MultiPoint"",""coordinates"":[]}"
2017_06_02,35.05837490365478,32.492935133279964,22.67074402976122,-2.565439770374816,Bangalore,2017-06-02,"{""type"":""MultiPoint"",""coordinates"":[]}"
2017_06_10,,31.690000000000026,,,Bangalore,2017-06-10,"{""type"":""MultiPoint"",""coordinates"":[]}"
2017_06_18,29.260000000000026,,,,Bangalore,2017-06-18,"{""type"":""MultiPoint"",""coordinates"":[]}"
2017_06_26,28.740800000000032,,,,Bangalore,2017-06-26,"{""type"":""MultiPoint"",""coordinates"":[]}"
2017_07_04,34.74834114888631,,,,Bangalore,2017-07-04,"{""type"":""MultiPoint"",""coordinates"":[]}"
2017_07_12,,,,,Bangalore,2017-07-12,"{""type"":""MultiPoint"",""coordinates"":[]}"
2017_07_20,30.648589948809025,29.467227725006218,19.94334875115638,-1.1813622238028074,Bangalore,2017-07-20,"{""type"":""MultiPoint"",""coordinates"":[]}"
2017_07_28,33.40851981487968,29.205000000000027,21.070000000000032,-4.203519814879655,Bangalore,2017-07-28,"{""type"":""MultiPoint"",""coordinates"":[]}"
2017_08_05,,,,,Bangalore,2017-08-05,"{""type"":""MultiPoint"",""coordinates"":[]}"
2017_08_13,,,,,Bangalore,2017-08-13,"{""type"":""MultiPoint"",""coordinates"":[]}"
2017_08_21,,,,,Bangalore,2017-08-21,"{""type"":""MultiPoint"",""coordinates"":[]}"
2017_08_29,31.11503522924001,29.891089433379214,21.09686804314597,-1.2239457958607964,Bangalore,2017-08-29,"{""type"":""MultiPoint"",""coordinates"":[]}"
2017_09_06,28.156718958611513,31.40437500000003,21.873750000000022,3.2476560413885167,Bangalore,2017-09-06,"{""type"":""MultiPoint"",""coordinates"":[]}"
2017_09_14,32.31845006307732,31.85158246656763,19.410595533498793,-0.46686759650969023,Bangalore,2017-09-14,"{""type"":""MultiPoint"",""coordinates"":[]}"
2017_09_22,31.268060996978605,31.721648719128737,19.892233104799246,0.4535877221501323,Bangalore,2017-09-22,"{""type"":""MultiPoint"",""coordinates"":[]}"
2017_09_30,,,,,Bangalore,2017-09-30,"{""type"":""MultiPoint"",""coordinates"":[]}"
2017_10_08,29.209362692497336,29.94156207366988,,0.732199381172542,Bangalore,2017-10-08,"{""type"":""MultiPoint"",""coordinates"":[]}"
2017_10_16,28.405827625376016,29.387038674033178,18.342028374599312,0.9812110486571619,Bangalore,2017-10-16,"{""type"":""MultiPoint"",""coordinates"":[]}"
2017_10_24,28.47847840943817,29.2703041100135,18.544761490520425,0.7918257005753304,Bangalore,2017-10-24,"{""type"":""MultiPoint"",""coordinates"":[]}"
2017_11_01,28.215631028769955,28.775552223311628,19.336252379029947,0.5599211945416727,Bangalore,2017-11-01,"{""type"":""MultiPoint"",""coordinates"":[]}"
2017_11_09,27.96140967118196,28.44587719965199,18.534728910562503,0.4844675284700273,Bangalore,2017-11-09,"{""type"":""MultiPoint"",""coordinates"":[]}"
2017_11_17,28.04572726285049,28.4731155295714,19.781537503970643,0.42738826672090724,Bangalore,2017-11-17,"{""type"":""MultiPoint"",""coordinates"":[]}"
2017_11_25,29.29905582497665,29.473940622176325,16.641439456009547,0.17488479719967387,Bangalore,2017-11-25,"{""type"":""MultiPoint"",""coordinates"":[]}"
2017_12_03,29.340738329258446,29.34014554234735,18.180753350254086,-5.927869110955442E-4,Bangalore,2017-12-03,"{""type"":""MultiPoint"",""coordinates"":[]}"
2017_12_11,28.031897494397406,27.447341416440967,18.40659198430811,-0.5845560779564387,Bangalore,2017-12-11,"{""type"":""MultiPoint"",""coordinates"":[]}"
2017_12_19,29.054324270605253,28.560925653020096,17.952291051558724,-0.49339861758515724,Bangalore,2017-12-19,"{""type"":""MultiPoint"",""coordinates"":[]}"
2017_12_27,28.42383422488353,27.914334687396934,17.534749979379782,-0.5094995374865974,Bangalore,2017-12-27,"{""type"":""MultiPoint"",""coordinates"":[]}"
2018_01_01,28.50270133666952,27.9634012083471,17.28479988040257,-0.5393001283224201,Bangalore,2018-01-01,"{""type"":""MultiPoint"",""coordinates"":[]}"
2018_01_09,30.519742620036155,30.128190014059367,18.363708430663568,-0.39155260597678776,Bangalore,2018-01-09,"{""type"":""MultiPoint"",""coordinates"":[]}"
2018_01_17,29.549194802646248,28.89078520880995,17.560348942067208,-0.6584095938362964,Bangalore,2018-01-17,"{""type"":""MultiPoint"",""coordinates"":[]}"
2018_01_25,30.303208671626574,29.602880054096232,17.83611823733157,-0.7003286175303423,Bangalore,2018-01-25,"{""type"":""MultiPoint"",""coordinates"":[]}"
2018_02_02,32.297068218932516,31.429974226137187,18.035482069568786,-0.8670939927953292,Bangalore,2018-02-02,"{""type"":""MultiPoint"",""coordinates"":[]}"
2018_02_10,32.31238009173035,31.590954653440562,19.895820239236468,-0.7214254382897849,Bangalore,2018-02-10,"{""type"":""MultiPoint"",""coordinates"":[]}"
2018_02_18,35.72266099506284,34.80933640682454,20.42436417359377,-0.9133245882382965,Bangalore,2018-02-18,"{""type"":""MultiPoint"",""coordinates"":[]}"
2018_02_26,37.87476678379161,36.724495755028066,20.90226838114082,-1.150271028763541,Bangalore,2018-02-26,"{""type"":""MultiPoint"",""coordinates"":[]}"
2018_03_06,36.96089402481195,35.76383024598099,20.811684122114727,-1.1970637788309588,Bangalore,2018-03-06,"{""type"":""MultiPoint"",""coordinates"":[]}"
2018_03_14,35.01663234514361,34.773649915276735,21.517856809110775,-0.24298242986687768,Bangalore,2018-03-14,"{""type"":""MultiPoint"",""coordinates"":[]}"
2018_03_22,35.691074900340624,34.77767204775291,23.10444031917298,-0.9134028525877156,Bangalore,2018-03-22,"{""type"":""MultiPoint"",""coordinates"":[]}"
2018_03_30,33.79963509455674,33.341657811323046,22.048405431502136,-0.4579772832336957,Bangalore,2018-03-30,"{""type"":""MultiPoint"",""coordinates"":[]}"
2018_04_07,36.901439804760905,35.919030410198914,23.613806569111237,-0.9824093945619907,Bangalore,2018-04-07,"{""type"":""MultiPoint"",""coordinates"":[]}"
2018_04_15,36.21762520100686,34.3460433322238,22.826850546191835,-1.8715818687830605,Bangalore,2018-04-15,"{""type"":""MultiPoint"",""coordinates"":[]}"
2018_04_23,34.91386910794496,34.395769567600034,23.830527709350168,-0.5180995403449273,Bangalore,2018-04-23,"{""type"":""MultiPoint"",""coordinates"":[]}"
2018_05_01,32.50708899329476,32.02596721786465,22.978485688859493,-0.48112177543011114,Bangalore,2018-05-01,"{""type"":""MultiPoint"",""coordinates"":[]}"
2018_05_09,33.66988341047792,33.47222629409077,19.89740088105731,-0.19765711638715544,Bangalore,2018-05-09,"{""type"":""MultiPoint"",""coordinates"":[]}"
2018_05_17,30.975699878243343,30.830481685288806,17.99162788488938,-0.14521819295453753,Bangalore,2018-05-17,"{""type"":""MultiPoint"",""coordinates"":[]}"
2018_05_25,31.58942134742216,31.348244435983563,21.826631803868672,-0.24117691143859687,Bangalore,2018-05-25,"{""type"":""MultiPoint"",""coordinates"":[]}"
2018_06_02,31.713546754675473,,,,Bangalore,2018-06-02,"{""type"":""MultiPoint"",""coordinates"":[]}"
2018_06_10,33.94194226834376,32.61391437308872,19.82451987767587,-1.3280278952550404,Bangalore,2018-06-10,"{""type"":""MultiPoint"",""coordinates"":[]}"
2018_06_18,30.72644614920487,29.568997254543103,20.305496239492737,-1.1574488946617691,Bangalore,2018-06-18,"{""type"":""MultiPoint"",""coordinates"":[]}"
2018_06_26,,,,,Bangalore,2018-06-26,"{""type"":""MultiPoint"",""coordinates"":[]}"
2018_07_04,29.42328443513054,28.710000000000036,21.010000000000048,-0.7132844351305039,Bangalore,2018-07-04,"{""type"":""MultiPoint"",""coordinates"":[]}"
2018_07_12,,,,,Bangalore,2018-07-12,"{""type"":""MultiPoint"",""coordinates"":[]}"
2018_07_20,32.93000000000002,,,,Bangalore,2018-07-20,"{""type"":""MultiPoint"",""coordinates"":[]}"
2018_07_28,26.09152059906824,,,,Bangalore,2018-07-28,"{""type"":""MultiPoint"",""coordinates"":[]}"
2018_08_05,28.022000000000027,,,,Bangalore,2018-08-05,"{""type"":""MultiPoint"",""coordinates"":[]}"
2018_08_13,,,,,Bangalore,2018-08-13,"{""type"":""MultiPoint"",""coordinates"":[]}"
2018_08_21,29.490068415051343,,,,Bangalore,2018-08-21,"{""type"":""MultiPoint"",""coordinates"":[]}"
2018_08_29,32.74810288576313,31.95660254928608,21.009367349412233,-0.7915003364770499,Bangalore,2018-08-29,"{""type"":""MultiPoint"",""coordinates"":[]}"
2018_09_06,33.223592829865275,31.126768840375416,17.711348070660243,-2.0968239894898595,Bangalore,2018-09-06,"{""type"":""MultiPoint"",""coordinates"":[]}"
2018_09_14,31.76283076957426,31.814447172585222,,0.05161640301096071,Bangalore,2018-09-14,"{""type"":""MultiPoint"",""coordinates"":[]}"
2018_09_22,30.067276079678916,30.325544193331872,20.81743492342761,0.25826811365295654,Bangalore,2018-09-22,"{""type"":""MultiPoint"",""coordinates"":[]}"
2018_09_30,30.03019385017477,30.575019561287558,18.832425683102052,0.5448257111127894,Bangalore,2018-09-30,"{""type"":""MultiPoint"",""coordinates"":[]}"
2018_10_08,29.298671235481816,28.546314255295727,19.909994385352032,-0.7523569801860894,Bangalore,2018-10-08,"{""type"":""MultiPoint"",""coordinates"":[]}"
2018_10_16,28.62806847310451,29.419826300496332,18.98018205662272,0.7917578273918231,Bangalore,2018-10-16,"{""type"":""MultiPoint"",""coordinates"":[]}"
2018_10_24,30.275546862862154,30.465534655699393,18.99451303563007,0.18998779283723977,Bangalore,2018-10-24,"{""type"":""MultiPoint"",""coordinates"":[]}"
2018_11_01,29.49277460621718,29.73873709362108,18.42510651514602,0.2459624874039008,Bangalore,2018-11-01,"{""type"":""MultiPoint"",""coordinates"":[]}"
2018_11_09,31.472803758651526,31.401275368759684,18.239795780162147,-0.07152838989184218,Bangalore,2018-11-09,"{""type"":""MultiPoint"",""coordinates"":[]}"
2018_11_17,30.83688153373126,30.271140895106342,19.45418984144307,-0.5657406386249164,Bangalore,2018-11-17,"{""type"":""MultiPoint"",""coordinates"":[]}"
2018_11_25,28.390194891490093,27.730457769713006,18.73683066644675,-0.6597371217770878,Bangalore,2018-11-25,"{""type"":""MultiPoint"",""coordinates"":[]}"
2018_12_03,28.895483530376755,28.131191621708172,18.623977106221993,-0.7642919086685822,Bangalore,2018-12-03,"{""type"":""MultiPoint"",""coordinates"":[]}"
2018_12_11,29.37859184323737,28.652499037696025,17.653733950614065,-0.7260928055413451,Bangalore,2018-12-11,"{""type"":""MultiPoint"",""coordinates"":[]}"
2018_12_19,31.31121460345231,30.377400324696968,19.046352127174725,-0.9338142787553423,Bangalore,2018-12-19,"{""type"":""MultiPoint"",""coordinates"":[]}"
2018_12_27,29.514087671025408,28.231696916910884,17.0368973509201,-1.2823907541145232,Bangalore,2018-12-27,"{""type"":""MultiPoint"",""coordinates"":[]}"
2019_01_01,31.09270736098658,29.797980323748956,16.49627484433187,-1.2947270372376245,Bangalore,2019-01-01,"{""type"":""MultiPoint"",""coordinates"":[]}"
2019_01_09,32.111018474937765,30.695046081078395,17.029808164673913,-1.41597239385937,Bangalore,2019-01-09,"{""type"":""MultiPoint"",""coordinates"":[]}"
2019_01_17,32.01736448529347,30.35905207623352,17.966075734004903,-1.658312409059949,Bangalore,2019-01-17,"{""type"":""MultiPoint"",""coordinates"":[]}"
2019_01_25,30.125191164239226,29.35403536410941,18.869177048568666,-0.7711558001298151,Bangalore,2019-01-25,"{""type"":""MultiPoint"",""coordinates"":[]}"
2019_02_02,33.730028266556445,32.599187460731834,20.510276652585492,-1.1308408058246116,Bangalore,2019-02-02,"{""type"":""MultiPoint"",""coordinates"":[]}"
2019_02_10,34.054943945374944,32.44594839616695,20.733215729245316,-1.6089955492079966,Bangalore,2019-02-10,"{""type"":""MultiPoint"",""coordinates"":[]}"
2019_02_18,37.858169648427115,36.198817255030725,21.675282968554527,-1.6593523933963894,Bangalore,2019-02-18,"{""type"":""MultiPoint"",""coordinates"":[]}"
2019_02_26,36.48724504997902,35.15988016364361,22.232279011311302,-1.3273648863354168,Bangalore,2019-02-26,"{""type"":""MultiPoint"",""coordinates"":[]}"
2019_03_06,39.84334754723382,38.02447599299802,23.497853123827827,-1.8188715542357983,Bangalore,2019-03-06,"{""type"":""MultiPoint"",""coordinates"":[]}"
2019_03_14,40.66198501995222,38.860568551846804,23.043467442653828,-1.8014164681054154,Bangalore,2019-03-14,"{""type"":""MultiPoint"",""coordinates"":[]}"
2019_03_22,41.721609700139894,39.82723874749413,24.891960373268766,-1.8943709526457653,Bangalore,2019-03-22,"{""type"":""MultiPoint"",""coordinates"":[]}"
2019_03_30,41.92770892014934,39.98065402133004,24.362737010202917,-1.947054898819303,Bangalore,2019-03-30,"{""type"":""MultiPoint"",""coordinates"":[]}"
2019_04_07,41.84386249349468,40.00526369937755,25.51451151963593,-1.8385987941171322,Bangalore,2019-04-07,"{""type"":""MultiPoint"",""coordinates"":[]}"
2019_04_15,40.3874366219553,38.02274430371969,25.223874085189426,-2.364692318235612,Bangalore,2019-04-15,"{""type"":""MultiPoint"",""coordinates"":[]}"
2019_04_23,38.61468360900817,37.15184323968247,23.284534191639654,-1.462840369325697,Bangalore,2019-04-23,"{""type"":""MultiPoint"",""coordinates"":[]}"
2019_05_01,37.63528537006325,36.35402173523377,22.32830576660415,-1.2812636348294788,Bangalore,2019-05-01,"{""type"":""MultiPoint"",""coordinates"":[]}"
2019_05_09,36.48082062039995,35.4347246302907,23.013417516573213,-1.0460959901092508,Bangalore,2019-05-09,"{""type"":""MultiPoint"",""coordinates"":[]}"
2019_05_17,35.066055479978644,33.505374133737675,23.930169639858768,-1.560681346240969,Bangalore,2019-05-17,"{""type"":""MultiPoint"",""coordinates"":[]}"
2019_05_25,31.32511517368385,30.621896844760062,24.501268400997862,-0.7032183289237892,Bangalore,2019-05-25,"{""type"":""MultiPoint"",""coordinates"":[]}"
2019_06_02,32.40879078095789,32.41224387280168,23.69129910709444,0.003453091843795164,Bangalore,2019-06-02,"{""type"":""MultiPoint"",""coordinates"":[]}"
2019_06_10,32.191658308606776,29.886045616536023,23.48248467569496,-2.3056126920707527,Bangalore,2019-06-10,"{""type"":""MultiPoint"",""coordinates"":[]}"
2019_06_18,34.17329896907218,,,,Bangalore,2019-06-18,"{""type"":""MultiPoint"",""coordinates"":[]}"
2019_06_26,32.470000000000034,,,,Bangalore,2019-06-26,"{""type"":""MultiPoint"",""coordinates"":[]}"
2019_07_04,36.820074594594644,32.354463949843286,20.655529780564283,-4.465610644751358,Bangalore,2019-07-04,"{""type"":""MultiPoint"",""coordinates"":[]}"
2019_07_12,,,,,Bangalore,2019-07-12,"{""type"":""MultiPoint"",""coordinates"":[]}"
2019_07_20,35.49308524669595,34.2190822972173,,-1.2740029494786498,Bangalore,2019-07-20,"{""type"":""MultiPoint"",""coordinates"":[]}"
2019_07_28,,,,,Bangalore,2019-07-28,"{""type"":""MultiPoint"",""coordinates"":[]}"
2019_08_05,,,,,Bangalore,2019-08-05,"{""type"":""MultiPoint"",""coordinates"":[]}"
2019_08_13,30.084069298952485,,,,Bangalore,2019-08-13,"{""type"":""MultiPoint"",""coordinates"":[]}"
2019_08_21,31.580977419548432,,,,Bangalore,2019-08-21,"{""type"":""MultiPoint"",""coordinates"":[]}"
2019_08_29,30.885000000000034,,,,Bangalore,2019-08-29,"{""type"":""MultiPoint"",""coordinates"":[]}"
2019_09_06,,,,,Bangalore,2019-09-06,"{""type"":""MultiPoint"",""coordinates"":[]}"
2019_09_14,,,,,Bangalore,2019-09-14,"{""type"":""MultiPoint"",""coordinates"":[]}"
2019_09_22,31.163704209461983,31.710238652316363,20.902311430311787,0.5465344428543801,Bangalore,2019-09-22,"{""type"":""MultiPoint"",""coordinates"":[]}"
2019_09_30,28.734892199181502,28.530099159694547,20.631449398316665,-0.2047930394869546,Bangalore,2019-09-30,"{""type"":""MultiPoint"",""coordinates"":[]}"
2019_10_08,28.72910051255422,29.091866127613933,20.52607811425057,0.3627656150597147,Bangalore,2019-10-08,"{""type"":""MultiPoint"",""coordinates"":[]}"
2019_10_16,,,,,Bangalore,2019-10-16,"{""type"":""MultiPoint"",""coordinates"":[]}"
2019_10_24,28.942846145734507,27.434348659003863,20.258984674329522,-1.5084974867306435,Bangalore,2019-10-24,"{""type"":""MultiPoint"",""coordinates"":[]}"
2019_11_01,28.439000330769694,28.873424514737653,20.049236879942537,0.434424183967959,Bangalore,2019-11-01,"{""type"":""MultiPoint"",""coordinates"":[]}"
2019_11_09,27.880689913458315,27.944452631945182,19.655092300734115,0.06376271848686699,Bangalore,2019-11-09,"{""type"":""MultiPoint"",""coordinates"":[]}"
2019_11_17,29.478706857632453,29.869957571399258,19.303674234641502,0.3912507137668051,Bangalore,2019-11-17,"{""type"":""MultiPoint"",""coordinates"":[]}"
2019_11_25,28.82270560395691,28.609007340811687,16.15426362497603,-0.213698263145222,Bangalore,2019-11-25,"{""type"":""MultiPoint"",""coordinates"":[]}"
2019_12_03,27.744914350465443,27.171740760046703,17.441555216322914,-0.5731735904187403,Bangalore,2019-12-03,"{""type"":""MultiPoint"",""coordinates"":[]}"
2019_12_11,28.804569485334227,28.35245003754759,17.39869467793903,-0.45211944778663593,Bangalore,2019-12-11,"{""type"":""MultiPoint"",""coordinates"":[]}"
2019_12_19,27.720510585886117,28.013324471056148,19.252242677450376,0.2928138851700304,Bangalore,2019-12-19,"{""type"":""MultiPoint"",""coordinates"":[]}"
2019_12_27,29.25848433785748,28.4420551943467,19.041466008295906,-0.8164291435107813,Bangalore,2019-12-27,"{""type"":""MultiPoint"",""coordinates"":[]}"
2020_01_01,30.505727936098534,29.852808208144815,19.53576232962489,-0.6529197279537193,Bangalore,2020-01-01,"{""type"":""MultiPoint"",""coordinates"":[]}"
2020_01_09,29.941821392997138,29.253513215574106,18.3810304887201,-0.688308177423032,Bangalore,2020-01-09,"{""type"":""MultiPoint"",""coordinates"":[]}"
2020_01_17,32.604804967987796,31.449663727425985,19.532024354693714,-1.155141240561811,Bangalore,2020-01-17,"{""type"":""MultiPoint"",""coordinates"":[]}"
2020_01_25,33.3022328112274,32.25354193381624,20.107458172621282,-1.0486908774111612,Bangalore,2020-01-25,"{""type"":""MultiPoint"",""coordinates"":[]}"
2020_02_02,32.2575466752003,31.511905534239954,19.725500940197424,-0.7456411409603483,Bangalore,2020-02-02,"{""type"":""MultiPoint"",""coordinates"":[]}"
2020_02_10,35.10375902545532,33.54783368181729,20.88476340309783,-1.5559253436380303,Bangalore,2020-02-10,"{""type"":""MultiPoint"",""coordinates"":[]}"
2020_02_18,36.67972928514064,35.73003793191229,21.21091835155902,-0.9496913532283457,Bangalore,2020-02-18,"{""type"":""MultiPoint"",""coordinates"":[]}"
2020_02_26,35.163942476954375,33.60565974360705,21.766960650867706,-1.5582827333473261,Bangalore,2020-02-26,"{""type"":""MultiPoint"",""coordinates"":[]}"
2020_03_05,35.86266416825622,34.887764055623215,23.385074795832562,-0.9749001126330015,Bangalore,2020-03-05,"{""type"":""MultiPoint"",""coordinates"":[]}"
2020_03_13,40.49924503796571,38.80387921887123,23.745282618454905,-1.6953658190944765,Bangalore,2020-03-13,"{""type"":""MultiPoint"",""coordinates"":[]}"
2020_03_21,37.849186081326486,36.02934320623145,22.890318176421715,-1.8198428750950342,Bangalore,2020-03-21,"{""type"":""MultiPoint"",""coordinates"":[]}"
2020_03_29,42.05185006500791,40.19314724361675,24.97355599658606,-1.8587028213911623,Bangalore,2020-03-29,"{""type"":""MultiPoint"",""coordinates"":[]}"
2020_04_06,38.603413811057585,37.00042791434378,23.1965461087015,-1.602985896713804,Bangalore,2020-04-06,"{""type"":""MultiPoint"",""coordinates"":[]}"
2020_04_14,40.551122966244286,38.7812733465451,22.45720500357332,-1.7698496196991869,Bangalore,2020-04-14,"{""type"":""MultiPoint"",""coordinates"":[]}"
2020_04_22,35.98053421287582,33.6209780453258,,-2.359556167550018,Bangalore,2020-04-22,"{""type"":""MultiPoint"",""coordinates"":[]}"
2020_04_30,33.77270908883049,33.282646763891634,23.513376822967782,-0.4900623249388545,Bangalore,2020-04-30,"{""type"":""MultiPoint"",""coordinates"":[]}"
2020_05_08,35.80483855426207,34.13000416675348,23.668324131752772,-1.6748343875085894,Bangalore,2020-05-08,"{""type"":""MultiPoint"",""coordinates"":[]}"
2020_05_16,35.76036804993007,33.115565799135204,23.545084978798666,-2.644802250794868,Bangalore,2020-05-16,"{""type"":""MultiPoint"",""coordinates"":[]}"
2020_05_24,34.42003811854887,33.31966881955387,23.145325181641013,-1.1003692989949982,Bangalore,2020-05-24,"{""type"":""MultiPoint"",""coordinates"":[]}"
2020_06_01,34.38737954903709,32.75768914672472,21.96259639363135,-1.6296904023123702,Bangalore,2020-06-01,"{""type"":""MultiPoint"",""coordinates"":[]}"
2020_06_09,,,,,Bangalore,2020-06-09,"{""type"":""MultiPoint"",""coordinates"":[]}"
2020_06_17,34.64659415893927,,,,Bangalore,2020-06-17,"{""type"":""MultiPoint"",""coordinates"":[]}"
2020_06_25,31.716834297606837,31.997581125448587,21.11641782778782,0.28074682784174954,Bangalore,2020-06-25,"{""type"":""MultiPoint"",""coordinates"":[]}"
2020_07_03,,,,,Bangalore,2020-07-03,"{""type"":""MultiPoint"",""coordinates"":[]}"
2020_07_11,,,,,Bangalore,2020-07-11,"{""type"":""MultiPoint"",""coordinates"":[]}"
2020_07_19,29.32368547122959,28.714000000000034,21.444000000000027,-0.6096854712295574,Bangalore,2020-07-19,"{""type"":""MultiPoint"",""coordinates"":[]}"
2020_07_27,32.183000000000035,,,,Bangalore,2020-07-27,"{""type"":""MultiPoint"",""coordinates"":[]}"
2020_08_04,,,,,Bangalore,2020-08-04,"{""type"":""MultiPoint"",""coordinates"":[]}"
2020_08_12,,,,,Bangalore,2020-08-12,"{""type"":""MultiPoint"",""coordinates"":[]}"
2020_08_20,32.52561148533419,32.06896124452218,,-0.4566502408120101,Bangalore,2020-08-20,"{""type"":""MultiPoint"",""coordinates"":[]}"
2020_08_28,31.91633412026976,30.483913659330685,20.08027368818425,-1.432420460939074,Bangalore,2020-08-28,"{""type"":""MultiPoint"",""coordinates"":[]}"
2020_09_05,30.26210526315792,29.52000000000001,21.430000000000035,-0.7421052631579101,Bangalore,2020-09-05,"{""type"":""MultiPoint"",""coordinates"":[]}"
2020_09_13,,,,,Bangalore,2020-09-13,"{""type"":""MultiPoint"",""coordinates"":[]}"
2020_09_21,30.887921128435845,31.52779883130823,,0.6398777028723828,Bangalore,2020-09-21,"{""type"":""MultiPoint"",""coordinates"":[]}"
2020_09_29,28.87969664476399,29.85348656441975,20.78492880270675,0.9737899196557613,Bangalore,2020-09-29,"{""type"":""MultiPoint"",""coordinates"":[]}"
2020_10_07,31.390467858623445,32.26475198296514,21.49693244610065,0.8742841243416919,Bangalore,2020-10-07,"{""type"":""MultiPoint"",""coordinates"":[]}"
2020_10_15,,,,,Bangalore,2020-10-15,"{""type"":""MultiPoint"",""coordinates"":[]}"
2020_10_23,28.83989076870384,29.024660845915633,19.264664191588366,0.18477007721179461,Bangalore,2020-10-23,"{""type"":""MultiPoint"",""coordinates"":[]}"
2020_10_31,28.334881995405883,28.453264931951228,20.05863761370852,0.11838293654534482,Bangalore,2020-10-31,"{""type"":""MultiPoint"",""coordinates"":[]}"
2020_11_08,27.62548169430962,26.56917112657215,17.992168304126842,-1.0563105677374693,Bangalore,2020-11-08,"{""type"":""MultiPoint"",""coordinates"":[]}"
2020_11_16,28.003608020856372,27.380993499012103,17.988283491978905,-0.6226145218442696,Bangalore,2020-11-16,"{""type"":""MultiPoint"",""coordinates"":[]}"
2020_11_24,27.039202916304106,27.38724016553301,17.394653950435266,0.34803724922890567,Bangalore,2020-11-24,"{""type"":""MultiPoint"",""coordinates"":[]}"
2020_12_02,,,,,Bangalore,2020-12-02,"{""type"":""MultiPoint"",""coordinates"":[]}"
2020_12_10,27.498692801140464,27.19136327277483,17.395172552607562,-0.307329528365635,Bangalore,2020-12-10,"{""type"":""MultiPoint"",""coordinates"":[]}"
2020_12_18,27.831902489824245,27.27283374757777,17.495853589181937,-0.559068742246474,Bangalore,2020-12-18,"{""type"":""MultiPoint"",""coordinates"":[]}"
2020_12_26,29.37828946573882,28.526080310100124,17.357837093539263,-0.8522091556386968,Bangalore,2020-12-26,"{""type"":""MultiPoint"",""coordinates"":[]}"
2021_01_01,28.32125024577431,26.438909280293654,15.85313975685726,-1.8823409654806547,Bangalore,2021-01-01,"{""type"":""MultiPoint"",""coordinates"":[]}"
2021_01_09,29.05001562540895,26.993511274855674,17.723483838938133,-2.0565043505532756,Bangalore,2021-01-09,"{""type"":""MultiPoint"",""coordinates"":[]}"
2021_01_17,29.733327754427258,29.027300560498865,18.933414418488884,-0.7060271939283922,Bangalore,2021-01-17,"{""type"":""MultiPoint"",""coordinates"":[]}"
2021_01_25,31.162528155046196,30.171032949989662,18.71028839477141,-0.991495205056534,Bangalore,2021-01-25,"{""type"":""MultiPoint"",""coordinates"":[]}"
2021_02_02,31.43707282553942,30.295672840425425,18.630233736758626,-1.1413999851139955,Bangalore,2021-02-02,"{""type"":""MultiPoint"",""coordinates"":[]}"
2021_02_10,33.315318538264606,31.88635259039154,18.972749651459853,-1.428965947873067,Bangalore,2021-02-10,"{""type"":""MultiPoint"",""coordinates"":[]}"
2021_02_18,32.239794813578655,31.391048542003507,19.749846006923768,-0.8487462715751484,Bangalore,2021-02-18,"{""type"":""MultiPoint"",""coordinates"":[]}"
2021_02_26,36.16211456217159,35.22967551786884,20.68376408395384,-0.9324390443027468,Bangalore,2021-02-26,"{""type"":""MultiPoint"",""coordinates"":[]}"
2021_03_06,38.5591441336033,37.08363733501586,22.158127245158663,-1.475506798587439,Bangalore,2021-03-06,"{""type"":""MultiPoint"",""coordinates"":[]}"
2021_03_14,39.06171976595312,37.51321200781508,22.161525993156754,-1.5485077581380438,Bangalore,2021-03-14,"{""type"":""MultiPoint"",""coordinates"":[]}"
2021_03_22,40.03057484868229,37.63353596195352,23.160480295824534,-2.3970388867287724,Bangalore,2021-03-22,"{""type"":""MultiPoint"",""coordinates"":[]}"
2021_03_30,39.0065135688062,37.57466180142507,23.230413004202113,-1.4318517673811257,Bangalore,2021-03-30,"{""type"":""MultiPoint"",""coordinates"":[]}"
2021_04_07,38.166220065474306,36.253701404787,22.225422096976352,-1.9125186606873044,Bangalore,2021-04-07,"{""type"":""MultiPoint"",""coordinates"":[]}"
2021_04_15,35.37490380797215,34.85630612360938,21.402957655325476,-0.5185976843627742,Bangalore,2021-04-15,"{""type"":""MultiPoint"",""coordinates"":[]}"
2021_04_23,34.48645102819124,33.18220556932184,23.491070637164498,-1.3042454588694028,Bangalore,2021-04-23,"{""type"":""MultiPoint"",""coordinates"":[]}"
2021_05_01,33.60432421156186,32.528612706742635,22.507916144639083,-1.0757115048192247,Bangalore,2021-05-01,"{""type"":""MultiPoint"",""coordinates"":[]}"
2021_05_09,35.20272764221086,32.59112062256812,22.520388412294725,-2.61160701964274,Bangalore,2021-05-09,"{""type"":""MultiPoint"",""coordinates"":[]}"
2021_05_17,34.93994706158463,33.72513583832935,22.32271339385893,-1.214811223255282,Bangalore,2021-05-17,"{""type"":""MultiPoint"",""coordinates"":[]}"
2021_05_25,34.507846035970765,33.007962269033996,21.884363107979166,-1.4998837669367688,Bangalore,2021-05-25,"{""type"":""MultiPoint"",""coordinates"":[]}"
2021_06_02,33.57154725363485,33.45168543328244,22.175214293317318,-0.11986182035240489,Bangalore,2021-06-02,"{""type"":""MultiPoint"",""coordinates"":[]}"
2021_06_10,33.545000000000016,,,,Bangalore,2021-06-10,"{""type"":""MultiPoint"",""coordinates"":[]}"
2021_06_18,33.87903995201528,31.46972812537105,20.410563932090728,-2.4093118266442346,Bangalore,2021-06-18,"{""type"":""MultiPoint"",""coordinates"":[]}"
2021_06_26,35.03371642702724,33.29101818100125,21.727100747384164,-1.7426982460259879,Bangalore,2021-06-26,"{""type"":""MultiPoint"",""coordinates"":[]}"
2021_07_04,28.28642188165179,,,,Bangalore,2021-07-04,"{""type"":""MultiPoint"",""coordinates"":[]}"
2021_07_12,,,,,Bangalore,2021-07-12,"{""type"":""MultiPoint"",""coordinates"":[]}"
2021_07_20,24.870000000000005,,,,Bangalore,2021-07-20,"{""type"":""MultiPoint"",""coordinates"":[]}"
2021_07_28,29.671408761424548,30.350000000000023,,0.6785912385754749,Bangalore,2021-07-28,"{""type"":""MultiPoint"",""coordinates"":[]}"
2021_08_05,28.88428571428574,,,,Bangalore,2021-08-05,"{""type"":""MultiPoint"",""coordinates"":[]}"
2021_08_13,,,,,Bangalore,2021-08-13,"{""type"":""MultiPoint"",""coordinates"":[]}"
2021_08_21,32.96635398547895,30.603176265270534,,-2.3631777202084194,Bangalore,2021-08-21,"{""type"":""MultiPoint"",""coordinates"":[]}"
2021_08_29,,,,,Bangalore,2021-08-29,"{""type"":""MultiPoint"",""coordinates"":[]}"
2021_09_06,30.4245850606769,31.204986925663075,18.437844474761285,0.7804018649861746,Bangalore,2021-09-06,"{""type"":""MultiPoint"",""coordinates"":[]}"
2021_09_14,32.80739932293943,32.60559821889522,,-0.2018011040442147,Bangalore,2021-09-14,"{""type"":""MultiPoint"",""coordinates"":[]}"
2021_09_22,28.595244847797353,30.420000000000044,20.720000000000027,1.824755152202691,Bangalore,2021-09-22,"{""type"":""MultiPoint"",""coordinates"":[]}"
2021_09_30,29.36349155234023,30.998000000000037,,1.6345084476598082,Bangalore,2021-09-30,"{""type"":""MultiPoint"",""coordinates"":[]}"
2021_10_08,28.50127272727276,,,,Bangalore,2021-10-08,"{""type"":""MultiPoint"",""coordinates"":[]}"
2021_10_16,27.92634665347027,27.10714285714289,,-0.819203796327379,Bangalore,2021-10-16,"{""type"":""MultiPoint"",""coordinates"":[]}"
2021_10_24,26.955950455653987,27.406474930790555,18.284934333958756,0.450524475136568,Bangalore,2021-10-24,"{""type"":""MultiPoint"",""coordinates"":[]}"
2021_11_01,,,,,Bangalore,2021-11-01,"{""type"":""MultiPoint"",""coordinates"":[]}"
2021_11_09,,,,,Bangalore,2021-11-09,"{""type"":""MultiPoint"",""coordinates"":[]}"
2021_11_17,27.472769702567607,28.187166330569877,18.829068172465846,0.7143966280022696,Bangalore,2021-11-17,"{""type"":""MultiPoint"",""coordinates"":[]}"
2021_11_25,25.077042728438244,,,,Bangalore,2021-11-25,"{""type"":""MultiPoint"",""coordinates"":[]}"
2021_12_03,27.320380497591067,27.512870172335816,19.097310595154873,0.1924896747447491,Bangalore,2021-12-03,"{""type"":""MultiPoint"",""coordinates"":[]}"
2021_12_11,26.643998787431407,26.49270091830605,17.88145944321222,-0.15129786912535792,Bangalore,2021-12-11,"{""type"":""MultiPoint"",""coordinates"":[]}"
2021_12_19,27.805552551966073,27.354364441786345,17.503359418953007,-0.4511881101797286,Bangalore,2021-12-19,"{""type"":""MultiPoint"",""coordinates"":[]}"
2021_12_27,27.92678850674797,27.427919421678872,18.26734356843916,-0.4988690850690993,Bangalore,2021-12-27,"{""type"":""MultiPoint"",""coordinates"":[]}"
2022_01_01,27.48054168400681,26.817398337932826,18.504316418782537,-0.6631433460739835,Bangalore,2022-01-01,"{""type"":""MultiPoint"",""coordinates"":[]}"
2022_01_09,28.32952109038345,27.427110190130374,19.05055988036747,-0.9024109002530771,Bangalore,2022-01-09,"{""type"":""MultiPoint"",""coordinates"":[]}"
2022_01_17,30.334956195192923,29.609646831619784,17.948946444869158,-0.7253093635731389,Bangalore,2022-01-17,"{""type"":""MultiPoint"",""coordinates"":[]}"
2022_01_25,29.133844805454697,28.330817094212826,18.788935291568226,-0.8030277112418709,Bangalore,2022-01-25,"{""type"":""MultiPoint"",""coordinates"":[]}"
2022_02_02,31.01114348767334,30.258251432302675,19.698180238436304,-0.7528920553706655,Bangalore,2022-02-02,"{""type"":""MultiPoint"",""coordinates"":[]}"
2022_02_10,31.187720184251063,29.87840231951533,19.98640631007935,-1.309317864735732,Bangalore,2022-02-10,"{""type"":""MultiPoint"",""coordinates"":[]}"
2022_02_18,33.81388765096944,32.72168251976927,20.872710109309335,-1.0922051312001742,Bangalore,2022-02-18,"{""type"":""MultiPoint"",""coordinates"":[]}"
2022_02_26,35.05672543094764,33.76634633017968,20.997116971616762,-1.2903791007679573,Bangalore,2022-02-26,"{""type"":""MultiPoint"",""coordinates"":[]}"
2022_03_06,36.29896039113012,35.02647125448548,21.482964234782965,-1.2724891366446442,Bangalore,2022-03-06,"{""type"":""MultiPoint"",""coordinates"":[]}"
2022_03_14,34.33450767080359,32.76469861964022,21.72334988182223,-1.569809051163368,Bangalore,2022-03-14,"{""type"":""MultiPoint"",""coordinates"":[]}"
2022_03_22,33.997635768516055,33.01954130167558,23.908093555853366,-0.9780944668404743,Bangalore,2022-03-22,"{""type"":""MultiPoint"",""coordinates"":[]}"
2022_03_30,34.46652617333233,33.46118737173779,23.605334673825208,-1.0053388015945401,Bangalore,2022-03-30,"{""type"":""MultiPoint"",""coordinates"":[]}"
2022_04_07,38.280754669006896,36.72693584254378,22.58348246982425,-1.5538188264631145,Bangalore,2022-04-07,"{""type"":""MultiPoint"",""coordinates"":[]}"
2022_04_15,33.337233667229604,32.94229738449077,23.685339420650074,-0.39493628273883274,Bangalore,2022-04-15,"{""type"":""MultiPoint"",""coordinates"":[]}"
2022_04_23,36.84306336486158,35.91316637324845,24.77858039830262,-0.929896991613127,Bangalore,2022-04-23,"{""type"":""MultiPoint"",""coordinates"":[]}"
2022_05_01,30.991982381378282,30.474230416819868,19.83228650539204,-0.5177519645584141,Bangalore,2022-05-01,"{""type"":""MultiPoint"",""coordinates"":[]}"
2022_05_09,30.22355992415933,27.62500000000003,19.62500000000003,-2.5985599241593,Bangalore,2022-05-09,"{""type"":""MultiPoint"",""coordinates"":[]}"
2022_05_17,28.454193574962076,27.25716509107681,20.976102144339436,-1.1970284838852656,Bangalore,2022-05-17,"{""type"":""MultiPoint"",""coordinates"":[]}"
2022_05_25,29.89684411933257,29.8891063654278,21.847754914990173,-0.007737753904770273,Bangalore,2022-05-25,"{""type"":""MultiPoint"",""coordinates"":[]}"
2022_06_02,28.863003515615585,28.700092679524026,21.252147416564878,-0.16291083609155876,Bangalore,2022-06-02,"{""type"":""MultiPoint"",""coordinates"":[]}"
2022_06_10,31.869915320729444,31.210665878823725,21.697292813096297,-0.6592494419057182,Bangalore,2022-06-10,"{""type"":""MultiPoint"",""coordinates"":[]}"
2022_06_18,,,,,Bangalore,2022-06-18,"{""type"":""MultiPoint"",""coordinates"":[]}"
2022_06_26,,,,,Bangalore,2022-06-26,"{""type"":""MultiPoint"",""coordinates"":[]}"
2022_07_04,,,,,Bangalore,2022-07-04,"{""type"":""MultiPoint"",""coordinates"":[]}"
2022_07_12,25.190000000000055,,,,Bangalore,2022-07-12,"{""type"":""MultiPoint"",""coordinates"":[]}"
2022_07_20,,,,,Bangalore,2022-07-20,"{""type"":""MultiPoint"",""coordinates"":[]}"
2022_07_28,28.395240847784237,29.55000000000004,,1.154759152215803,Bangalore,2022-07-28,"{""type"":""MultiPoint"",""coordinates"":[]}"
2022_08_05,28.18822888283382,,,,Bangalore,2022-08-05,"{""type"":""MultiPoint"",""coordinates"":[]}"
2022_08_13,29.504974873960396,28.964998468025534,19.096267860319003,-0.539976405934862,Bangalore,2022-08-13,"{""type"":""MultiPoint"",""coordinates"":[]}"
2022_08_21,29.236666666666718,,,,Bangalore,2022-08-21,"{""type"":""MultiPoint"",""coordinates"":[]}"
2022_08_29,29.659363336992268,30.35460264237565,20.552145222825335,0.6952393053833816,Bangalore,2022-08-29,"{""type"":""MultiPoint"",""coordinates"":[]}"
2022_09_06,,,,,Bangalore,2022-09-06,"{""type"":""MultiPoint"",""coordinates"":[]}"
2022_09_14,29.54258481295482,29.373922665643995,21.456900083470604,-0.16866214731082607,Bangalore,2022-09-14,"{""type"":""MultiPoint"",""coordinates"":[]}"
2022_09_22,30.90796832163527,30.99534741214454,20.652035915188264,0.08737909050926973,Bangalore,2022-09-22,"{""type"":""MultiPoint"",""coordinates"":[]}"
2022_09_30,,,,,Bangalore,2022-09-30,"{""type"":""MultiPoint"",""coordinates"":[]}"
2022_10_08,,,,,Bangalore,2022-10-08,"{""type"":""MultiPoint"",""coordinates"":[]}"
2022_10_16,,,,,Bangalore,2022-10-16,"{""type"":""MultiPoint"",""coordinates"":[]}"
2022_10_24,27.708021449866965,28.438203560809317,18.300002646477385,0.7301821109423514,Bangalore,2022-10-24,"{""type"":""MultiPoint"",""coordinates"":[]}"
2022_11_01,27.330510993545822,27.928136833450814,17.8139445455728,0.5976258399049925,Bangalore,2022-11-01,"{""type"":""MultiPoint"",""coordinates"":[]}"
2022_11_09,26.63095909647844,25.845289868888887,19.163602135462835,-0.7856692275895512,Bangalore,2022-11-09,"{""type"":""MultiPoint"",""coordinates"":[]}"
2022_11_17,25.363174076060517,25.69713022356785,15.798490533939313,0.33395614750733316,Bangalore,2022-11-17,"{""type"":""MultiPoint"",""coordinates"":[]}"
2022_11_25,26.415367109945635,26.689589723275457,19.246966498783358,0.27422261332982245,Bangalore,2022-11-25,"{""type"":""MultiPoint"",""coordinates"":[]}"
2022_12_03,26.986739765689453,27.092707258676775,18.269208585725604,0.10596749298732178,Bangalore,2022-12-03,"{""type"":""MultiPoint"",""coordinates"":[]}"
2022_12_11,26.8477889655963,26.738370639587774,16.891615269826957,-0.10941832600852663,Bangalore,2022-12-11,"{""type"":""MultiPoint"",""coordinates"":[]}"
2022_12_19,27.516095551456047,27.15280936973445,17.805600235690616,-0.3632861817215982,Bangalore,2022-12-19,"{""type"":""MultiPoint"",""coordinates"":[]}"
2022_12_27,28.58691047030397,28.84046228492294,18.23570294208489,0.2535518146189695,Bangalore,2022-12-27,"{""type"":""MultiPoint"",""coordinates"":[]}"
2023_01_01,26.703070107909518,26.25920729472617,18.345830154494212,-0.4438628131833475,Bangalore,2023-01-01,"{""type"":""MultiPoint"",""coordinates"":[]}"
2023_01_09,27.787303138263457,26.840904329408584,16.442665724167856,-0.9463988088548732,Bangalore,2023-01-09,"{""type"":""MultiPoint"",""coordinates"":[]}"
2023_01_17,28.303254567313804,27.418430323241388,17.509665362497735,-0.8848242440724157,Bangalore,2023-01-17,"{""type"":""MultiPoint"",""coordinates"":[]}"
2023_01_25,29.333909851749482,28.549541888181615,18.1939615617963,-0.7843679635678669,Bangalore,2023-01-25,"{""type"":""MultiPoint"",""coordinates"":[]}"
2023_02_02,30.248493245502186,29.49531798903437,20.12339148307939,-0.7531752564678165,Bangalore,2023-02-02,"{""type"":""MultiPoint"",""coordinates"":[]}"
2023_02_10,33.36580668016917,32.52919983310783,19.637983758535462,-0.8366068470613399,Bangalore,2023-02-10,"{""type"":""MultiPoint"",""coordinates"":[]}"
2023_02_18,33.988799044597094,32.949041140788346,20.578718377966823,-1.0397579038087486,Bangalore,2023-02-18,"{""type"":""MultiPoint"",""coordinates"":[]}"
2023_02_26,33.63951195647846,32.7671666734686,20.334276925274505,-0.8723452830098566,Bangalore,2023-02-26,"{""type"":""MultiPoint"",""coordinates"":[]}"
2023_03_06,35.57895679634781,34.40503941123804,21.27045978915121,-1.1739173851097675,Bangalore,2023-03-06,"{""type"":""MultiPoint"",""coordinates"":[]}"
2023_03_14,34.3246885552015,32.93748980206748,21.592107147823686,-1.3871987531340153,Bangalore,2023-03-14,"{""type"":""MultiPoint"",""coordinates"":[]}"
2023_03_22,34.112951933675234,33.07451829036473,22.393806842288026,-1.0384336433105048,Bangalore,2023-03-22,"{""type"":""MultiPoint"",""coordinates"":[]}"
2023_03_30,35.944256576475176,34.5695917642501,23.565230648355477,-1.3746648122250775,Bangalore,2023-03-30,"{""type"":""MultiPoint"",""coordinates"":[]}"
2023_04_07,38.88604111790452,37.98676371622789,23.8614209996401,-0.8992774016766276,Bangalore,2023-04-07,"{""type"":""MultiPoint"",""coordinates"":[]}"
2023_04_15,38.39219687512131,37.177849320846185,24.227597629948875,-1.2143475542751219,Bangalore,2023-04-15,"{""type"":""MultiPoint"",""coordinates"":[]}"
2023_04_23,35.46491681867753,34.965644268330394,24.64689904602163,-0.49927255034713625,Bangalore,2023-04-23,"{""type"":""MultiPoint"",""coordinates"":[]}"
2023_05_01,,,,,Bangalore,2023-05-01,"{""type"":""MultiPoint"",""coordinates"":[]}"
2023_05_09,32.0472034609962,31.87915592692989,23.133594711731117,-0.1680475340663108,Bangalore,2023-05-09,"{""type"":""MultiPoint"",""coordinates"":[]}"
2023_05_17,33.08942685726395,32.50996529862522,23.065389863099185,-0.5794615586387337,Bangalore,2023-05-17,"{""type"":""MultiPoint"",""coordinates"":[]}"
2023_05_25,31.953954720968017,31.660519721746773,19.686202835634816,-0.29343499922124394,Bangalore,2023-05-25,"{""type"":""MultiPoint"",""coordinates"":[]}"
2023_06_02,31.011547713144413,29.504765394059078,21.982889701988363,-1.5067823190853353,Bangalore,2023-06-02,"{""type"":""MultiPoint"",""coordinates"":[]}"
2023_06_10,30.771157370496674,29.1649060771589,22.518955332099495,-1.606251293337774,Bangalore,2023-06-10,"{""type"":""MultiPoint"",""coordinates"":[]}"
2023_06_18,,,,,Bangalore,2023-06-18,"{""type"":""MultiPoint"",""coordinates"":[]}"
2023_06_26,32.8990755502677,,,,Bangalore,2023-06-26,"{""type"":""MultiPoint"",""coordinates"":[]}"
2023_07_04,,,,,Bangalore,2023-07-04,"{""type"":""MultiPoint"",""coordinates"":[]}"
2023_07_12,28.06600000000003,,,,Bangalore,2023-07-12,"{""type"":""MultiPoint"",""coordinates"":[]}"
2023_07_20,,,,,Bangalore,2023-07-20,"{""type"":""MultiPoint"",""coordinates"":[]}"
2023_07_28,28.665418967815697,27.288159564823236,20.671251133272918,-1.3772594029924612,Bangalore,2023-07-28,"{""type"":""MultiPoint"",""coordinates"":[]}"
2023_08_05,31.164255000115347,29.095170670037948,18.50282671829625,-2.0690843300773984,Bangalore,2023-08-05,"{""type"":""MultiPoint"",""coordinates"":[]}"
2023_08_13,32.33368637331114,31.086334234461717,21.786003162651724,-1.247352138849422,Bangalore,2023-08-13,"{""type"":""MultiPoint"",""coordinates"":[]}"
2023_08_21,32.266588452369355,31.37463127690104,20.99367731092439,-0.8919571754683133,Bangalore,2023-08-21,"{""type"":""MultiPoint"",""coordinates"":[]}"
2023_08_29,35.68144589160317,,,,Bangalore,2023-08-29,"{""type"":""MultiPoint"",""coordinates"":[]}"
2023_09_06,30.046575354266277,29.597598784194556,20.893278914240785,-0.4489765700717214,Bangalore,2023-09-06,"{""type"":""MultiPoint"",""coordinates"":[]}"
2023_09_14,27.040961960948906,,,,Bangalore,2023-09-14,"{""type"":""MultiPoint"",""coordinates"":[]}"
2023_09_22,32.90730166750886,,,,Bangalore,2023-09-22,"{""type"":""MultiPoint"",""coordinates"":[]}"
2023_09_30,29.842676401104384,29.362580200147928,20.68547921922521,-0.48009620095645644,Bangalore,2023-09-30,"{""type"":""MultiPoint"",""coordinates"":[]}"
2023_10_08,30.20173035363989,29.95248773550236,19.917155759275538,-0.24924261813752935,Bangalore,2023-10-08,"{""type"":""MultiPoint"",""coordinates"":[]}"
2023_10_16,30.141151192814483,29.89858632419519,20.40373960532499,-0.2425648686192936,Bangalore,2023-10-16,"{""type"":""MultiPoint"",""coordinates"":[]}"
2023_10_24,31.07938068901238,30.659422337946005,20.547022867102072,-0.4199583510663736,Bangalore,2023-10-24,"{""type"":""MultiPoint"",""coordinates"":[]}"
2023_11_01,30.705622608079448,30.44560532241557,21.122028819387626,-0.26001728566387783,Bangalore,2023-11-01,"{""type"":""MultiPoint"",""coordinates"":[]}"
2023_11_09,27.342322150513475,27.220101969978074,19.66287604476885,-0.1222201805354004,Bangalore,2023-11-09,"{""type"":""MultiPoint"",""coordinates"":[]}"
2023_11_17,28.683411680233927,28.528513821357635,20.525146775708503,-0.15489785887629282,Bangalore,2023-11-17,"{""type"":""MultiPoint"",""coordinates"":[]}"
2023_11_25,,,,,Bangalore,2023-11-25,"{""type"":""MultiPoint"",""coordinates"":[]}"
2023_12_03,27.575905320757514,26.969312153731362,20.132974914567104,-0.6065931670261513,Bangalore,2023-12-03,"{""type"":""MultiPoint"",""coordinates"":[]}"
2023_12_11,27.86084397227409,26.424435027747755,19.069124129004823,-1.4364089445263346,Bangalore,2023-12-11,"{""type"":""MultiPoint"",""coordinates"":[]}"
2023_12_19,28.304498963780553,27.240272420942087,18.766956932344645,-1.0642265428384654,Bangalore,2023-12-19,"{""type"":""MultiPoint"",""coordinates"":[]}"
2023_12_27,28.998954252254784,27.684388300477888,19.030154897841477,-1.3145659517768955,Bangalore,2023-12-27,"{""type"":""MultiPoint"",""coordinates"":[]}"
2024_01_01,28.817436098934262,27.696722225327704,19.27096910192284,-1.120713873606558,Bangalore,2024-01-01,"{""type"":""MultiPoint"",""coordinates"":[]}"
2024_01_09,29.434751309101372,28.640153763346273,19.74620751582404,-0.7945975457550993,Bangalore,2024-01-09,"{""type"":""MultiPoint"",""coordinates"":[]}"
2024_01_17,29.932226055093114,28.47525415059793,20.353200691510615,-1.4569719044951839,Bangalore,2024-01-17,"{""type"":""MultiPoint"",""coordinates"":[]}"
2024_01_25,29.488208867983825,28.25130142832172,20.23617880243096,-1.2369074396621045,Bangalore,2024-01-25,"{""type"":""MultiPoint"",""coordinates"":[]}"
2024_02_02,32.54379356012725,31.164930097327627,21.95798014269223,-1.3788634627996217,Bangalore,2024-02-02,"{""type"":""MultiPoint"",""coordinates"":[]}"
2024_02_10,33.040646858469195,31.49764453297702,21.468171239246125,-1.543002325492175,Bangalore,2024-02-10,"{""type"":""MultiPoint"",""coordinates"":[]}"
2024_02_18,34.19862541085699,32.69119514519541,22.48912665957376,-1.5074302656615828,Bangalore,2024-02-18,"{""type"":""MultiPoint"",""coordinates"":[]}"
2024_02_26,35.73622826390497,33.93020683033037,22.71719223205258,-1.8060214335745997,Bangalore,2024-02-26,"{""type"":""MultiPoint"",""coordinates"":[]}"
2024_03_05,36.49149233919052,34.99245607316057,24.500073232963718,-1.4990362660299539,Bangalore,2024-03-05,"{""type"":""MultiPoint"",""coordinates"":[]}"
2024_03_13,36.930924308215964,35.19380265485383,24.262318359444347,-1.7371216533621308,Bangalore,2024-03-13,"{""type"":""MultiPoint"",""coordinates"":[]}"
2024_03_21,38.55926445593014,36.76265922487889,24.9386209935857,-1.7966052310512524,Bangalore,2024-03-21,"{""type"":""MultiPoint"",""coordinates"":[]}"
2024_03_29,39.76006072407128,37.80175999470145,25.377232256125247,-1.9583007293698316,Bangalore,2024-03-29,"{""type"":""MultiPoint"",""coordinates"":[]}"
2024_04_06,41.126510103097786,39.43797569483521,26.33355698313168,-1.6885344082625764,Bangalore,2024-04-06,"{""type"":""MultiPoint"",""coordinates"":[]}"
2024_04_14,40.43564044586996,38.049785251611695,25.684762485401375,-2.385855194258262,Bangalore,2024-04-14,"{""type"":""MultiPoint"",""coordinates"":[]}"
2024_04_22,42.02620887260778,40.314963228399535,26.354377721123807,-1.7112456442082475,Bangalore,2024-04-22,"{""type"":""MultiPoint"",""coordinates"":[]}"
2024_04_30,38.18230546038854,36.305914967760636,25.723623247916404,-1.8763904926279054,Bangalore,2024-04-30,"{""type"":""MultiPoint"",""coordinates"":[]}"
2024_05_08,32.04024626920536,32.53650283553876,,0.49625656633340043,Bangalore,2024-05-08,"{""type"":""MultiPoint"",""coordinates"":[]}"
2024_05_16,30.450741002117176,30.73361363769733,,0.28287263558015496,Bangalore,2024-05-16,"{""type"":""MultiPoint"",""coordinates"":[]}"
2024_05_24,31.853122197587574,31.06058764600081,23.22736041771632,-0.7925345515867654,Bangalore,2024-05-24,"{""type"":""MultiPoint"",""coordinates"":[]}"
2024_06_01,32.863194937718646,32.44478518354019,,-0.4184097541784553,Bangalore,2024-06-01,"{""type"":""MultiPoint"",""coordinates"":[]}"
2024_06_09,29.76951034270998,28.867929183222994,21.201748904020175,-0.9015811594869874,Bangalore,2024-06-09,"{""type"":""MultiPoint"",""coordinates"":[]}"
2024_06_17,,,,,Bangalore,2024-06-17,"{""type"":""MultiPoint"",""coordinates"":[]}"
2024_06_25,30.359087018544958,,,,Bangalore,2024-06-25,"{""type"":""MultiPoint"",""coordinates"":[]}"
2024_07_03,30.710633146547604,29.55419148804236,,-1.1564416585052442,Bangalore,2024-07-03,"{""type"":""MultiPoint"",""coordinates"":[]}"
2024_07_11,30.275146231919944,29.885060711030107,21.085019533943132,-0.39008552088983706,Bangalore,2024-07-11,"{""type"":""MultiPoint"",""coordinates"":[]}"
2024_07_19,,,,,Bangalore,2024-07-19,"{""type"":""MultiPoint"",""coordinates"":[]}"
2024_07_27,,,,,Bangalore,2024-07-27,"{""type"":""MultiPoint"",""coordinates"":[]}"
2024_08_04,27.325298176441628,,,,Bangalore,2024-08-04,"{""type"":""MultiPoint"",""coordinates"":[]}"
2024_08_12,30.34760506855302,29.987352444102484,22.659326385556987,-0.36025262445053485,Bangalore,2024-08-12,"{""type"":""MultiPoint"",""coordinates"":[]}"
2024_08_20,30.241636809649364,29.367485029940156,20.76735459470513,-0.8741517797092087,Bangalore,2024-08-20,"{""type"":""MultiPoint"",""coordinates"":[]}"
2024_08_28,,,,,Bangalore,2024-08-28,"{""type"":""MultiPoint"",""coordinates"":[]}"
2024_09_05,,,,,Bangalore,2024-09-05,"{""type"":""MultiPoint"",""coordinates"":[]}"
2024_09_13,30.586625171888848,30.34136541719063,19.467169671990394,-0.2452597546982176,Bangalore,2024-09-13,"{""type"":""MultiPoint"",""coordinates"":[]}"
2024_09_21,31.10802099794351,29.883036620491037,,-1.224984377452472,Bangalore,2024-09-21,"{""type"":""MultiPoint"",""coordinates"":[]}"
2024_09_29,30.704995008552654,30.03345134309343,21.845961164132287,-0.6715436654592253,Bangalore,2024-09-29,"{""type"":""MultiPoint"",""coordinates"":[]}"
2024_10_07,30.827500000000033,,,,Bangalore,2024-10-07,"{""type"":""MultiPoint"",""coordinates"":[]}"
2024_10_15,26.789873516690523,25.709089599539062,,-1.0807839171514608,Bangalore,2024-10-15,"{""type"":""MultiPoint"",""coordinates"":[]}"
2024_10_23,27.001270461860717,27.266804590217312,20.248453812973086,0.2655341283565953,Bangalore,2024-10-23,"{""type"":""MultiPoint"",""coordinates"":[]}"
2024_10_31,26.84734619896515,26.97911412824308,19.424491218793687,0.13176792927793102,Bangalore,2024-10-31,"{""type"":""MultiPoint"",""coordinates"":[]}"
2024_11_08,25.82882958900639,26.007421036045905,19.212179012269754,0.17859144703951557,Bangalore,2024-11-08,"{""type"":""MultiPoint"",""coordinates"":[]}"
2024_11_16,26.369215422137355,25.99330566993985,18.47466040632567,-0.37590975219750433,Bangalore,2024-11-16,"{""type"":""MultiPoint"",""coordinates"":[]}"
2024_11_24,26.027885138699645,26.331137663719037,15.194924012158083,0.30325252501939204,Bangalore,2024-11-24,"{""type"":""MultiPoint"",""coordinates"":[]}"
2024_12_02,26.03161544490561,25.76256013727944,20.660358187663515,-0.26905530762617147,Bangalore,2024-12-02,"{""type"":""MultiPoint"",""coordinates"":[]}"
2024_12_10,24.318684038869847,23.387673967075088,18.90337208690315,-0.9310100717947591,Bangalore,2024-12-10,"{""type"":""MultiPoint"",""coordinates"":[]}"
2024_12_18,25.860574257143476,25.48429646614814,19.673805501003905,-0.376277790995335,Bangalore,2024-12-18,"{""type"":""MultiPoint"",""coordinates"":[]}"
2024_12_26,25.41113013992719,24.875514123539244,19.081492621035085,-0.535616016387948,Bangalore,2024-12-26,"{""type"":""MultiPoint"",""coordinates"":[]}"
