system:index,LST_Day_Rural,LST_Day_Urban,LST_Night_Urban,UHI_Index,city,date,.geo
2000_02_18,,,,,Chennai,2000-02-18,"{""type"":""MultiPoint"",""coordinates"":[]}"
2000_02_26,32.505141649898604,32.42885578786913,23.054152285601404,-0.07628586202947218,Chennai,2000-02-26,"{""type"":""MultiPoint"",""coordinates"":[]}"
2000_03_05,32.78350897638403,32.397334889998106,24.968154281185086,-0.3861740863859211,Chennai,2000-03-05,"{""type"":""MultiPoint"",""coordinates"":[]}"
2000_03_13,34.69857999003267,33.69857743677183,24.74434839443027,-1.0000025532608419,Chennai,2000-03-13,"{""type"":""MultiPoint"",""coordinates"":[]}"
2000_03_21,34.300199878781214,33.63551841469311,24.487298405026603,-0.6646814640881047,Chennai,2000-03-21,"{""type"":""MultiPoint"",""coordinates"":[]}"
2000_03_29,33.78670813203147,33.15173515642419,24.90360035669171,-0.6349729756072833,Chennai,2000-03-29,"{""type"":""MultiPoint"",""coordinates"":[]}"
2000_04_06,36.12480831110371,34.97985385595448,26.579158360188877,-1.1449544551492323,Chennai,2000-04-06,"{""type"":""MultiPoint"",""coordinates"":[]}"
2000_04_14,38.63772710564564,36.65704560601737,25.944767844108046,-1.9806814996282682,Chennai,2000-04-14,"{""type"":""MultiPoint"",""coordinates"":[]}"
2000_04_22,38.8994005782204,33.29000000000005,26.41000000000004,-5.609400578220352,Chennai,2000-04-22,"{""type"":""MultiPoint"",""coordinates"":[]}"
2000_04_30,38.412319476326715,36.60840916469554,25.172947915217314,-1.8039103116311779,Chennai,2000-04-30,"{""type"":""MultiPoint"",""coordinates"":[]}"
2000_05_08,43.27376603740355,43.193387268736295,27.338383192223265,-0.08037876866725213,Chennai,2000-05-08,"{""type"":""MultiPoint"",""coordinates"":[]}"
2000_05_16,39.789842310106785,38.65764345100179,27.427314382472208,-1.1321988591049958,Chennai,2000-05-16,"{""type"":""MultiPoint"",""coordinates"":[]}"
2000_05_24,42.381667029972796,41.06321527563908,27.651666153372375,-1.318451754333715,Chennai,2000-05-24,"{""type"":""MultiPoint"",""coordinates"":[]}"
2000_06_01,40.38183879093202,34.05745225225227,,-6.324386538679754,Chennai,2000-06-01,"{""type"":""MultiPoint"",""coordinates"":[]}"
2000_06_09,42.81222589786599,41.52235301685323,,-1.2898728810127622,Chennai,2000-06-09,"{""type"":""MultiPoint"",""coordinates"":[]}"
2000_06_17,34.1217834985072,34.59828310696097,25.133291308389527,0.4764996084537714,Chennai,2000-06-17,"{""type"":""MultiPoint"",""coordinates"":[]}"
2000_06_25,34.35281883808873,,,,Chennai,2000-06-25,"{""type"":""MultiPoint"",""coordinates"":[]}"
2000_07_03,37.14463869168358,35.81,,-1.3346386916835797,Chennai,2000-07-03,"{""type"":""MultiPoint"",""coordinates"":[]}"
2000_07_11,35.633634349891715,35.577801359983546,25.65127446715967,-0.05583298990816843,Chennai,2000-07-11,"{""type"":""MultiPoint"",""coordinates"":[]}"
2000_07_19,36.9175641035803,36.2947628285068,22.190000000000026,-0.622801275073499,Chennai,2000-07-19,"{""type"":""MultiPoint"",""coordinates"":[]}"
2000_07_27,35.074128341951855,35.509384588714596,25.105884011986632,0.4352562467627408,Chennai,2000-07-27,"{""type"":""MultiPoint"",""coordinates"":[]}"
2000_08_04,,,,,Chennai,2000-08-04,"{""type"":""MultiPoint"",""coordinates"":[]}"
2000_08_12,,,,,Chennai,2000-08-12,"{""type"":""MultiPoint"",""coordinates"":[]}"
2000_08_20,29.611246819338458,,,,Chennai,2000-08-20,"{""type"":""MultiPoint"",""coordinates"":[]}"
2000_08_28,36.62428571428574,,,,Chennai,2000-08-28,"{""type"":""MultiPoint"",""coordinates"":[]}"
2000_09_05,35.85736711808586,35.61604081632657,24.95952875695736,-0.24132630175929393,Chennai,2000-09-05,"{""type"":""MultiPoint"",""coordinates"":[]}"
2000_09_13,35.047871799248966,36.084913625443335,25.064737097165033,1.0370418261943684,Chennai,2000-09-13,"{""type"":""MultiPoint"",""coordinates"":[]}"
2000_09_21,31.04000000000002,,,,Chennai,2000-09-21,"{""type"":""MultiPoint"",""coordinates"":[]}"
2000_09_29,,,,,Chennai,2000-09-29,"{""type"":""MultiPoint"",""coordinates"":[]}"
2000_10_07,32.58034865542783,32.24157922010625,22.907223019705107,-0.33876943532157355,Chennai,2000-10-07,"{""type"":""MultiPoint"",""coordinates"":[]}"
2000_10_15,29.481007858150317,34.183571428571454,25.492559523809547,4.7025635704211375,Chennai,2000-10-15,"{""type"":""MultiPoint"",""coordinates"":[]}"
2000_10_23,,,,,Chennai,2000-10-23,"{""type"":""MultiPoint"",""coordinates"":[]}"
2000_10_31,31.622347525186637,31.72288550751534,23.643718067668743,0.10053798232870292,Chennai,2000-10-31,"{""type"":""MultiPoint"",""coordinates"":[]}"
2000_11_08,30.30233151946424,30.92218604651166,23.918186046511654,0.6198545270474192,Chennai,2000-11-08,"{""type"":""MultiPoint"",""coordinates"":[]}"
2000_11_16,29.395675410639893,,,,Chennai,2000-11-16,"{""type"":""MultiPoint"",""coordinates"":[]}"
2000_11_24,29.534099525685345,29.222001333481526,21.808579842204715,-0.31209819220381974,Chennai,2000-11-24,"{""type"":""MultiPoint"",""coordinates"":[]}"
2000_12_02,27.241565659144346,27.274815138282417,20.708053372149475,0.03324947913807108,Chennai,2000-12-02,"{""type"":""MultiPoint"",""coordinates"":[]}"
2000_12_10,29.42782358185149,29.345140477715766,20.070791617095296,-0.08268310413572522,Chennai,2000-12-10,"{""type"":""MultiPoint"",""coordinates"":[]}"
2000_12_18,28.907382261670122,27.356799933917095,20.312187345118154,-1.5505823277530268,Chennai,2000-12-18,"{""type"":""MultiPoint"",""coordinates"":[]}"
2000_12_26,29.85037960498671,30.46749723145075,,0.6171176264640401,Chennai,2000-12-26,"{""type"":""MultiPoint"",""coordinates"":[]}"
2001_01_01,28.963117560518963,,,,Chennai,2001-01-01,"{""type"":""MultiPoint"",""coordinates"":[]}"
2001_01_09,30.560878493757944,29.905680801031654,21.277640142607925,-0.6551976927262899,Chennai,2001-01-09,"{""type"":""MultiPoint"",""coordinates"":[]}"
2001_01_17,31.99577505084095,31.13279607676566,21.54828937714797,-0.8629789740752898,Chennai,2001-01-17,"{""type"":""MultiPoint"",""coordinates"":[]}"
2001_01_25,32.99688795838929,32.106214375720555,19.985930185795883,-0.8906735826687324,Chennai,2001-01-25,"{""type"":""MultiPoint"",""coordinates"":[]}"
2001_02_02,33.68777556697627,33.10403624785699,21.47183851743002,-0.5837393191192817,Chennai,2001-02-02,"{""type"":""MultiPoint"",""coordinates"":[]}"
2001_02_10,34.32747617622641,33.73680742537003,21.75995484572291,-0.5906687508563806,Chennai,2001-02-10,"{""type"":""MultiPoint"",""coordinates"":[]}"
2001_02_18,35.56623375359505,35.17046944830438,24.589324370000398,-0.39576430529066897,Chennai,2001-02-18,"{""type"":""MultiPoint"",""coordinates"":[]}"
2001_02_26,36.67261941218519,36.6791916108171,23.716882959697987,0.006572198631907611,Chennai,2001-02-26,"{""type"":""MultiPoint"",""coordinates"":[]}"
2001_03_06,37.69983967650608,36.834650710254934,24.026992410974927,-0.8651889662511465,Chennai,2001-03-06,"{""type"":""MultiPoint"",""coordinates"":[]}"
2001_03_14,37.8156327608652,37.17829294421872,24.097980421130437,-0.637339816646481,Chennai,2001-03-14,"{""type"":""MultiPoint"",""coordinates"":[]}"
2001_03_22,37.662759647747706,37.08582623774483,26.13998599408641,-0.5769334100028729,Chennai,2001-03-22,"{""type"":""MultiPoint"",""coordinates"":[]}"
2001_03_30,40.83367859742781,38.11449831365938,25.932449409780805,-2.7191802837684307,Chennai,2001-03-30,"{""type"":""MultiPoint"",""coordinates"":[]}"
2001_04_07,42.21958988042296,39.49146216331769,25.190000000000055,-2.7281277171052665,Chennai,2001-04-07,"{""type"":""MultiPoint"",""coordinates"":[]}"
2001_04_15,38.43192149696082,36.26178428519465,25.983986904328876,-2.1701372117661677,Chennai,2001-04-15,"{""type"":""MultiPoint"",""coordinates"":[]}"
2001_04_23,38.72853389633508,38.09731811697577,26.256470042796032,-0.6312157793593087,Chennai,2001-04-23,"{""type"":""MultiPoint"",""coordinates"":[]}"
2001_05_01,38.703298225438736,37.69316876503045,25.347128306691214,-1.0101294604082867,Chennai,2001-05-01,"{""type"":""MultiPoint"",""coordinates"":[]}"
2001_05_09,41.841888914181645,40.61048244669396,27.413954878311465,-1.2314064674876875,Chennai,2001-05-09,"{""type"":""MultiPoint"",""coordinates"":[]}"
2001_05_17,40.855389746757254,41.47825046040518,27.970349907918997,0.6228607136479241,Chennai,2001-05-17,"{""type"":""MultiPoint"",""coordinates"":[]}"
2001_05_25,39.265182721437256,40.40339833099235,,1.1382156095550968,Chennai,2001-05-25,"{""type"":""MultiPoint"",""coordinates"":[]}"
2001_06_02,39.60062346199349,40.873002239399,,1.2723787774055069,Chennai,2001-06-02,"{""type"":""MultiPoint"",""coordinates"":[]}"
2001_06_10,,,,,Chennai,2001-06-10,"{""type"":""MultiPoint"",""coordinates"":[]}"
2001_06_26,,,,,Chennai,2001-06-26,"{""type"":""MultiPoint"",""coordinates"":[]}"
2001_07_04,36.439333619425675,40.88946427538328,,4.450130655957608,Chennai,2001-07-04,"{""type"":""MultiPoint"",""coordinates"":[]}"
2001_07_12,34.321282548383884,33.75327661552768,24.04034112863695,-0.5680059328562024,Chennai,2001-07-12,"{""type"":""MultiPoint"",""coordinates"":[]}"
2001_07_20,35.41352533254642,35.27533470727427,25.97817837610437,-0.1381906252721521,Chennai,2001-07-20,"{""type"":""MultiPoint"",""coordinates"":[]}"
2001_07_28,35.661712168882595,28.81000000000003,,-6.851712168882564,Chennai,2001-07-28,"{""type"":""MultiPoint"",""coordinates"":[]}"
2001_08_05,36.79871679671518,37.42823233264967,,0.6295155359344875,Chennai,2001-08-05,"{""type"":""MultiPoint"",""coordinates"":[]}"
2001_08_13,,,,,Chennai,2001-08-13,"{""type"":""MultiPoint"",""coordinates"":[]}"
2001_08_21,36.782751677852374,41.15727272727275,26.410000000000025,4.374521049420373,Chennai,2001-08-21,"{""type"":""MultiPoint"",""coordinates"":[]}"
2001_08_29,36.15239307886872,36.63371178412519,25.541362135783004,0.48131870525647,Chennai,2001-08-29,"{""type"":""MultiPoint"",""coordinates"":[]}"
2001_09_06,36.41016155195816,36.21457127617018,25.069572763684942,-0.19559027578797838,Chennai,2001-09-06,"{""type"":""MultiPoint"",""coordinates"":[]}"
2001_09_14,34.58469248465093,35.570513578624656,25.8867330808497,0.9858210939737262,Chennai,2001-09-14,"{""type"":""MultiPoint"",""coordinates"":[]}"
2001_09_22,37.06020058391006,37.44939937247873,,0.3891987885686703,Chennai,2001-09-22,"{""type"":""MultiPoint"",""coordinates"":[]}"
2001_09_30,33.7312089646465,,,,Chennai,2001-09-30,"{""type"":""MultiPoint"",""coordinates"":[]}"
2001_10_08,30.96657058096417,30.71618705035974,24.76136690647485,-0.25038353060443086,Chennai,2001-10-08,"{""type"":""MultiPoint"",""coordinates"":[]}"
2001_10_16,29.17424909713863,29.035357599606524,26.10719232661094,-0.13889149753210717,Chennai,2001-10-16,"{""type"":""MultiPoint"",""coordinates"":[]}"
2001_10_24,31.311317386971105,30.961576023876674,24.253232051069503,-0.3497413630944308,Chennai,2001-10-24,"{""type"":""MultiPoint"",""coordinates"":[]}"
2001_11_01,,,,,Chennai,2001-11-01,"{""type"":""MultiPoint"",""coordinates"":[]}"
2001_11_09,28.760321448365044,29.84278282411234,22.709355904211417,1.0824613757472967,Chennai,2001-11-09,"{""type"":""MultiPoint"",""coordinates"":[]}"
2001_11_17,27.885921744254585,28.80272507552873,24.614314199395796,0.9168033312741457,Chennai,2001-11-17,"{""type"":""MultiPoint"",""coordinates"":[]}"
2001_11_25,27.998367316607123,28.389509177972894,23.71518355945733,0.3911418613657709,Chennai,2001-11-25,"{""type"":""MultiPoint"",""coordinates"":[]}"
2001_12_03,29.235833863841723,29.205740088606184,22.30342724071342,-0.0300937752355388,Chennai,2001-12-03,"{""type"":""MultiPoint"",""coordinates"":[]}"
2001_12_11,28.662458762886637,28.62071894455978,21.277727542247288,-0.04173981832685669,Chennai,2001-12-11,"{""type"":""MultiPoint"",""coordinates"":[]}"
2001_12_19,27.166030637836396,27.913859124866615,22.615273137697546,0.747828487030219,Chennai,2001-12-19,"{""type"":""MultiPoint"",""coordinates"":[]}"
2001_12_27,27.16004211769339,27.131258094357115,20.75303294404745,-0.028784023336275055,Chennai,2001-12-27,"{""type"":""MultiPoint"",""coordinates"":[]}"
2002_01_01,27.047207265254993,28.548433066008656,22.11389265885258,1.5012258007536623,Chennai,2002-01-01,"{""type"":""MultiPoint"",""coordinates"":[]}"
2002_01_09,26.95925609403009,26.776168831168857,21.20965981779417,-0.1830872628612319,Chennai,2002-01-09,"{""type"":""MultiPoint"",""coordinates"":[]}"
2002_01_17,30.132400877538657,29.032437184323285,21.460684738827467,-1.099963693215372,Chennai,2002-01-17,"{""type"":""MultiPoint"",""coordinates"":[]}"
2002_01_25,28.811645412925184,27.06517125748506,23.09413892215571,-1.7464741554401257,Chennai,2002-01-25,"{""type"":""MultiPoint"",""coordinates"":[]}"
2002_02_02,29.37766731475484,31.87222222222223,23.55666666666672,2.494554907467389,Chennai,2002-02-02,"{""type"":""MultiPoint"",""coordinates"":[]}"
2002_02_10,30.489603782814285,29.694933371958314,23.555428736964092,-0.7946704108559715,Chennai,2002-02-10,"{""type"":""MultiPoint"",""coordinates"":[]}"
2002_02_18,33.70572686484507,33.51317115881068,23.0689056378965,-0.19255570603439054,Chennai,2002-02-18,"{""type"":""MultiPoint"",""coordinates"":[]}"
2002_02_26,34.82038505861312,34.53532522063684,23.95111893005717,-0.2850598379762772,Chennai,2002-02-26,"{""type"":""MultiPoint"",""coordinates"":[]}"
2002_03_06,34.67092684653178,34.54631954740541,24.562581740148303,-0.12460729912636737,Chennai,2002-03-06,"{""type"":""MultiPoint"",""coordinates"":[]}"
2002_03_14,34.49341293012154,33.91185435858873,24.68442313718121,-0.5815585715328169,Chennai,2002-03-14,"{""type"":""MultiPoint"",""coordinates"":[]}"
2002_03_22,34.12758089033664,,,,Chennai,2002-03-22,"{""type"":""MultiPoint"",""coordinates"":[]}"
2002_03_30,34.81342605989465,34.727225752307874,26.593056388122935,-0.08620030758677899,Chennai,2002-03-30,"{""type"":""MultiPoint"",""coordinates"":[]}"
2002_04_07,38.42899897081886,38.05100431067081,26.32282008621344,-0.3779946601480475,Chennai,2002-04-07,"{""type"":""MultiPoint"",""coordinates"":[]}"
2002_04_15,39.45932706620654,38.45933463688184,28.110444928151132,-0.9999924293246991,Chennai,2002-04-15,"{""type"":""MultiPoint"",""coordinates"":[]}"
2002_04_23,38.67156142004398,37.51377500375998,26.285727678347637,-1.1577864162839973,Chennai,2002-04-23,"{""type"":""MultiPoint"",""coordinates"":[]}"
2002_05_01,37.170424973593825,36.967275473093764,27.380297109042736,-0.20314950050006075,Chennai,2002-05-01,"{""type"":""MultiPoint"",""coordinates"":[]}"
2002_05_09,40.905828441029115,40.88359107806693,27.962383643122703,-0.022237362962187035,Chennai,2002-05-09,"{""type"":""MultiPoint"",""coordinates"":[]}"
2002_05_17,40.01841466954813,38.79940373236235,27.55563495675925,-1.2190109371857787,Chennai,2002-05-17,"{""type"":""MultiPoint"",""coordinates"":[]}"
2002_05_25,39.93609177420095,39.28504686876746,28.090064412238352,-0.6510449054334941,Chennai,2002-05-25,"{""type"":""MultiPoint"",""coordinates"":[]}"
2002_06_02,40.31703604933424,39.26639108796543,27.11467482833207,-1.0506449613688105,Chennai,2002-06-02,"{""type"":""MultiPoint"",""coordinates"":[]}"
2002_06_10,37.0385039370079,38.86527529053155,,1.8267713535236467,Chennai,2002-06-10,"{""type"":""MultiPoint"",""coordinates"":[]}"
2002_06_18,34.570000000000036,,,,Chennai,2002-06-18,"{""type"":""MultiPoint"",""coordinates"":[]}"
2002_06_26,38.08123677129306,37.39894045850567,26.99668647368213,-0.6822963127873862,Chennai,2002-06-26,"{""type"":""MultiPoint"",""coordinates"":[]}"
2002_07_04,37.061989105224015,37.42472216006566,26.176575669426455,0.3627330548416481,Chennai,2002-07-04,"{""type"":""MultiPoint"",""coordinates"":[]}"
2002_07_12,,,,,Chennai,2002-07-12,"{""type"":""MultiPoint"",""coordinates"":[]}"
2002_07_20,35.742872570887585,36.744863175156325,,1.001990604268741,Chennai,2002-07-20,"{""type"":""MultiPoint"",""coordinates"":[]}"
2002_07_28,40.67923344947738,35.623138075313825,25.160432014552097,-5.056095374163554,Chennai,2002-07-28,"{""type"":""MultiPoint"",""coordinates"":[]}"
2002_08_05,,,,,Chennai,2002-08-05,"{""type"":""MultiPoint"",""coordinates"":[]}"
2002_08_13,32.82795187420588,32.091085190039344,24.354549901313003,-0.7368666841665359,Chennai,2002-08-13,"{""type"":""MultiPoint"",""coordinates"":[]}"
2002_08_21,36.27193530781239,36.943801775147946,25.634879437869834,0.6718664673355548,Chennai,2002-08-21,"{""type"":""MultiPoint"",""coordinates"":[]}"
2002_08_29,35.224332711972444,34.7827425300558,23.928125000000037,-0.441590181916645,Chennai,2002-08-29,"{""type"":""MultiPoint"",""coordinates"":[]}"
2002_09_06,34.653576556142404,33.423447856586144,25.856501636788803,-1.2301286995562606,Chennai,2002-09-06,"{""type"":""MultiPoint"",""coordinates"":[]}"
2002_09_14,35.48228262775003,35.0311287116014,,-0.451153916148634,Chennai,2002-09-14,"{""type"":""MultiPoint"",""coordinates"":[]}"
2002_09_22,36.98981916838023,36.780797301887745,25.451998350075247,-0.20902186649248478,Chennai,2002-09-22,"{""type"":""MultiPoint"",""coordinates"":[]}"
2002_09_30,36.21306087841279,37.01241873152992,24.87436008183681,0.7993578531171295,Chennai,2002-09-30,"{""type"":""MultiPoint"",""coordinates"":[]}"
2002_10_08,,31.770000000000053,24.79000000000002,,Chennai,2002-10-08,"{""type"":""MultiPoint"",""coordinates"":[]}"
2002_10_16,31.44518821667874,28.283300637567464,24.63285714285717,-3.1618875791112764,Chennai,2002-10-16,"{""type"":""MultiPoint"",""coordinates"":[]}"
2002_10_24,29.59852848101269,,,,Chennai,2002-10-24,"{""type"":""MultiPoint"",""coordinates"":[]}"
2002_11_01,26.882060730665845,24.54500000000003,18.750000000000014,-2.337060730665815,Chennai,2002-11-01,"{""type"":""MultiPoint"",""coordinates"":[]}"
2002_11_09,27.825524117560626,26.491200000000028,,-1.3343241175605982,Chennai,2002-11-09,"{""type"":""MultiPoint"",""coordinates"":[]}"
2002_11_17,27.509476958386212,,,,Chennai,2002-11-17,"{""type"":""MultiPoint"",""coordinates"":[]}"
2002_11_25,30.67443094137017,30.35145195885315,22.51838038958199,-0.32297898251701795,Chennai,2002-11-25,"{""type"":""MultiPoint"",""coordinates"":[]}"
2002_12_03,29.02484846955941,27.173417453827753,22.736837727336837,-1.8514310157316558,Chennai,2002-12-03,"{""type"":""MultiPoint"",""coordinates"":[]}"
2002_12_11,26.80540564801954,26.180939364506756,22.325133897599585,-0.6244662835127848,Chennai,2002-12-11,"{""type"":""MultiPoint"",""coordinates"":[]}"
2002_12_19,27.839558467339206,27.098959937506997,20.4163910277871,-0.7405985298322086,Chennai,2002-12-19,"{""type"":""MultiPoint"",""coordinates"":[]}"
2002_12_27,30.34592263622768,27.567760600706745,22.78511042402829,-2.7781620355209355,Chennai,2002-12-27,"{""type"":""MultiPoint"",""coordinates"":[]}"
2003_01_01,29.993707233197817,30.360064670398366,21.725152437367573,0.3663574372005485,Chennai,2003-01-01,"{""type"":""MultiPoint"",""coordinates"":[]}"
2003_01_09,28.28694890077244,27.834916456855144,21.94101396200507,-0.4520324439172967,Chennai,2003-01-09,"{""type"":""MultiPoint"",""coordinates"":[]}"
2003_01_17,31.10103947392373,30.528548565528467,21.010325245224603,-0.5724909083952632,Chennai,2003-01-17,"{""type"":""MultiPoint"",""coordinates"":[]}"
2003_01_25,31.99786447573045,31.496684014260573,21.657950252018217,-0.5011804614698754,Chennai,2003-01-25,"{""type"":""MultiPoint"",""coordinates"":[]}"
2003_02_02,32.41242584507922,32.6674924828179,23.46576782646051,0.255066637738679,Chennai,2003-02-02,"{""type"":""MultiPoint"",""coordinates"":[]}"
2003_02_10,31.952803805115497,29.957740948495697,24.921789903110675,-1.9950628566197999,Chennai,2003-02-10,"{""type"":""MultiPoint"",""coordinates"":[]}"
2003_02_18,33.51457205143843,33.46501025490774,23.395191424943853,-0.04956179653068915,Chennai,2003-02-18,"{""type"":""MultiPoint"",""coordinates"":[]}"
2003_02_26,35.48533296543164,35.10414637925361,23.585515658590456,-0.3811865861780248,Chennai,2003-02-26,"{""type"":""MultiPoint"",""coordinates"":[]}"
2003_03_06,36.19411880161949,35.390724255166916,24.141087501118392,-0.8033945464525729,Chennai,2003-03-06,"{""type"":""MultiPoint"",""coordinates"":[]}"
2003_03_14,36.24065111187363,33.980823719427804,25.385369173973267,-2.2598273924458283,Chennai,2003-03-14,"{""type"":""MultiPoint"",""coordinates"":[]}"
2003_03_22,37.78567049164796,37.01544369657681,24.59077218482886,-0.770226795071153,Chennai,2003-03-22,"{""type"":""MultiPoint"",""coordinates"":[]}"
2003_03_30,37.24084996464802,36.484660133182594,26.40937219918753,-0.7561898314654272,Chennai,2003-03-30,"{""type"":""MultiPoint"",""coordinates"":[]}"
2003_04_07,37.90577826712971,36.700206338503065,25.32677950101149,-1.2055719286266466,Chennai,2003-04-07,"{""type"":""MultiPoint"",""coordinates"":[]}"
2003_04_15,37.33007096128893,36.0359070052004,26.371410217191844,-1.294163956088532,Chennai,2003-04-15,"{""type"":""MultiPoint"",""coordinates"":[]}"
2003_04_23,40.658285207825195,39.192718730513704,26.283581181327573,-1.4655664773114907,Chennai,2003-04-23,"{""type"":""MultiPoint"",""coordinates"":[]}"
2003_05_01,39.82457177322082,39.11299044473282,26.31131650348003,-0.7115813284879948,Chennai,2003-05-01,"{""type"":""MultiPoint"",""coordinates"":[]}"
2003_05_09,,,,,Chennai,2003-05-09,"{""type"":""MultiPoint"",""coordinates"":[]}"
2003_05_17,42.33326109849402,40.751261191124975,26.792592448423544,-1.5819999073690454,Chennai,2003-05-17,"{""type"":""MultiPoint"",""coordinates"":[]}"
2003_05_25,42.87546350621922,41.20853932584272,26.785653728294214,-1.6669241803764976,Chennai,2003-05-25,"{""type"":""MultiPoint"",""coordinates"":[]}"
2003_06_02,40.243769683580986,39.25092777564353,27.09216288897429,-0.9928419079374535,Chennai,2003-06-02,"{""type"":""MultiPoint"",""coordinates"":[]}"
2003_06_10,39.43364690099277,40.08763102612447,26.4532114193375,0.6539841251317,Chennai,2003-06-10,"{""type"":""MultiPoint"",""coordinates"":[]}"
2003_06_18,,,,,Chennai,2003-06-18,"{""type"":""MultiPoint"",""coordinates"":[]}"
2003_06_26,,,,,Chennai,2003-06-26,"{""type"":""MultiPoint"",""coordinates"":[]}"
2003_07_04,39.704491525423755,40.65944046553271,,0.9549489401089559,Chennai,2003-07-04,"{""type"":""MultiPoint"",""coordinates"":[]}"
2003_07_12,36.27000000000001,,,,Chennai,2003-07-12,"{""type"":""MultiPoint"",""coordinates"":[]}"
2003_07_20,31.498725283971417,,,,Chennai,2003-07-20,"{""type"":""MultiPoint"",""coordinates"":[]}"
2003_07_28,,,,,Chennai,2003-07-28,"{""type"":""MultiPoint"",""coordinates"":[]}"
2003_08_05,33.90994764320586,34.54326797807162,26.844592375366595,0.6333203348657577,Chennai,2003-08-05,"{""type"":""MultiPoint"",""coordinates"":[]}"
2003_08_13,30.49725963269719,,,,Chennai,2003-08-13,"{""type"":""MultiPoint"",""coordinates"":[]}"
2003_08_21,,,,,Chennai,2003-08-21,"{""type"":""MultiPoint"",""coordinates"":[]}"
2003_08_29,35.73288592102463,36.92564077463294,25.859869558845116,1.1927548536083066,Chennai,2003-08-29,"{""type"":""MultiPoint"",""coordinates"":[]}"
2003_09_06,35.20595102221733,36.38516463235605,25.487109870113603,1.1792136101387243,Chennai,2003-09-06,"{""type"":""MultiPoint"",""coordinates"":[]}"
2003_09_14,36.66778212186311,37.216230058774165,25.853230490018184,0.5484479369110531,Chennai,2003-09-14,"{""type"":""MultiPoint"",""coordinates"":[]}"
2003_09_22,34.47105289993629,,,,Chennai,2003-09-22,"{""type"":""MultiPoint"",""coordinates"":[]}"
2003_09_30,,,,,Chennai,2003-09-30,"{""type"":""MultiPoint"",""coordinates"":[]}"
2003_10_08,34.93299995240691,34.49748503263564,26.025096106234557,-0.435514919771272,Chennai,2003-10-08,"{""type"":""MultiPoint"",""coordinates"":[]}"
2003_10_16,,,,,Chennai,2003-10-16,"{""type"":""MultiPoint"",""coordinates"":[]}"
2003_10_24,31.27588479164072,31.88552967225596,24.04251331964852,0.6096448806152388,Chennai,2003-10-24,"{""type"":""MultiPoint"",""coordinates"":[]}"
2003_11_01,32.26277711684688,,,,Chennai,2003-11-01,"{""type"":""MultiPoint"",""coordinates"":[]}"
2003_11_09,28.99932283216699,29.3367954869667,23.639358430442627,0.33747265479971134,Chennai,2003-11-09,"{""type"":""MultiPoint"",""coordinates"":[]}"
2003_11_17,29.233768140500406,30.228380266142157,22.42191416456079,0.9946121256417513,Chennai,2003-11-17,"{""type"":""MultiPoint"",""coordinates"":[]}"
2003_11_25,30.089754525726466,30.361649756775574,21.472368311327333,0.2718952310491076,Chennai,2003-11-25,"{""type"":""MultiPoint"",""coordinates"":[]}"
2003_12_03,29.827457542138838,30.79525939177105,21.529588550983924,0.9678018496322132,Chennai,2003-12-03,"{""type"":""MultiPoint"",""coordinates"":[]}"
2003_12_11,31.372773279352256,,,,Chennai,2003-12-11,"{""type"":""MultiPoint"",""coordinates"":[]}"
2003_12_19,26.977169811320802,28.27874030489438,20.675753785385137,1.3015704935735783,Chennai,2003-12-19,"{""type"":""MultiPoint"",""coordinates"":[]}"
2003_12_27,27.50954702329597,30.010000000000048,23.390000000000043,2.5004529767040786,Chennai,2003-12-27,"{""type"":""MultiPoint"",""coordinates"":[]}"
2004_01_01,28.472092323267056,28.618284697508923,21.891209964412838,0.14619237424186693,Chennai,2004-01-01,"{""type"":""MultiPoint"",""coordinates"":[]}"
2004_01_09,31.31195399530322,30.96250708285702,19.755113574233327,-0.34944691244620074,Chennai,2004-01-09,"{""type"":""MultiPoint"",""coordinates"":[]}"
2004_01_17,33.29244901663952,31.345686798814192,20.761527059233877,-1.9467622178253308,Chennai,2004-01-17,"{""type"":""MultiPoint"",""coordinates"":[]}"
2004_01_25,31.30127806751483,31.551262660364646,22.555428764348438,0.24998459284981678,Chennai,2004-01-25,"{""type"":""MultiPoint"",""coordinates"":[]}"
2004_02_02,32.55968847905711,32.23438435754192,21.876023463687176,-0.32530412151518817,Chennai,2004-02-02,"{""type"":""MultiPoint"",""coordinates"":[]}"
2004_02_10,33.32844522186368,33.20605938486107,21.68455879557466,-0.12238583700261074,Chennai,2004-02-10,"{""type"":""MultiPoint"",""coordinates"":[]}"
2004_02_18,37.09099926497076,35.94701166265063,21.67890602409641,-1.1439876023201307,Chennai,2004-02-18,"{""type"":""MultiPoint"",""coordinates"":[]}"
2004_02_26,37.79493649567142,36.81680294930878,22.035167926267317,-0.9781335463626419,Chennai,2004-02-26,"{""type"":""MultiPoint"",""coordinates"":[]}"
2004_03_05,38.59355898655681,37.48434833304543,22.951533511832796,-1.1092106535113757,Chennai,2004-03-05,"{""type"":""MultiPoint"",""coordinates"":[]}"
2004_03_13,39.85953189407942,39.277092972327296,23.90468246068089,-0.5824389217521215,Chennai,2004-03-13,"{""type"":""MultiPoint"",""coordinates"":[]}"
2004_03_21,38.31196370037639,37.570625859012445,25.43544987351357,-0.7413378413639435,Chennai,2004-03-21,"{""type"":""MultiPoint"",""coordinates"":[]}"
2004_03_29,40.046272971738844,37.712993553585854,25.602409347300593,-2.3332794181529906,Chennai,2004-03-29,"{""type"":""MultiPoint"",""coordinates"":[]}"
2004_04_06,39.62685524775654,39.202958786548265,26.66341050460701,-0.4238964612082725,Chennai,2004-04-06,"{""type"":""MultiPoint"",""coordinates"":[]}"
2004_04_14,39.974060693000595,39.194148971193435,27.429225514403313,-0.7799117218071601,Chennai,2004-04-14,"{""type"":""MultiPoint"",""coordinates"":[]}"
2004_04_22,39.76486876640423,39.76270388349517,25.292859223300997,-0.002164882909056587,Chennai,2004-04-22,"{""type"":""MultiPoint"",""coordinates"":[]}"
2004_04_30,42.57486079064761,41.47406860062036,26.830000000000023,-1.1007921900272493,Chennai,2004-04-30,"{""type"":""MultiPoint"",""coordinates"":[]}"
2004_05_08,37.55492014731591,36.67644273832377,26.75746001279594,-0.8784774089921399,Chennai,2004-05-08,"{""type"":""MultiPoint"",""coordinates"":[]}"
2004_05_16,38.87333749165072,36.86543182297157,26.302917535545042,-2.0079056686791503,Chennai,2004-05-16,"{""type"":""MultiPoint"",""coordinates"":[]}"
2004_05_24,38.08448003459711,36.02873472949391,25.8999389179756,-2.055745305103194,Chennai,2004-05-24,"{""type"":""MultiPoint"",""coordinates"":[]}"
2004_06_01,36.04836167377537,36.24264862835539,24.794000000000047,0.1942869545800221,Chennai,2004-06-01,"{""type"":""MultiPoint"",""coordinates"":[]}"
2004_06_09,40.151696090794466,,,,Chennai,2004-06-09,"{""type"":""MultiPoint"",""coordinates"":[]}"
2004_06_17,34.77842388436607,35.0645441925035,26.125927150128938,0.28612030813742706,Chennai,2004-06-17,"{""type"":""MultiPoint"",""coordinates"":[]}"
2004_06_25,38.63636947948977,39.37731529340228,26.968021133525493,0.7409458139125107,Chennai,2004-06-25,"{""type"":""MultiPoint"",""coordinates"":[]}"
2004_07_03,39.063628618441136,38.5830975348339,,-0.4805310836072394,Chennai,2004-07-03,"{""type"":""MultiPoint"",""coordinates"":[]}"
2004_07_11,39.51099137605536,39.86775492432099,27.07952685050801,0.35676354826563283,Chennai,2004-07-11,"{""type"":""MultiPoint"",""coordinates"":[]}"
2004_07_19,40.17375310009114,40.16506673037112,,-0.00868636972001724,Chennai,2004-07-19,"{""type"":""MultiPoint"",""coordinates"":[]}"
2004_07_27,,,,,Chennai,2004-07-27,"{""type"":""MultiPoint"",""coordinates"":[]}"
2004_08_04,33.6306028867896,35.66589877551024,,2.03529588872064,Chennai,2004-08-04,"{""type"":""MultiPoint"",""coordinates"":[]}"
2004_08_12,38.43510992594868,,,,Chennai,2004-08-12,"{""type"":""MultiPoint"",""coordinates"":[]}"
2004_08_20,42.33000000000004,,,,Chennai,2004-08-20,"{""type"":""MultiPoint"",""coordinates"":[]}"
2004_08_28,,38.29000000000002,24.255000000000038,,Chennai,2004-08-28,"{""type"":""MultiPoint"",""coordinates"":[]}"
2004_09_05,,,,,Chennai,2004-09-05,"{""type"":""MultiPoint"",""coordinates"":[]}"
2004_09_13,37.24020339965564,37.25096616206593,26.170000000000016,0.010762762410287507,Chennai,2004-09-13,"{""type"":""MultiPoint"",""coordinates"":[]}"
2004_09_21,,,,,Chennai,2004-09-21,"{""type"":""MultiPoint"",""coordinates"":[]}"
2004_09_29,33.8360738803531,36.87497820401049,25.73024411508285,3.038904323657391,Chennai,2004-09-29,"{""type"":""MultiPoint"",""coordinates"":[]}"
2004_10_07,33.94107625077041,34.85772404371587,25.184332650273237,0.9166477929454615,Chennai,2004-10-07,"{""type"":""MultiPoint"",""coordinates"":[]}"
2004_10_15,32.04333333333337,35.190000000000055,24.870000000000005,3.1466666666666825,Chennai,2004-10-15,"{""type"":""MultiPoint"",""coordinates"":[]}"
2004_10_23,29.89605046194644,30.300297820079848,25.047605158120998,0.4042473581334072,Chennai,2004-10-23,"{""type"":""MultiPoint"",""coordinates"":[]}"
2004_10_31,28.416287087971632,27.660043803143548,22.546636013052535,-0.7562432848280842,Chennai,2004-10-31,"{""type"":""MultiPoint"",""coordinates"":[]}"
2004_11_08,28.626750907641913,27.731947873799754,23.318875171467788,-0.8948030338421589,Chennai,2004-11-08,"{""type"":""MultiPoint"",""coordinates"":[]}"
2004_11_16,28.835676235538536,29.06508964690609,23.189621435349387,0.2294134113675561,Chennai,2004-11-16,"{""type"":""MultiPoint"",""coordinates"":[]}"
2004_11_24,27.095057022788183,26.3455934844193,22.49885127478756,-0.7494635383688824,Chennai,2004-11-24,"{""type"":""MultiPoint"",""coordinates"":[]}"
2004_12_02,28.730495814595216,28.9914235569423,21.88078783151328,0.2609277423470857,Chennai,2004-12-02,"{""type"":""MultiPoint"",""coordinates"":[]}"
2004_12_10,28.9611584880473,30.043738343716544,22.1311293202651,1.0825798556692448,Chennai,2004-12-10,"{""type"":""MultiPoint"",""coordinates"":[]}"
2004_12_18,29.834442289452372,29.600798258345463,21.550232220609608,-0.233644031106909,Chennai,2004-12-18,"{""type"":""MultiPoint"",""coordinates"":[]}"
2004_12_26,29.756259516796007,29.968230434396393,21.65119747712537,0.2119709176003859,Chennai,2004-12-26,"{""type"":""MultiPoint"",""coordinates"":[]}"
2005_01_01,30.141940114550895,28.638312201547873,21.92538284208796,-1.5036279130030223,Chennai,2005-01-01,"{""type"":""MultiPoint"",""coordinates"":[]}"
2005_01_09,30.93210487335799,30.793554617874953,21.203683751045816,-0.138550255483036,Chennai,2005-01-09,"{""type"":""MultiPoint"",""coordinates"":[]}"
2005_01_17,30.9902473954027,30.370181983621507,22.630132848043697,-0.6200654117811943,Chennai,2005-01-17,"{""type"":""MultiPoint"",""coordinates"":[]}"
2005_01_25,32.339295373789774,31.828142164781937,23.361127827140567,-0.511153209007837,Chennai,2005-01-25,"{""type"":""MultiPoint"",""coordinates"":[]}"
2005_02_02,31.231616638828186,31.27765902126476,22.221869254341186,0.04604238243657477,Chennai,2005-02-02,"{""type"":""MultiPoint"",""coordinates"":[]}"
2005_02_10,36.30682277660818,35.919043463526236,23.355396255189394,-0.3877793130819427,Chennai,2005-02-10,"{""type"":""MultiPoint"",""coordinates"":[]}"
2005_02_18,35.595107359182876,35.159124275123,24.370826910372198,-0.4359830840598775,Chennai,2005-02-18,"{""type"":""MultiPoint"",""coordinates"":[]}"
2005_02_26,37.159762706456306,36.490007284647646,24.012467472024955,-0.6697554218086594,Chennai,2005-02-26,"{""type"":""MultiPoint"",""coordinates"":[]}"
2005_03_06,35.94392920353987,32.2533226250574,26.378774667278595,-3.690606578482466,Chennai,2005-03-06,"{""type"":""MultiPoint"",""coordinates"":[]}"
2005_03_14,39.34226082809812,37.8785646969146,25.54241169031411,-1.463696131183518,Chennai,2005-03-14,"{""type"":""MultiPoint"",""coordinates"":[]}"
2005_03_22,37.234985578662275,35.42493501091818,26.474593948216732,-1.8100505677440921,Chennai,2005-03-22,"{""type"":""MultiPoint"",""coordinates"":[]}"
2005_03_30,38.6702520836605,36.090078457962065,25.802344052692767,-2.5801736256984356,Chennai,2005-03-30,"{""type"":""MultiPoint"",""coordinates"":[]}"
2005_04_07,33.84840936470307,34.93105563218391,26.247301455938725,1.0826462674808397,Chennai,2005-04-07,"{""type"":""MultiPoint"",""coordinates"":[]}"
2005_04_15,37.404484568898305,35.96767376830895,25.81496981802044,-1.436810800589356,Chennai,2005-04-15,"{""type"":""MultiPoint"",""coordinates"":[]}"
2005_04_23,39.12915650625432,36.91569496917878,26.946159607609232,-2.2134615370755384,Chennai,2005-04-23,"{""type"":""MultiPoint"",""coordinates"":[]}"
2005_05_01,36.99501547545881,35.108568541596526,25.7985895924554,-1.8864469338622811,Chennai,2005-05-01,"{""type"":""MultiPoint"",""coordinates"":[]}"
2005_05_09,38.04043375921473,36.772984366631846,28.08054449006658,-1.2674493925828827,Chennai,2005-05-09,"{""type"":""MultiPoint"",""coordinates"":[]}"
2005_05_17,40.56802732453952,39.04944764967371,27.074850089851534,-1.518579674865812,Chennai,2005-05-17,"{""type"":""MultiPoint"",""coordinates"":[]}"
2005_05_25,41.30231408823225,39.881008117308184,27.676010030817597,-1.4213059709240667,Chennai,2005-05-25,"{""type"":""MultiPoint"",""coordinates"":[]}"
2005_06_02,38.872429854147306,38.4748935683223,26.99631113145651,-0.3975362858250051,Chennai,2005-06-02,"{""type"":""MultiPoint"",""coordinates"":[]}"
2005_06_10,38.402236949385504,38.027706374332574,27.26256579879979,-0.37453057505292975,Chennai,2005-06-10,"{""type"":""MultiPoint"",""coordinates"":[]}"
2005_06_18,40.68254901960786,,,,Chennai,2005-06-18,"{""type"":""MultiPoint"",""coordinates"":[]}"
2005_06_26,,,,,Chennai,2005-06-26,"{""type"":""MultiPoint"",""coordinates"":[]}"
2005_07_04,37.0147910557185,39.573202614379134,,2.5584115586606373,Chennai,2005-07-04,"{""type"":""MultiPoint"",""coordinates"":[]}"
2005_07_12,,,,,Chennai,2005-07-12,"{""type"":""MultiPoint"",""coordinates"":[]}"
2005_07_20,,,,,Chennai,2005-07-20,"{""type"":""MultiPoint"",""coordinates"":[]}"
2005_07_28,35.34464285714289,,,,Chennai,2005-07-28,"{""type"":""MultiPoint"",""coordinates"":[]}"
2005_08_05,37.472296533218305,37.61713609898109,26.901886048210397,0.144839565762787,Chennai,2005-08-05,"{""type"":""MultiPoint"",""coordinates"":[]}"
2005_08_13,,,,,Chennai,2005-08-13,"{""type"":""MultiPoint"",""coordinates"":[]}"
2005_08_21,36.44727463018931,35.981216786166186,24.45604597216367,-0.4660578440231262,Chennai,2005-08-21,"{""type"":""MultiPoint"",""coordinates"":[]}"
2005_08_29,35.688704746740974,34.254474587350906,26.148748161464326,-1.4342301593900686,Chennai,2005-08-29,"{""type"":""MultiPoint"",""coordinates"":[]}"
2005_09_06,,,,,Chennai,2005-09-06,"{""type"":""MultiPoint"",""coordinates"":[]}"
2005_09_14,35.72795426623866,36.50972825325679,26.471218658075387,0.7817739870181271,Chennai,2005-09-14,"{""type"":""MultiPoint"",""coordinates"":[]}"
2005_09_22,34.28989105715246,34.23182442779687,22.94044149186591,-0.058066629355586485,Chennai,2005-09-22,"{""type"":""MultiPoint"",""coordinates"":[]}"
2005_09_30,34.73780173560875,35.06167574482133,24.565540562845598,0.3238740092125809,Chennai,2005-09-30,"{""type"":""MultiPoint"",""coordinates"":[]}"
2005_10_08,30.64658246656763,30.686167192429036,22.127500000000033,0.039584725861406156,Chennai,2005-10-08,"{""type"":""MultiPoint"",""coordinates"":[]}"
2005_10_16,30.326958672411074,,,,Chennai,2005-10-16,"{""type"":""MultiPoint"",""coordinates"":[]}"
2005_10_24,27.901490637022626,26.937903571546396,,-0.9635870654762293,Chennai,2005-10-24,"{""type"":""MultiPoint"",""coordinates"":[]}"
2005_11_01,,,,,Chennai,2005-11-01,"{""type"":""MultiPoint"",""coordinates"":[]}"
2005_11_09,28.418184638823593,27.702431704740825,22.363914214112665,-0.7157529340827686,Chennai,2005-11-09,"{""type"":""MultiPoint"",""coordinates"":[]}"
2005_11_17,29.346383282334173,28.600122025625407,23.265440163862994,-0.7462612567087668,Chennai,2005-11-17,"{""type"":""MultiPoint"",""coordinates"":[]}"
2005_11_25,25.649123856191938,25.63663966381452,21.046250393205437,-0.012484192377417713,Chennai,2005-11-25,"{""type"":""MultiPoint"",""coordinates"":[]}"
2005_12_03,25.675776026557955,23.393066017382754,22.98909900130267,-2.282710009175201,Chennai,2005-12-03,"{""type"":""MultiPoint"",""coordinates"":[]}"
2005_12_11,27.090000000000032,30.310000000000002,,3.2199999999999704,Chennai,2005-12-11,"{""type"":""MultiPoint"",""coordinates"":[]}"
2005_12_19,27.304888997128838,27.922765321375202,22.712466367713024,0.6178763242463639,Chennai,2005-12-19,"{""type"":""MultiPoint"",""coordinates"":[]}"
2005_12_27,28.118056131046124,28.004440937234456,21.791463518271236,-0.11361519381166829,Chennai,2005-12-27,"{""type"":""MultiPoint"",""coordinates"":[]}"
2006_01_01,27.123698384201095,,,,Chennai,2006-01-01,"{""type"":""MultiPoint"",""coordinates"":[]}"
2006_01_09,28.987092841380598,28.864492040521004,21.80354500723592,-0.12260080085959402,Chennai,2006-01-09,"{""type"":""MultiPoint"",""coordinates"":[]}"
2006_01_17,31.72190652404915,31.262794309187477,22.4897111177905,-0.45911221486167264,Chennai,2006-01-17,"{""type"":""MultiPoint"",""coordinates"":[]}"
2006_01_25,29.723575421913385,29.535605834576533,21.336167744074288,-0.18796958733685187,Chennai,2006-01-25,"{""type"":""MultiPoint"",""coordinates"":[]}"
2006_02_02,32.13121349777329,31.121818439850525,22.28337858933728,-1.009395057922763,Chennai,2006-02-02,"{""type"":""MultiPoint"",""coordinates"":[]}"
2006_02_10,32.66212788718292,32.45931172756995,22.851159390487187,-0.20281615961297206,Chennai,2006-02-10,"{""type"":""MultiPoint"",""coordinates"":[]}"
2006_02_18,34.02334913735791,33.41215409956078,22.904318081991242,-0.6111950377971311,Chennai,2006-02-18,"{""type"":""MultiPoint"",""coordinates"":[]}"
2006_02_26,34.52557829891789,33.736904345140054,25.171439971169704,-0.7886739537778382,Chennai,2006-02-26,"{""type"":""MultiPoint"",""coordinates"":[]}"
2006_03_06,33.414554842441866,32.877707960433376,24.865308525671256,-0.53684688200849,Chennai,2006-03-06,"{""type"":""MultiPoint"",""coordinates"":[]}"
2006_03_14,34.853481226364146,33.701658031088115,25.028634715025945,-1.1518231952760303,Chennai,2006-03-14,"{""type"":""MultiPoint"",""coordinates"":[]}"
2006_03_22,36.603783325407115,36.5687499127684,25.574045220870474,-0.03503341263871107,Chennai,2006-03-22,"{""type"":""MultiPoint"",""coordinates"":[]}"
2006_03_30,36.17689635600432,36.25457119631485,26.408836781698188,0.07767484031052874,Chennai,2006-03-30,"{""type"":""MultiPoint"",""coordinates"":[]}"
2006_04_07,36.18027909190165,35.8242785686803,27.770498653328215,-0.3560005232213541,Chennai,2006-04-07,"{""type"":""MultiPoint"",""coordinates"":[]}"
2006_04_15,36.44974761282952,37.82238601955189,24.94524180292416,1.3726384067223734,Chennai,2006-04-15,"{""type"":""MultiPoint"",""coordinates"":[]}"
2006_04_23,38.114249269848315,37.38710698765263,28.73026166333266,-0.7271422821956861,Chennai,2006-04-23,"{""type"":""MultiPoint"",""coordinates"":[]}"
2006_05_01,37.820361952309014,36.73824342375669,25.901440094533523,-1.0821185285523214,Chennai,2006-05-01,"{""type"":""MultiPoint"",""coordinates"":[]}"
2006_05_09,37.889897439822505,35.02238070059488,26.1084375413087,-2.867516739227625,Chennai,2006-05-09,"{""type"":""MultiPoint"",""coordinates"":[]}"
2006_05_17,39.34073440919718,37.99798503638418,26.70526801270885,-1.342749372813003,Chennai,2006-05-17,"{""type"":""MultiPoint"",""coordinates"":[]}"
2006_05_25,41.1574376417234,,,,Chennai,2006-05-25,"{""type"":""MultiPoint"",""coordinates"":[]}"
2006_06_02,38.19758427567804,38.39710099050344,25.98010626717126,0.1995167148253998,Chennai,2006-06-02,"{""type"":""MultiPoint"",""coordinates"":[]}"
2006_06_10,37.259834665001485,36.206639498432644,26.934097178683402,-1.053195166568841,Chennai,2006-06-10,"{""type"":""MultiPoint"",""coordinates"":[]}"
2006_06_18,38.484707749431095,33.7414285714286,,-4.743279178002496,Chennai,2006-06-18,"{""type"":""MultiPoint"",""coordinates"":[]}"
2006_06_26,35.940000000000026,,,,Chennai,2006-06-26,"{""type"":""MultiPoint"",""coordinates"":[]}"
2006_07_04,35.759890159922634,35.48082157676351,26.80536721991704,-0.2790685831591233,Chennai,2006-07-04,"{""type"":""MultiPoint"",""coordinates"":[]}"
2006_07_12,34.17812580201386,32.19719975859991,25.01700060350033,-1.9809260434139517,Chennai,2006-07-12,"{""type"":""MultiPoint"",""coordinates"":[]}"
2006_07_20,35.27308444161278,35.84773009087564,26.325305397251135,0.5746456492628624,Chennai,2006-07-20,"{""type"":""MultiPoint"",""coordinates"":[]}"
2006_07_28,32.64721599131696,,,,Chennai,2006-07-28,"{""type"":""MultiPoint"",""coordinates"":[]}"
2006_08_05,38.168718291054766,,,,Chennai,2006-08-05,"{""type"":""MultiPoint"",""coordinates"":[]}"
2006_08_13,32.6692702758337,33.68237995824638,,1.0131096824126757,Chennai,2006-08-13,"{""type"":""MultiPoint"",""coordinates"":[]}"
2006_08_21,37.22042807336045,35.17817946505611,25.792401495542162,-2.042248608304341,Chennai,2006-08-21,"{""type"":""MultiPoint"",""coordinates"":[]}"
2006_08_29,35.881263149505905,36.154928419128865,25.190909090909106,0.2736652696229598,Chennai,2006-08-29,"{""type"":""MultiPoint"",""coordinates"":[]}"
2006_09_06,,,,,Chennai,2006-09-06,"{""type"":""MultiPoint"",""coordinates"":[]}"
2006_09_14,,,,,Chennai,2006-09-14,"{""type"":""MultiPoint"",""coordinates"":[]}"
2006_09_22,31.059344350112827,30.900101010101046,,-0.15924334001178053,Chennai,2006-09-22,"{""type"":""MultiPoint"",""coordinates"":[]}"
2006_09_30,32.94957084821266,32.765510472724486,25.436749003058598,-0.18406037548817267,Chennai,2006-09-30,"{""type"":""MultiPoint"",""coordinates"":[]}"
2006_10_08,33.789840862985315,33.926100859598876,24.92348538681952,0.13625999661356047,Chennai,2006-10-08,"{""type"":""MultiPoint"",""coordinates"":[]}"
2006_10_16,31.724921749909633,29.015714285714314,24.361428571428608,-2.7092074641953197,Chennai,2006-10-16,"{""type"":""MultiPoint"",""coordinates"":[]}"
2006_10_24,,,,,Chennai,2006-10-24,"{""type"":""MultiPoint"",""coordinates"":[]}"
2006_11_01,28.82333333333338,,,,Chennai,2006-11-01,"{""type"":""MultiPoint"",""coordinates"":[]}"
2006_11_09,27.22240875912412,,,,Chennai,2006-11-09,"{""type"":""MultiPoint"",""coordinates"":[]}"
2006_11_17,28.24220469392001,27.666867865296823,23.833898401826502,-0.5753368286231861,Chennai,2006-11-17,"{""type"":""MultiPoint"",""coordinates"":[]}"
2006_11_25,28.31146785374029,27.700413849066837,22.963313497430374,-0.6110540046734521,Chennai,2006-11-25,"{""type"":""MultiPoint"",""coordinates"":[]}"
2006_12_03,28.140819664577972,31.61687598116173,24.29682888540035,3.476056316583758,Chennai,2006-12-03,"{""type"":""MultiPoint"",""coordinates"":[]}"
2006_12_11,27.96097908109662,27.848052096654815,21.726674968028572,-0.11292698444180616,Chennai,2006-12-11,"{""type"":""MultiPoint"",""coordinates"":[]}"
2006_12_19,27.71212842896294,27.47878539052752,20.502019858416872,-0.2333430384354216,Chennai,2006-12-19,"{""type"":""MultiPoint"",""coordinates"":[]}"
2006_12_27,29.128583241672793,28.901267494058654,21.257685062934637,-0.22731574761413853,Chennai,2006-12-27,"{""type"":""MultiPoint"",""coordinates"":[]}"
2007_01_01,29.33236370970082,28.59983812949643,21.546585500830137,-0.732525580204392,Chennai,2007-01-01,"{""type"":""MultiPoint"",""coordinates"":[]}"
2007_01_09,29.135041998292564,25.090000000000032,20.930000000000007,-4.0450419982925325,Chennai,2007-01-09,"{""type"":""MultiPoint"",""coordinates"":[]}"
2007_01_17,30.27360526082399,28.79829065743947,23.265557093425635,-1.475314603384522,Chennai,2007-01-17,"{""type"":""MultiPoint"",""coordinates"":[]}"
2007_01_25,31.369347567917313,31.74183391003464,22.284848966613698,0.3724863421173268,Chennai,2007-01-25,"{""type"":""MultiPoint"",""coordinates"":[]}"
2007_02_02,32.548101958333284,31.824326221610495,22.08405289548719,-0.7237757367227893,Chennai,2007-02-02,"{""type"":""MultiPoint"",""coordinates"":[]}"
2007_02_10,32.86758986414155,31.723266317428887,22.796501486620443,-1.1443235467126627,Chennai,2007-02-10,"{""type"":""MultiPoint"",""coordinates"":[]}"
2007_02_18,33.50494426779238,33.49196174066006,22.329398724688687,-0.01298252713232273,Chennai,2007-02-18,"{""type"":""MultiPoint"",""coordinates"":[]}"
2007_02_26,33.89233568312748,33.63629088703282,24.413144976902647,-0.25604479609465614,Chennai,2007-02-26,"{""type"":""MultiPoint"",""coordinates"":[]}"
2007_03_06,34.524993662571156,33.037718432998965,23.23454912290535,-1.487275229572191,Chennai,2007-03-06,"{""type"":""MultiPoint"",""coordinates"":[]}"
2007_03_14,37.70394341327542,36.986013771721126,25.413101881894907,-0.7179296415542922,Chennai,2007-03-14,"{""type"":""MultiPoint"",""coordinates"":[]}"
2007_03_22,36.53899662290216,35.89756422630661,25.02751185953387,-0.6414323965955475,Chennai,2007-03-22,"{""type"":""MultiPoint"",""coordinates"":[]}"
2007_03_30,37.06934814982296,36.24106027213496,25.479778650824088,-0.8282878776879983,Chennai,2007-03-30,"{""type"":""MultiPoint"",""coordinates"":[]}"
2007_04_07,39.93580794775885,39.353933350826594,25.06523615848862,-0.5818745969322592,Chennai,2007-04-07,"{""type"":""MultiPoint"",""coordinates"":[]}"
2007_04_15,39.334712417428456,37.03914060791605,26.02254100153075,-2.2955718095124027,Chennai,2007-04-15,"{""type"":""MultiPoint"",""coordinates"":[]}"
2007_04_23,39.84468118964397,37.029685476410755,27.41173913043481,-2.814995713233216,Chennai,2007-04-23,"{""type"":""MultiPoint"",""coordinates"":[]}"
2007_05_01,39.36610678927982,37.856976673887885,26.82593816307975,-1.5091301153919332,Chennai,2007-05-01,"{""type"":""MultiPoint"",""coordinates"":[]}"
2007_05_09,41.92762041862426,41.37102985471298,27.815744153082935,-0.5565905639112785,Chennai,2007-05-09,"{""type"":""MultiPoint"",""coordinates"":[]}"
2007_05_17,40.253598842701976,40.32329601722283,27.6382998885173,0.06969717452085433,Chennai,2007-05-17,"{""type"":""MultiPoint"",""coordinates"":[]}"
2007_05_25,40.743171605823186,39.29876790830949,29.510257879656184,-1.4444036975136925,Chennai,2007-05-25,"{""type"":""MultiPoint"",""coordinates"":[]}"
2007_06_02,40.002704178609164,41.532272768138114,27.45493212262881,1.5295685895289495,Chennai,2007-06-02,"{""type"":""MultiPoint"",""coordinates"":[]}"
2007_06_10,40.85201607504494,39.99022030347282,,-0.8617957715721261,Chennai,2007-06-10,"{""type"":""MultiPoint"",""coordinates"":[]}"
2007_06_18,,,,,Chennai,2007-06-18,"{""type"":""MultiPoint"",""coordinates"":[]}"
2007_06_26,31.74221721721725,,,,Chennai,2007-06-26,"{""type"":""MultiPoint"",""coordinates"":[]}"
2007_07_04,38.962301399041486,39.11249959197001,,0.15019819292852077,Chennai,2007-07-04,"{""type"":""MultiPoint"",""coordinates"":[]}"
2007_07_12,30.805017975379133,30.421756515194303,25.28492266508034,-0.38326146018482987,Chennai,2007-07-12,"{""type"":""MultiPoint"",""coordinates"":[]}"
2007_07_20,,,,,Chennai,2007-07-20,"{""type"":""MultiPoint"",""coordinates"":[]}"
2007_07_28,29.119113545816763,27.78500000000004,,-1.3341135458167237,Chennai,2007-07-28,"{""type"":""MultiPoint"",""coordinates"":[]}"
2007_08_05,34.3459423233144,32.37800000000002,,-1.9679423233143751,Chennai,2007-08-05,"{""type"":""MultiPoint"",""coordinates"":[]}"
2007_08_13,35.07371519065445,33.57909970867402,25.630445446856527,-1.494615481980425,Chennai,2007-08-13,"{""type"":""MultiPoint"",""coordinates"":[]}"
2007_08_21,29.42533953672542,27.900000000000034,26.650000000000034,-1.5253395367253866,Chennai,2007-08-21,"{""type"":""MultiPoint"",""coordinates"":[]}"
2007_08_29,,,,,Chennai,2007-08-29,"{""type"":""MultiPoint"",""coordinates"":[]}"
2007_09_06,33.854830894872016,33.92040243983294,25.70646820924221,0.06557154496092465,Chennai,2007-09-06,"{""type"":""MultiPoint"",""coordinates"":[]}"
2007_09_14,30.68005690492715,,,,Chennai,2007-09-14,"{""type"":""MultiPoint"",""coordinates"":[]}"
2007_09_22,32.596262501652205,31.931525221133192,26.495524625267695,-0.664737280519013,Chennai,2007-09-22,"{""type"":""MultiPoint"",""coordinates"":[]}"
2007_09_30,33.341559606541175,33.2784797179767,,-0.06307988856447366,Chennai,2007-09-30,"{""type"":""MultiPoint"",""coordinates"":[]}"
2007_10_08,34.30550420411236,33.202605986932106,24.156100961538485,-1.102898217180254,Chennai,2007-10-08,"{""type"":""MultiPoint"",""coordinates"":[]}"
2007_10_16,32.71136908768569,32.335957718825654,25.39446280991738,-0.37541136886003557,Chennai,2007-10-16,"{""type"":""MultiPoint"",""coordinates"":[]}"
2007_10_24,30.557396766089063,,,,Chennai,2007-10-24,"{""type"":""MultiPoint"",""coordinates"":[]}"
2007_11_01,30.16998395378694,29.538381649310463,23.987222065859864,-0.6316023044764769,Chennai,2007-11-01,"{""type"":""MultiPoint"",""coordinates"":[]}"
2007_11_09,30.127674935583272,30.493301966560338,23.58990944549002,0.36562703097706617,Chennai,2007-11-09,"{""type"":""MultiPoint"",""coordinates"":[]}"
2007_11_17,29.47360980303536,29.578493117546056,22.123474127295186,0.10488331451069755,Chennai,2007-11-17,"{""type"":""MultiPoint"",""coordinates"":[]}"
2007_11_25,28.560853874693215,28.467258244545942,22.181050228310532,-0.09359563014727357,Chennai,2007-11-25,"{""type"":""MultiPoint"",""coordinates"":[]}"
2007_12_03,28.30347591168141,28.5502344139651,21.88729870129873,0.24675850228369,Chennai,2007-12-03,"{""type"":""MultiPoint"",""coordinates"":[]}"
2007_12_11,27.487164144887686,,,,Chennai,2007-12-11,"{""type"":""MultiPoint"",""coordinates"":[]}"
2007_12_19,28.063232901997324,28.686507665128005,21.74778575634964,0.6232747631306808,Chennai,2007-12-19,"{""type"":""MultiPoint"",""coordinates"":[]}"
2007_12_27,28.56659514884287,28.807784076904174,22.57932166625588,0.24118892806130177,Chennai,2007-12-27,"{""type"":""MultiPoint"",""coordinates"":[]}"
2008_01_01,26.351926829616755,26.244144718602747,21.38586470751319,-0.10778211101400714,Chennai,2008-01-01,"{""type"":""MultiPoint"",""coordinates"":[]}"
2008_01_09,28.5091545339638,25.095116279069785,23.234093023255845,-3.4140382548940167,Chennai,2008-01-09,"{""type"":""MultiPoint"",""coordinates"":[]}"
2008_01_17,29.713028705482685,29.237972353480522,22.785490514140662,-0.4750563520021629,Chennai,2008-01-17,"{""type"":""MultiPoint"",""coordinates"":[]}"
2008_01_25,30.598274345411873,30.723236132059686,22.353623261270346,0.12496178664781254,Chennai,2008-01-25,"{""type"":""MultiPoint"",""coordinates"":[]}"
2008_02_02,29.63025281913403,28.28557301164261,23.372104081918962,-1.344679807491417,Chennai,2008-02-02,"{""type"":""MultiPoint"",""coordinates"":[]}"
2008_02_10,31.63332336975806,32.049912943690416,24.132227850104883,0.41658957393235596,Chennai,2008-02-10,"{""type"":""MultiPoint"",""coordinates"":[]}"
2008_02_18,32.54136674582343,32.22804592609003,23.347859858972964,-0.31332081973339854,Chennai,2008-02-18,"{""type"":""MultiPoint"",""coordinates"":[]}"
2008_02_26,34.19391570865324,33.69815076517541,23.38213773156623,-0.4957649434778304,Chennai,2008-02-26,"{""type"":""MultiPoint"",""coordinates"":[]}"
2008_03_05,35.74686228337145,35.439765181002535,22.999916488496627,-0.30709710236891397,Chennai,2008-03-05,"{""type"":""MultiPoint"",""coordinates"":[]}"
2008_03_13,31.145602560534396,32.19800000000002,24.3614285714286,1.0523974394656257,Chennai,2008-03-13,"{""type"":""MultiPoint"",""coordinates"":[]}"
2008_03_21,31.808650743234686,29.575454545454576,26.373636363636397,-2.23319619778011,Chennai,2008-03-21,"{""type"":""MultiPoint"",""coordinates"":[]}"
2008_03_29,33.381005593001596,34.08063904318672,26.088947105039313,0.6996334501851251,Chennai,2008-03-29,"{""type"":""MultiPoint"",""coordinates"":[]}"
2008_04_06,35.65654342799031,34.64378422612465,25.587306586455544,-1.0127592018656557,Chennai,2008-04-06,"{""type"":""MultiPoint"",""coordinates"":[]}"
2008_04_14,36.445135157114755,35.01365046466538,26.9341001983464,-1.4314846924493736,Chennai,2008-04-14,"{""type"":""MultiPoint"",""coordinates"":[]}"
2008_04_22,37.32243193983171,35.659028460489914,26.474328142426383,-1.6634034793417953,Chennai,2008-04-22,"{""type"":""MultiPoint"",""coordinates"":[]}"
2008_04_30,37.46608767289601,36.457283389463285,27.056201455453255,-1.008804283432724,Chennai,2008-04-30,"{""type"":""MultiPoint"",""coordinates"":[]}"
2008_05_08,38.703637893477975,37.35339687097734,26.29453559758394,-1.350241022500633,Chennai,2008-05-08,"{""type"":""MultiPoint"",""coordinates"":[]}"
2008_05_16,39.476105896189814,39.346227790432835,27.300373576309823,-0.12987810575697978,Chennai,2008-05-16,"{""type"":""MultiPoint"",""coordinates"":[]}"
2008_05_24,38.672925922821754,38.30959328505325,25.710202500575317,-0.3633326377685009,Chennai,2008-05-24,"{""type"":""MultiPoint"",""coordinates"":[]}"
2008_06_01,38.66825783972129,38.370541768790844,26.78893838274098,-0.2977160709304485,Chennai,2008-06-01,"{""type"":""MultiPoint"",""coordinates"":[]}"
2008_06_09,36.22210208437403,,,,Chennai,2008-06-09,"{""type"":""MultiPoint"",""coordinates"":[]}"
2008_06_17,30.178890374331573,30.083594470046112,,-0.09529590428546086,Chennai,2008-06-17,"{""type"":""MultiPoint"",""coordinates"":[]}"
2008_06_25,27.393333333333356,28.91000000000001,,1.516666666666655,Chennai,2008-06-25,"{""type"":""MultiPoint"",""coordinates"":[]}"
2008_07_03,35.175964912280726,,,,Chennai,2008-07-03,"{""type"":""MultiPoint"",""coordinates"":[]}"
2008_07_11,35.29401812975923,35.45384031487212,26.81208850137135,0.15982218511288693,Chennai,2008-07-11,"{""type"":""MultiPoint"",""coordinates"":[]}"
2008_07_19,37.045342154504176,32.57375749500336,26.375530145530185,-4.471584659500813,Chennai,2008-07-19,"{""type"":""MultiPoint"",""coordinates"":[]}"
2008_07_27,36.47356433005304,35.76476077807328,,-0.7088035519797558,Chennai,2008-07-27,"{""type"":""MultiPoint"",""coordinates"":[]}"
2008_08_04,,,,,Chennai,2008-08-04,"{""type"":""MultiPoint"",""coordinates"":[]}"
2008_08_12,,,,,Chennai,2008-08-12,"{""type"":""MultiPoint"",""coordinates"":[]}"
2008_08_20,32.39703088370199,31.93550461241914,25.35156409197303,-0.46152627128284607,Chennai,2008-08-20,"{""type"":""MultiPoint"",""coordinates"":[]}"
2008_08_28,35.81798070296349,30.880000000000024,26.700000000000045,-4.937980702963465,Chennai,2008-08-28,"{""type"":""MultiPoint"",""coordinates"":[]}"
2008_09_05,32.69094230769236,,,,Chennai,2008-09-05,"{""type"":""MultiPoint"",""coordinates"":[]}"
2008_09_13,35.53560922246748,33.778132480734584,25.325376569037697,-1.7574767417328943,Chennai,2008-09-13,"{""type"":""MultiPoint"",""coordinates"":[]}"
2008_09_21,32.959427774242535,33.60480738102951,25.36313693752025,0.6453796067869746,Chennai,2008-09-21,"{""type"":""MultiPoint"",""coordinates"":[]}"
2008_09_29,34.42174653867975,33.88190216827475,24.855787426081562,-0.5398443704049996,Chennai,2008-09-29,"{""type"":""MultiPoint"",""coordinates"":[]}"
2008_10_07,35.18786896481329,32.61032107343959,25.13819456092011,-2.5775478913736976,Chennai,2008-10-07,"{""type"":""MultiPoint"",""coordinates"":[]}"
2008_10_15,,,,,Chennai,2008-10-15,"{""type"":""MultiPoint"",""coordinates"":[]}"
2008_10_23,30.649951654421923,29.938033446232033,23.363817527519082,-0.7119182081898892,Chennai,2008-10-23,"{""type"":""MultiPoint"",""coordinates"":[]}"
2008_10_31,31.7527355454305,31.65112505280948,24.015136459653597,-0.1016104926210204,Chennai,2008-10-31,"{""type"":""MultiPoint"",""coordinates"":[]}"
2008_11_08,30.27022376957729,29.03332050167641,24.009443685583033,-1.2369032679008782,Chennai,2008-11-08,"{""type"":""MultiPoint"",""coordinates"":[]}"
2008_11_16,25.68924483171027,25.135714285714325,23.798571428571456,-0.5535305459959439,Chennai,2008-11-16,"{""type"":""MultiPoint"",""coordinates"":[]}"
2008_11_24,28.208666666666698,,,,Chennai,2008-11-24,"{""type"":""MultiPoint"",""coordinates"":[]}"
2008_12_02,28.89408312223287,29.301869612979587,23.248253337840147,0.4077864907467159,Chennai,2008-12-02,"{""type"":""MultiPoint"",""coordinates"":[]}"
2008_12_10,28.372349065080705,28.570499709471253,23.958169668797243,0.19815064439054808,Chennai,2008-12-10,"{""type"":""MultiPoint"",""coordinates"":[]}"
2008_12_18,28.830197950611133,28.74539253539257,22.838409968409998,-0.08480541521856466,Chennai,2008-12-18,"{""type"":""MultiPoint"",""coordinates"":[]}"
2008_12_26,29.942970606972636,29.830595614482437,23.03449974502807,-0.11237499249019933,Chennai,2008-12-26,"{""type"":""MultiPoint"",""coordinates"":[]}"
2009_01_01,29.697139347489223,28.99256625079686,21.638915399326137,-0.7045730966923642,Chennai,2009-01-01,"{""type"":""MultiPoint"",""coordinates"":[]}"
2009_01_09,29.22567403663934,28.316214312198767,21.477415647015228,-0.9094597244405733,Chennai,2009-01-09,"{""type"":""MultiPoint"",""coordinates"":[]}"
2009_01_17,30.569347405513785,29.100385023400943,21.087688611544497,-1.4689623821128421,Chennai,2009-01-17,"{""type"":""MultiPoint"",""coordinates"":[]}"
2009_01_25,32.69083608012887,31.26584252600214,22.525072347497233,-1.4249935541267291,Chennai,2009-01-25,"{""type"":""MultiPoint"",""coordinates"":[]}"
2009_02_02,31.927398945222674,31.165100195211362,22.61271941356923,-0.7622987500113112,Chennai,2009-02-02,"{""type"":""MultiPoint"",""coordinates"":[]}"
2009_02_10,33.44104501254379,32.83025843604062,22.455582358931157,-0.6107865765031661,Chennai,2009-02-10,"{""type"":""MultiPoint"",""coordinates"":[]}"
2009_02_18,34.733026985373506,33.76849643474292,23.958706774981668,-0.9645305506305846,Chennai,2009-02-18,"{""type"":""MultiPoint"",""coordinates"":[]}"
2009_02_26,36.00926966105497,35.60269144425046,25.134076185724993,-0.4065782168045118,Chennai,2009-02-26,"{""type"":""MultiPoint"",""coordinates"":[]}"
2009_03_06,35.52504453235356,35.43558505907768,24.423207252663527,-0.08945947327588044,Chennai,2009-03-06,"{""type"":""MultiPoint"",""coordinates"":[]}"
2009_03_14,35.12566806489839,34.494061767659886,24.716761801138272,-0.6316062972385055,Chennai,2009-03-14,"{""type"":""MultiPoint"",""coordinates"":[]}"
2009_03_22,35.99952904635167,35.40286937901501,24.499448745401665,-0.5966596673366595,Chennai,2009-03-22,"{""type"":""MultiPoint"",""coordinates"":[]}"
2009_03_30,37.68282867104987,36.73689343388481,26.041254787381057,-0.9459352371650596,Chennai,2009-03-30,"{""type"":""MultiPoint"",""coordinates"":[]}"
2009_04_07,38.75052053653908,38.02852888410479,26.422819997607974,-0.7219916524342906,Chennai,2009-04-07,"{""type"":""MultiPoint"",""coordinates"":[]}"
2009_04_15,36.86389376698921,36.22416471030145,26.863414092090036,-0.6397290566877558,Chennai,2009-04-15,"{""type"":""MultiPoint"",""coordinates"":[]}"
2009_04_23,37.5973272473833,36.61671739779173,26.70524278466984,-0.9806098495915663,Chennai,2009-04-23,"{""type"":""MultiPoint"",""coordinates"":[]}"
2009_05_01,37.850488224812956,36.31937924345297,26.597105075978046,-1.531108981359985,Chennai,2009-05-01,"{""type"":""MultiPoint"",""coordinates"":[]}"
2009_05_09,39.36840861789472,39.46929261825339,25.018032674707065,0.1008840003586684,Chennai,2009-05-09,"{""type"":""MultiPoint"",""coordinates"":[]}"
2009_05_17,,,,,Chennai,2009-05-17,"{""type"":""MultiPoint"",""coordinates"":[]}"
2009_05_25,40.66679284351589,40.22001887044208,27.760115766956137,-0.4467739730738103,Chennai,2009-05-25,"{""type"":""MultiPoint"",""coordinates"":[]}"
2009_06_02,38.96474900049748,37.99501245108507,27.7481495960386,-0.9697365494124099,Chennai,2009-06-02,"{""type"":""MultiPoint"",""coordinates"":[]}"
2009_06_10,39.89593785716189,39.9999713232282,,0.10403346606631203,Chennai,2009-06-10,"{""type"":""MultiPoint"",""coordinates"":[]}"
2009_06_18,40.04705103838717,40.048517236012756,,0.001466197625589416,Chennai,2009-06-18,"{""type"":""MultiPoint"",""coordinates"":[]}"
2009_06_26,41.0468369208638,42.025044573484934,28.042505761445057,0.978207652621137,Chennai,2009-06-26,"{""type"":""MultiPoint"",""coordinates"":[]}"
2009_07_04,,,,,Chennai,2009-07-04,"{""type"":""MultiPoint"",""coordinates"":[]}"
2009_07_12,,,,,Chennai,2009-07-12,"{""type"":""MultiPoint"",""coordinates"":[]}"
2009_07_20,,,,,Chennai,2009-07-20,"{""type"":""MultiPoint"",""coordinates"":[]}"
2009_07_28,34.58387545891659,34.66087876844136,26.685850340136096,0.07700330952476975,Chennai,2009-07-28,"{""type"":""MultiPoint"",""coordinates"":[]}"
2009_08_05,33.59666406972784,33.22786133960048,,-0.3688027301273564,Chennai,2009-08-05,"{""type"":""MultiPoint"",""coordinates"":[]}"
2009_08_13,29.350000000000023,,,,Chennai,2009-08-13,"{""type"":""MultiPoint"",""coordinates"":[]}"
2009_08_21,34.19246556920381,34.2046573388576,,0.012191769653789208,Chennai,2009-08-21,"{""type"":""MultiPoint"",""coordinates"":[]}"
2009_08_29,35.182344718636,35.86549774622163,,0.6831530275856252,Chennai,2009-08-29,"{""type"":""MultiPoint"",""coordinates"":[]}"
2009_09_06,35.90314306366672,35.95995758411619,25.455678524031363,0.05681452044947122,Chennai,2009-09-06,"{""type"":""MultiPoint"",""coordinates"":[]}"
2009_09_14,36.75530385241455,37.21027926219622,25.954697473069597,0.4549754097816674,Chennai,2009-09-14,"{""type"":""MultiPoint"",""coordinates"":[]}"
2009_09_22,34.66456357109833,33.724936507362266,24.09062586180482,-0.9396270637360615,Chennai,2009-09-22,"{""type"":""MultiPoint"",""coordinates"":[]}"
2009_09_30,36.52610156299184,35.25703301252201,26.383715003138757,-1.2690685504698322,Chennai,2009-09-30,"{""type"":""MultiPoint"",""coordinates"":[]}"
2009_10_08,35.35972638570342,36.345864055299586,24.401212237583223,0.9861376695961681,Chennai,2009-10-08,"{""type"":""MultiPoint"",""coordinates"":[]}"
2009_10_16,36.64383098648658,35.558051365266365,24.425705671414555,-1.0857796212202118,Chennai,2009-10-16,"{""type"":""MultiPoint"",""coordinates"":[]}"
2009_10_24,35.26884765177549,32.96451078775716,23.39427496236833,-2.3043368640183246,Chennai,2009-10-24,"{""type"":""MultiPoint"",""coordinates"":[]}"
2009_11_01,28.796447534766152,,,,Chennai,2009-11-01,"{""type"":""MultiPoint"",""coordinates"":[]}"
2009_11_09,,,,,Chennai,2009-11-09,"{""type"":""MultiPoint"",""coordinates"":[]}"
2009_11_17,29.04237159035383,31.375764966740604,25.031125893077142,2.3333933763867734,Chennai,2009-11-17,"{""type"":""MultiPoint"",""coordinates"":[]}"
2009_11_25,29.621032868470472,30.203502353906657,23.48001079773682,0.5824694854361852,Chennai,2009-11-25,"{""type"":""MultiPoint"",""coordinates"":[]}"
2009_12_03,28.50856524420331,29.110799752014906,23.523330085909148,0.6022345078115947,Chennai,2009-12-03,"{""type"":""MultiPoint"",""coordinates"":[]}"
2009_12_11,,,,,Chennai,2009-12-11,"{""type"":""MultiPoint"",""coordinates"":[]}"
2009_12_19,26.846407679923974,29.049733135656062,19.04466275659829,2.203325455732088,Chennai,2009-12-19,"{""type"":""MultiPoint"",""coordinates"":[]}"
2009_12_27,26.575448953438727,27.1213352826511,22.084615009746617,0.5458863292123723,Chennai,2009-12-27,"{""type"":""MultiPoint"",""coordinates"":[]}"
2010_01_01,28.061942089608575,25.929481662591712,23.3066797066015,-2.132460427016863,Chennai,2010-01-01,"{""type"":""MultiPoint"",""coordinates"":[]}"
2010_01_09,29.125578493387042,31.2416637565478,23.52721626340736,2.116085263160759,Chennai,2010-01-09,"{""type"":""MultiPoint"",""coordinates"":[]}"
2010_01_17,30.049764406299563,30.234863656683082,21.92359090618816,0.18509925038351938,Chennai,2010-01-17,"{""type"":""MultiPoint"",""coordinates"":[]}"
2010_01_25,29.976049872545584,29.035424189167625,22.613914363316862,-0.9406256833779594,Chennai,2010-01-25,"{""type"":""MultiPoint"",""coordinates"":[]}"
2010_02_02,30.799270966294877,30.41214807260863,22.16889210687337,-0.3871228936862465,Chennai,2010-02-02,"{""type"":""MultiPoint"",""coordinates"":[]}"
2010_02_10,33.32348981042857,31.319009696810177,23.997619674432915,-2.004480113618392,Chennai,2010-02-10,"{""type"":""MultiPoint"",""coordinates"":[]}"
2010_02_18,33.35820866683795,32.77255074204773,24.5924956828591,-0.585657924790226,Chennai,2010-02-18,"{""type"":""MultiPoint"",""coordinates"":[]}"
2010_02_26,34.49107318368426,34.09383628190258,24.11766205046408,-0.3972369017816746,Chennai,2010-02-26,"{""type"":""MultiPoint"",""coordinates"":[]}"
2010_03_06,34.84023331626734,34.89950620657355,25.795233039269316,0.05927289030621097,Chennai,2010-03-06,"{""type"":""MultiPoint"",""coordinates"":[]}"
2010_03_14,36.43630161420163,35.73372933905941,25.000406200900823,-0.7025722751422236,Chennai,2010-03-14,"{""type"":""MultiPoint"",""coordinates"":[]}"
2010_03_22,35.29805531516336,35.082571221426164,27.08280962128968,-0.2154840937371958,Chennai,2010-03-22,"{""type"":""MultiPoint"",""coordinates"":[]}"
2010_03_30,36.937016794553145,36.3656330202408,27.338220223133604,-0.5713837743123449,Chennai,2010-03-30,"{""type"":""MultiPoint"",""coordinates"":[]}"
2010_04_07,37.614762995259156,36.931099073070925,27.233467356847658,-0.6836639221882308,Chennai,2010-04-07,"{""type"":""MultiPoint"",""coordinates"":[]}"
2010_04_15,36.824895435063645,35.446599216710204,27.095372062663216,-1.3782962183534408,Chennai,2010-04-15,"{""type"":""MultiPoint"",""coordinates"":[]}"
2010_04_23,38.90692832764509,41.93000000000001,28.250000000000057,3.0230716723549165,Chennai,2010-04-23,"{""type"":""MultiPoint"",""coordinates"":[]}"
2010_05_01,39.55456883934841,38.45825252234078,26.76388469299513,-1.0963163170076342,Chennai,2010-05-01,"{""type"":""MultiPoint"",""coordinates"":[]}"
2010_05_09,39.66408036516015,39.088390252579174,27.73350586979726,-0.575690112580979,Chennai,2010-05-09,"{""type"":""MultiPoint"",""coordinates"":[]}"
2010_05_17,39.59371716981541,37.618877867328,,-1.9748393024874105,Chennai,2010-05-17,"{""type"":""MultiPoint"",""coordinates"":[]}"
2010_05_25,35.82531862801823,35.217283626429044,26.85146256067482,-0.6080350015891867,Chennai,2010-05-25,"{""type"":""MultiPoint"",""coordinates"":[]}"
2010_06_02,38.57043283980705,36.57656802282772,28.94760217231225,-1.9938648169793254,Chennai,2010-06-02,"{""type"":""MultiPoint"",""coordinates"":[]}"
2010_06_10,,,,,Chennai,2010-06-10,"{""type"":""MultiPoint"",""coordinates"":[]}"
2010_06_18,37.41586196311175,37.389980621259674,,-0.025881341852077355,Chennai,2010-06-18,"{""type"":""MultiPoint"",""coordinates"":[]}"
2010_06_26,33.99235009243964,33.47000000000003,26.510000000000048,-0.5223500924396092,Chennai,2010-06-26,"{""type"":""MultiPoint"",""coordinates"":[]}"
2010_07_04,,,,,Chennai,2010-07-04,"{""type"":""MultiPoint"",""coordinates"":[]}"
2010_07_12,30.46400000000002,28.200000000000045,,-2.2639999999999745,Chennai,2010-07-12,"{""type"":""MultiPoint"",""coordinates"":[]}"
2010_07_20,31.335725123277303,,,,Chennai,2010-07-20,"{""type"":""MultiPoint"",""coordinates"":[]}"
2010_07_28,29.842857142857177,30.584285714285745,,0.7414285714285676,Chennai,2010-07-28,"{""type"":""MultiPoint"",""coordinates"":[]}"
2010_08_05,30.90754011725195,,,,Chennai,2010-08-05,"{""type"":""MultiPoint"",""coordinates"":[]}"
2010_08_13,32.33906150186886,,,,Chennai,2010-08-13,"{""type"":""MultiPoint"",""coordinates"":[]}"
2010_08_21,32.46799124922878,32.706127167630086,26.614236168455854,0.238135918401305,Chennai,2010-08-21,"{""type"":""MultiPoint"",""coordinates"":[]}"
2010_08_29,32.601744317401526,33.17195337191646,,0.5702090545149332,Chennai,2010-08-29,"{""type"":""MultiPoint"",""coordinates"":[]}"
2010_09_06,,,,,Chennai,2010-09-06,"{""type"":""MultiPoint"",""coordinates"":[]}"
2010_09_14,,,,,Chennai,2010-09-14,"{""type"":""MultiPoint"",""coordinates"":[]}"
2010_09_22,31.38600221483945,30.870000000000033,26.930000000000007,-0.5160022148394177,Chennai,2010-09-22,"{""type"":""MultiPoint"",""coordinates"":[]}"
2010_09_30,,,,,Chennai,2010-09-30,"{""type"":""MultiPoint"",""coordinates"":[]}"
2010_10_08,32.750812389363816,32.30765264882582,,-0.44315974053799323,Chennai,2010-10-08,"{""type"":""MultiPoint"",""coordinates"":[]}"
2010_10_16,33.6136391405962,33.265492895693384,25.838265961743247,-0.3481462449028143,Chennai,2010-10-16,"{""type"":""MultiPoint"",""coordinates"":[]}"
2010_10_24,,,,,Chennai,2010-10-24,"{""type"":""MultiPoint"",""coordinates"":[]}"
2010_11_01,28.464860385084542,28.640761128665694,,0.1759007435811526,Chennai,2010-11-01,"{""type"":""MultiPoint"",""coordinates"":[]}"
2010_11_09,29.139620640935963,28.570901315789502,25.06599342105266,-0.5687193251464606,Chennai,2010-11-09,"{""type"":""MultiPoint"",""coordinates"":[]}"
2010_11_17,28.022119577489566,29.890000000000043,24.110000000000014,1.8678804225104777,Chennai,2010-11-17,"{""type"":""MultiPoint"",""coordinates"":[]}"
2010_11_25,27.301518507068394,30.25000000000003,,2.9484814929316343,Chennai,2010-11-25,"{""type"":""MultiPoint"",""coordinates"":[]}"
2010_12_03,29.725045808506398,29.632451213494267,,-0.0925945950121303,Chennai,2010-12-03,"{""type"":""MultiPoint"",""coordinates"":[]}"
2010_12_11,27.860931008858348,27.450000000000045,,-0.41093100885830225,Chennai,2010-12-11,"{""type"":""MultiPoint"",""coordinates"":[]}"
2010_12_19,26.888156854680133,27.68285447205139,20.76654428699165,0.7946976173712557,Chennai,2010-12-19,"{""type"":""MultiPoint"",""coordinates"":[]}"
2010_12_27,27.697038524012427,28.857303889255142,21.918837272480328,1.160265365242715,Chennai,2010-12-27,"{""type"":""MultiPoint"",""coordinates"":[]}"
2011_01_01,25.216951693763782,24.51196745562134,22.299940828402395,-0.704984238142444,Chennai,2011-01-01,"{""type"":""MultiPoint"",""coordinates"":[]}"
2011_01_09,28.09865859580767,26.561673819742524,21.45415918845107,-1.5369847760651467,Chennai,2011-01-09,"{""type"":""MultiPoint"",""coordinates"":[]}"
2011_01_17,29.941064191536498,29.28340425531916,22.112644185735324,-0.657659936217339,Chennai,2011-01-17,"{""type"":""MultiPoint"",""coordinates"":[]}"
2011_01_25,28.344841559956066,31.678333333333384,23.878888888888927,3.333491773377318,Chennai,2011-01-25,"{""type"":""MultiPoint"",""coordinates"":[]}"
2011_02_02,31.519804055303492,31.433541481481495,21.45841592592594,-0.08626257382199753,Chennai,2011-02-02,"{""type"":""MultiPoint"",""coordinates"":[]}"
2011_02_10,33.09552741394214,32.09091715226756,21.955854573093497,-1.0046102616745856,Chennai,2011-02-10,"{""type"":""MultiPoint"",""coordinates"":[]}"
2011_02_18,32.22569339419924,31.06467235682822,23.80351596916303,-1.1610210373710217,Chennai,2011-02-18,"{""type"":""MultiPoint"",""coordinates"":[]}"
2011_02_26,33.29613473312155,32.55035448586904,22.976937975510562,-0.7457802472525046,Chennai,2011-02-26,"{""type"":""MultiPoint"",""coordinates"":[]}"
2011_03_06,34.48025467119375,34.005003174948776,24.088156715470202,-0.4752514962449723,Chennai,2011-03-06,"{""type"":""MultiPoint"",""coordinates"":[]}"
2011_03_14,34.41780869662374,33.24181924136471,24.954580949353698,-1.1759894552590282,Chennai,2011-03-14,"{""type"":""MultiPoint"",""coordinates"":[]}"
2011_03_22,35.8822431244642,34.02342448078215,25.31168978437263,-1.8588186436820564,Chennai,2011-03-22,"{""type"":""MultiPoint"",""coordinates"":[]}"
2011_03_30,35.46745833615038,34.65511347099316,25.946730383480848,-0.8123448651572218,Chennai,2011-03-30,"{""type"":""MultiPoint"",""coordinates"":[]}"
2011_04_07,36.07432039415462,34.07675247524756,26.487368421052658,-1.997567918907059,Chennai,2011-04-07,"{""type"":""MultiPoint"",""coordinates"":[]}"
2011_04_15,39.11047061452063,38.324206397103225,25.874791792395918,-0.7862642174174042,Chennai,2011-04-15,"{""type"":""MultiPoint"",""coordinates"":[]}"
2011_04_23,35.588945704020624,35.386291173165084,26.75558485346247,-0.20265453085553986,Chennai,2011-04-23,"{""type"":""MultiPoint"",""coordinates"":[]}"
2011_05_01,39.09610085297467,37.91924944860569,27.86382001615969,-1.176851404368982,Chennai,2011-05-01,"{""type"":""MultiPoint"",""coordinates"":[]}"
2011_05_09,38.21361891977433,36.96225640110274,27.525651018424888,-1.2513625186715913,Chennai,2011-05-09,"{""type"":""MultiPoint"",""coordinates"":[]}"
2011_05_17,35.27042912716163,35.22129334276853,26.544894670948803,-0.049135784393094184,Chennai,2011-05-17,"{""type"":""MultiPoint"",""coordinates"":[]}"
2011_05_25,37.65860429840911,37.354266471983955,26.77574338382919,-0.3043378264251544,Chennai,2011-05-25,"{""type"":""MultiPoint"",""coordinates"":[]}"
2011_06_02,,,,,Chennai,2011-06-02,"{""type"":""MultiPoint"",""coordinates"":[]}"
2011_06_10,39.06868581670222,36.51037758112097,,-2.5583082355812508,Chennai,2011-06-10,"{""type"":""MultiPoint"",""coordinates"":[]}"
2011_06_18,36.241901132843445,36.66446921147953,25.187070135392915,0.4225680786360826,Chennai,2011-06-18,"{""type"":""MultiPoint"",""coordinates"":[]}"
2011_06_26,37.69549718340729,38.213232730507,,0.5177355470997114,Chennai,2011-06-26,"{""type"":""MultiPoint"",""coordinates"":[]}"
2011_07_04,33.092832634388124,,,,Chennai,2011-07-04,"{""type"":""MultiPoint"",""coordinates"":[]}"
2011_07_12,35.269094386254004,39.66000000000004,,4.390905613746035,Chennai,2011-07-12,"{""type"":""MultiPoint"",""coordinates"":[]}"
2011_07_20,,,,,Chennai,2011-07-20,"{""type"":""MultiPoint"",""coordinates"":[]}"
2011_07_28,,,,,Chennai,2011-07-28,"{""type"":""MultiPoint"",""coordinates"":[]}"
2011_08_05,32.184645476772644,31.32200000000003,,-0.862645476772613,Chennai,2011-08-05,"{""type"":""MultiPoint"",""coordinates"":[]}"
2011_08_13,32.10000000000002,,,,Chennai,2011-08-13,"{""type"":""MultiPoint"",""coordinates"":[]}"
2011_08_21,,27.28000000000003,,,Chennai,2011-08-21,"{""type"":""MultiPoint"",""coordinates"":[]}"
2011_08_29,34.18890289901932,,,,Chennai,2011-08-29,"{""type"":""MultiPoint"",""coordinates"":[]}"
2011_09_06,36.18349268655927,34.46376985232658,25.30143496324707,-1.719722834232691,Chennai,2011-09-06,"{""type"":""MultiPoint"",""coordinates"":[]}"
2011_09_14,32.58963315095138,31.882571875815305,,-0.7070612751360734,Chennai,2011-09-14,"{""type"":""MultiPoint"",""coordinates"":[]}"
2011_09_22,32.80966249235938,32.16306949617724,25.46806508527743,-0.646592996182136,Chennai,2011-09-22,"{""type"":""MultiPoint"",""coordinates"":[]}"
2011_09_30,34.65657775928431,32.38027725028487,25.075727502102644,-2.276300508999441,Chennai,2011-09-30,"{""type"":""MultiPoint"",""coordinates"":[]}"
2011_10_08,34.048481871800035,33.85916114305786,25.89162064878631,-0.18932072874217454,Chennai,2011-10-08,"{""type"":""MultiPoint"",""coordinates"":[]}"
2011_10_16,34.49681550609441,34.325073980875715,24.764748867639685,-0.17174152521869246,Chennai,2011-10-16,"{""type"":""MultiPoint"",""coordinates"":[]}"
2011_10_24,,,,,Chennai,2011-10-24,"{""type"":""MultiPoint"",""coordinates"":[]}"
2011_11_01,30.48190175388772,30.538138438115084,24.51574993501432,0.05623668422736472,Chennai,2011-11-01,"{""type"":""MultiPoint"",""coordinates"":[]}"
2011_11_09,28.876964409074628,29.39488039488675,24.26553221111254,0.5179159858121238,Chennai,2011-11-09,"{""type"":""MultiPoint"",""coordinates"":[]}"
2011_11_17,27.863152421621923,28.447457559681727,23.000869363395243,0.5843051380598041,Chennai,2011-11-17,"{""type"":""MultiPoint"",""coordinates"":[]}"
2011_11_25,26.524773375594314,29.083601414052175,23.875298804780904,2.558828038457861,Chennai,2011-11-25,"{""type"":""MultiPoint"",""coordinates"":[]}"
2011_12_03,28.964285238137013,28.663165374677035,23.839222960502067,-0.3011198634599772,Chennai,2011-12-03,"{""type"":""MultiPoint"",""coordinates"":[]}"
2011_12_11,27.930190912772957,27.90771876531114,22.30715237628616,-0.022472147461815695,Chennai,2011-12-11,"{""type"":""MultiPoint"",""coordinates"":[]}"
2011_12_19,27.030353495242412,26.403767080092518,20.52254361992855,-0.6265864151498945,Chennai,2011-12-19,"{""type"":""MultiPoint"",""coordinates"":[]}"
2011_12_27,27.741907296669822,27.90476694232631,19.4245763075932,0.16285964565648925,Chennai,2011-12-27,"{""type"":""MultiPoint"",""coordinates"":[]}"
2012_01_01,27.242329081347233,27.831385080176652,23.977376249128543,0.5890559988294193,Chennai,2012-01-01,"{""type"":""MultiPoint"",""coordinates"":[]}"
2012_01_09,27.397241315337908,,,,Chennai,2012-01-09,"{""type"":""MultiPoint"",""coordinates"":[]}"
2012_01_17,29.71352481266941,29.29679961240314,21.061445348837243,-0.41672520026626714,Chennai,2012-01-17,"{""type"":""MultiPoint"",""coordinates"":[]}"
2012_01_25,28.699512876202327,29.930000000000025,21.52333333333337,1.2304871237976975,Chennai,2012-01-25,"{""type"":""MultiPoint"",""coordinates"":[]}"
2012_02_02,29.893902240663916,31.08281845238099,21.676507440476218,1.1889162117170748,Chennai,2012-02-02,"{""type"":""MultiPoint"",""coordinates"":[]}"
2012_02_10,32.12839743898966,30.385012958454446,23.521109714914033,-1.7433844805352123,Chennai,2012-02-10,"{""type"":""MultiPoint"",""coordinates"":[]}"
2012_02_18,33.49195929708467,32.93402219685941,22.6608701641151,-0.55793710022526,Chennai,2012-02-18,"{""type"":""MultiPoint"",""coordinates"":[]}"
2012_02_26,33.712877479462186,33.64128878779265,25.033007108330974,-0.07158869166953963,Chennai,2012-02-26,"{""type"":""MultiPoint"",""coordinates"":[]}"
2012_03_05,33.07893864185588,31.325838445445232,24.714999822701355,-1.7531001964106459,Chennai,2012-03-05,"{""type"":""MultiPoint"",""coordinates"":[]}"
2012_03_13,36.074605460688865,35.0167162307811,25.717376108043915,-1.0578892299077651,Chennai,2012-03-13,"{""type"":""MultiPoint"",""coordinates"":[]}"
2012_03_21,36.71414035191532,35.999207133605665,25.508736674305116,-0.7149332183096533,Chennai,2012-03-21,"{""type"":""MultiPoint"",""coordinates"":[]}"
2012_03_29,36.874328399731475,36.184844810010915,26.252972336461767,-0.6894835897205596,Chennai,2012-03-29,"{""type"":""MultiPoint"",""coordinates"":[]}"
2012_04_06,37.00556087980801,35.78291087697869,26.31951799256887,-1.2226500028293188,Chennai,2012-04-06,"{""type"":""MultiPoint"",""coordinates"":[]}"
2012_04_14,38.61832391353223,37.91057865369081,27.20153362015522,-0.7077452598414169,Chennai,2012-04-14,"{""type"":""MultiPoint"",""coordinates"":[]}"
2012_04_22,39.821157937226545,38.390145106168475,27.117967393131295,-1.4310128310580694,Chennai,2012-04-22,"{""type"":""MultiPoint"",""coordinates"":[]}"
2012_04_30,37.020784223847606,36.11354179432652,26.636929315503043,-0.9072424295210837,Chennai,2012-04-30,"{""type"":""MultiPoint"",""coordinates"":[]}"
2012_05_08,39.2130796368204,37.998388767094696,26.724414030692163,-1.2146908697257075,Chennai,2012-05-08,"{""type"":""MultiPoint"",""coordinates"":[]}"
2012_05_16,40.36634527579171,39.816788828587136,28.058531007988325,-0.5495564472045729,Chennai,2012-05-16,"{""type"":""MultiPoint"",""coordinates"":[]}"
2012_05_24,35.85758265980898,36.49178217821785,,0.6341995184088702,Chennai,2012-05-24,"{""type"":""MultiPoint"",""coordinates"":[]}"
2012_06_01,42.27513846425079,41.40074565728591,27.729939315785508,-0.8743928069648774,Chennai,2012-06-01,"{""type"":""MultiPoint"",""coordinates"":[]}"
2012_06_09,38.56656097152179,36.580515957446835,,-1.9860450140749535,Chennai,2012-06-09,"{""type"":""MultiPoint"",""coordinates"":[]}"
2012_06_17,42.589604188813226,42.16046052080719,27.110737334214154,-0.4291436680060343,Chennai,2012-06-17,"{""type"":""MultiPoint"",""coordinates"":[]}"
2012_06_25,39.45564965471249,,,,Chennai,2012-06-25,"{""type"":""MultiPoint"",""coordinates"":[]}"
2012_07_03,37.34675763320704,37.18058623356539,25.64337706262173,-0.16617139964164807,Chennai,2012-07-03,"{""type"":""MultiPoint"",""coordinates"":[]}"
2012_07_11,37.443885763852386,39.33725855381902,26.149605343578134,1.8933727899666337,Chennai,2012-07-11,"{""type"":""MultiPoint"",""coordinates"":[]}"
2012_07_19,,,,,Chennai,2012-07-19,"{""type"":""MultiPoint"",""coordinates"":[]}"
2012_07_27,,,,,Chennai,2012-07-27,"{""type"":""MultiPoint"",""coordinates"":[]}"
2012_08_04,37.312053270741956,,,,Chennai,2012-08-04,"{""type"":""MultiPoint"",""coordinates"":[]}"
2012_08_12,33.36009400142362,33.613566391895944,,0.25347239047232506,Chennai,2012-08-12,"{""type"":""MultiPoint"",""coordinates"":[]}"
2012_08_20,39.056753124509804,38.641674347158244,25.770682027649794,-0.4150787773515603,Chennai,2012-08-20,"{""type"":""MultiPoint"",""coordinates"":[]}"
2012_08_28,37.32992370178138,39.76099732518153,,2.4310736234001453,Chennai,2012-08-28,"{""type"":""MultiPoint"",""coordinates"":[]}"
2012_09_05,32.641709244691526,32.8111104364511,26.100401106500712,0.1694011917595759,Chennai,2012-09-05,"{""type"":""MultiPoint"",""coordinates"":[]}"
2012_09_13,34.042713965481994,33.75748106428437,26.75636149396562,-0.2852329011976238,Chennai,2012-09-13,"{""type"":""MultiPoint"",""coordinates"":[]}"
2012_09_21,31.650796090374694,,,,Chennai,2012-09-21,"{""type"":""MultiPoint"",""coordinates"":[]}"
2012_09_29,33.5965681003584,34.24051984590748,25.20064407219844,0.6439517455490815,Chennai,2012-09-29,"{""type"":""MultiPoint"",""coordinates"":[]}"
2012_10_07,34.454835213034144,34.81597122996719,24.960360590847667,0.3611360169330453,Chennai,2012-10-07,"{""type"":""MultiPoint"",""coordinates"":[]}"
2012_10_15,35.86931806701471,,,,Chennai,2012-10-15,"{""type"":""MultiPoint"",""coordinates"":[]}"
2012_10_23,31.339265139271813,30.616219686162662,23.951797432239676,-0.723045453109151,Chennai,2012-10-23,"{""type"":""MultiPoint"",""coordinates"":[]}"
2012_10_31,29.747674938338832,29.846190476190507,25.373809523809552,0.0985155378516751,Chennai,2012-10-31,"{""type"":""MultiPoint"",""coordinates"":[]}"
2012_11_08,29.801319297461454,30.328779238331954,23.292363481786698,0.5274599408705001,Chennai,2012-11-08,"{""type"":""MultiPoint"",""coordinates"":[]}"
2012_11_16,29.749012127581405,29.82348297668949,22.211047135818838,0.07447084910808499,Chennai,2012-11-16,"{""type"":""MultiPoint"",""coordinates"":[]}"
2012_11_24,30.23751442092038,30.760286979878437,23.775557702276064,0.5227725589580565,Chennai,2012-11-24,"{""type"":""MultiPoint"",""coordinates"":[]}"
2012_12_02,29.69252370458306,29.23883122817327,22.586713991971052,-0.45369247640978827,Chennai,2012-12-02,"{""type"":""MultiPoint"",""coordinates"":[]}"
2012_12_10,29.95133993270067,29.680952539883872,23.388056204525768,-0.27038739281679725,Chennai,2012-12-10,"{""type"":""MultiPoint"",""coordinates"":[]}"
2012_12_18,27.69723231795009,,,,Chennai,2012-12-18,"{""type"":""MultiPoint"",""coordinates"":[]}"
2012_12_26,28.630000000000024,,,,Chennai,2012-12-26,"{""type"":""MultiPoint"",""coordinates"":[]}"
2013_01_01,29.071202279306082,29.149742649509996,23.025514367624528,0.07854037020391402,Chennai,2013-01-01,"{""type"":""MultiPoint"",""coordinates"":[]}"
2013_01_09,30.018435636545632,29.70082929951598,22.405283434012116,-0.3176063370296518,Chennai,2013-01-09,"{""type"":""MultiPoint"",""coordinates"":[]}"
2013_01_17,30.599298045266945,28.216829610571878,22.76790433867387,-2.382468434695067,Chennai,2013-01-17,"{""type"":""MultiPoint"",""coordinates"":[]}"
2013_01_25,30.818863979587924,30.040600269605928,22.429433827610836,-0.7782637099819958,Chennai,2013-01-25,"{""type"":""MultiPoint"",""coordinates"":[]}"
2013_02_02,32.6870333591175,30.989916855631176,22.401477162293514,-1.697116503486324,Chennai,2013-02-02,"{""type"":""MultiPoint"",""coordinates"":[]}"
2013_02_10,33.51200373366526,26.430000000000007,24.05000000000001,-7.082003733665253,Chennai,2013-02-10,"{""type"":""MultiPoint"",""coordinates"":[]}"
2013_02_18,32.43808648716705,31.697971901820402,23.32585469851857,-0.740114585346646,Chennai,2013-02-18,"{""type"":""MultiPoint"",""coordinates"":[]}"
2013_02_26,34.50193746929924,33.82437155904574,23.0888673125347,-0.6775659102535059,Chennai,2013-02-26,"{""type"":""MultiPoint"",""coordinates"":[]}"
2013_03_06,33.90246257608874,33.11315081285286,24.991666878899807,-0.7893117632358795,Chennai,2013-03-06,"{""type"":""MultiPoint"",""coordinates"":[]}"
2013_03_14,35.329560519764186,33.96577607699891,24.519008523221466,-1.3637844427652794,Chennai,2013-03-14,"{""type"":""MultiPoint"",""coordinates"":[]}"
2013_03_22,35.78195277234126,34.7512079440936,25.840024254941078,-1.0307448282476628,Chennai,2013-03-22,"{""type"":""MultiPoint"",""coordinates"":[]}"
2013_03_30,37.525202994499395,35.723628724690705,26.242388453071246,-1.8015742698086896,Chennai,2013-03-30,"{""type"":""MultiPoint"",""coordinates"":[]}"
2013_04_07,37.50728452065081,36.016574098798415,27.11829839786384,-1.4907104218523983,Chennai,2013-04-07,"{""type"":""MultiPoint"",""coordinates"":[]}"
2013_04_15,37.63931062415033,36.28180145944562,27.272834961415636,-1.357509164704716,Chennai,2013-04-15,"{""type"":""MultiPoint"",""coordinates"":[]}"
2013_04_23,37.189529723605744,36.797261282298614,27.098428854256586,-0.3922684413071309,Chennai,2013-04-23,"{""type"":""MultiPoint"",""coordinates"":[]}"
2013_05_01,39.48917623718107,38.96257274240865,26.83172203282331,-0.5266034947724165,Chennai,2013-05-01,"{""type"":""MultiPoint"",""coordinates"":[]}"
2013_05_09,41.169519530402276,40.09270661041834,27.75316564143547,-1.0768129199839365,Chennai,2013-05-09,"{""type"":""MultiPoint"",""coordinates"":[]}"
2013_05_17,36.96837069436854,35.450000000000045,26.53000000000003,-1.5183706943684925,Chennai,2013-05-17,"{""type"":""MultiPoint"",""coordinates"":[]}"
2013_05_25,,,,,Chennai,2013-05-25,"{""type"":""MultiPoint"",""coordinates"":[]}"
2013_06_02,,,,,Chennai,2013-06-02,"{""type"":""MultiPoint"",""coordinates"":[]}"
2013_06_10,39.1471817355781,39.18978745155847,,0.04260571598037188,Chennai,2013-06-10,"{""type"":""MultiPoint"",""coordinates"":[]}"
2013_06_18,40.16215610222507,40.41375839696852,,0.2516022947434493,Chennai,2013-06-18,"{""type"":""MultiPoint"",""coordinates"":[]}"
2013_06_26,33.78396179581267,,,,Chennai,2013-06-26,"{""type"":""MultiPoint"",""coordinates"":[]}"
2013_07_04,,,,,Chennai,2013-07-04,"{""type"":""MultiPoint"",""coordinates"":[]}"
2013_07_12,34.28566429235061,,,,Chennai,2013-07-12,"{""type"":""MultiPoint"",""coordinates"":[]}"
2013_07_20,32.25000000000003,,,,Chennai,2013-07-20,"{""type"":""MultiPoint"",""coordinates"":[]}"
2013_07_28,32.109756734897054,33.89640498442371,,1.7866482495266567,Chennai,2013-07-28,"{""type"":""MultiPoint"",""coordinates"":[]}"
2013_08_05,34.22001182033098,,,,Chennai,2013-08-05,"{""type"":""MultiPoint"",""coordinates"":[]}"
2013_08_13,,,,,Chennai,2013-08-13,"{""type"":""MultiPoint"",""coordinates"":[]}"
2013_08_21,33.111707317073204,,,,Chennai,2013-08-21,"{""type"":""MultiPoint"",""coordinates"":[]}"
2013_08_29,35.65566658994601,35.934537815126085,25.017596638655483,0.278871225180076,Chennai,2013-08-29,"{""type"":""MultiPoint"",""coordinates"":[]}"
2013_09_06,,,,,Chennai,2013-09-06,"{""type"":""MultiPoint"",""coordinates"":[]}"
2013_09_14,30.889271255060763,29.939870053160103,,-0.9494012019006597,Chennai,2013-09-14,"{""type"":""MultiPoint"",""coordinates"":[]}"
2013_09_22,33.083992714213785,34.479656458883916,24.716922608165792,1.3956637446701308,Chennai,2013-09-22,"{""type"":""MultiPoint"",""coordinates"":[]}"
2013_09_30,32.837130052072425,33.513645813429164,25.56887254901963,0.6765157613567396,Chennai,2013-09-30,"{""type"":""MultiPoint"",""coordinates"":[]}"
2013_10_08,33.293228394741824,33.63718899803538,26.011818181818207,0.34396060329355294,Chennai,2013-10-08,"{""type"":""MultiPoint"",""coordinates"":[]}"
2013_10_16,32.87270626349896,35.77000000000004,22.930000000000025,2.8972937365010765,Chennai,2013-10-16,"{""type"":""MultiPoint"",""coordinates"":[]}"
2013_10_24,,,,,Chennai,2013-10-24,"{""type"":""MultiPoint"",""coordinates"":[]}"
2013_11_01,30.534761730473637,30.755141034585883,23.71124788198945,0.22037930411224593,Chennai,2013-11-01,"{""type"":""MultiPoint"",""coordinates"":[]}"
2013_11_09,29.85670455207788,28.977069580731524,24.704736842105284,-0.8796349713463556,Chennai,2013-11-09,"{""type"":""MultiPoint"",""coordinates"":[]}"
2013_11_17,28.799878153343666,28.532111905763603,22.799644810385267,-0.26776624758006307,Chennai,2013-11-17,"{""type"":""MultiPoint"",""coordinates"":[]}"
2013_11_25,30.462901345927804,31.106932699524663,23.375672557482993,0.6440313535968585,Chennai,2013-11-25,"{""type"":""MultiPoint"",""coordinates"":[]}"
2013_12_03,28.83233593713459,29.32638918100371,,0.49405324386911786,Chennai,2013-12-03,"{""type"":""MultiPoint"",""coordinates"":[]}"
2013_12_11,27.788521181367816,29.051140480545207,21.628113897727566,1.2626192991773912,Chennai,2013-12-11,"{""type"":""MultiPoint"",""coordinates"":[]}"
2013_12_19,28.060727893652505,28.378929907105828,20.09733743515505,0.3182020134533232,Chennai,2013-12-19,"{""type"":""MultiPoint"",""coordinates"":[]}"
2013_12_27,29.169506662049315,29.483001108864432,21.25628008610008,0.31349444681511685,Chennai,2013-12-27,"{""type"":""MultiPoint"",""coordinates"":[]}"
2014_01_01,29.142880049720368,30.305000000000035,23.160000000000025,1.162119950279667,Chennai,2014-01-01,"{""type"":""MultiPoint"",""coordinates"":[]}"
2014_01_09,30.26791138098962,30.71245439469322,22.402570480928723,0.4445430137036013,Chennai,2014-01-09,"{""type"":""MultiPoint"",""coordinates"":[]}"
2014_01_17,30.14702154459812,29.476168543159357,20.781306721255564,-0.6708530014387613,Chennai,2014-01-17,"{""type"":""MultiPoint"",""coordinates"":[]}"
2014_01_25,31.62905442673791,31.351577937108377,22.162841415909245,-0.27747648962953164,Chennai,2014-01-25,"{""type"":""MultiPoint"",""coordinates"":[]}"
2014_02_02,34.21679479692505,33.1611319155349,21.559184546122417,-1.0556628813901483,Chennai,2014-02-02,"{""type"":""MultiPoint"",""coordinates"":[]}"
2014_02_10,33.9531146944264,33.770068605573314,22.314193792302163,-0.18304608885308227,Chennai,2014-02-10,"{""type"":""MultiPoint"",""coordinates"":[]}"
2014_02_18,33.43357875266403,33.62693377120965,22.094209085933247,0.19335501854561699,Chennai,2014-02-18,"{""type"":""MultiPoint"",""coordinates"":[]}"
2014_02_26,34.869005982687185,34.552507374631304,23.175265486725692,-0.3164986080558805,Chennai,2014-02-26,"{""type"":""MultiPoint"",""coordinates"":[]}"
2014_03_06,35.694301535725785,35.856365034154244,23.758290272981647,0.16206349842845924,Chennai,2014-03-06,"{""type"":""MultiPoint"",""coordinates"":[]}"
2014_03_14,38.77649706965843,38.105796075849874,25.36673450728695,-0.6707009938085591,Chennai,2014-03-14,"{""type"":""MultiPoint"",""coordinates"":[]}"
2014_03_22,39.10761314958356,37.74670991096765,25.269818804422272,-1.3609032386159043,Chennai,2014-03-22,"{""type"":""MultiPoint"",""coordinates"":[]}"
2014_03_30,39.50689547207198,38.73604758370127,26.307730202758165,-0.7708478883707102,Chennai,2014-03-30,"{""type"":""MultiPoint"",""coordinates"":[]}"
2014_04_07,38.45512525707814,37.522928266217846,26.745423410591776,-0.932196990860291,Chennai,2014-04-07,"{""type"":""MultiPoint"",""coordinates"":[]}"
2014_04_15,40.05168237890418,38.67179245283021,26.180678225395212,-1.3798899260739717,Chennai,2014-04-15,"{""type"":""MultiPoint"",""coordinates"":[]}"
2014_04_23,39.3385698350729,39.19459217877098,26.59242458100562,-0.14397765630192083,Chennai,2014-04-23,"{""type"":""MultiPoint"",""coordinates"":[]}"
2014_05_01,41.885402091166384,39.96614605045644,27.385491985912488,-1.9192560407099464,Chennai,2014-05-01,"{""type"":""MultiPoint"",""coordinates"":[]}"
2014_05_09,40.58176657665144,40.19583187676245,27.444169055442934,-0.3859346998889919,Chennai,2014-05-09,"{""type"":""MultiPoint"",""coordinates"":[]}"
2014_05_17,40.103190785076315,39.532821576763524,26.426660936573818,-0.5703692083127905,Chennai,2014-05-17,"{""type"":""MultiPoint"",""coordinates"":[]}"
2014_05_25,40.88611457686913,39.56207090358844,27.505979247730252,-1.3240436732806913,Chennai,2014-05-25,"{""type"":""MultiPoint"",""coordinates"":[]}"
2014_06_02,40.56553732671413,40.794261811807864,27.50941227899751,0.22872448509373555,Chennai,2014-06-02,"{""type"":""MultiPoint"",""coordinates"":[]}"
2014_06_10,36.94378077585312,37.47767948373221,27.16827920536989,0.5338987078790893,Chennai,2014-06-10,"{""type"":""MultiPoint"",""coordinates"":[]}"
2014_06_18,35.16006264542687,35.42817423926638,27.30782409337227,0.2681115938395138,Chennai,2014-06-18,"{""type"":""MultiPoint"",""coordinates"":[]}"
2014_06_26,37.73173538617718,37.31266805436514,27.56685668128321,-0.4190673318120375,Chennai,2014-06-26,"{""type"":""MultiPoint"",""coordinates"":[]}"
2014_07_04,35.07943048914632,34.29601076847776,27.50872409854792,-0.7834197206685616,Chennai,2014-07-04,"{""type"":""MultiPoint"",""coordinates"":[]}"
2014_07_12,35.106427669619116,35.963721496284954,27.44008384058806,0.8572938266658383,Chennai,2014-07-12,"{""type"":""MultiPoint"",""coordinates"":[]}"
2014_07_20,38.57669811320757,,,,Chennai,2014-07-20,"{""type"":""MultiPoint"",""coordinates"":[]}"
2014_07_28,40.09008968609869,,,,Chennai,2014-07-28,"{""type"":""MultiPoint"",""coordinates"":[]}"
2014_08_05,,,,,Chennai,2014-08-05,"{""type"":""MultiPoint"",""coordinates"":[]}"
2014_08_13,32.91000000000003,,,,Chennai,2014-08-13,"{""type"":""MultiPoint"",""coordinates"":[]}"
2014_08_21,34.73481803030895,34.54100600600603,24.850225225225255,-0.19381202430292177,Chennai,2014-08-21,"{""type"":""MultiPoint"",""coordinates"":[]}"
2014_08_29,,,,,Chennai,2014-08-29,"{""type"":""MultiPoint"",""coordinates"":[]}"
2014_09_06,35.8864300042855,36.5615995605699,26.278352660121737,0.675169556284402,Chennai,2014-09-06,"{""type"":""MultiPoint"",""coordinates"":[]}"
2014_09_14,31.52960132331506,,,,Chennai,2014-09-14,"{""type"":""MultiPoint"",""coordinates"":[]}"
2014_09_22,34.05729869264724,31.95674578685026,25.808803702824612,-2.1005529057969774,Chennai,2014-09-22,"{""type"":""MultiPoint"",""coordinates"":[]}"
2014_09_30,34.459575585861685,36.38727935900506,24.981070916048818,1.927703773143378,Chennai,2014-09-30,"{""type"":""MultiPoint"",""coordinates"":[]}"
2014_10_08,34.29998400758587,35.23394059982534,25.737322139182794,0.9339565922394684,Chennai,2014-10-08,"{""type"":""MultiPoint"",""coordinates"":[]}"
2014_10_16,30.38295448566172,30.728512012012033,23.21818484158939,0.3455575263503121,Chennai,2014-10-16,"{""type"":""MultiPoint"",""coordinates"":[]}"
2014_10_24,30.340366161359995,31.87822191905414,,1.537855757694146,Chennai,2014-10-24,"{""type"":""MultiPoint"",""coordinates"":[]}"
2014_11_01,29.5016146865266,30.469543502503186,,0.9679288159765846,Chennai,2014-11-01,"{""type"":""MultiPoint"",""coordinates"":[]}"
2014_11_09,28.710000000000036,,,,Chennai,2014-11-09,"{""type"":""MultiPoint"",""coordinates"":[]}"
2014_11_17,28.14746584141075,29.730000000000018,23.310000000000002,1.5825341585892687,Chennai,2014-11-17,"{""type"":""MultiPoint"",""coordinates"":[]}"
2014_11_25,27.000680001146264,,,,Chennai,2014-11-25,"{""type"":""MultiPoint"",""coordinates"":[]}"
2014_12_03,29.526968109895513,29.135000000000034,21.495000000000033,-0.3919681098954797,Chennai,2014-12-03,"{""type"":""MultiPoint"",""coordinates"":[]}"
2014_12_11,28.061929928993607,26.081428571428603,23.695714285714327,-1.9805013575650037,Chennai,2014-12-11,"{""type"":""MultiPoint"",""coordinates"":[]}"
2014_12_19,26.02050469910174,26.752654867256663,,0.7321501681549236,Chennai,2014-12-19,"{""type"":""MultiPoint"",""coordinates"":[]}"
2014_12_27,28.040744817945544,27.616783645655907,22.132859738784802,-0.42396117228963703,Chennai,2014-12-27,"{""type"":""MultiPoint"",""coordinates"":[]}"
2015_01_01,30.22104598289141,28.268255347593616,23.73025401069521,-1.952790635297795,Chennai,2015-01-01,"{""type"":""MultiPoint"",""coordinates"":[]}"
2015_01_09,28.711435262650493,29.39229021409239,21.90046509720288,0.6808549514418978,Chennai,2015-01-09,"{""type"":""MultiPoint"",""coordinates"":[]}"
2015_01_17,29.880894913938196,28.991485975066805,21.47524265360645,-0.8894089388713908,Chennai,2015-01-17,"{""type"":""MultiPoint"",""coordinates"":[]}"
2015_01_25,30.57061096116698,31.029903153153167,22.528286036036057,0.45929219198618654,Chennai,2015-01-25,"{""type"":""MultiPoint"",""coordinates"":[]}"
2015_02_02,32.01962213285014,31.20736129242822,22.010017950391667,-0.8122608404219172,Chennai,2015-02-02,"{""type"":""MultiPoint"",""coordinates"":[]}"
2015_02_10,33.9994144964544,32.47559596265896,23.31415343628844,-1.523818533795442,Chennai,2015-02-10,"{""type"":""MultiPoint"",""coordinates"":[]}"
2015_02_18,34.3432571118534,33.0474063982967,22.783934429187514,-1.2958507135566961,Chennai,2015-02-18,"{""type"":""MultiPoint"",""coordinates"":[]}"
2015_02_26,35.04530440220111,33.61327778562352,24.257890128512955,-1.4320266165775948,Chennai,2015-02-26,"{""type"":""MultiPoint"",""coordinates"":[]}"
2015_03_06,35.815015785828216,33.625780797505044,25.477667631989338,-2.1892349883231716,Chennai,2015-03-06,"{""type"":""MultiPoint"",""coordinates"":[]}"
2015_03_14,38.715927436232114,37.600568488677915,25.248539684780916,-1.1153589475541992,Chennai,2015-03-14,"{""type"":""MultiPoint"",""coordinates"":[]}"
2015_03_22,37.24810978465172,36.31302118310332,25.93576793931104,-0.9350886015484008,Chennai,2015-03-22,"{""type"":""MultiPoint"",""coordinates"":[]}"
2015_03_30,38.062397201027274,37.02294773711866,27.472096506590496,-1.0394494639086105,Chennai,2015-03-30,"{""type"":""MultiPoint"",""coordinates"":[]}"
2015_04_07,41.268710477334835,39.282530988951784,27.904427378065243,-1.9861794883830513,Chennai,2015-04-07,"{""type"":""MultiPoint"",""coordinates"":[]}"
2015_04_15,39.993044883908986,39.92460908185927,25.70295505015701,-0.06843580204971289,Chennai,2015-04-15,"{""type"":""MultiPoint"",""coordinates"":[]}"
2015_04_23,36.04886337326055,37.201719216485856,26.95279181533534,1.1528558432253035,Chennai,2015-04-23,"{""type"":""MultiPoint"",""coordinates"":[]}"
2015_05_01,37.59253911340512,37.0058684933997,23.970148610491922,-0.5866706200054139,Chennai,2015-05-01,"{""type"":""MultiPoint"",""coordinates"":[]}"
2015_05_09,38.28857142857146,,,,Chennai,2015-05-09,"{""type"":""MultiPoint"",""coordinates"":[]}"
2015_05_17,37.27030497015564,38.1113323129139,27.714978537916384,0.8410273427582595,Chennai,2015-05-17,"{""type"":""MultiPoint"",""coordinates"":[]}"
2015_05_25,38.82890321318326,38.899499574950426,26.045712057053727,0.07059636176716566,Chennai,2015-05-25,"{""type"":""MultiPoint"",""coordinates"":[]}"
2015_06_02,42.67747728517732,,,,Chennai,2015-06-02,"{""type"":""MultiPoint"",""coordinates"":[]}"
2015_06_10,38.59806048856149,38.77000000000004,,0.17193951143855202,Chennai,2015-06-10,"{""type"":""MultiPoint"",""coordinates"":[]}"
2015_06_18,39.61246495169933,38.055000000000035,27.317500000000035,-1.5574649516992949,Chennai,2015-06-18,"{""type"":""MultiPoint"",""coordinates"":[]}"
2015_06_26,37.61427451532646,36.65480625099668,26.64448051948056,-0.9594682643297787,Chennai,2015-06-26,"{""type"":""MultiPoint"",""coordinates"":[]}"
2015_07_04,37.500060955942295,38.46791381148169,26.734264892268722,0.967852855539391,Chennai,2015-07-04,"{""type"":""MultiPoint"",""coordinates"":[]}"
2015_07_12,34.857284579091164,36.49586158587842,26.53043222003932,1.6385770067872585,Chennai,2015-07-12,"{""type"":""MultiPoint"",""coordinates"":[]}"
2015_07_20,35.15319433921246,35.31086521235115,,0.15767087313869155,Chennai,2015-07-20,"{""type"":""MultiPoint"",""coordinates"":[]}"
2015_07_28,34.75874197010236,,,,Chennai,2015-07-28,"{""type"":""MultiPoint"",""coordinates"":[]}"
2015_08_05,32.23730246821129,,,,Chennai,2015-08-05,"{""type"":""MultiPoint"",""coordinates"":[]}"
2015_08_13,35.84851766047033,36.33930114542556,26.20879367841092,0.49078348495523016,Chennai,2015-08-13,"{""type"":""MultiPoint"",""coordinates"":[]}"
2015_08_21,31.8769782843062,31.32833641404809,,-0.5486418702581126,Chennai,2015-08-21,"{""type"":""MultiPoint"",""coordinates"":[]}"
2015_08_29,33.710994953780244,,,,Chennai,2015-08-29,"{""type"":""MultiPoint"",""coordinates"":[]}"
2015_09_06,36.67913726683481,36.68630235669448,26.374619794809927,0.007165089859675788,Chennai,2015-09-06,"{""type"":""MultiPoint"",""coordinates"":[]}"
2015_09_14,,,,,Chennai,2015-09-14,"{""type"":""MultiPoint"",""coordinates"":[]}"
2015_09_22,35.53850026284826,35.16039815349108,26.108230154150547,-0.37810210935717947,Chennai,2015-09-22,"{""type"":""MultiPoint"",""coordinates"":[]}"
2015_09_30,34.39215034242755,35.52741698067477,,1.1352666382472236,Chennai,2015-09-30,"{""type"":""MultiPoint"",""coordinates"":[]}"
2015_10_08,33.29116656662729,33.4471085414223,25.412770794927688,0.15594197479501304,Chennai,2015-10-08,"{""type"":""MultiPoint"",""coordinates"":[]}"
2015_10_16,33.40185113884852,33.87308396170468,25.44266288231808,0.47123282285615886,Chennai,2015-10-16,"{""type"":""MultiPoint"",""coordinates"":[]}"
2015_10_24,31.95893039872411,31.875000000000032,,-0.08393039872407826,Chennai,2015-10-24,"{""type"":""MultiPoint"",""coordinates"":[]}"
2015_11_01,30.925000000000026,,,,Chennai,2015-11-01,"{""type"":""MultiPoint"",""coordinates"":[]}"
2015_11_09,,,,,Chennai,2015-11-09,"{""type"":""MultiPoint"",""coordinates"":[]}"
2015_11_17,28.27685410594895,,,,Chennai,2015-11-17,"{""type"":""MultiPoint"",""coordinates"":[]}"
2015_11_25,28.831720101781233,27.613719666787436,21.537940520446117,-1.2180004349937974,Chennai,2015-11-25,"{""type"":""MultiPoint"",""coordinates"":[]}"
2015_12_03,27.714946695095968,,,,Chennai,2015-12-03,"{""type"":""MultiPoint"",""coordinates"":[]}"
2015_12_11,28.14821040281581,28.728643936458756,24.704467260751677,0.580433533642946,Chennai,2015-12-11,"{""type"":""MultiPoint"",""coordinates"":[]}"
2015_12_19,28.862205013272447,28.87225970935672,24.435772924279796,0.010054696084271342,Chennai,2015-12-19,"{""type"":""MultiPoint"",""coordinates"":[]}"
2015_12_27,27.821568373298803,26.269112794157458,22.8023559642954,-1.5524555791413448,Chennai,2015-12-27,"{""type"":""MultiPoint"",""coordinates"":[]}"
2016_01_01,29.60911144001299,29.279003721652554,22.06424241612897,-0.3301077183604342,Chennai,2016-01-01,"{""type"":""MultiPoint"",""coordinates"":[]}"
2016_01_09,29.988194186252297,29.365663021466233,21.673577156743644,-0.6225311647860643,Chennai,2016-01-09,"{""type"":""MultiPoint"",""coordinates"":[]}"
2016_01_17,28.99406796088832,,,,Chennai,2016-01-17,"{""type"":""MultiPoint"",""coordinates"":[]}"
2016_01_25,31.148045896937404,29.903016976649905,23.103864070919553,-1.2450289202874991,Chennai,2016-01-25,"{""type"":""MultiPoint"",""coordinates"":[]}"
2016_02_02,31.82282722752355,31.565003094953177,23.087045351380354,-0.2578241325703736,Chennai,2016-02-02,"{""type"":""MultiPoint"",""coordinates"":[]}"
2016_02_10,31.347589403412176,30.95934556307784,23.927964621096333,-0.38824384033433645,Chennai,2016-02-10,"{""type"":""MultiPoint"",""coordinates"":[]}"
2016_02_18,34.576528465822086,35.14094648470446,,0.5644180188823711,Chennai,2016-02-18,"{""type"":""MultiPoint"",""coordinates"":[]}"
2016_02_26,33.15069320963795,33.108816768969604,24.922887553872307,-0.041876440668346504,Chennai,2016-02-26,"{""type"":""MultiPoint"",""coordinates"":[]}"
2016_03_05,34.49548843716977,34.243252276320824,26.0732255602203,-0.25223616084894473,Chennai,2016-03-05,"{""type"":""MultiPoint"",""coordinates"":[]}"
2016_03_13,35.313259886581136,35.23077403356508,26.402090510561045,-0.0824858530160526,Chennai,2016-03-13,"{""type"":""MultiPoint"",""coordinates"":[]}"
2016_03_21,37.03093043748804,36.885034096075195,26.82266669192305,-0.14589634141284336,Chennai,2016-03-21,"{""type"":""MultiPoint"",""coordinates"":[]}"
2016_03_29,36.40027582336387,36.194020102539206,27.602906559669307,-0.20625572082466448,Chennai,2016-03-29,"{""type"":""MultiPoint"",""coordinates"":[]}"
2016_04_06,38.3267904944716,37.39357448872365,27.580198852154247,-0.9332160057479513,Chennai,2016-04-06,"{""type"":""MultiPoint"",""coordinates"":[]}"
2016_04_14,36.70255961554058,35.71698502401812,28.413940849580893,-0.9855745915224574,Chennai,2016-04-14,"{""type"":""MultiPoint"",""coordinates"":[]}"
2016_04_22,39.54071963665554,38.6622458678555,28.49960844513605,-0.8784737688000348,Chennai,2016-04-22,"{""type"":""MultiPoint"",""coordinates"":[]}"
2016_04_30,39.482920659779715,40.04674334432556,28.422489342877842,0.5638226845458476,Chennai,2016-04-30,"{""type"":""MultiPoint"",""coordinates"":[]}"
2016_05_08,38.96578941449887,37.63953295793312,27.36212735166428,-1.3262564565657513,Chennai,2016-05-08,"{""type"":""MultiPoint"",""coordinates"":[]}"
2016_05_16,31.35743919160051,31.538242811501643,29.452236421725246,0.18080361990113403,Chennai,2016-05-16,"{""type"":""MultiPoint"",""coordinates"":[]}"
2016_05_24,37.261694094096256,37.15157103064068,27.823062674094714,-0.11012306345557477,Chennai,2016-05-24,"{""type"":""MultiPoint"",""coordinates"":[]}"
2016_06_01,,,,,Chennai,2016-06-01,"{""type"":""MultiPoint"",""coordinates"":[]}"
2016_06_09,35.79265151363974,36.32474184489094,26.908928494275244,0.5320903312511973,Chennai,2016-06-09,"{""type"":""MultiPoint"",""coordinates"":[]}"
2016_06_17,28.11600000000003,,,,Chennai,2016-06-17,"{""type"":""MultiPoint"",""coordinates"":[]}"
2016_06_25,,,,,Chennai,2016-06-25,"{""type"":""MultiPoint"",""coordinates"":[]}"
2016_07_03,33.35343286044212,34.09000000000003,,0.7365671395579128,Chennai,2016-07-03,"{""type"":""MultiPoint"",""coordinates"":[]}"
2016_07_11,34.059562339072606,34.74675108808293,26.239766459786324,0.6871887490103248,Chennai,2016-07-11,"{""type"":""MultiPoint"",""coordinates"":[]}"
2016_07_19,34.495461244664156,31.71171206225684,,-2.783749182407316,Chennai,2016-07-19,"{""type"":""MultiPoint"",""coordinates"":[]}"
2016_07_27,34.67558526995013,35.87990941823008,26.764962335216605,1.2043241482799445,Chennai,2016-07-27,"{""type"":""MultiPoint"",""coordinates"":[]}"
2016_08_04,35.150251552078466,36.54311438641465,26.32681661815298,1.392862834336185,Chennai,2016-08-04,"{""type"":""MultiPoint"",""coordinates"":[]}"
2016_08_12,36.947347530181354,38.962131644666464,27.260174812700715,2.01478411448511,Chennai,2016-08-12,"{""type"":""MultiPoint"",""coordinates"":[]}"
2016_08_20,36.47036787564769,,,,Chennai,2016-08-20,"{""type"":""MultiPoint"",""coordinates"":[]}"
2016_08_28,38.24000000000001,,,,Chennai,2016-08-28,"{""type"":""MultiPoint"",""coordinates"":[]}"
2016_09_05,36.514043454244195,38.16054091694058,26.57000000000005,1.646497462696388,Chennai,2016-09-05,"{""type"":""MultiPoint"",""coordinates"":[]}"
2016_09_13,33.05588905424581,33.39862190812724,,0.3427328538814294,Chennai,2016-09-13,"{""type"":""MultiPoint"",""coordinates"":[]}"
2016_09_21,31.42218760640112,,,,Chennai,2016-09-21,"{""type"":""MultiPoint"",""coordinates"":[]}"
2016_09_29,32.92635843600555,34.43373856841369,25.54960209285967,1.5073801324081373,Chennai,2016-09-29,"{""type"":""MultiPoint"",""coordinates"":[]}"
2016_10_07,35.17568002198831,36.38491629464289,26.72153116414837,1.2092362726545787,Chennai,2016-10-07,"{""type"":""MultiPoint"",""coordinates"":[]}"
2016_10_15,34.02524312146785,34.982360171471555,24.480152577152037,0.9571170500037027,Chennai,2016-10-15,"{""type"":""MultiPoint"",""coordinates"":[]}"
2016_10_23,34.56600281211925,35.00410323793912,23.158790988471807,0.43810042581986863,Chennai,2016-10-23,"{""type"":""MultiPoint"",""coordinates"":[]}"
2016_10_31,31.826562041241214,32.357930854069465,23.339491660213902,0.5313688128282514,Chennai,2016-10-31,"{""type"":""MultiPoint"",""coordinates"":[]}"
2016_11_08,31.73810924386011,32.39932590688378,24.050334190231382,0.6612166630236729,Chennai,2016-11-08,"{""type"":""MultiPoint"",""coordinates"":[]}"
2016_11_16,31.881170960005154,33.10719823682149,22.740428718072614,1.2260272768163354,Chennai,2016-11-16,"{""type"":""MultiPoint"",""coordinates"":[]}"
2016_11_24,31.664109383201655,32.2953567674595,20.935899924222078,0.631247384257847,Chennai,2016-11-24,"{""type"":""MultiPoint"",""coordinates"":[]}"
2016_12_02,28.634485700282827,29.014760370672196,22.5195017908242,0.3802746703893689,Chennai,2016-12-02,"{""type"":""MultiPoint"",""coordinates"":[]}"
2016_12_10,29.314937401899524,30.050033929673074,23.60263417643433,0.7350965277735497,Chennai,2016-12-10,"{""type"":""MultiPoint"",""coordinates"":[]}"
2016_12_18,29.630551200605442,30.566150924537745,21.89159470264869,0.9355997239323024,Chennai,2016-12-18,"{""type"":""MultiPoint"",""coordinates"":[]}"
2016_12_26,29.694771040809083,30.14541986033046,22.03228751490379,0.45064881952137625,Chennai,2016-12-26,"{""type"":""MultiPoint"",""coordinates"":[]}"
2017_01_01,30.791036636380685,31.164257598526362,22.655852440738798,0.3732209621456768,Chennai,2017-01-01,"{""type"":""MultiPoint"",""coordinates"":[]}"
2017_01_09,30.963544048742303,30.360984797524583,21.62696354096599,-0.6025592512177198,Chennai,2017-01-09,"{""type"":""MultiPoint"",""coordinates"":[]}"
2017_01_17,30.579902757063138,30.300498673740083,21.003228116710904,-0.27940408332305466,Chennai,2017-01-17,"{""type"":""MultiPoint"",""coordinates"":[]}"
2017_01_25,30.90816176951773,29.51967213114756,23.008688524590188,-1.3884896383701708,Chennai,2017-01-25,"{""type"":""MultiPoint"",""coordinates"":[]}"
2017_02_02,33.81272926440974,33.91204715925577,21.705320542041374,0.09931789484603115,Chennai,2017-02-02,"{""type"":""MultiPoint"",""coordinates"":[]}"
2017_02_10,32.86232979955649,33.17926579419654,22.406322316549396,0.3169359946400476,Chennai,2017-02-10,"{""type"":""MultiPoint"",""coordinates"":[]}"
2017_02_18,35.48843475100424,35.043388426420535,23.51764718924479,-0.4450463245837071,Chennai,2017-02-18,"{""type"":""MultiPoint"",""coordinates"":[]}"
2017_02_26,33.57696100648594,34.91770875275624,24.180511935576675,1.3407477462703028,Chennai,2017-02-26,"{""type"":""MultiPoint"",""coordinates"":[]}"
2017_03_06,35.59758770988835,34.83963545389569,25.286375982844934,-0.757952255992663,Chennai,2017-03-06,"{""type"":""MultiPoint"",""coordinates"":[]}"
2017_03_14,36.6914711228496,37.52131093187861,25.845517200837147,0.8298398090290107,Chennai,2017-03-14,"{""type"":""MultiPoint"",""coordinates"":[]}"
2017_03_22,37.6591420423071,37.63753414462436,25.75119038519563,-0.02160789768274185,Chennai,2017-03-22,"{""type"":""MultiPoint"",""coordinates"":[]}"
2017_03_30,36.034587330076775,36.24166639810318,26.829595313183418,0.20707906802640252,Chennai,2017-03-30,"{""type"":""MultiPoint"",""coordinates"":[]}"
2017_04_07,38.36086892935738,38.46492495725415,26.05071939712497,0.10405602789676749,Chennai,2017-04-07,"{""type"":""MultiPoint"",""coordinates"":[]}"
2017_04_15,37.55551919950023,37.726184081573095,26.859839648018028,0.17066488207286312,Chennai,2017-04-15,"{""type"":""MultiPoint"",""coordinates"":[]}"
2017_04_23,40.22718487534141,40.00673259379699,27.23585976249773,-0.22045228154441787,Chennai,2017-04-23,"{""type"":""MultiPoint"",""coordinates"":[]}"
2017_05_01,40.30081559314349,39.78824612108307,26.829858533617298,-0.5125694720604201,Chennai,2017-05-01,"{""type"":""MultiPoint"",""coordinates"":[]}"
2017_05_09,40.29120889894421,39.64838731443997,26.927995951417042,-0.6428215845042402,Chennai,2017-05-09,"{""type"":""MultiPoint"",""coordinates"":[]}"
2017_05_17,43.7408527088548,42.94609849233,29.364372243070665,-0.7947542165248009,Chennai,2017-05-17,"{""type"":""MultiPoint"",""coordinates"":[]}"
2017_05_25,42.99770017165337,43.523314452454535,27.22749235162149,0.5256142808011646,Chennai,2017-05-25,"{""type"":""MultiPoint"",""coordinates"":[]}"
2017_06_02,44.489686730304335,44.238405886909426,28.02507097628606,-0.25128084339490897,Chennai,2017-06-02,"{""type"":""MultiPoint"",""coordinates"":[]}"
2017_06_10,42.59708908177253,42.54921516754853,28.4059579862369,-0.04787391422399878,Chennai,2017-06-10,"{""type"":""MultiPoint"",""coordinates"":[]}"
2017_06_18,37.52469853094957,38.821883130434806,26.865691397167655,1.2971845994852345,Chennai,2017-06-18,"{""type"":""MultiPoint"",""coordinates"":[]}"
2017_06_26,38.09000000000003,,,,Chennai,2017-06-26,"{""type"":""MultiPoint"",""coordinates"":[]}"
2017_07_04,35.703938712498484,34.07000000000005,,-1.6339387124984341,Chennai,2017-07-04,"{""type"":""MultiPoint"",""coordinates"":[]}"
2017_07_12,,,,,Chennai,2017-07-12,"{""type"":""MultiPoint"",""coordinates"":[]}"
2017_07_20,36.44553407845721,38.83000000000003,,2.3844659215428194,Chennai,2017-07-20,"{""type"":""MultiPoint"",""coordinates"":[]}"
2017_07_28,36.54126168876484,39.57436798003213,26.488545195222,3.0331062912672877,Chennai,2017-07-28,"{""type"":""MultiPoint"",""coordinates"":[]}"
2017_08_05,33.40500000000002,,,,Chennai,2017-08-05,"{""type"":""MultiPoint"",""coordinates"":[]}"
2017_08_13,,,,,Chennai,2017-08-13,"{""type"":""MultiPoint"",""coordinates"":[]}"
2017_08_21,,,,,Chennai,2017-08-21,"{""type"":""MultiPoint"",""coordinates"":[]}"
2017_08_29,32.56218722922677,,,,Chennai,2017-08-29,"{""type"":""MultiPoint"",""coordinates"":[]}"
2017_09_06,30.255938878901812,,,,Chennai,2017-09-06,"{""type"":""MultiPoint"",""coordinates"":[]}"
2017_09_14,33.139052098550295,33.7127493261456,26.710512820512843,0.5736972275953036,Chennai,2017-09-14,"{""type"":""MultiPoint"",""coordinates"":[]}"
2017_09_22,34.90259669424917,36.5653299492386,25.537540983606586,1.6627332549894334,Chennai,2017-09-22,"{""type"":""MultiPoint"",""coordinates"":[]}"
2017_09_30,33.225993850290024,33.957446345564264,25.410000000000025,0.7314524952742403,Chennai,2017-09-30,"{""type"":""MultiPoint"",""coordinates"":[]}"
2017_10_08,32.32667591323824,32.19000000000003,24.26333333333336,-0.13667591323820716,Chennai,2017-10-08,"{""type"":""MultiPoint"",""coordinates"":[]}"
2017_10_16,31.389524171806883,32.03760853145348,25.18852821637956,0.6480843596465959,Chennai,2017-10-16,"{""type"":""MultiPoint"",""coordinates"":[]}"
2017_10_24,30.641573275862086,34.910000000000025,26.410000000000025,4.268426724137939,Chennai,2017-10-24,"{""type"":""MultiPoint"",""coordinates"":[]}"
2017_11_01,28.87452322911987,28.554285714285744,25.234615384615417,-0.3202375148341261,Chennai,2017-11-01,"{""type"":""MultiPoint"",""coordinates"":[]}"
2017_11_09,28.072743881601482,,,,Chennai,2017-11-09,"{""type"":""MultiPoint"",""coordinates"":[]}"
2017_11_17,30.302022658569175,30.933145007014442,25.018595842367077,0.6311223484452668,Chennai,2017-11-17,"{""type"":""MultiPoint"",""coordinates"":[]}"
2017_11_25,26.073650242315267,26.84609821728897,22.497074427642175,0.7724479749737014,Chennai,2017-11-25,"{""type"":""MultiPoint"",""coordinates"":[]}"
2017_12_03,29.015895126576748,29.692360047846922,22.968489234449788,0.6764649212701741,Chennai,2017-12-03,"{""type"":""MultiPoint"",""coordinates"":[]}"
2017_12_11,29.21031080806985,29.394244595864695,23.508324718045127,0.18393378779484593,Chennai,2017-12-11,"{""type"":""MultiPoint"",""coordinates"":[]}"
2017_12_19,28.041876163789258,26.625063527653246,21.65291853512709,-1.4168126361360116,Chennai,2017-12-19,"{""type"":""MultiPoint"",""coordinates"":[]}"
2017_12_27,28.886665703832122,31.059556313993205,22.496979522184322,2.172890610161083,Chennai,2017-12-27,"{""type"":""MultiPoint"",""coordinates"":[]}"
2018_01_01,28.85359734667934,29.15244746743852,22.157138060781506,0.29885012075918027,Chennai,2018-01-01,"{""type"":""MultiPoint"",""coordinates"":[]}"
2018_01_09,30.87564593515989,31.06004419614673,21.980499167734912,0.1843982609868391,Chennai,2018-01-09,"{""type"":""MultiPoint"",""coordinates"":[]}"
2018_01_17,30.564406030203337,30.341689209428832,21.055887693264843,-0.2227168207745045,Chennai,2018-01-17,"{""type"":""MultiPoint"",""coordinates"":[]}"
2018_01_25,31.658642141280676,31.305777532376293,21.673741792992693,-0.3528646089043832,Chennai,2018-01-25,"{""type"":""MultiPoint"",""coordinates"":[]}"
2018_02_02,32.93937501632441,32.79447605095025,21.845468603752103,-0.14489896537416058,Chennai,2018-02-02,"{""type"":""MultiPoint"",""coordinates"":[]}"
2018_02_10,33.79352863665003,33.75015442545272,23.190508969368786,-0.04337421119731033,Chennai,2018-02-10,"{""type"":""MultiPoint"",""coordinates"":[]}"
2018_02_18,33.86787422923414,34.02231976209576,23.32338328800897,0.15444553286162233,Chennai,2018-02-18,"{""type"":""MultiPoint"",""coordinates"":[]}"
2018_02_26,36.687414389559905,36.754696731309785,24.103876641858353,0.06728234174988046,Chennai,2018-02-26,"{""type"":""MultiPoint"",""coordinates"":[]}"
2018_03_06,35.83507992295373,36.09136341306733,24.022281676302796,0.25628349011359575,Chennai,2018-03-06,"{""type"":""MultiPoint"",""coordinates"":[]}"
2018_03_14,35.4935435536398,34.85626146010187,24.807321367935995,-0.6372820935379337,Chennai,2018-03-14,"{""type"":""MultiPoint"",""coordinates"":[]}"
2018_03_22,35.52171913090535,34.806818715740036,26.033846254241727,-0.7149004151653173,Chennai,2018-03-22,"{""type"":""MultiPoint"",""coordinates"":[]}"
2018_03_30,35.15406730667991,34.3757097181947,25.99658041490075,-0.7783575884852141,Chennai,2018-03-30,"{""type"":""MultiPoint"",""coordinates"":[]}"
2018_04_07,37.1643211754257,37.47445025533749,26.3371482187904,0.31012907991178906,Chennai,2018-04-07,"{""type"":""MultiPoint"",""coordinates"":[]}"
2018_04_15,35.999538121675464,36.31496381438914,27.058786717752273,0.31542569271367427,Chennai,2018-04-15,"{""type"":""MultiPoint"",""coordinates"":[]}"
2018_04_23,38.06865528540986,37.715508633719644,27.52640864746027,-0.3531466516902171,Chennai,2018-04-23,"{""type"":""MultiPoint"",""coordinates"":[]}"
2018_05_01,40.65078827925437,39.44324611032535,25.565095473833125,-1.2075421689290238,Chennai,2018-05-01,"{""type"":""MultiPoint"",""coordinates"":[]}"
2018_05_09,38.68197331247012,38.41574139534888,27.037657674418632,-0.26623191712123884,Chennai,2018-05-09,"{""type"":""MultiPoint"",""coordinates"":[]}"
2018_05_17,,,,,Chennai,2018-05-17,"{""type"":""MultiPoint"",""coordinates"":[]}"
2018_05_25,41.32558169596692,37.88438170624455,26.138300092458092,-3.441199989722371,Chennai,2018-05-25,"{""type"":""MultiPoint"",""coordinates"":[]}"
2018_06_02,41.30065865169657,41.4839162727887,,0.18325762109212462,Chennai,2018-06-02,"{""type"":""MultiPoint"",""coordinates"":[]}"
2018_06_10,38.60251940241904,38.26362768496423,28.3523074419614,-0.33889171745481406,Chennai,2018-06-10,"{""type"":""MultiPoint"",""coordinates"":[]}"
2018_06_18,36.587848461622706,36.16734326241137,,-0.420505199211334,Chennai,2018-06-18,"{""type"":""MultiPoint"",""coordinates"":[]}"
2018_06_26,40.40083866335988,35.78500000000004,,-4.615838663359838,Chennai,2018-06-26,"{""type"":""MultiPoint"",""coordinates"":[]}"
2018_07_04,33.80467012723016,29.40518423932874,,-4.39948588790142,Chennai,2018-07-04,"{""type"":""MultiPoint"",""coordinates"":[]}"
2018_07_12,36.6582197666955,37.21504476998506,26.879996849732244,0.5568250032895605,Chennai,2018-07-12,"{""type"":""MultiPoint"",""coordinates"":[]}"
2018_07_20,,,,,Chennai,2018-07-20,"{""type"":""MultiPoint"",""coordinates"":[]}"
2018_07_28,29.9441666666667,,,,Chennai,2018-07-28,"{""type"":""MultiPoint"",""coordinates"":[]}"
2018_08_05,,,,,Chennai,2018-08-05,"{""type"":""MultiPoint"",""coordinates"":[]}"
2018_08_13,,,,,Chennai,2018-08-13,"{""type"":""MultiPoint"",""coordinates"":[]}"
2018_08_21,35.05266352118834,34.403728549142,,-0.6489349720463409,Chennai,2018-08-21,"{""type"":""MultiPoint"",""coordinates"":[]}"
2018_08_29,35.009952149042405,34.79200926255792,24.905346534653482,-0.21794288648448656,Chennai,2018-08-29,"{""type"":""MultiPoint"",""coordinates"":[]}"
2018_09_06,36.88674264935749,36.19638069116843,26.139871640153626,-0.6903619581890581,Chennai,2018-09-06,"{""type"":""MultiPoint"",""coordinates"":[]}"
2018_09_14,33.26756025698737,36.063567729626634,,2.7960074726392605,Chennai,2018-09-14,"{""type"":""MultiPoint"",""coordinates"":[]}"
2018_09_22,34.67914942433989,35.24545454545457,25.404545454545488,0.5663051211146808,Chennai,2018-09-22,"{""type"":""MultiPoint"",""coordinates"":[]}"
2018_09_30,33.084278856644154,36.13801562500003,25.231531250000025,3.0537367683558756,Chennai,2018-09-30,"{""type"":""MultiPoint"",""coordinates"":[]}"
2018_10_08,33.961560623679325,35.36458801012783,25.138112203193863,1.4030273864485068,Chennai,2018-10-08,"{""type"":""MultiPoint"",""coordinates"":[]}"
2018_10_16,32.899483975678905,33.49096796098526,23.96616035205944,0.591483985306354,Chennai,2018-10-16,"{""type"":""MultiPoint"",""coordinates"":[]}"
2018_10_24,30.620521900269566,31.66456066945609,23.350000000000023,1.0440387691865247,Chennai,2018-10-24,"{""type"":""MultiPoint"",""coordinates"":[]}"
2018_11_01,,,,,Chennai,2018-11-01,"{""type"":""MultiPoint"",""coordinates"":[]}"
2018_11_09,31.590739919993144,,,,Chennai,2018-11-09,"{""type"":""MultiPoint"",""coordinates"":[]}"
2018_11_17,27.875474070674645,25.19571428571432,,-2.679759784960325,Chennai,2018-11-17,"{""type"":""MultiPoint"",""coordinates"":[]}"
2018_11_25,29.538045337410406,30.039894551140712,22.432283789743806,0.5018492137303063,Chennai,2018-11-25,"{""type"":""MultiPoint"",""coordinates"":[]}"
2018_12_03,28.294402794343178,25.978888888888903,24.745555555555573,-2.3155139054542744,Chennai,2018-12-03,"{""type"":""MultiPoint"",""coordinates"":[]}"
2018_12_11,28.556795166266717,28.273999653259406,21.442790827221277,-0.2827955130073114,Chennai,2018-12-11,"{""type"":""MultiPoint"",""coordinates"":[]}"
2018_12_19,28.466880595691887,28.647270041847896,21.817376712890805,0.18038944615600983,Chennai,2018-12-19,"{""type"":""MultiPoint"",""coordinates"":[]}"
2018_12_27,27.9634097722611,,,,Chennai,2018-12-27,"{""type"":""MultiPoint"",""coordinates"":[]}"
2019_01_01,29.820234492624945,27.97629791613071,21.25480576279911,-1.843936576494233,Chennai,2019-01-01,"{""type"":""MultiPoint"",""coordinates"":[]}"
2019_01_09,29.778749117267708,29.64186274509806,22.27307256923391,-0.1368863721696485,Chennai,2019-01-09,"{""type"":""MultiPoint"",""coordinates"":[]}"
2019_01_17,31.319653893572042,28.286868790681776,22.83338472079482,-3.0327851028902657,Chennai,2019-01-17,"{""type"":""MultiPoint"",""coordinates"":[]}"
2019_01_25,30.994565661754535,25.210000000000036,22.640000000000015,-5.784565661754499,Chennai,2019-01-25,"{""type"":""MultiPoint"",""coordinates"":[]}"
2019_02_02,32.61863731185215,31.794119914346933,23.35094218415421,-0.8245173975052147,Chennai,2019-02-02,"{""type"":""MultiPoint"",""coordinates"":[]}"
2019_02_10,33.455325034117784,32.75827900767607,23.51068528201137,-0.6970460264417113,Chennai,2019-02-10,"{""type"":""MultiPoint"",""coordinates"":[]}"
2019_02_18,36.55243565659836,36.04014138067361,24.232346053201322,-0.5122942759247522,Chennai,2019-02-18,"{""type"":""MultiPoint"",""coordinates"":[]}"
2019_02_26,36.64849742127298,36.00378351965298,25.078695444902642,-0.6447139016200012,Chennai,2019-02-26,"{""type"":""MultiPoint"",""coordinates"":[]}"
2019_03_06,37.07404214416956,36.566504002275394,25.199497785543073,-0.507538141894166,Chennai,2019-03-06,"{""type"":""MultiPoint"",""coordinates"":[]}"
2019_03_14,38.43253885910241,37.06558057022178,25.82242576557553,-1.3669582888806247,Chennai,2019-03-14,"{""type"":""MultiPoint"",""coordinates"":[]}"
2019_03_22,39.52583217851947,38.55613116438965,26.456517817589024,-0.969701014129825,Chennai,2019-03-22,"{""type"":""MultiPoint"",""coordinates"":[]}"
2019_03_30,39.60698313860797,38.558745348119636,26.323465113234736,-1.0482377904883364,Chennai,2019-03-30,"{""type"":""MultiPoint"",""coordinates"":[]}"
2019_04_07,39.30171439580889,38.6276817376992,26.927644829048134,-0.674032658109688,Chennai,2019-04-07,"{""type"":""MultiPoint"",""coordinates"":[]}"
2019_04_15,43.4463244849151,42.21308383587563,27.700847227149133,-1.2332406490394732,Chennai,2019-04-15,"{""type"":""MultiPoint"",""coordinates"":[]}"
2019_04_23,41.61860119511562,41.17239572281514,26.61601413811857,-0.446205472300484,Chennai,2019-04-23,"{""type"":""MultiPoint"",""coordinates"":[]}"
2019_05_01,37.63978373205743,37.707784753363256,27.05000000000001,0.0680010213058253,Chennai,2019-05-01,"{""type"":""MultiPoint"",""coordinates"":[]}"
2019_05_09,40.669649780128246,39.35088970419633,27.120231598257302,-1.3187600759319196,Chennai,2019-05-09,"{""type"":""MultiPoint"",""coordinates"":[]}"
2019_05_17,40.645498309563536,40.165218005461924,27.909261700725118,-0.48028030410161193,Chennai,2019-05-17,"{""type"":""MultiPoint"",""coordinates"":[]}"
2019_05_25,42.74353538887678,40.630895564289744,28.29514598540149,-2.112639824587035,Chennai,2019-05-25,"{""type"":""MultiPoint"",""coordinates"":[]}"
2019_06_02,42.90479799504805,40.959482193576605,27.093334061612428,-1.9453158014714447,Chennai,2019-06-02,"{""type"":""MultiPoint"",""coordinates"":[]}"
2019_06_10,42.00376796633053,41.333995257854205,28.970991620111764,-0.669772708476323,Chennai,2019-06-10,"{""type"":""MultiPoint"",""coordinates"":[]}"
2019_06_18,40.10459459459462,,,,Chennai,2019-06-18,"{""type"":""MultiPoint"",""coordinates"":[]}"
2019_06_26,38.71826902935435,41.29264250329217,27.27972972972975,2.5743734739378183,Chennai,2019-06-26,"{""type"":""MultiPoint"",""coordinates"":[]}"
2019_07_04,39.98943539630839,35.910000000000025,,-4.079435396308362,Chennai,2019-07-04,"{""type"":""MultiPoint"",""coordinates"":[]}"
2019_07_12,40.95275183946498,41.8515484069571,27.11264013145886,0.8987965674921199,Chennai,2019-07-12,"{""type"":""MultiPoint"",""coordinates"":[]}"
2019_07_20,36.449007994294064,37.46893741851371,,1.0199294242196473,Chennai,2019-07-20,"{""type"":""MultiPoint"",""coordinates"":[]}"
2019_07_28,35.45669273522624,,,,Chennai,2019-07-28,"{""type"":""MultiPoint"",""coordinates"":[]}"
2019_08_05,32.00884885633132,,,,Chennai,2019-08-05,"{""type"":""MultiPoint"",""coordinates"":[]}"
2019_08_13,32.255799845965676,,,,Chennai,2019-08-13,"{""type"":""MultiPoint"",""coordinates"":[]}"
2019_08_21,33.8887315716273,34.36000000000003,,0.4712684283727313,Chennai,2019-08-21,"{""type"":""MultiPoint"",""coordinates"":[]}"
2019_08_29,32.316000000000024,35.1566666666667,25.53333333333337,2.840666666666678,Chennai,2019-08-29,"{""type"":""MultiPoint"",""coordinates"":[]}"
2019_09_06,34.02333764367819,37.839581589958186,,3.8162439462799966,Chennai,2019-09-06,"{""type"":""MultiPoint"",""coordinates"":[]}"
2019_09_14,36.13828319545925,36.07499247797123,25.02563937244791,-0.06329071748802306,Chennai,2019-09-14,"{""type"":""MultiPoint"",""coordinates"":[]}"
2019_09_22,31.930495468277986,34.90086374133952,25.70784929356362,2.970368273061535,Chennai,2019-09-22,"{""type"":""MultiPoint"",""coordinates"":[]}"
2019_09_30,32.35290718259992,33.808515261251976,25.580103466114878,1.4556080786520553,Chennai,2019-09-30,"{""type"":""MultiPoint"",""coordinates"":[]}"
2019_10_08,34.24150003706409,34.51015710026974,25.360008990678114,0.2686570632056444,Chennai,2019-10-08,"{""type"":""MultiPoint"",""coordinates"":[]}"
2019_10_16,,,,,Chennai,2019-10-16,"{""type"":""MultiPoint"",""coordinates"":[]}"
2019_10_24,,,,,Chennai,2019-10-24,"{""type"":""MultiPoint"",""coordinates"":[]}"
2019_11_01,31.443901397250173,32.044298631574726,24.906457433496172,0.6003972343245536,Chennai,2019-11-01,"{""type"":""MultiPoint"",""coordinates"":[]}"
2019_11_09,31.12612403384073,30.460460407531627,24.893461439257184,-0.6656636263091009,Chennai,2019-11-09,"{""type"":""MultiPoint"",""coordinates"":[]}"
2019_11_17,30.36471604118236,29.27747939560443,22.280000000000026,-1.0872366455779279,Chennai,2019-11-17,"{""type"":""MultiPoint"",""coordinates"":[]}"
2019_11_25,28.800847070903,,,,Chennai,2019-11-25,"{""type"":""MultiPoint"",""coordinates"":[]}"
2019_12_03,28.118367960897253,29.621038090867394,23.109129876089977,1.5026701299701415,Chennai,2019-12-03,"{""type"":""MultiPoint"",""coordinates"":[]}"
2019_12_11,27.911606013548525,25.219263456090694,23.357025495750744,-2.692342557457831,Chennai,2019-12-11,"{""type"":""MultiPoint"",""coordinates"":[]}"
2019_12_19,25.93257073395909,26.86051449765684,21.834209708543245,0.9279437636977512,Chennai,2019-12-19,"{""type"":""MultiPoint"",""coordinates"":[]}"
2019_12_27,29.001404323594024,29.67301348136402,23.791254400000035,0.6716091577699963,Chennai,2019-12-27,"{""type"":""MultiPoint"",""coordinates"":[]}"
2020_01_01,28.52814806110459,28.510159616919417,24.146179835062547,-0.017988444185174757,Chennai,2020-01-01,"{""type"":""MultiPoint"",""coordinates"":[]}"
2020_01_09,28.868886295068602,28.8079433393611,22.587411693791474,-0.06094295570750319,Chennai,2020-01-09,"{""type"":""MultiPoint"",""coordinates"":[]}"
2020_01_17,29.951494875583407,30.142115143929946,23.69352170982963,0.19062026834653878,Chennai,2020-01-17,"{""type"":""MultiPoint"",""coordinates"":[]}"
2020_01_25,31.903431323195974,31.951030486913336,23.649949554028385,0.04759916371736139,Chennai,2020-01-25,"{""type"":""MultiPoint"",""coordinates"":[]}"
2020_02_02,32.71345737779533,32.887976528040355,23.705902646502878,0.1745191502450254,Chennai,2020-02-02,"{""type"":""MultiPoint"",""coordinates"":[]}"
2020_02_10,34.5929944549435,34.322580130077554,23.49247341979207,-0.2704143248659463,Chennai,2020-02-10,"{""type"":""MultiPoint"",""coordinates"":[]}"
2020_02_18,33.204140520794546,32.62837626927418,23.577149304249744,-0.5757642515203685,Chennai,2020-02-18,"{""type"":""MultiPoint"",""coordinates"":[]}"
2020_02_26,33.72667385344078,32.72058700555652,25.166118171315436,-1.0060868478842622,Chennai,2020-02-26,"{""type"":""MultiPoint"",""coordinates"":[]}"
2020_03_05,34.25768519574095,32.97027810885978,25.907131505760862,-1.2874070868811671,Chennai,2020-03-05,"{""type"":""MultiPoint"",""coordinates"":[]}"
2020_03_13,36.31595235141348,36.23603350556942,26.142001930950663,-0.0799188458440625,Chennai,2020-03-13,"{""type"":""MultiPoint"",""coordinates"":[]}"
2020_03_21,36.981113599209884,36.371694017055965,26.01950012246446,-0.6094195821539188,Chennai,2020-03-21,"{""type"":""MultiPoint"",""coordinates"":[]}"
2020_03_29,37.90271965895481,37.78953085352329,26.837474390541903,-0.11318880543151977,Chennai,2020-03-29,"{""type"":""MultiPoint"",""coordinates"":[]}"
2020_04_06,37.749301680851474,37.70397170455657,26.742424626792882,-0.04532997629490154,Chennai,2020-04-06,"{""type"":""MultiPoint"",""coordinates"":[]}"
2020_04_14,36.947467295092515,37.32255531559432,27.928988223788792,0.37508802050180634,Chennai,2020-04-14,"{""type"":""MultiPoint"",""coordinates"":[]}"
2020_04_22,35.930909348017785,36.40314060446782,26.620039421813438,0.47223125645003705,Chennai,2020-04-22,"{""type"":""MultiPoint"",""coordinates"":[]}"
2020_04_30,37.971870421852884,38.119801894085846,27.151710958639363,0.14793147223296188,Chennai,2020-04-30,"{""type"":""MultiPoint"",""coordinates"":[]}"
2020_05_08,37.527320306407994,,,,Chennai,2020-05-08,"{""type"":""MultiPoint"",""coordinates"":[]}"
2020_05_16,38.363099045582295,37.2284623389237,27.09649300195984,-1.134636706658597,Chennai,2020-05-16,"{""type"":""MultiPoint"",""coordinates"":[]}"
2020_05_24,39.8126602960494,39.4521144981413,27.802008921933112,-0.3605457979081024,Chennai,2020-05-24,"{""type"":""MultiPoint"",""coordinates"":[]}"
2020_06_01,41.13865766642687,40.90884802995125,27.378242910859182,-0.22980963647562191,Chennai,2020-06-01,"{""type"":""MultiPoint"",""coordinates"":[]}"
2020_06_09,42.23792052980134,,,,Chennai,2020-06-09,"{""type"":""MultiPoint"",""coordinates"":[]}"
2020_06_17,37.37879310344832,,,,Chennai,2020-06-17,"{""type"":""MultiPoint"",""coordinates"":[]}"
2020_06_25,,,,,Chennai,2020-06-25,"{""type"":""MultiPoint"",""coordinates"":[]}"
2020_07_03,38.436399950760176,39.85273369199732,,1.4163337412371462,Chennai,2020-07-03,"{""type"":""MultiPoint"",""coordinates"":[]}"
2020_07_11,31.20181266404202,,,,Chennai,2020-07-11,"{""type"":""MultiPoint"",""coordinates"":[]}"
2020_07_19,,,,,Chennai,2020-07-19,"{""type"":""MultiPoint"",""coordinates"":[]}"
2020_07_27,33.34998626008336,37.86737517831672,,4.517388918233358,Chennai,2020-07-27,"{""type"":""MultiPoint"",""coordinates"":[]}"
2020_08_04,,,,,Chennai,2020-08-04,"{""type"":""MultiPoint"",""coordinates"":[]}"
2020_08_12,,,,,Chennai,2020-08-12,"{""type"":""MultiPoint"",""coordinates"":[]}"
2020_08_20,,,,,Chennai,2020-08-20,"{""type"":""MultiPoint"",""coordinates"":[]}"
2020_08_28,34.15005350194556,,,,Chennai,2020-08-28,"{""type"":""MultiPoint"",""coordinates"":[]}"
2020_09_05,36.74674044953426,36.560164342629506,25.707903871829128,-0.18657610690475224,Chennai,2020-09-05,"{""type"":""MultiPoint"",""coordinates"":[]}"
2020_09_13,28.22196721311479,,,,Chennai,2020-09-13,"{""type"":""MultiPoint"",""coordinates"":[]}"
2020_09_21,34.544948102329705,36.041144804226,26.545724021129917,1.4961967018962952,Chennai,2020-09-21,"{""type"":""MultiPoint"",""coordinates"":[]}"
2020_09_29,33.25208505402731,33.34601081394229,26.177509124263807,0.0939257599149812,Chennai,2020-09-29,"{""type"":""MultiPoint"",""coordinates"":[]}"
2020_10_07,33.112748865239816,32.31389193007243,26.879535581847108,-0.798856935167386,Chennai,2020-10-07,"{""type"":""MultiPoint"",""coordinates"":[]}"
2020_10_15,33.03082473017364,29.816780238500893,,-3.214044491672748,Chennai,2020-10-15,"{""type"":""MultiPoint"",""coordinates"":[]}"
2020_10_23,31.618049575015444,31.89698719558123,25.183511800150654,0.2789376205657845,Chennai,2020-10-23,"{""type"":""MultiPoint"",""coordinates"":[]}"
2020_10_31,30.989381227970945,31.247445214156745,23.852558559529925,0.2580639861857996,Chennai,2020-10-31,"{""type"":""MultiPoint"",""coordinates"":[]}"
2020_11_08,29.16508436764828,31.11045977011498,24.3975095785441,1.9453754024666985,Chennai,2020-11-08,"{""type"":""MultiPoint"",""coordinates"":[]}"
2020_11_16,28.39260720941264,28.543473177174395,24.502342772792623,0.15086596776175654,Chennai,2020-11-16,"{""type"":""MultiPoint"",""coordinates"":[]}"
2020_11_24,27.46351692422867,,,,Chennai,2020-11-24,"{""type"":""MultiPoint"",""coordinates"":[]}"
2020_12_02,27.296706643086132,28.6279475353128,24.163144998558685,1.331240892226667,Chennai,2020-12-02,"{""type"":""MultiPoint"",""coordinates"":[]}"
2020_12_10,28.448476800368155,28.519611746156894,22.713204572329545,0.07113494578873869,Chennai,2020-12-10,"{""type"":""MultiPoint"",""coordinates"":[]}"
2020_12_18,28.478555901923034,28.11004650835039,21.75831653865129,-0.36850939357264423,Chennai,2020-12-18,"{""type"":""MultiPoint"",""coordinates"":[]}"
2020_12_26,27.630511437753725,27.188252680382533,22.378901767603622,-0.44225875737119225,Chennai,2020-12-26,"{""type"":""MultiPoint"",""coordinates"":[]}"
2021_01_01,,,,,Chennai,2021-01-01,"{""type"":""MultiPoint"",""coordinates"":[]}"
2021_01_09,28.035725469997452,26.973661344225793,23.861058299294488,-1.0620641257716592,Chennai,2021-01-09,"{""type"":""MultiPoint"",""coordinates"":[]}"
2021_01_17,29.241023588385815,29.2318690564709,22.890037568974318,-0.00915453191491622,Chennai,2021-01-17,"{""type"":""MultiPoint"",""coordinates"":[]}"
2021_01_25,30.700510841853088,30.5217877486369,23.212873069542205,-0.1787230932161883,Chennai,2021-01-25,"{""type"":""MultiPoint"",""coordinates"":[]}"
2021_02_02,30.343931814031475,30.828581407514562,22.527132658399264,0.48464959348308767,Chennai,2021-02-02,"{""type"":""MultiPoint"",""coordinates"":[]}"
2021_02_10,31.963596235758395,31.218769415565603,22.422098744977863,-0.7448268201927917,Chennai,2021-02-10,"{""type"":""MultiPoint"",""coordinates"":[]}"
2021_02_18,33.51689941923032,32.46440866873067,23.42430340557278,-1.0524907504996506,Chennai,2021-02-18,"{""type"":""MultiPoint"",""coordinates"":[]}"
2021_02_26,34.71164231437545,34.94226411045141,24.359227054868025,0.23062179607595823,Chennai,2021-02-26,"{""type"":""MultiPoint"",""coordinates"":[]}"
2021_03_06,35.423673940854364,35.686762553131445,26.010693486657626,0.26308861227708036,Chennai,2021-03-06,"{""type"":""MultiPoint"",""coordinates"":[]}"
2021_03_14,36.37760808738019,35.943609810132756,25.15973434129469,-0.4339982772474329,Chennai,2021-03-14,"{""type"":""MultiPoint"",""coordinates"":[]}"
2021_03_22,35.945788625573456,35.92461990769037,25.651786760521812,-0.02116871788308572,Chennai,2021-03-22,"{""type"":""MultiPoint"",""coordinates"":[]}"
2021_03_30,36.015421572602136,35.965261547941296,27.504989106753833,-0.05016002466084046,Chennai,2021-03-30,"{""type"":""MultiPoint"",""coordinates"":[]}"
2021_04_07,34.189566389429594,34.58659020865964,26.325615621684445,0.3970238192300499,Chennai,2021-04-07,"{""type"":""MultiPoint"",""coordinates"":[]}"
2021_04_15,35.16226114574201,34.53127138152074,27.2506856252435,-0.630989764221269,Chennai,2021-04-15,"{""type"":""MultiPoint"",""coordinates"":[]}"
2021_04_23,38.042525641693125,38.04224798213982,26.87270650867253,-2.776595533049431E-4,Chennai,2021-04-23,"{""type"":""MultiPoint"",""coordinates"":[]}"
2021_05_01,37.643992323216345,35.91632229580576,27.341134657836665,-1.727670027410582,Chennai,2021-05-01,"{""type"":""MultiPoint"",""coordinates"":[]}"
2021_05_09,37.25369832355055,36.23546299883768,27.964908950019396,-1.0182353247128688,Chennai,2021-05-09,"{""type"":""MultiPoint"",""coordinates"":[]}"
2021_05_17,39.744281817700475,38.098246793290606,27.565258386778517,-1.6460350244098692,Chennai,2021-05-17,"{""type"":""MultiPoint"",""coordinates"":[]}"
2021_05_25,36.97765572969603,38.06729813874793,28.299804399323197,1.0896424090518977,Chennai,2021-05-25,"{""type"":""MultiPoint"",""coordinates"":[]}"
2021_06_02,38.90490318698055,39.18571891728869,26.93038377441003,0.28081573030814155,Chennai,2021-06-02,"{""type"":""MultiPoint"",""coordinates"":[]}"
2021_06_10,39.79000000000002,,,,Chennai,2021-06-10,"{""type"":""MultiPoint"",""coordinates"":[]}"
2021_06_18,36.36839798021639,35.307205813408366,27.465661040787648,-1.061192166808027,Chennai,2021-06-18,"{""type"":""MultiPoint"",""coordinates"":[]}"
2021_06_26,36.96728481499429,36.39069183843242,26.60298918569187,-0.5765929765618694,Chennai,2021-06-26,"{""type"":""MultiPoint"",""coordinates"":[]}"
2021_07_04,28.783333333333378,,,,Chennai,2021-07-04,"{""type"":""MultiPoint"",""coordinates"":[]}"
2021_07_12,,,,,Chennai,2021-07-12,"{""type"":""MultiPoint"",""coordinates"":[]}"
2021_07_20,32.79009886644508,32.45978346456696,,-0.33031540187811714,Chennai,2021-07-20,"{""type"":""MultiPoint"",""coordinates"":[]}"
2021_07_28,33.46728335158821,34.531889265043176,,1.0646059134549688,Chennai,2021-07-28,"{""type"":""MultiPoint"",""coordinates"":[]}"
2021_08_05,31.946120554468163,31.690000000000026,25.410000000000025,-0.2561205544681364,Chennai,2021-08-05,"{""type"":""MultiPoint"",""coordinates"":[]}"
2021_08_13,33.22942956521742,,,,Chennai,2021-08-13,"{""type"":""MultiPoint"",""coordinates"":[]}"
2021_08_21,36.09121981809573,38.24830822711475,26.954426419466998,2.1570884090190177,Chennai,2021-08-21,"{""type"":""MultiPoint"",""coordinates"":[]}"
2021_08_29,,,,,Chennai,2021-08-29,"{""type"":""MultiPoint"",""coordinates"":[]}"
2021_09_06,33.372254772439135,34.87431723215782,,1.5020624597186867,Chennai,2021-09-06,"{""type"":""MultiPoint"",""coordinates"":[]}"
2021_09_14,32.57698022706101,26.583333333333353,27.816666666666702,-5.993646893727654,Chennai,2021-09-14,"{""type"":""MultiPoint"",""coordinates"":[]}"
2021_09_22,31.86413793103451,,,,Chennai,2021-09-22,"{""type"":""MultiPoint"",""coordinates"":[]}"
2021_09_30,,28.385000000000034,25.370000000000033,,Chennai,2021-09-30,"{""type"":""MultiPoint"",""coordinates"":[]}"
2021_10_08,32.16365725218981,30.30750000000004,,-1.8561572521897673,Chennai,2021-10-08,"{""type"":""MultiPoint"",""coordinates"":[]}"
2021_10_16,33.02826572925242,32.483388212427855,25.55803978734354,-0.5448775168245632,Chennai,2021-10-16,"{""type"":""MultiPoint"",""coordinates"":[]}"
2021_10_24,31.63183458944866,,,,Chennai,2021-10-24,"{""type"":""MultiPoint"",""coordinates"":[]}"
2021_11_01,,,,,Chennai,2021-11-01,"{""type"":""MultiPoint"",""coordinates"":[]}"
2021_11_09,25.57336070060211,,,,Chennai,2021-11-09,"{""type"":""MultiPoint"",""coordinates"":[]}"
2021_11_17,29.281190583885632,28.520775381979185,,-0.7604152019064472,Chennai,2021-11-17,"{""type"":""MultiPoint"",""coordinates"":[]}"
2021_11_25,28.390932153639756,28.884031638143824,24.369032144584715,0.49309948450406793,Chennai,2021-11-25,"{""type"":""MultiPoint"",""coordinates"":[]}"
2021_12_03,29.041552407502795,29.895338078291825,24.483899591188514,0.8537856707890299,Chennai,2021-12-03,"{""type"":""MultiPoint"",""coordinates"":[]}"
2021_12_11,27.261366273254666,27.452533731589273,22.75987125347618,0.1911674583346077,Chennai,2021-12-11,"{""type"":""MultiPoint"",""coordinates"":[]}"
2021_12_19,29.077850436438407,29.43859736122384,22.464118354221167,0.3607469247854347,Chennai,2021-12-19,"{""type"":""MultiPoint"",""coordinates"":[]}"
2021_12_27,28.75695913406414,29.81520624238559,23.761628473632324,1.0582471083214493,Chennai,2021-12-27,"{""type"":""MultiPoint"",""coordinates"":[]}"
2022_01_01,27.161802167007163,26.97416492329153,22.256863668061396,-0.18763724371563484,Chennai,2022-01-01,"{""type"":""MultiPoint"",""coordinates"":[]}"
2022_01_09,29.01489118288727,29.1955259087394,24.156573859242094,0.18063472585212992,Chennai,2022-01-09,"{""type"":""MultiPoint"",""coordinates"":[]}"
2022_01_17,29.45006162458807,29.54286430501972,23.24409065588315,0.09280268043164952,Chennai,2022-01-17,"{""type"":""MultiPoint"",""coordinates"":[]}"
2022_01_25,29.47209737609679,26.747586282699523,23.792396131017842,-2.7245110933972683,Chennai,2022-01-25,"{""type"":""MultiPoint"",""coordinates"":[]}"
2022_02_02,30.708836517742014,30.837973410884953,23.844905276277558,0.1291368931429382,Chennai,2022-02-02,"{""type"":""MultiPoint"",""coordinates"":[]}"
2022_02_10,30.677279665873616,30.153152528781742,23.366839452431446,-0.5241271370918739,Chennai,2022-02-10,"{""type"":""MultiPoint"",""coordinates"":[]}"
2022_02_18,31.862681796659167,32.070154388242415,24.44488200658355,0.20747259158324738,Chennai,2022-02-18,"{""type"":""MultiPoint"",""coordinates"":[]}"
2022_02_26,33.88281309808548,34.14685365101396,24.287942015575624,0.26404055292848483,Chennai,2022-02-26,"{""type"":""MultiPoint"",""coordinates"":[]}"
2022_03_06,34.3103278429218,34.46565205548749,24.621887779917927,0.15532421256568796,Chennai,2022-03-06,"{""type"":""MultiPoint"",""coordinates"":[]}"
2022_03_14,32.38084793841274,32.347999023480874,24.157430423010364,-0.03284891493186848,Chennai,2022-03-14,"{""type"":""MultiPoint"",""coordinates"":[]}"
2022_03_22,33.82376370811383,33.43174493444579,27.082923957091804,-0.39201877366804183,Chennai,2022-03-22,"{""type"":""MultiPoint"",""coordinates"":[]}"
2022_03_30,34.51861015680219,33.96064078866299,26.974038474703928,-0.5579693681391973,Chennai,2022-03-30,"{""type"":""MultiPoint"",""coordinates"":[]}"
2022_04_07,37.016244542874034,36.488085133689864,26.982557005347626,-0.5281594091841697,Chennai,2022-04-07,"{""type"":""MultiPoint"",""coordinates"":[]}"
2022_04_15,35.0890139793556,34.339413135769604,27.397672521435133,-0.7496008435859949,Chennai,2022-04-15,"{""type"":""MultiPoint"",""coordinates"":[]}"
2022_04_23,36.782828383505304,36.601443253927,27.38339436180175,-0.18138512957830244,Chennai,2022-04-23,"{""type"":""MultiPoint"",""coordinates"":[]}"
2022_05_01,37.05250110794293,36.254613172274965,26.393928674144394,-0.7978879356679656,Chennai,2022-05-01,"{""type"":""MultiPoint"",""coordinates"":[]}"
2022_05_09,,,,,Chennai,2022-05-09,"{""type"":""MultiPoint"",""coordinates"":[]}"
2022_05_17,35.35779171102038,35.64360216091068,26.620278989002532,0.2858104498902989,Chennai,2022-05-17,"{""type"":""MultiPoint"",""coordinates"":[]}"
2022_05_25,36.082109508969246,35.97310419189984,26.98178399456442,-0.10900531706940342,Chennai,2022-05-25,"{""type"":""MultiPoint"",""coordinates"":[]}"
2022_06_02,36.78314437566168,36.830883328435306,27.651973214660604,0.04773895277362783,Chennai,2022-06-02,"{""type"":""MultiPoint"",""coordinates"":[]}"
2022_06_10,38.73521503901551,39.25883145051969,27.805813827383655,0.5236164115041859,Chennai,2022-06-10,"{""type"":""MultiPoint"",""coordinates"":[]}"
2022_06_18,32.26630125161849,29.650000000000016,26.470000000000027,-2.616301251618477,Chennai,2022-06-18,"{""type"":""MultiPoint"",""coordinates"":[]}"
2022_06_26,34.296223527418576,,,,Chennai,2022-06-26,"{""type"":""MultiPoint"",""coordinates"":[]}"
2022_07_04,,,,,Chennai,2022-07-04,"{""type"":""MultiPoint"",""coordinates"":[]}"
2022_07_12,33.66552904963449,29.200000000000045,,-4.465529049634448,Chennai,2022-07-12,"{""type"":""MultiPoint"",""coordinates"":[]}"
2022_07_20,32.16160391198047,28.22333333333337,26.425000000000026,-3.938270578647103,Chennai,2022-07-20,"{""type"":""MultiPoint"",""coordinates"":[]}"
2022_07_28,34.304212135373,34.186909678696345,26.256046051329452,-0.11730245667665429,Chennai,2022-07-28,"{""type"":""MultiPoint"",""coordinates"":[]}"
2022_08_05,34.471531934951706,32.450000000000024,,-2.021531934951682,Chennai,2022-08-05,"{""type"":""MultiPoint"",""coordinates"":[]}"
2022_08_13,34.033206545569946,,,,Chennai,2022-08-13,"{""type"":""MultiPoint"",""coordinates"":[]}"
2022_08_21,33.327099021992396,34.32963370302627,,1.0025346810338718,Chennai,2022-08-21,"{""type"":""MultiPoint"",""coordinates"":[]}"
2022_08_29,35.08316542436408,35.27853219190302,25.78013019439989,0.19536676753893545,Chennai,2022-08-29,"{""type"":""MultiPoint"",""coordinates"":[]}"
2022_09_06,32.990555969950485,,,,Chennai,2022-09-06,"{""type"":""MultiPoint"",""coordinates"":[]}"
2022_09_14,35.78626198262652,35.61139558775822,25.068243892253108,-0.17486639486830313,Chennai,2022-09-14,"{""type"":""MultiPoint"",""coordinates"":[]}"
2022_09_22,36.50735929281351,36.905760903445525,26.192813202138403,0.39840161063201407,Chennai,2022-09-22,"{""type"":""MultiPoint"",""coordinates"":[]}"
2022_09_30,,,,,Chennai,2022-09-30,"{""type"":""MultiPoint"",""coordinates"":[]}"
2022_10_08,,,,,Chennai,2022-10-08,"{""type"":""MultiPoint"",""coordinates"":[]}"
2022_10_16,,,,,Chennai,2022-10-16,"{""type"":""MultiPoint"",""coordinates"":[]}"
2022_10_24,32.289860487875046,32.65545470244136,24.556739914088983,0.3655942145663147,Chennai,2022-10-24,"{""type"":""MultiPoint"",""coordinates"":[]}"
2022_11_01,26.999913610782563,29.985000000000042,,2.9850863892174786,Chennai,2022-11-01,"{""type"":""MultiPoint"",""coordinates"":[]}"
2022_11_09,28.669365183042537,24.010000000000048,,-4.659365183042489,Chennai,2022-11-09,"{""type"":""MultiPoint"",""coordinates"":[]}"
2022_11_17,,,,,Chennai,2022-11-17,"{""type"":""MultiPoint"",""coordinates"":[]}"
2022_11_25,27.84219616343275,28.62530559408232,23.624056403143808,0.7831094306495707,Chennai,2022-11-25,"{""type"":""MultiPoint"",""coordinates"":[]}"
2022_12_03,28.87313229187267,31.28000000000003,,2.4068677081273613,Chennai,2022-12-03,"{""type"":""MultiPoint"",""coordinates"":[]}"
2022_12_11,26.278950378304025,27.434010462075,23.32360069747169,1.1550600837709766,Chennai,2022-12-11,"{""type"":""MultiPoint"",""coordinates"":[]}"
2022_12_19,27.28761955032989,27.407139622641537,20.76977637260953,0.11952007231164785,Chennai,2022-12-19,"{""type"":""MultiPoint"",""coordinates"":[]}"
2022_12_27,28.66788463391016,29.316006891965444,24.444516655583115,0.6481222580552846,Chennai,2022-12-27,"{""type"":""MultiPoint"",""coordinates"":[]}"
2023_01_01,28.078260312243245,27.505189725627588,24.01881494454177,-0.5730705866156569,Chennai,2023-01-01,"{""type"":""MultiPoint"",""coordinates"":[]}"
2023_01_09,28.344717065167053,28.50375972980819,21.81684239689704,0.15904266464113803,Chennai,2023-01-09,"{""type"":""MultiPoint"",""coordinates"":[]}"
2023_01_17,29.759735162638975,27.97808036529683,22.26807123287674,-1.7816547973421457,Chennai,2023-01-17,"{""type"":""MultiPoint"",""coordinates"":[]}"
2023_01_25,29.951893808370862,30.25274750390956,23.588484301696163,0.3008536955386987,Chennai,2023-01-25,"{""type"":""MultiPoint"",""coordinates"":[]}"
2023_02_02,30.59524116734897,30.687337401638025,23.458911193190975,0.09209623428905545,Chennai,2023-02-02,"{""type"":""MultiPoint"",""coordinates"":[]}"
2023_02_10,32.509038673365964,32.162984712626795,23.111272232838477,-0.3460539607391695,Chennai,2023-02-10,"{""type"":""MultiPoint"",""coordinates"":[]}"
2023_02_18,33.44435390641121,33.13851914861444,24.229606442100515,-0.3058347577967666,Chennai,2023-02-18,"{""type"":""MultiPoint"",""coordinates"":[]}"
2023_02_26,34.35472027826203,34.391431758034045,24.414394328922516,0.036711479772016276,Chennai,2023-02-26,"{""type"":""MultiPoint"",""coordinates"":[]}"
2023_03_06,34.60619648280368,34.691615963523155,24.927396121883685,0.08541948071947303,Chennai,2023-03-06,"{""type"":""MultiPoint"",""coordinates"":[]}"
2023_03_14,32.93643912908799,28.240000000000038,25.980000000000018,-4.696439129087949,Chennai,2023-03-14,"{""type"":""MultiPoint"",""coordinates"":[]}"
2023_03_22,33.138986441292325,33.56250208777955,26.58233135380905,0.42351564648722473,Chennai,2023-03-22,"{""type"":""MultiPoint"",""coordinates"":[]}"
2023_03_30,33.33969387372763,33.27090671708989,26.827156491986337,-0.0687871566377396,Chennai,2023-03-30,"{""type"":""MultiPoint"",""coordinates"":[]}"
2023_04_07,36.85369330956864,36.516682729255386,26.525497351749944,-0.3370105803132546,Chennai,2023-04-07,"{""type"":""MultiPoint"",""coordinates"":[]}"
2023_04_15,36.7833419025317,36.2035028508369,27.616260805591327,-0.5798390516948047,Chennai,2023-04-15,"{""type"":""MultiPoint"",""coordinates"":[]}"
2023_04_23,35.86327873142143,36.73391729216828,26.25396544398813,0.8706385607468476,Chennai,2023-04-23,"{""type"":""MultiPoint"",""coordinates"":[]}"
2023_05_01,,,,,Chennai,2023-05-01,"{""type"":""MultiPoint"",""coordinates"":[]}"
2023_05_09,37.84306955206088,37.70857702970945,25.432621891969152,-0.1344925223514295,Chennai,2023-05-09,"{""type"":""MultiPoint"",""coordinates"":[]}"
2023_05_17,35.47747087747801,35.159196395506726,27.606174546352317,-0.3182744819712866,Chennai,2023-05-17,"{""type"":""MultiPoint"",""coordinates"":[]}"
2023_05_25,36.09176035094624,36.00306793842996,24.25268035357859,-0.08869241251628068,Chennai,2023-05-25,"{""type"":""MultiPoint"",""coordinates"":[]}"
2023_06_02,37.97601189599423,38.52709661728943,28.150842963970113,0.5510847212951973,Chennai,2023-06-02,"{""type"":""MultiPoint"",""coordinates"":[]}"
2023_06_10,35.85738253302829,35.44382253646733,,-0.4135599965609629,Chennai,2023-06-10,"{""type"":""MultiPoint"",""coordinates"":[]}"
2023_06_18,,,,,Chennai,2023-06-18,"{""type"":""MultiPoint"",""coordinates"":[]}"
2023_06_26,34.32332393222659,28.06000000000003,,-6.263323932226562,Chennai,2023-06-26,"{""type"":""MultiPoint"",""coordinates"":[]}"
2023_07_04,32.23220344599076,,,,Chennai,2023-07-04,"{""type"":""MultiPoint"",""coordinates"":[]}"
2023_07_12,30.16776012850262,34.73000000000002,,4.562239871497397,Chennai,2023-07-12,"{""type"":""MultiPoint"",""coordinates"":[]}"
2023_07_20,31.355000000000018,,,,Chennai,2023-07-20,"{""type"":""MultiPoint"",""coordinates"":[]}"
2023_07_28,32.879307588291475,33.456946308724866,26.368398437500037,0.5776387204333915,Chennai,2023-07-28,"{""type"":""MultiPoint"",""coordinates"":[]}"
2023_08_05,36.63353632951651,36.85467888997043,23.232903225806485,0.2211425604539201,Chennai,2023-08-05,"{""type"":""MultiPoint"",""coordinates"":[]}"
2023_08_13,31.01391669332847,,,,Chennai,2023-08-13,"{""type"":""MultiPoint"",""coordinates"":[]}"
2023_08_21,31.097015159435472,,,,Chennai,2023-08-21,"{""type"":""MultiPoint"",""coordinates"":[]}"
2023_08_29,33.36488183766074,34.072454873646244,26.903333333333347,0.7075730359855044,Chennai,2023-08-29,"{""type"":""MultiPoint"",""coordinates"":[]}"
2023_09_06,33.44833251788884,34.563365404727065,26.009828815977208,1.1150328868382218,Chennai,2023-09-06,"{""type"":""MultiPoint"",""coordinates"":[]}"
2023_09_14,31.703333333333376,,,,Chennai,2023-09-14,"{""type"":""MultiPoint"",""coordinates"":[]}"
2023_09_22,31.251366721501252,32.680527563722606,26.765206876111474,1.4291608422213535,Chennai,2023-09-22,"{""type"":""MultiPoint"",""coordinates"":[]}"
2023_09_30,32.36658403934249,32.80224154319266,27.110760413754548,0.435657503850166,Chennai,2023-09-30,"{""type"":""MultiPoint"",""coordinates"":[]}"
2023_10_08,33.53285065114997,32.14785809906293,27.4077324683349,-1.3849925520870414,Chennai,2023-10-08,"{""type"":""MultiPoint"",""coordinates"":[]}"
2023_10_16,31.29529381483884,30.620318901795166,26.32280675818377,-0.6749749130436733,Chennai,2023-10-16,"{""type"":""MultiPoint"",""coordinates"":[]}"
2023_10_24,33.21760187891583,33.6149637782372,25.10460975473493,0.3973618993213677,Chennai,2023-10-24,"{""type"":""MultiPoint"",""coordinates"":[]}"
2023_11_01,29.188985014985047,29.110000000000014,,-0.07898501498503308,Chennai,2023-11-01,"{""type"":""MultiPoint"",""coordinates"":[]}"
2023_11_09,,,,,Chennai,2023-11-09,"{""type"":""MultiPoint"",""coordinates"":[]}"
2023_11_17,27.139417971750106,26.242411448002297,23.230623406064066,-0.8970065237478089,Chennai,2023-11-17,"{""type"":""MultiPoint"",""coordinates"":[]}"
2023_11_25,29.004722408525257,,,,Chennai,2023-11-25,"{""type"":""MultiPoint"",""coordinates"":[]}"
2023_12_03,26.374229195088706,23.450000000000045,23.480000000000018,-2.9242291950886603,Chennai,2023-12-03,"{""type"":""MultiPoint"",""coordinates"":[]}"
2023_12_11,27.131158482074056,27.82524398712205,22.546704753487816,0.6940855050479939,Chennai,2023-12-11,"{""type"":""MultiPoint"",""coordinates"":[]}"
2023_12_19,27.593360458763122,28.36487824091518,22.853479124567613,0.7715177821520562,Chennai,2023-12-19,"{""type"":""MultiPoint"",""coordinates"":[]}"
2023_12_27,27.334667887317725,27.07017308801851,23.18213539329447,-0.2644947992992144,Chennai,2023-12-27,"{""type"":""MultiPoint"",""coordinates"":[]}"
2024_01_01,,,,,Chennai,2024-01-01,"{""type"":""MultiPoint"",""coordinates"":[]}"
2024_01_09,27.79476888784611,29.210000000000036,23.902000000000033,1.4152311121539256,Chennai,2024-01-09,"{""type"":""MultiPoint"",""coordinates"":[]}"
2024_01_17,29.21084967243392,29.20507172001854,24.015917637656184,-0.0057779524153787065,Chennai,2024-01-17,"{""type"":""MultiPoint"",""coordinates"":[]}"
2024_01_25,30.036265240009897,29.728936651583723,23.783932010674114,-0.3073285884261736,Chennai,2024-01-25,"{""type"":""MultiPoint"",""coordinates"":[]}"
2024_02_02,29.73519203856326,29.10955502896265,24.608039757767266,-0.6256370096006094,Chennai,2024-02-02,"{""type"":""MultiPoint"",""coordinates"":[]}"
2024_02_10,30.132960086018727,30.97246230673201,24.91596754057431,0.8395022207132818,Chennai,2024-02-10,"{""type"":""MultiPoint"",""coordinates"":[]}"
2024_02_18,32.51014295170567,32.391860066679044,25.301189109094285,-0.11828288502662332,Chennai,2024-02-18,"{""type"":""MultiPoint"",""coordinates"":[]}"
2024_02_26,32.64091296193482,33.46361976727245,25.497972272528596,0.8227068053376243,Chennai,2024-02-26,"{""type"":""MultiPoint"",""coordinates"":[]}"
2024_03_05,33.45746254337363,33.929733722824565,25.942028163211827,0.4722711794509351,Chennai,2024-03-05,"{""type"":""MultiPoint"",""coordinates"":[]}"
2024_03_13,32.70904514305106,33.00286745042639,26.676818709319356,0.2938223073753363,Chennai,2024-03-13,"{""type"":""MultiPoint"",""coordinates"":[]}"
2024_03_21,33.330710011082395,33.46470924581169,26.987591629023996,0.13399923472929487,Chennai,2024-03-21,"{""type"":""MultiPoint"",""coordinates"":[]}"
2024_03_29,35.38694513291752,35.76592436091088,27.915992619644,0.37897922799336214,Chennai,2024-03-29,"{""type"":""MultiPoint"",""coordinates"":[]}"
2024_04_06,36.53863160971274,36.618936736337226,27.318256835766572,0.08030512662448785,Chennai,2024-04-06,"{""type"":""MultiPoint"",""coordinates"":[]}"
2024_04_14,36.18744712813224,35.50378923194695,28.064079101811696,-0.6836578961852879,Chennai,2024-04-14,"{""type"":""MultiPoint"",""coordinates"":[]}"
2024_04_22,37.00738814622768,36.90117732766938,28.62925383242015,-0.10621081855830283,Chennai,2024-04-22,"{""type"":""MultiPoint"",""coordinates"":[]}"
2024_04_30,37.08316969585821,36.3036686540657,27.891576810858812,-0.779501041792507,Chennai,2024-04-30,"{""type"":""MultiPoint"",""coordinates"":[]}"
2024_05_08,,,,,Chennai,2024-05-08,"{""type"":""MultiPoint"",""coordinates"":[]}"
2024_05_16,,,,,Chennai,2024-05-16,"{""type"":""MultiPoint"",""coordinates"":[]}"
2024_05_24,37.736198067202224,36.43481922359424,28.876856178377935,-1.301378843607985,Chennai,2024-05-24,"{""type"":""MultiPoint"",""coordinates"":[]}"
2024_06_01,34.20979370809699,,,,Chennai,2024-06-01,"{""type"":""MultiPoint"",""coordinates"":[]}"
2024_06_09,35.71985938272165,35.16655564206826,,-0.5533037406533907,Chennai,2024-06-09,"{""type"":""MultiPoint"",""coordinates"":[]}"
2024_06_17,33.44339807321776,30.03000000000003,,-3.413398073217728,Chennai,2024-06-17,"{""type"":""MultiPoint"",""coordinates"":[]}"
2024_06_25,35.08522927311688,32.638759711431774,,-2.446469561685106,Chennai,2024-06-25,"{""type"":""MultiPoint"",""coordinates"":[]}"
2024_07_03,32.087320220036695,29.29000000000002,,-2.7973202200366742,Chennai,2024-07-03,"{""type"":""MultiPoint"",""coordinates"":[]}"
2024_07_11,32.350241842990854,31.612957778974124,,-0.7372840640167304,Chennai,2024-07-11,"{""type"":""MultiPoint"",""coordinates"":[]}"
2024_07_19,28.641886792452862,,,,Chennai,2024-07-19,"{""type"":""MultiPoint"",""coordinates"":[]}"
2024_07_27,31.608871610332884,27.947142857142897,,-3.661728753189987,Chennai,2024-07-27,"{""type"":""MultiPoint"",""coordinates"":[]}"
2024_08_04,27.423352545629236,,,,Chennai,2024-08-04,"{""type"":""MultiPoint"",""coordinates"":[]}"
2024_08_12,29.643851468048386,,,,Chennai,2024-08-12,"{""type"":""MultiPoint"",""coordinates"":[]}"
2024_08_20,33.58427433655852,36.56000000000003,27.650000000000006,2.9757256634415086,Chennai,2024-08-20,"{""type"":""MultiPoint"",""coordinates"":[]}"
2024_08_28,32.66698210274619,29.591964886066528,,-3.0750172166796617,Chennai,2024-08-28,"{""type"":""MultiPoint"",""coordinates"":[]}"
2024_09_05,31.17989073097214,,,,Chennai,2024-09-05,"{""type"":""MultiPoint"",""coordinates"":[]}"
2024_09_13,34.61338037718792,34.31497012064496,25.46915829027715,-0.29841025654296516,Chennai,2024-09-13,"{""type"":""MultiPoint"",""coordinates"":[]}"
2024_09_21,31.602518556176953,29.68500000000003,,-1.9175185561769226,Chennai,2024-09-21,"{""type"":""MultiPoint"",""coordinates"":[]}"
2024_09_29,32.77598503141802,32.90670489398589,26.69801440192028,0.13071986256787227,Chennai,2024-09-29,"{""type"":""MultiPoint"",""coordinates"":[]}"
2024_10_07,29.188680597014958,,,,Chennai,2024-10-07,"{""type"":""MultiPoint"",""coordinates"":[]}"
2024_10_15,29.702474083929275,29.104358372457,26.409436619718342,-0.5981157114722748,Chennai,2024-10-15,"{""type"":""MultiPoint"",""coordinates"":[]}"
2024_10_23,31.242158438090065,31.35441219612371,27.108245682658314,0.11225375803364557,Chennai,2024-10-23,"{""type"":""MultiPoint"",""coordinates"":[]}"
2024_10_31,29.560237307152903,26.26000000000003,25.936666666666696,-3.300237307152873,Chennai,2024-10-31,"{""type"":""MultiPoint"",""coordinates"":[]}"
2024_11_08,27.180086550729328,25.680175639011882,25.45512209053266,-1.4999109117174463,Chennai,2024-11-08,"{""type"":""MultiPoint"",""coordinates"":[]}"
2024_11_16,27.22747193477581,26.933972602739757,23.384892367906087,-0.2934993320360526,Chennai,2024-11-16,"{""type"":""MultiPoint"",""coordinates"":[]}"
2024_11_24,,,,,Chennai,2024-11-24,"{""type"":""MultiPoint"",""coordinates"":[]}"
2024_12_02,26.757231024423756,25.345000000000027,24.15000000000002,-1.412231024423729,Chennai,2024-12-02,"{""type"":""MultiPoint"",""coordinates"":[]}"
2024_12_10,25.38941601668088,26.03181818181822,23.79545454545457,0.6424021651373408,Chennai,2024-12-10,"{""type"":""MultiPoint"",""coordinates"":[]}"
2024_12_18,28.08452903910086,28.617164311464997,23.289941778643186,0.5326352723641357,Chennai,2024-12-18,"{""type"":""MultiPoint"",""coordinates"":[]}"
2024_12_26,26.927181821025336,27.77888888888892,24.35000000000004,0.8517070678635825,Chennai,2024-12-26,"{""type"":""MultiPoint"",""coordinates"":[]}"
