system:index,LST_Day_Rural,LST_Day_Urban,LST_Night_Urban,UHI_Index,city,date,.geo
2000_02_18,,,,,Delhi,2000-02-18,"{""type"":""MultiPoint"",""coordinates"":[]}"
2000_02_26,24.168191520461946,25.28947984303443,10.190782859954906,1.121288322572486,Delhi,2000-02-26,"{""type"":""MultiPoint"",""coordinates"":[]}"
2000_03_05,23.923777599259488,24.965185812939115,11.73060442394788,1.0414082136796274,Delhi,2000-03-05,"{""type"":""MultiPoint"",""coordinates"":[]}"
2000_03_13,27.06494085615211,28.490016749910886,12.254920974480974,1.4250758937587769,Delhi,2000-03-13,"{""type"":""MultiPoint"",""coordinates"":[]}"
2000_03_21,29.21081713569026,30.07933679159537,15.133883796777967,0.8685196559051107,Delhi,2000-03-21,"{""type"":""MultiPoint"",""coordinates"":[]}"
2000_03_29,34.48782539554748,35.51805975015903,16.24004699583447,1.0302343546115509,Delhi,2000-03-29,"{""type"":""MultiPoint"",""coordinates"":[]}"
2000_04_06,39.578835241428635,40.47976049293858,17.699497826107635,0.9009252515099462,Delhi,2000-04-06,"{""type"":""MultiPoint"",""coordinates"":[]}"
2000_04_14,39.01750948597439,39.64287626216545,20.82736627017013,0.6253667761910648,Delhi,2000-04-14,"{""type"":""MultiPoint"",""coordinates"":[]}"
2000_04_22,39.080115440307324,38.87945326985987,20.248454583057907,-0.20066217044745116,Delhi,2000-04-22,"{""type"":""MultiPoint"",""coordinates"":[]}"
2000_04_30,42.04312863370962,42.12391420399499,23.33847929374991,0.08078557028537148,Delhi,2000-04-30,"{""type"":""MultiPoint"",""coordinates"":[]}"
2000_05_08,39.18845558820524,38.374218520618044,23.19862730562947,-0.814237067587193,Delhi,2000-05-08,"{""type"":""MultiPoint"",""coordinates"":[]}"
2000_05_16,39.65734127199757,39.94343385048385,23.174332047150873,0.2860925784862758,Delhi,2000-05-16,"{""type"":""MultiPoint"",""coordinates"":[]}"
2000_05_24,38.12936819294092,36.80357176375948,24.477911778507767,-1.3257964291814446,Delhi,2000-05-24,"{""type"":""MultiPoint"",""coordinates"":[]}"
2000_06_01,34.44189433155169,34.03820369799122,21.76227337685649,-0.40369063356046553,Delhi,2000-06-01,"{""type"":""MultiPoint"",""coordinates"":[]}"
2000_06_09,29.664098923151627,30.573086937901525,23.233131477516086,0.9089880147498981,Delhi,2000-06-09,"{""type"":""MultiPoint"",""coordinates"":[]}"
2000_06_17,33.82704260634172,36.54610554305585,22.13061403149933,2.7190629367141312,Delhi,2000-06-17,"{""type"":""MultiPoint"",""coordinates"":[]}"
2000_06_25,29.965555555555586,,,,Delhi,2000-06-25,"{""type"":""MultiPoint"",""coordinates"":[]}"
2000_07_03,35.482271287078575,37.42319279102914,25.00116209821073,1.9409215039505625,Delhi,2000-07-03,"{""type"":""MultiPoint"",""coordinates"":[]}"
2000_07_11,,,,,Delhi,2000-07-11,"{""type"":""MultiPoint"",""coordinates"":[]}"
2000_07_19,,,,,Delhi,2000-07-19,"{""type"":""MultiPoint"",""coordinates"":[]}"
2000_07_27,25.894390243902468,28.88548387096778,23.907419354838744,2.991093627065311,Delhi,2000-07-27,"{""type"":""MultiPoint"",""coordinates"":[]}"
2000_08_04,34.156796470911345,35.50727840021987,22.349488712223355,1.350481929308522,Delhi,2000-08-04,"{""type"":""MultiPoint"",""coordinates"":[]}"
2000_08_12,,,,,Delhi,2000-08-12,"{""type"":""MultiPoint"",""coordinates"":[]}"
2000_08_20,30.422845754256052,28.910000000000025,26.950000000000045,-1.512845754256027,Delhi,2000-08-20,"{""type"":""MultiPoint"",""coordinates"":[]}"
2000_08_28,27.156943413355172,27.85361550432487,20.929091150677664,0.6966720909696988,Delhi,2000-08-28,"{""type"":""MultiPoint"",""coordinates"":[]}"
2000_09_05,30.311029663628798,31.66334974110006,22.530922898131617,1.352320077471262,Delhi,2000-09-05,"{""type"":""MultiPoint"",""coordinates"":[]}"
2000_09_13,34.44837644608711,35.80664493498304,23.51246464349208,1.3582684888959307,Delhi,2000-09-13,"{""type"":""MultiPoint"",""coordinates"":[]}"
2000_09_21,33.368695693709384,34.13468684465701,22.02567772340866,0.7659911509476274,Delhi,2000-09-21,"{""type"":""MultiPoint"",""coordinates"":[]}"
2000_09_29,36.3140874154603,37.04233576849433,22.568829467811042,0.7282483530340329,Delhi,2000-09-29,"{""type"":""MultiPoint"",""coordinates"":[]}"
2000_10_07,35.24841922076923,35.841140413767405,20.78863302171933,0.5927211929981766,Delhi,2000-10-07,"{""type"":""MultiPoint"",""coordinates"":[]}"
2000_10_15,36.138925315188,36.6273420647152,19.54314947973151,0.4884167495272038,Delhi,2000-10-15,"{""type"":""MultiPoint"",""coordinates"":[]}"
2000_10_23,33.98691144943678,34.210024186098515,18.20852154668103,0.22311273666173292,Delhi,2000-10-23,"{""type"":""MultiPoint"",""coordinates"":[]}"
2000_10_31,32.455155932205855,32.284739881348656,16.414033240097783,-0.1704160508571988,Delhi,2000-10-31,"{""type"":""MultiPoint"",""coordinates"":[]}"
2000_11_08,31.19758939710424,31.100499417842002,13.724821007216942,-0.09708997926223972,Delhi,2000-11-08,"{""type"":""MultiPoint"",""coordinates"":[]}"
2000_11_16,29.061564714003392,28.987187723856348,13.10346950130482,-0.07437699014704435,Delhi,2000-11-16,"{""type"":""MultiPoint"",""coordinates"":[]}"
2000_11_24,26.24577052293424,26.819085115783555,8.471691815890079,0.5733145928493144,Delhi,2000-11-24,"{""type"":""MultiPoint"",""coordinates"":[]}"
2000_12_02,26.015550422299416,26.27993232335641,7.313239047955932,0.2643819010569928,Delhi,2000-12-02,"{""type"":""MultiPoint"",""coordinates"":[]}"
2000_12_10,24.934315559474847,25.271781380193005,7.30202944460079,0.3374658207181582,Delhi,2000-12-10,"{""type"":""MultiPoint"",""coordinates"":[]}"
2000_12_18,23.385693695379008,23.32611723802246,6.700965440511824,-0.05957645735654893,Delhi,2000-12-18,"{""type"":""MultiPoint"",""coordinates"":[]}"
2000_12_26,20.608563200113082,20.833631484397568,7.567903258000876,0.225068284284486,Delhi,2000-12-26,"{""type"":""MultiPoint"",""coordinates"":[]}"
2001_01_01,17.150000000000034,17.150000000000034,6.670000000000016,0.0,Delhi,2001-01-01,"{""type"":""MultiPoint"",""coordinates"":[]}"
2001_01_09,16.41056970430205,15.913833320953733,4.581160959667261,-0.49673638334831516,Delhi,2001-01-09,"{""type"":""MultiPoint"",""coordinates"":[]}"
2001_01_17,18.605798881188363,18.771471264534927,7.308191414778096,0.1656723833465641,Delhi,2001-01-17,"{""type"":""MultiPoint"",""coordinates"":[]}"
2001_01_25,20.331107879943378,20.425254918339107,7.1320270371266234,0.0941470383957288,Delhi,2001-01-25,"{""type"":""MultiPoint"",""coordinates"":[]}"
2001_02_02,20.890382810364255,21.54277742939302,7.082692121111786,0.6523946190287653,Delhi,2001-02-02,"{""type"":""MultiPoint"",""coordinates"":[]}"
2001_02_10,23.07558544855863,23.350517563598927,8.658749837903832,0.274932115040297,Delhi,2001-02-10,"{""type"":""MultiPoint"",""coordinates"":[]}"
2001_02_18,24.395548400270076,25.05287155539034,12.266177928358225,0.6573231551202632,Delhi,2001-02-18,"{""type"":""MultiPoint"",""coordinates"":[]}"
2001_02_26,23.349511712604176,24.351056237083807,9.91600801214542,1.0015445244796304,Delhi,2001-02-26,"{""type"":""MultiPoint"",""coordinates"":[]}"
2001_03_06,27.540457858025103,28.777974956295612,12.368490059763454,1.2375170982705086,Delhi,2001-03-06,"{""type"":""MultiPoint"",""coordinates"":[]}"
2001_03_14,28.912118229266323,29.808197083939188,13.980063197222073,0.8960788546728651,Delhi,2001-03-14,"{""type"":""MultiPoint"",""coordinates"":[]}"
2001_03_22,29.78018811258739,30.812857055648376,15.124300070203212,1.0326689430609868,Delhi,2001-03-22,"{""type"":""MultiPoint"",""coordinates"":[]}"
2001_03_30,31.758469195755605,32.28741985147414,15.355072551033766,0.5289506557185355,Delhi,2001-03-30,"{""type"":""MultiPoint"",""coordinates"":[]}"
2001_04_07,35.376527092191566,35.69906100525101,18.18189568142261,0.3225339130594449,Delhi,2001-04-07,"{""type"":""MultiPoint"",""coordinates"":[]}"
2001_04_15,35.48080247846911,36.415249962125245,18.10030542776967,0.9344474836561361,Delhi,2001-04-15,"{""type"":""MultiPoint"",""coordinates"":[]}"
2001_04_23,42.36758396045487,42.32882411775504,21.997453509333948,-0.03875984269983235,Delhi,2001-04-23,"{""type"":""MultiPoint"",""coordinates"":[]}"
2001_05_01,41.0809081074508,40.2902215079711,23.409328466039533,-0.7906865994797059,Delhi,2001-05-01,"{""type"":""MultiPoint"",""coordinates"":[]}"
2001_05_09,39.1191685450303,38.82458298726378,25.628009003230765,-0.29458555776651707,Delhi,2001-05-09,"{""type"":""MultiPoint"",""coordinates"":[]}"
2001_05_17,37.497986394235866,38.04922442978536,20.761307180868407,0.5512380355494955,Delhi,2001-05-17,"{""type"":""MultiPoint"",""coordinates"":[]}"
2001_05_25,36.80409994184371,35.60912180705093,22.6216001688833,-1.1949781347927768,Delhi,2001-05-25,"{""type"":""MultiPoint"",""coordinates"":[]}"
2001_06_02,30.469733259604432,31.263987841117007,21.49441087162457,0.7942545815125754,Delhi,2001-06-02,"{""type"":""MultiPoint"",""coordinates"":[]}"
2001_06_10,37.65250156630881,35.41217210998789,25.121752660593263,-2.2403294563209144,Delhi,2001-06-10,"{""type"":""MultiPoint"",""coordinates"":[]}"
2001_06_26,,,,,Delhi,2001-06-26,"{""type"":""MultiPoint"",""coordinates"":[]}"
2001_07_04,36.31470243308645,36.61585492156622,26.724411987494687,0.30115248847976517,Delhi,2001-07-04,"{""type"":""MultiPoint"",""coordinates"":[]}"
2001_07_12,,,,,Delhi,2001-07-12,"{""type"":""MultiPoint"",""coordinates"":[]}"
2001_07_20,,,,,Delhi,2001-07-20,"{""type"":""MultiPoint"",""coordinates"":[]}"
2001_07_28,29.95247813116008,29.163318014133402,23.496544251493265,-0.7891601170266789,Delhi,2001-07-28,"{""type"":""MultiPoint"",""coordinates"":[]}"
2001_08_05,34.08701393606292,31.08036197670762,26.951309411394426,-3.0066519593552954,Delhi,2001-08-05,"{""type"":""MultiPoint"",""coordinates"":[]}"
2001_08_13,29.84558397074181,30.036388561816675,25.56507267709295,0.19080459107486547,Delhi,2001-08-13,"{""type"":""MultiPoint"",""coordinates"":[]}"
2001_08_21,32.55723052162313,33.232105900704106,24.118826757100443,0.674875379080973,Delhi,2001-08-21,"{""type"":""MultiPoint"",""coordinates"":[]}"
2001_08_29,32.37539635727127,33.089149746269584,23.834142414935496,0.7137533889983132,Delhi,2001-08-29,"{""type"":""MultiPoint"",""coordinates"":[]}"
2001_09_06,33.25297978926347,34.68849677536021,23.598667821474788,1.4355169860967365,Delhi,2001-09-06,"{""type"":""MultiPoint"",""coordinates"":[]}"
2001_09_14,36.09102380061451,36.75365861769853,22.38486326521607,0.6626348170840188,Delhi,2001-09-14,"{""type"":""MultiPoint"",""coordinates"":[]}"
2001_09_22,37.47248105365723,38.0819992156419,22.28534988990646,0.609518161984667,Delhi,2001-09-22,"{""type"":""MultiPoint"",""coordinates"":[]}"
2001_09_30,31.844867757484728,31.973206623104517,21.90811471393355,0.12833886561978858,Delhi,2001-09-30,"{""type"":""MultiPoint"",""coordinates"":[]}"
2001_10_08,34.57019689799511,35.05863996108306,19.64194837876779,0.48844306308794927,Delhi,2001-10-08,"{""type"":""MultiPoint"",""coordinates"":[]}"
2001_10_16,34.169530973094616,34.58430923285816,17.55208236128189,0.4147782597635441,Delhi,2001-10-16,"{""type"":""MultiPoint"",""coordinates"":[]}"
2001_10_24,33.15509168279748,33.22036170548226,18.81418301930402,0.06527002268477844,Delhi,2001-10-24,"{""type"":""MultiPoint"",""coordinates"":[]}"
2001_11_01,32.52345395016313,32.47320482474642,16.029196709389705,-0.05024912541671256,Delhi,2001-11-01,"{""type"":""MultiPoint"",""coordinates"":[]}"
2001_11_09,29.535282926449494,29.358550547994316,12.675562305894099,-0.17673237845517775,Delhi,2001-11-09,"{""type"":""MultiPoint"",""coordinates"":[]}"
2001_11_17,28.46918856710391,28.21179779089398,12.058656597061185,-0.257390776209931,Delhi,2001-11-17,"{""type"":""MultiPoint"",""coordinates"":[]}"
2001_11_25,26.23203128225768,26.044705669352563,9.531168934355621,-0.1873256129051164,Delhi,2001-11-25,"{""type"":""MultiPoint"",""coordinates"":[]}"
2001_12_03,26.504801471452833,26.27125830081117,9.448434632190885,-0.23354317064166352,Delhi,2001-12-03,"{""type"":""MultiPoint"",""coordinates"":[]}"
2001_12_11,23.286592752225907,22.725852378822434,9.800509134024892,-0.5607403734034726,Delhi,2001-12-11,"{""type"":""MultiPoint"",""coordinates"":[]}"
2001_12_19,21.99332789312004,22.042426713717173,7.711884802650656,0.04909882059713411,Delhi,2001-12-19,"{""type"":""MultiPoint"",""coordinates"":[]}"
2001_12_27,,,,,Delhi,2001-12-27,"{""type"":""MultiPoint"",""coordinates"":[]}"
2002_01_01,19.359964962843726,18.97531122332803,7.134693732670776,-0.38465373951569504,Delhi,2002-01-01,"{""type"":""MultiPoint"",""coordinates"":[]}"
2002_01_09,20.04954434764772,20.062959691793765,8.907975957349896,0.013415344146043395,Delhi,2002-01-09,"{""type"":""MultiPoint"",""coordinates"":[]}"
2002_01_17,17.634643403776593,17.78345525040392,7.458687345180444,0.1488118466273285,Delhi,2002-01-17,"{""type"":""MultiPoint"",""coordinates"":[]}"
2002_01_25,18.542510204532437,18.84042307517531,6.738181243570863,0.29791287064287175,Delhi,2002-01-25,"{""type"":""MultiPoint"",""coordinates"":[]}"
2002_02_02,18.66675990729613,19.426656533927808,7.341875569966589,0.7598966266316793,Delhi,2002-02-02,"{""type"":""MultiPoint"",""coordinates"":[]}"
2002_02_10,19.29281021857578,19.82076235793627,10.128228869408867,0.5279521393604902,Delhi,2002-02-10,"{""type"":""MultiPoint"",""coordinates"":[]}"
2002_02_18,23.324478965617732,24.34627375078311,12.036242977405482,1.0217947851653761,Delhi,2002-02-18,"{""type"":""MultiPoint"",""coordinates"":[]}"
2002_02_26,23.466030997391663,24.5018232316113,11.24027076631258,1.0357922342196382,Delhi,2002-02-26,"{""type"":""MultiPoint"",""coordinates"":[]}"
2002_03_06,24.43438461724895,25.671488228625044,12.959449662681283,1.2371036113760958,Delhi,2002-03-06,"{""type"":""MultiPoint"",""coordinates"":[]}"
2002_03_14,29.6611479761114,30.872449054525525,14.289065446517334,1.2113010784141238,Delhi,2002-03-14,"{""type"":""MultiPoint"",""coordinates"":[]}"
2002_03_22,36.27085354602543,37.40933007443636,15.273706607474201,1.1384765284109335,Delhi,2002-03-22,"{""type"":""MultiPoint"",""coordinates"":[]}"
2002_03_30,33.778628647584284,35.06426962640611,17.692580540326738,1.2856409788218244,Delhi,2002-03-30,"{""type"":""MultiPoint"",""coordinates"":[]}"
2002_04_07,37.66038696686507,38.93103139426008,19.170377042490458,1.2706444273950126,Delhi,2002-04-07,"{""type"":""MultiPoint"",""coordinates"":[]}"
2002_04_15,41.46911947447636,42.14957953626929,21.598847459943876,0.6804600617929353,Delhi,2002-04-15,"{""type"":""MultiPoint"",""coordinates"":[]}"
2002_04_23,37.45637620853103,37.710363145953906,22.066432740733518,0.2539869374228729,Delhi,2002-04-23,"{""type"":""MultiPoint"",""coordinates"":[]}"
2002_05_01,39.76041643634924,39.30427339573632,23.42242463723389,-0.4561430406129219,Delhi,2002-05-01,"{""type"":""MultiPoint"",""coordinates"":[]}"
2002_05_09,43.68113032778553,44.26411994544081,25.840242628323615,0.5829896176552793,Delhi,2002-05-09,"{""type"":""MultiPoint"",""coordinates"":[]}"
2002_05_17,43.62494474094185,44.54584772583,25.09945901462622,0.9209029848881514,Delhi,2002-05-17,"{""type"":""MultiPoint"",""coordinates"":[]}"
2002_05_25,33.90765040119843,34.3981020884547,22.275550552876,0.4904516872562681,Delhi,2002-05-25,"{""type"":""MultiPoint"",""coordinates"":[]}"
2002_06_02,35.30380581691985,35.57669102366023,24.14111611984614,0.2728852067403835,Delhi,2002-06-02,"{""type"":""MultiPoint"",""coordinates"":[]}"
2002_06_10,35.923567937005096,36.60916970902097,24.12210475502392,0.6856017720158718,Delhi,2002-06-10,"{""type"":""MultiPoint"",""coordinates"":[]}"
2002_06_18,38.577404440406944,38.79392852233678,25.936937457044692,0.2165240819298333,Delhi,2002-06-18,"{""type"":""MultiPoint"",""coordinates"":[]}"
2002_06_26,35.602200112796666,36.40715785275999,25.713454705479702,0.8049577399633208,Delhi,2002-06-26,"{""type"":""MultiPoint"",""coordinates"":[]}"
2002_07_04,35.44195418299306,35.954819182038804,24.995681510265516,0.5128649990457461,Delhi,2002-07-04,"{""type"":""MultiPoint"",""coordinates"":[]}"
2002_07_12,34.98025432775838,35.54705378973107,26.408533007334988,0.5667994619726926,Delhi,2002-07-12,"{""type"":""MultiPoint"",""coordinates"":[]}"
2002_07_20,29.596139931330253,31.658391317734008,23.657732835591176,2.062251386403755,Delhi,2002-07-20,"{""type"":""MultiPoint"",""coordinates"":[]}"
2002_07_28,32.68141880147041,33.50228730366496,26.69944371727751,0.8208685021945499,Delhi,2002-07-28,"{""type"":""MultiPoint"",""coordinates"":[]}"
2002_08_05,38.526794044134405,38.048523805221784,25.925057177864016,-0.47827023891262144,Delhi,2002-08-05,"{""type"":""MultiPoint"",""coordinates"":[]}"
2002_08_13,31.867547672494485,32.433621070326964,22.432482521324786,0.5660733978324792,Delhi,2002-08-13,"{""type"":""MultiPoint"",""coordinates"":[]}"
2002_08_21,26.230000000000018,,,,Delhi,2002-08-21,"{""type"":""MultiPoint"",""coordinates"":[]}"
2002_08_29,36.70568312459555,40.117272727272756,24.52454545454548,3.4115896026772035,Delhi,2002-08-29,"{""type"":""MultiPoint"",""coordinates"":[]}"
2002_09_06,33.88455537409765,33.82974908774068,20.991675674613337,-0.05480628635697116,Delhi,2002-09-06,"{""type"":""MultiPoint"",""coordinates"":[]}"
2002_09_14,29.16203402524046,29.169166381332605,22.86933420892605,0.0071323560921463525,Delhi,2002-09-14,"{""type"":""MultiPoint"",""coordinates"":[]}"
2002_09_22,32.43462859912649,33.343560530470725,22.339901816735797,0.9089319313442346,Delhi,2002-09-22,"{""type"":""MultiPoint"",""coordinates"":[]}"
2002_09_30,36.0676711160431,36.47761324596476,20.23910420101791,0.4099421299216601,Delhi,2002-09-30,"{""type"":""MultiPoint"",""coordinates"":[]}"
2002_10_08,33.44262894712608,33.838095692424105,21.12531116569063,0.39546674529802317,Delhi,2002-10-08,"{""type"":""MultiPoint"",""coordinates"":[]}"
2002_10_16,32.47860954496337,32.57370169754303,19.79994415573069,0.0950921525796602,Delhi,2002-10-16,"{""type"":""MultiPoint"",""coordinates"":[]}"
2002_10_24,31.914323605671655,31.89814079909172,16.802212456550915,-0.016182806579934095,Delhi,2002-10-24,"{""type"":""MultiPoint"",""coordinates"":[]}"
2002_11_01,30.108478192459028,30.088992161994057,16.03664795030431,-0.01948603046497155,Delhi,2002-11-01,"{""type"":""MultiPoint"",""coordinates"":[]}"
2002_11_09,29.039707847910904,28.91104612105011,13.965509803969953,-0.1286617268607948,Delhi,2002-11-09,"{""type"":""MultiPoint"",""coordinates"":[]}"
2002_11_17,28.890626898468145,28.715031595408785,11.06499950373623,-0.17559530305936022,Delhi,2002-11-17,"{""type"":""MultiPoint"",""coordinates"":[]}"
2002_11_25,26.848972650585317,26.956779804063668,8.512398567160805,0.10780715347835113,Delhi,2002-11-25,"{""type"":""MultiPoint"",""coordinates"":[]}"
2002_12_03,24.195017295273736,24.28405848552254,7.355451656131002,0.0890411902488033,Delhi,2002-12-03,"{""type"":""MultiPoint"",""coordinates"":[]}"
2002_12_11,24.621865462498683,24.74539888257923,9.239432771569927,0.12353342008054824,Delhi,2002-12-11,"{""type"":""MultiPoint"",""coordinates"":[]}"
2002_12_19,23.88886499373269,23.639123758319382,10.502845468679421,-0.24974123541330684,Delhi,2002-12-19,"{""type"":""MultiPoint"",""coordinates"":[]}"
2002_12_27,19.856439979375182,19.515842756410724,8.117037800351087,-0.34059722296445827,Delhi,2002-12-27,"{""type"":""MultiPoint"",""coordinates"":[]}"
2003_01_01,,,,,Delhi,2003-01-01,"{""type"":""MultiPoint"",""coordinates"":[]}"
2003_01_09,16.08125979027707,,,,Delhi,2003-01-09,"{""type"":""MultiPoint"",""coordinates"":[]}"
2003_01_17,18.69973827020278,18.50209617607099,5.588887491903897,-0.19764209413179046,Delhi,2003-01-17,"{""type"":""MultiPoint"",""coordinates"":[]}"
2003_01_25,19.756789009298146,20.232746312870955,9.725414864120435,0.47595730357280885,Delhi,2003-01-25,"{""type"":""MultiPoint"",""coordinates"":[]}"
2003_02_02,18.97728082979671,18.986280112508876,9.219872791749436,0.008999282712164103,Delhi,2003-02-02,"{""type"":""MultiPoint"",""coordinates"":[]}"
2003_02_10,20.301141786585017,20.681506705597727,8.399321002731142,0.38036491901270963,Delhi,2003-02-10,"{""type"":""MultiPoint"",""coordinates"":[]}"
2003_02_18,20.218189592768386,20.764543585716332,11.072489028502861,0.546353992947946,Delhi,2003-02-18,"{""type"":""MultiPoint"",""coordinates"":[]}"
2003_02_26,22.582872907382846,23.21383167747305,10.914586863428895,0.6309587700902028,Delhi,2003-02-26,"{""type"":""MultiPoint"",""coordinates"":[]}"
2003_03_06,23.894003935457842,24.28275776600636,11.496712673987403,0.38875383054851653,Delhi,2003-03-06,"{""type"":""MultiPoint"",""coordinates"":[]}"
2003_03_14,27.900338384274406,28.660076210479765,14.696781383832063,0.7597378262053596,Delhi,2003-03-14,"{""type"":""MultiPoint"",""coordinates"":[]}"
2003_03_22,28.692982451911714,29.238114670367953,16.894502583898337,0.5451322184562386,Delhi,2003-03-22,"{""type"":""MultiPoint"",""coordinates"":[]}"
2003_03_30,32.27023021589289,32.937459923713895,18.60295967423464,0.6672297078210079,Delhi,2003-03-30,"{""type"":""MultiPoint"",""coordinates"":[]}"
2003_04_07,37.20330998602944,37.55119745793696,19.527968330326786,0.34788747190751934,Delhi,2003-04-07,"{""type"":""MultiPoint"",""coordinates"":[]}"
2003_04_15,38.018682895513265,37.94830695208884,20.097197698157913,-0.07037594342442333,Delhi,2003-04-15,"{""type"":""MultiPoint"",""coordinates"":[]}"
2003_04_23,41.61458074537684,41.56935408058661,21.776705772931606,-0.045226664790227744,Delhi,2003-04-23,"{""type"":""MultiPoint"",""coordinates"":[]}"
2003_05_01,38.81936130811621,39.19950319318923,18.636936928072515,0.38014188507302293,Delhi,2003-05-01,"{""type"":""MultiPoint"",""coordinates"":[]}"
2003_05_09,40.2724883245821,40.47258700490294,20.357661019675092,0.200098680320842,Delhi,2003-05-09,"{""type"":""MultiPoint"",""coordinates"":[]}"
2003_05_17,41.31902966532045,40.99903660215705,23.436450087269925,-0.3199930631634018,Delhi,2003-05-17,"{""type"":""MultiPoint"",""coordinates"":[]}"
2003_05_25,41.383474069143666,41.427343862029026,22.2344100377871,0.04386979288535997,Delhi,2003-05-25,"{""type"":""MultiPoint"",""coordinates"":[]}"
2003_06_02,42.612394928254524,42.44513363718962,21.872973052082678,-0.16726129106490362,Delhi,2003-06-02,"{""type"":""MultiPoint"",""coordinates"":[]}"
2003_06_10,42.784607633472675,44.21506265252054,25.093578200734765,1.4304550190478622,Delhi,2003-06-10,"{""type"":""MultiPoint"",""coordinates"":[]}"
2003_06_18,32.42583066679917,33.083274809848824,24.091027662319075,0.657444143049652,Delhi,2003-06-18,"{""type"":""MultiPoint"",""coordinates"":[]}"
2003_06_26,31.266360686427486,33.79628881838289,24.333742909335673,2.529928131955405,Delhi,2003-06-26,"{""type"":""MultiPoint"",""coordinates"":[]}"
2003_07_04,36.94869174553735,37.99844926113676,,1.0497575155994099,Delhi,2003-07-04,"{""type"":""MultiPoint"",""coordinates"":[]}"
2003_07_12,,,,,Delhi,2003-07-12,"{""type"":""MultiPoint"",""coordinates"":[]}"
2003_07_20,34.36835737200733,29.823333333333363,27.163333333333362,-4.545024038673969,Delhi,2003-07-20,"{""type"":""MultiPoint"",""coordinates"":[]}"
2003_07_28,,,,,Delhi,2003-07-28,"{""type"":""MultiPoint"",""coordinates"":[]}"
2003_08_05,33.18166657989436,33.362175312526375,26.25674694917095,0.1805087326320134,Delhi,2003-08-05,"{""type"":""MultiPoint"",""coordinates"":[]}"
2003_08_13,27.082684977030627,26.310000000000002,23.150000000000034,-0.7726849770306252,Delhi,2003-08-13,"{""type"":""MultiPoint"",""coordinates"":[]}"
2003_08_21,32.34754816012718,32.93032933940649,25.276542458440964,0.5827811792793085,Delhi,2003-08-21,"{""type"":""MultiPoint"",""coordinates"":[]}"
2003_08_29,36.65693877551023,,,,Delhi,2003-08-29,"{""type"":""MultiPoint"",""coordinates"":[]}"
2003_09_06,30.274939114893854,30.21410507389008,24.140533286211234,-0.060834041003772654,Delhi,2003-09-06,"{""type"":""MultiPoint"",""coordinates"":[]}"
2003_09_14,32.028331561406596,32.82658199629225,24.52775312993531,0.7982504348856523,Delhi,2003-09-14,"{""type"":""MultiPoint"",""coordinates"":[]}"
2003_09_22,32.570099757674186,33.186469248184075,22.13614313194488,0.6163694905098893,Delhi,2003-09-22,"{""type"":""MultiPoint"",""coordinates"":[]}"
2003_09_30,34.70131500972989,34.9279702179363,20.45116798691245,0.2266552082064095,Delhi,2003-09-30,"{""type"":""MultiPoint"",""coordinates"":[]}"
2003_10_08,34.22019412653685,34.20848306912167,19.354036349849633,-0.011711057415183745,Delhi,2003-10-08,"{""type"":""MultiPoint"",""coordinates"":[]}"
2003_10_16,32.4356506572712,32.6584530869884,17.608666891704033,0.22280242971720554,Delhi,2003-10-16,"{""type"":""MultiPoint"",""coordinates"":[]}"
2003_10_24,31.76910728263425,31.467265862060163,17.249216444201938,-0.30184142057408536,Delhi,2003-10-24,"{""type"":""MultiPoint"",""coordinates"":[]}"
2003_11_01,30.82229808673476,30.525020279416104,15.124111251890357,-0.2972778073186575,Delhi,2003-11-01,"{""type"":""MultiPoint"",""coordinates"":[]}"
2003_11_09,29.041532456040265,29.01381783950315,12.98859614160526,-0.027714616537114267,Delhi,2003-11-09,"{""type"":""MultiPoint"",""coordinates"":[]}"
2003_11_17,26.3024493531833,26.14376497160731,9.443230327999292,-0.15868438157598774,Delhi,2003-11-17,"{""type"":""MultiPoint"",""coordinates"":[]}"
2003_11_25,24.94740936706764,24.830163434659266,7.513954238295489,-0.11724593240837322,Delhi,2003-11-25,"{""type"":""MultiPoint"",""coordinates"":[]}"
2003_12_03,24.909138300252557,24.60145030331726,10.698467573152358,-0.3076879969352966,Delhi,2003-12-03,"{""type"":""MultiPoint"",""coordinates"":[]}"
2003_12_11,22.218059073021163,21.952660523254533,13.941838917907921,-0.2653985497666298,Delhi,2003-12-11,"{""type"":""MultiPoint"",""coordinates"":[]}"
2003_12_19,17.259546213822574,17.352048562445567,6.063233168941416,0.09250234862299322,Delhi,2003-12-19,"{""type"":""MultiPoint"",""coordinates"":[]}"
2003_12_27,15.682930335996403,15.642176849454184,6.64224950912047,-0.04075348654221855,Delhi,2003-12-27,"{""type"":""MultiPoint"",""coordinates"":[]}"
2004_01_01,17.091147317396132,17.25626938277403,6.1335401300048265,0.1651220653778971,Delhi,2004-01-01,"{""type"":""MultiPoint"",""coordinates"":[]}"
2004_01_09,18.443338830043157,18.895237094994027,9.875906874210854,0.45189826495087004,Delhi,2004-01-09,"{""type"":""MultiPoint"",""coordinates"":[]}"
2004_01_17,18.133329076079082,18.16257084805029,9.261997684665657,0.029241771971207697,Delhi,2004-01-17,"{""type"":""MultiPoint"",""coordinates"":[]}"
2004_01_25,17.213339135872516,16.89865378136867,7.352698032946033,-0.3146853545038475,Delhi,2004-01-25,"{""type"":""MultiPoint"",""coordinates"":[]}"
2004_02_02,18.87465651886158,19.328665795119264,7.624746976819683,0.4540092762576826,Delhi,2004-02-02,"{""type"":""MultiPoint"",""coordinates"":[]}"
2004_02_10,21.492155819341136,21.828011171972555,10.699151580888406,0.33585535263141963,Delhi,2004-02-10,"{""type"":""MultiPoint"",""coordinates"":[]}"
2004_02_18,24.039983863601595,24.66204529630026,12.08308942895574,0.6220614326986649,Delhi,2004-02-18,"{""type"":""MultiPoint"",""coordinates"":[]}"
2004_02_26,26.665075132466786,27.65927990188776,13.558132764168237,0.9942047694209748,Delhi,2004-02-26,"{""type"":""MultiPoint"",""coordinates"":[]}"
2004_03_05,27.498678468655964,28.52365580765788,15.015070246763724,1.024977339001918,Delhi,2004-03-05,"{""type"":""MultiPoint"",""coordinates"":[]}"
2004_03_13,31.372356038610484,32.380779795477586,18.095057749495396,1.0084237568671028,Delhi,2004-03-13,"{""type"":""MultiPoint"",""coordinates"":[]}"
2004_03_21,32.50966395983324,33.23870513229214,16.619421221029853,0.7290411724588992,Delhi,2004-03-21,"{""type"":""MultiPoint"",""coordinates"":[]}"
2004_03_29,36.33035811975345,36.95704184090541,17.283133035651108,0.6266837211519629,Delhi,2004-03-29,"{""type"":""MultiPoint"",""coordinates"":[]}"
2004_04_06,37.51395056321771,37.81961731534319,20.747407999925034,0.3056667521254752,Delhi,2004-04-06,"{""type"":""MultiPoint"",""coordinates"":[]}"
2004_04_14,38.97921943010655,39.56890584088875,21.959707120952807,0.5896864107821997,Delhi,2004-04-14,"{""type"":""MultiPoint"",""coordinates"":[]}"
2004_04_22,35.887398183164755,36.36279856693021,20.199611372169684,0.4754003837654537,Delhi,2004-04-22,"{""type"":""MultiPoint"",""coordinates"":[]}"
2004_04_30,38.210201908272865,37.78098983289108,19.527824827501114,-0.4292120753817841,Delhi,2004-04-30,"{""type"":""MultiPoint"",""coordinates"":[]}"
2004_05_08,40.52939638984559,41.03412716091925,25.02084152551581,0.5047307710736604,Delhi,2004-05-08,"{""type"":""MultiPoint"",""coordinates"":[]}"
2004_05_16,41.88098081028305,41.898256873165145,26.410195481788946,0.01727606288209671,Delhi,2004-05-16,"{""type"":""MultiPoint"",""coordinates"":[]}"
2004_05_24,36.450766533611464,35.692323284213366,24.134490577157372,-0.7584432493980984,Delhi,2004-05-24,"{""type"":""MultiPoint"",""coordinates"":[]}"
2004_06_01,39.21415375571951,38.67202574751581,23.526548139205985,-0.5421280082036972,Delhi,2004-06-01,"{""type"":""MultiPoint"",""coordinates"":[]}"
2004_06_09,34.84283795888895,34.26511199743602,25.88442256329905,-0.5777259614529271,Delhi,2004-06-09,"{""type"":""MultiPoint"",""coordinates"":[]}"
2004_06_17,36.519153091635104,39.206164508225456,22.354717302531814,2.6870114165903516,Delhi,2004-06-17,"{""type"":""MultiPoint"",""coordinates"":[]}"
2004_06_25,39.986286558569624,40.266532804312284,24.957115069987285,0.28024624574266,Delhi,2004-06-25,"{""type"":""MultiPoint"",""coordinates"":[]}"
2004_07_03,36.828698224852104,38.153750000000024,23.260625000000037,1.3250517751479194,Delhi,2004-07-03,"{""type"":""MultiPoint"",""coordinates"":[]}"
2004_07_11,35.80993953992536,36.86917327901834,22.608561055937763,1.0592337390929814,Delhi,2004-07-11,"{""type"":""MultiPoint"",""coordinates"":[]}"
2004_07_19,32.10848402957785,35.43879890453838,23.328939749608793,3.3303148749605285,Delhi,2004-07-19,"{""type"":""MultiPoint"",""coordinates"":[]}"
2004_07_27,,,,,Delhi,2004-07-27,"{""type"":""MultiPoint"",""coordinates"":[]}"
2004_08_04,33.55611065235345,32.272222222222254,,-1.2838884301311992,Delhi,2004-08-04,"{""type"":""MultiPoint"",""coordinates"":[]}"
2004_08_12,25.650000000000034,26.33280123583937,25.048351955307297,0.6828012358393352,Delhi,2004-08-12,"{""type"":""MultiPoint"",""coordinates"":[]}"
2004_08_20,26.900215794289082,26.879213584374888,21.46680076917803,-0.02100220991419377,Delhi,2004-08-20,"{""type"":""MultiPoint"",""coordinates"":[]}"
2004_08_28,30.51200905520852,31.030909697868598,24.492187519766215,0.5189006426600784,Delhi,2004-08-28,"{""type"":""MultiPoint"",""coordinates"":[]}"
2004_09_05,33.45278245309947,34.34157073157218,23.22720184620655,0.8887882784727097,Delhi,2004-09-05,"{""type"":""MultiPoint"",""coordinates"":[]}"
2004_09_13,32.02890383909317,32.26917408526628,24.640399787651095,0.240270246173111,Delhi,2004-09-13,"{""type"":""MultiPoint"",""coordinates"":[]}"
2004_09_21,33.663290388312745,34.896888567436136,20.495293347643283,1.2335981791233905,Delhi,2004-09-21,"{""type"":""MultiPoint"",""coordinates"":[]}"
2004_09_29,33.23800580590768,33.845446250261006,22.33442861670805,0.6074404443533226,Delhi,2004-09-29,"{""type"":""MultiPoint"",""coordinates"":[]}"
2004_10_07,31.91370106476584,32.66039954916894,18.303627500704536,0.7466984844031046,Delhi,2004-10-07,"{""type"":""MultiPoint"",""coordinates"":[]}"
2004_10_15,29.586284730125307,29.167203108552922,18.157486415491626,-0.41908162157238493,Delhi,2004-10-15,"{""type"":""MultiPoint"",""coordinates"":[]}"
2004_10_23,29.289413354747396,29.202633080451232,15.649810969271782,-0.08678027429616364,Delhi,2004-10-23,"{""type"":""MultiPoint"",""coordinates"":[]}"
2004_10_31,29.14854752551778,29.394495015492357,13.150526919005106,0.24594748997457572,Delhi,2004-10-31,"{""type"":""MultiPoint"",""coordinates"":[]}"
2004_11_08,29.29976341826532,29.072977891726367,11.996652151570798,-0.22678552653895423,Delhi,2004-11-08,"{""type"":""MultiPoint"",""coordinates"":[]}"
2004_11_16,29.091232270335183,28.712411923854642,13.171075577588,-0.3788203464805413,Delhi,2004-11-16,"{""type"":""MultiPoint"",""coordinates"":[]}"
2004_11_24,26.05037035762988,25.576192543178298,13.735945048585132,-0.4741778144515827,Delhi,2004-11-24,"{""type"":""MultiPoint"",""coordinates"":[]}"
2004_12_02,23.318838114351948,23.109235133119235,8.922284704742664,-0.20960298123271315,Delhi,2004-12-02,"{""type"":""MultiPoint"",""coordinates"":[]}"
2004_12_10,22.117443633570538,22.015594203410696,9.653705601092984,-0.1018494301598416,Delhi,2004-12-10,"{""type"":""MultiPoint"",""coordinates"":[]}"
2004_12_18,22.337855299960477,21.999288535956175,8.66312479845214,-0.33856676400430175,Delhi,2004-12-18,"{""type"":""MultiPoint"",""coordinates"":[]}"
2004_12_26,17.31610870557503,17.57625774249394,6.06261586802833,0.2601490369189108,Delhi,2004-12-26,"{""type"":""MultiPoint"",""coordinates"":[]}"
2005_01_01,18.407184905592842,18.450149860077108,7.869252745486349,0.042964954484265405,Delhi,2005-01-01,"{""type"":""MultiPoint"",""coordinates"":[]}"
2005_01_09,18.734146559046767,18.73844418884568,7.395232128771561,0.004297629798912794,Delhi,2005-01-09,"{""type"":""MultiPoint"",""coordinates"":[]}"
2005_01_17,17.191033142857044,17.982325820181753,6.461616434348952,0.7912926773247086,Delhi,2005-01-17,"{""type"":""MultiPoint"",""coordinates"":[]}"
2005_01_25,18.2181222463433,18.293380518280212,8.24722704383947,0.0752582719369137,Delhi,2005-01-25,"{""type"":""MultiPoint"",""coordinates"":[]}"
2005_02_02,18.28952974142931,18.59351078554203,8.639053013794141,0.30398104411272087,Delhi,2005-02-02,"{""type"":""MultiPoint"",""coordinates"":[]}"
2005_02_10,20.75841921921396,21.235024263033168,12.466357882763035,0.4766050438192089,Delhi,2005-02-10,"{""type"":""MultiPoint"",""coordinates"":[]}"
2005_02_18,19.399386153331914,20.0918760600999,8.981653512687991,0.6924899067679853,Delhi,2005-02-18,"{""type"":""MultiPoint"",""coordinates"":[]}"
2005_02_26,25.046598995123883,25.720858093566594,13.303749869408103,0.674259098442711,Delhi,2005-02-26,"{""type"":""MultiPoint"",""coordinates"":[]}"
2005_03_06,25.956937677960372,26.79524384937041,15.449545853015643,0.8383061714100393,Delhi,2005-03-06,"{""type"":""MultiPoint"",""coordinates"":[]}"
2005_03_14,28.778800618577907,29.777226155907556,18.502470401998874,0.9984255373296484,Delhi,2005-03-14,"{""type"":""MultiPoint"",""coordinates"":[]}"
2005_03_22,30.557213264111375,30.916435788799042,16.142559768482712,0.3592225246876666,Delhi,2005-03-22,"{""type"":""MultiPoint"",""coordinates"":[]}"
2005_03_30,36.77360498574928,37.27634794156716,17.67174883650722,0.5027429558178795,Delhi,2005-03-30,"{""type"":""MultiPoint"",""coordinates"":[]}"
2005_04_07,35.24059356965554,35.195354300454454,16.939191124272906,-0.04523926920108323,Delhi,2005-04-07,"{""type"":""MultiPoint"",""coordinates"":[]}"
2005_04_15,40.74768630718537,40.69774368551049,19.0411738236145,-0.04994262167488017,Delhi,2005-04-15,"{""type"":""MultiPoint"",""coordinates"":[]}"
2005_04_23,39.746009020511,39.225196559458425,19.92455422242852,-0.5208124610525786,Delhi,2005-04-23,"{""type"":""MultiPoint"",""coordinates"":[]}"
2005_05_01,35.76196010652319,35.932856523315905,21.266344834547834,0.17089641679271494,Delhi,2005-05-01,"{""type"":""MultiPoint"",""coordinates"":[]}"
2005_05_09,42.81005150883049,43.10035316137735,21.159633797663496,0.2903016525468587,Delhi,2005-05-09,"{""type"":""MultiPoint"",""coordinates"":[]}"
2005_05_17,43.10951395796074,43.33330587859521,23.17708904846982,0.2237919206344685,Delhi,2005-05-17,"{""type"":""MultiPoint"",""coordinates"":[]}"
2005_05_25,45.65423603979418,45.829103264623726,23.776045913384923,0.17486722482954775,Delhi,2005-05-25,"{""type"":""MultiPoint"",""coordinates"":[]}"
2005_06_02,42.716189088992266,42.616068119736944,22.49427813758736,-0.10012096925532177,Delhi,2005-06-02,"{""type"":""MultiPoint"",""coordinates"":[]}"
2005_06_10,42.400648465483265,43.91261941963872,24.48388685500095,1.5119709541554585,Delhi,2005-06-10,"{""type"":""MultiPoint"",""coordinates"":[]}"
2005_06_18,39.05690714101977,40.26991890919794,25.247296864271043,1.2130117681781698,Delhi,2005-06-18,"{""type"":""MultiPoint"",""coordinates"":[]}"
2005_06_26,36.59441593517896,,,,Delhi,2005-06-26,"{""type"":""MultiPoint"",""coordinates"":[]}"
2005_07_04,34.65326240396304,35.76774202846698,24.934892828316073,1.114479624503936,Delhi,2005-07-04,"{""type"":""MultiPoint"",""coordinates"":[]}"
2005_07_12,31.792514139235138,32.48650419772898,24.447348247269765,0.6939900584938457,Delhi,2005-07-12,"{""type"":""MultiPoint"",""coordinates"":[]}"
2005_07_20,31.418909791557233,33.59246656760776,22.295839524517117,2.1735567760505248,Delhi,2005-07-20,"{""type"":""MultiPoint"",""coordinates"":[]}"
2005_07_28,35.238897878780676,35.46681506111622,26.44225372356882,0.22791718233554548,Delhi,2005-07-28,"{""type"":""MultiPoint"",""coordinates"":[]}"
2005_08_05,31.708358196286508,32.158424745000175,22.94552230589768,0.4500665487136679,Delhi,2005-08-05,"{""type"":""MultiPoint"",""coordinates"":[]}"
2005_08_13,34.23525236092884,34.4977734833295,26.616505015717927,0.2625211224006634,Delhi,2005-08-13,"{""type"":""MultiPoint"",""coordinates"":[]}"
2005_08_21,31.85216804473743,32.28878170132548,24.665950470833796,0.4366136565880545,Delhi,2005-08-21,"{""type"":""MultiPoint"",""coordinates"":[]}"
2005_08_29,34.83943137508183,35.88553658212482,25.45393305300339,1.0461052070429915,Delhi,2005-08-29,"{""type"":""MultiPoint"",""coordinates"":[]}"
2005_09_06,36.80484049885315,37.11373232741438,26.217538258656134,0.30889182856122943,Delhi,2005-09-06,"{""type"":""MultiPoint"",""coordinates"":[]}"
2005_09_14,32.2783785388415,32.662391831334034,24.03971804559867,0.3840132924925328,Delhi,2005-09-14,"{""type"":""MultiPoint"",""coordinates"":[]}"
2005_09_22,29.9091425413135,30.17986136380274,23.323190661937822,0.27071882248923984,Delhi,2005-09-22,"{""type"":""MultiPoint"",""coordinates"":[]}"
2005_09_30,31.947758562786056,32.01091238976549,21.308667750298916,0.0631538269794305,Delhi,2005-09-30,"{""type"":""MultiPoint"",""coordinates"":[]}"
2005_10_08,34.47439409109291,34.70854946527205,19.98247445812829,0.23415537417913868,Delhi,2005-10-08,"{""type"":""MultiPoint"",""coordinates"":[]}"
2005_10_16,33.34531563936264,33.539143007556746,17.919572611249365,0.19382736819410695,Delhi,2005-10-16,"{""type"":""MultiPoint"",""coordinates"":[]}"
2005_10_24,31.30109241985072,31.02898440572611,15.41426708413882,-0.2721080141246084,Delhi,2005-10-24,"{""type"":""MultiPoint"",""coordinates"":[]}"
2005_11_01,28.328959474106405,28.107884712303328,14.08944531102807,-0.22107476180307728,Delhi,2005-11-01,"{""type"":""MultiPoint"",""coordinates"":[]}"
2005_11_09,28.962143899996967,28.773587570621576,13.44998734995919,-0.18855632937539113,Delhi,2005-11-09,"{""type"":""MultiPoint"",""coordinates"":[]}"
2005_11_17,28.90087717669672,28.51186141729269,10.660758057609772,-0.38901575940403177,Delhi,2005-11-17,"{""type"":""MultiPoint"",""coordinates"":[]}"
2005_11_25,25.45395421844913,24.899190037303587,9.507177282998661,-0.5547641811455435,Delhi,2005-11-25,"{""type"":""MultiPoint"",""coordinates"":[]}"
2005_12_03,23.788057660547377,23.45371532918774,7.335704087267668,-0.3343423313596361,Delhi,2005-12-03,"{""type"":""MultiPoint"",""coordinates"":[]}"
2005_12_11,21.196151739389254,20.838508519365863,6.088024637795538,-0.357643220023391,Delhi,2005-12-11,"{""type"":""MultiPoint"",""coordinates"":[]}"
2005_12_19,17.24713522451398,17.185131232359783,7.2002772752518505,-0.06200399215419594,Delhi,2005-12-19,"{""type"":""MultiPoint"",""coordinates"":[]}"
2005_12_27,20.028164613965025,20.1887352181596,7.683688324045155,0.16057060419457514,Delhi,2005-12-27,"{""type"":""MultiPoint"",""coordinates"":[]}"
2006_01_01,16.439539815293244,16.58628232340531,5.635788828026974,0.1467425081120659,Delhi,2006-01-01,"{""type"":""MultiPoint"",""coordinates"":[]}"
2006_01_09,19.24027886832509,18.9617206887277,5.903465273202891,-0.2785581795973897,Delhi,2006-01-09,"{""type"":""MultiPoint"",""coordinates"":[]}"
2006_01_17,18.893903740453393,19.090909243641068,6.964902917048718,0.1970055031876754,Delhi,2006-01-17,"{""type"":""MultiPoint"",""coordinates"":[]}"
2006_01_25,19.333207776211374,19.955493105970117,5.8650619838396345,0.6222853297587427,Delhi,2006-01-25,"{""type"":""MultiPoint"",""coordinates"":[]}"
2006_02_02,23.371104540549545,24.243306697765224,11.13962381687347,0.8722021572156784,Delhi,2006-02-02,"{""type"":""MultiPoint"",""coordinates"":[]}"
2006_02_10,25.60640468956335,26.429812847821708,13.356210830904162,0.8234081582583563,Delhi,2006-02-10,"{""type"":""MultiPoint"",""coordinates"":[]}"
2006_02_18,27.341783253414047,28.625133340406357,15.840351314596617,1.2833500869923107,Delhi,2006-02-18,"{""type"":""MultiPoint"",""coordinates"":[]}"
2006_02_26,27.1769325128617,28.62188782187563,12.898076264402965,1.444955309013931,Delhi,2006-02-26,"{""type"":""MultiPoint"",""coordinates"":[]}"
2006_03_06,26.80230646357459,27.760704675382474,15.152094523345253,0.9583982118078858,Delhi,2006-03-06,"{""type"":""MultiPoint"",""coordinates"":[]}"
2006_03_14,26.138196166563638,27.118241445313938,14.875810201820174,0.9800452787502998,Delhi,2006-03-14,"{""type"":""MultiPoint"",""coordinates"":[]}"
2006_03_22,30.480937054774632,30.80056215582905,16.089782870533185,0.31962510105441666,Delhi,2006-03-22,"{""type"":""MultiPoint"",""coordinates"":[]}"
2006_03_30,35.825760691863934,36.22529187356479,18.405842469855457,0.39953118170085844,Delhi,2006-03-30,"{""type"":""MultiPoint"",""coordinates"":[]}"
2006_04_07,40.291054055594465,40.424290788086715,17.043792187761692,0.1332367324922501,Delhi,2006-04-07,"{""type"":""MultiPoint"",""coordinates"":[]}"
2006_04_15,36.057639353599704,35.93876475601722,19.018217033791558,-0.11887459758248298,Delhi,2006-04-15,"{""type"":""MultiPoint"",""coordinates"":[]}"
2006_04_23,39.19734135002089,38.94852680540534,22.688035158728557,-0.24881454461554853,Delhi,2006-04-23,"{""type"":""MultiPoint"",""coordinates"":[]}"
2006_05_01,41.772675210477104,42.07861791078148,23.996926833583203,0.305942700304378,Delhi,2006-05-01,"{""type"":""MultiPoint"",""coordinates"":[]}"
2006_05_09,37.40442378877808,37.14934120249175,23.03091383045964,-0.25508258628633484,Delhi,2006-05-09,"{""type"":""MultiPoint"",""coordinates"":[]}"
2006_05_17,35.2623205547526,34.79925911387001,20.564460458033732,-0.4630614408825906,Delhi,2006-05-17,"{""type"":""MultiPoint"",""coordinates"":[]}"
2006_05_25,35.69341695358962,34.098449861109735,27.655457415512682,-1.5949670924798838,Delhi,2006-05-25,"{""type"":""MultiPoint"",""coordinates"":[]}"
2006_06_02,37.49649608104546,35.520866510822266,22.964835091629244,-1.975629570223191,Delhi,2006-06-02,"{""type"":""MultiPoint"",""coordinates"":[]}"
2006_06_10,42.95736074191867,43.11719669084759,20.708440194097083,0.15983594892892228,Delhi,2006-06-10,"{""type"":""MultiPoint"",""coordinates"":[]}"
2006_06_18,33.751268793497076,34.101321150592234,24.222120304568556,0.3500523570951586,Delhi,2006-06-18,"{""type"":""MultiPoint"",""coordinates"":[]}"
2006_06_26,34.30557921385285,35.637681771074014,27.69404247880429,1.3321025572211624,Delhi,2006-06-26,"{""type"":""MultiPoint"",""coordinates"":[]}"
2006_07_04,36.478419323036505,35.011330798479115,26.03254752851713,-1.46708852455739,Delhi,2006-07-04,"{""type"":""MultiPoint"",""coordinates"":[]}"
2006_07_12,34.164377215453136,34.07291296625224,23.664422735346385,-0.09146424920089657,Delhi,2006-07-12,"{""type"":""MultiPoint"",""coordinates"":[]}"
2006_07_20,37.5734782608696,33.91400000000003,26.49000000000003,-3.6594782608695695,Delhi,2006-07-20,"{""type"":""MultiPoint"",""coordinates"":[]}"
2006_07_28,30.534827188940127,28.01000000000003,26.55666666666669,-2.5248271889400975,Delhi,2006-07-28,"{""type"":""MultiPoint"",""coordinates"":[]}"
2006_08_05,35.40706333424025,36.112439077430146,25.649870795985603,0.7053757431898973,Delhi,2006-08-05,"{""type"":""MultiPoint"",""coordinates"":[]}"
2006_08_13,35.2820192500502,37.272241708247776,26.22629842970356,1.9902224581975787,Delhi,2006-08-13,"{""type"":""MultiPoint"",""coordinates"":[]}"
2006_08_21,29.675726069582478,,,,Delhi,2006-08-21,"{""type"":""MultiPoint"",""coordinates"":[]}"
2006_08_29,31.62893115216812,32.668529487737786,24.62572359535643,1.0395983355696643,Delhi,2006-08-29,"{""type"":""MultiPoint"",""coordinates"":[]}"
2006_09_06,31.43028278398582,32.27537672157012,23.914406328513792,0.8450939375842985,Delhi,2006-09-06,"{""type"":""MultiPoint"",""coordinates"":[]}"
2006_09_14,32.696207689187894,32.238075802207824,24.631821255228463,-0.4581318869800697,Delhi,2006-09-14,"{""type"":""MultiPoint"",""coordinates"":[]}"
2006_09_22,34.51009528447294,34.49855555581379,21.908839855353648,-0.011539728659151649,Delhi,2006-09-22,"{""type"":""MultiPoint"",""coordinates"":[]}"
2006_09_30,36.66782962491744,37.0949548437338,22.43746445902709,0.42712521881636434,Delhi,2006-09-30,"{""type"":""MultiPoint"",""coordinates"":[]}"
2006_10_08,34.86142996660036,35.123830436475764,21.36658239229717,0.2624004698754021,Delhi,2006-10-08,"{""type"":""MultiPoint"",""coordinates"":[]}"
2006_10_16,32.92408096206784,33.70204303642168,18.03512889680386,0.7779620743538374,Delhi,2006-10-16,"{""type"":""MultiPoint"",""coordinates"":[]}"
2006_10_24,30.75519433291702,30.955150040248487,18.246730268818112,0.1999557073314655,Delhi,2006-10-24,"{""type"":""MultiPoint"",""coordinates"":[]}"
2006_11_01,30.880181735522815,30.711372058372827,17.0918377682821,-0.16880967714998718,Delhi,2006-11-01,"{""type"":""MultiPoint"",""coordinates"":[]}"
2006_11_09,29.485205964130582,29.192955829820608,15.367205382717763,-0.29225013430997393,Delhi,2006-11-09,"{""type"":""MultiPoint"",""coordinates"":[]}"
2006_11_17,27.586611896938127,27.88520775944008,14.29045395909596,0.29859586250195136,Delhi,2006-11-17,"{""type"":""MultiPoint"",""coordinates"":[]}"
2006_11_25,25.845249451633947,26.236835849293396,8.730026237147149,0.3915863976594487,Delhi,2006-11-25,"{""type"":""MultiPoint"",""coordinates"":[]}"
2006_12_03,25.489436352787685,25.375275380591912,10.295449227457768,-0.11416097219577281,Delhi,2006-12-03,"{""type"":""MultiPoint"",""coordinates"":[]}"
2006_12_11,21.689373680645502,22.275471231312522,7.69840656784592,0.5860975506670201,Delhi,2006-12-11,"{""type"":""MultiPoint"",""coordinates"":[]}"
2006_12_19,21.365401544621058,22.042766792101954,8.425573248870386,0.6773652474808962,Delhi,2006-12-19,"{""type"":""MultiPoint"",""coordinates"":[]}"
2006_12_27,18.75891760655715,18.937790176442572,8.353444047051369,0.17887256988542077,Delhi,2006-12-27,"{""type"":""MultiPoint"",""coordinates"":[]}"
2007_01_01,16.68857620597504,17.059649473469225,5.281752392320572,0.3710732674941859,Delhi,2007-01-01,"{""type"":""MultiPoint"",""coordinates"":[]}"
2007_01_09,16.95920010711326,17.298132762533577,5.288539302661469,0.33893265542031514,Delhi,2007-01-09,"{""type"":""MultiPoint"",""coordinates"":[]}"
2007_01_17,17.68165013217928,18.150079990626097,6.197993750732373,0.46842985844681806,Delhi,2007-01-17,"{""type"":""MultiPoint"",""coordinates"":[]}"
2007_01_25,21.89432687751787,22.43729530680723,11.645334057610038,0.5429684292893597,Delhi,2007-01-25,"{""type"":""MultiPoint"",""coordinates"":[]}"
2007_02_02,22.188340172190934,23.368695215546023,11.582580350297851,1.180355043355089,Delhi,2007-02-02,"{""type"":""MultiPoint"",""coordinates"":[]}"
2007_02_10,19.84764203918564,20.273372022423594,10.799586366664142,0.42572998323795375,Delhi,2007-02-10,"{""type"":""MultiPoint"",""coordinates"":[]}"
2007_02_18,21.930767687775283,22.447320920471267,11.769043474166455,0.5165532326959834,Delhi,2007-02-18,"{""type"":""MultiPoint"",""coordinates"":[]}"
2007_02_26,22.57473722730667,22.93297288788062,12.405458744332083,0.35823566057394984,Delhi,2007-02-26,"{""type"":""MultiPoint"",""coordinates"":[]}"
2007_03_06,23.327962389317307,24.593861732003052,12.756051827667342,1.2658993426857457,Delhi,2007-03-06,"{""type"":""MultiPoint"",""coordinates"":[]}"
2007_03_14,24.5367526923106,24.627839717000338,14.843048063051732,0.09108702468973817,Delhi,2007-03-14,"{""type"":""MultiPoint"",""coordinates"":[]}"
2007_03_22,30.153720459534746,30.693557446608008,16.22297374004058,0.5398369870732616,Delhi,2007-03-22,"{""type"":""MultiPoint"",""coordinates"":[]}"
2007_03_30,34.419241482640636,34.95204211944739,19.778817242164607,0.5328006368067548,Delhi,2007-03-30,"{""type"":""MultiPoint"",""coordinates"":[]}"
2007_04_07,39.66260161947741,39.678510055234185,20.63171977868551,0.015908435756777806,Delhi,2007-04-07,"{""type"":""MultiPoint"",""coordinates"":[]}"
2007_04_15,41.00215882635944,41.18669695389892,23.66594329522616,0.18453812753947574,Delhi,2007-04-15,"{""type"":""MultiPoint"",""coordinates"":[]}"
2007_04_23,41.868942864441514,41.84304002775292,22.683164107608818,-0.025902836688594277,Delhi,2007-04-23,"{""type"":""MultiPoint"",""coordinates"":[]}"
2007_05_01,40.785307006315065,40.6587819960658,24.57928278032089,-0.1265250102492672,Delhi,2007-05-01,"{""type"":""MultiPoint"",""coordinates"":[]}"
2007_05_09,38.280304784997455,38.4363587532605,23.099166704381773,0.15605396826304485,Delhi,2007-05-09,"{""type"":""MultiPoint"",""coordinates"":[]}"
2007_05_17,38.85797123734694,38.923007550879284,22.365553104267995,0.06503631353234596,Delhi,2007-05-17,"{""type"":""MultiPoint"",""coordinates"":[]}"
2007_05_25,41.3848287496504,40.802550904343185,22.232467171838614,-0.5822778453072175,Delhi,2007-05-25,"{""type"":""MultiPoint"",""coordinates"":[]}"
2007_06_02,42.76030708942267,42.66159361906594,27.086790313280815,-0.09871347035672784,Delhi,2007-06-02,"{""type"":""MultiPoint"",""coordinates"":[]}"
2007_06_10,28.275164156434222,31.44819590609463,20.579094837654782,3.1730317496604066,Delhi,2007-06-10,"{""type"":""MultiPoint"",""coordinates"":[]}"
2007_06_18,36.0772950893857,36.29731557916925,24.477886954421745,0.2200204897835505,Delhi,2007-06-18,"{""type"":""MultiPoint"",""coordinates"":[]}"
2007_06_26,38.93106162515909,,,,Delhi,2007-06-26,"{""type"":""MultiPoint"",""coordinates"":[]}"
2007_07_04,34.231575764890465,34.11940041267148,26.853976210705213,-0.11217535221898345,Delhi,2007-07-04,"{""type"":""MultiPoint"",""coordinates"":[]}"
2007_07_12,31.233387586477768,31.57960284767057,23.35536253286002,0.3462152611928033,Delhi,2007-07-12,"{""type"":""MultiPoint"",""coordinates"":[]}"
2007_07_20,,,,,Delhi,2007-07-20,"{""type"":""MultiPoint"",""coordinates"":[]}"
2007_07_28,35.759435310936425,35.08686046511632,25.741767441860503,-0.6725748458201082,Delhi,2007-07-28,"{""type"":""MultiPoint"",""coordinates"":[]}"
2007_08_05,34.11193928024023,33.87607492613622,25.334791720426168,-0.23586435410400952,Delhi,2007-08-05,"{""type"":""MultiPoint"",""coordinates"":[]}"
2007_08_13,31.401938943785417,31.924233583689038,23.452100669974794,0.5222946399036204,Delhi,2007-08-13,"{""type"":""MultiPoint"",""coordinates"":[]}"
2007_08_21,35.63464807496638,37.495674858719966,25.1133342094888,1.8610267837535872,Delhi,2007-08-21,"{""type"":""MultiPoint"",""coordinates"":[]}"
2007_08_29,31.537539484080906,31.31319834022188,23.56487003433058,-0.22434114385902504,Delhi,2007-08-29,"{""type"":""MultiPoint"",""coordinates"":[]}"
2007_09_06,32.25781595104191,32.50920011017983,23.654591084871075,0.25138415913792045,Delhi,2007-09-06,"{""type"":""MultiPoint"",""coordinates"":[]}"
2007_09_14,34.49118220650571,35.747027558417265,24.21381199563566,1.255845351911553,Delhi,2007-09-14,"{""type"":""MultiPoint"",""coordinates"":[]}"
2007_09_22,34.52283600881808,34.66906394130495,22.775519141709747,0.14622793248686605,Delhi,2007-09-22,"{""type"":""MultiPoint"",""coordinates"":[]}"
2007_09_30,34.81242218265089,34.65630015451344,18.42647439138153,-0.15612202813745313,Delhi,2007-09-30,"{""type"":""MultiPoint"",""coordinates"":[]}"
2007_10_08,34.578892659386995,34.94009010714884,16.807592686865704,0.36119744776184604,Delhi,2007-10-08,"{""type"":""MultiPoint"",""coordinates"":[]}"
2007_10_16,32.74803175989222,32.69405318242106,17.149108400614328,-0.05397857747116319,Delhi,2007-10-16,"{""type"":""MultiPoint"",""coordinates"":[]}"
2007_10_24,32.77519547920092,32.93443499787578,16.50807979609549,0.15923951867486608,Delhi,2007-10-24,"{""type"":""MultiPoint"",""coordinates"":[]}"
2007_11_01,29.622433357362212,29.78547385448297,13.654111676914573,0.16304049712075752,Delhi,2007-11-01,"{""type"":""MultiPoint"",""coordinates"":[]}"
2007_11_09,28.192929131419163,28.120358102085394,15.343787306607629,-0.07257102933376913,Delhi,2007-11-09,"{""type"":""MultiPoint"",""coordinates"":[]}"
2007_11_17,27.023484819656378,26.961038208277667,11.493154702986708,-0.06244661137871077,Delhi,2007-11-17,"{""type"":""MultiPoint"",""coordinates"":[]}"
2007_11_25,27.057702617645038,26.674001826809675,11.615941966992445,-0.3837007908353627,Delhi,2007-11-25,"{""type"":""MultiPoint"",""coordinates"":[]}"
2007_12_03,23.193465423948446,23.544137832753837,7.371182237929692,0.35067240880539075,Delhi,2007-12-03,"{""type"":""MultiPoint"",""coordinates"":[]}"
2007_12_11,20.24417591173899,20.104851473284402,6.8662836566690535,-0.13932443845458664,Delhi,2007-12-11,"{""type"":""MultiPoint"",""coordinates"":[]}"
2007_12_19,22.03321301479193,22.243904355880055,7.914474107167208,0.21069134108812548,Delhi,2007-12-19,"{""type"":""MultiPoint"",""coordinates"":[]}"
2007_12_27,20.026429353235308,19.99325932676112,4.825538066440265,-0.03317002647418832,Delhi,2007-12-27,"{""type"":""MultiPoint"",""coordinates"":[]}"
2008_01_01,18.664380060842156,18.84940613227296,3.316265696944356,0.18502607143080496,Delhi,2008-01-01,"{""type"":""MultiPoint"",""coordinates"":[]}"
2008_01_09,18.272320965088266,18.368372128360758,7.214073810270034,0.09605116327249164,Delhi,2008-01-09,"{""type"":""MultiPoint"",""coordinates"":[]}"
2008_01_17,16.88575580008948,17.36375997697279,4.879413704807566,0.4780041768833101,Delhi,2008-01-17,"{""type"":""MultiPoint"",""coordinates"":[]}"
2008_01_25,17.86423914307363,19.15398696962296,4.4493963677824215,1.2897478265493305,Delhi,2008-01-25,"{""type"":""MultiPoint"",""coordinates"":[]}"
2008_02_02,15.804629926113677,16.085952549934124,6.4997009023623935,0.28132262382044715,Delhi,2008-02-02,"{""type"":""MultiPoint"",""coordinates"":[]}"
2008_02_10,20.362679154002645,21.451046321265437,6.635305057538135,1.088367167262792,Delhi,2008-02-10,"{""type"":""MultiPoint"",""coordinates"":[]}"
2008_02_18,22.989900996937873,23.74652426210395,10.6850957875185,0.7566232651660769,Delhi,2008-02-18,"{""type"":""MultiPoint"",""coordinates"":[]}"
2008_02_26,26.869518917895842,28.006697244648567,12.793610122399288,1.137178326752725,Delhi,2008-02-26,"{""type"":""MultiPoint"",""coordinates"":[]}"
2008_03_05,27.912679869619673,29.08252263001671,17.320176732139547,1.1698427603970387,Delhi,2008-03-05,"{""type"":""MultiPoint"",""coordinates"":[]}"
2008_03_13,30.960438910426422,32.431416327004456,15.318163312673438,1.4709774165780338,Delhi,2008-03-13,"{""type"":""MultiPoint"",""coordinates"":[]}"
2008_03_21,31.64454915936466,33.14535024984728,15.971526101361212,1.5008010904826214,Delhi,2008-03-21,"{""type"":""MultiPoint"",""coordinates"":[]}"
2008_03_29,29.22710267129686,30.428008747799744,16.801141087688958,1.2009060765028856,Delhi,2008-03-29,"{""type"":""MultiPoint"",""coordinates"":[]}"
2008_04_06,33.309469840509486,33.3607315190922,19.557022537072847,0.05126167858271202,Delhi,2008-04-06,"{""type"":""MultiPoint"",""coordinates"":[]}"
2008_04_14,40.14447598417659,40.24353002775029,20.482125575351496,0.09905404357370173,Delhi,2008-04-14,"{""type"":""MultiPoint"",""coordinates"":[]}"
2008_04_22,44.22099155946423,44.11041832740268,21.72698743498508,-0.11057323206155445,Delhi,2008-04-22,"{""type"":""MultiPoint"",""coordinates"":[]}"
2008_04_30,42.90220210507737,42.94831691134522,22.61135074931548,0.046114806267851804,Delhi,2008-04-30,"{""type"":""MultiPoint"",""coordinates"":[]}"
2008_05_08,36.49843596332519,37.075614756587484,22.433873777731502,0.5771787932622914,Delhi,2008-05-08,"{""type"":""MultiPoint"",""coordinates"":[]}"
2008_05_16,33.199017520074136,33.53380334227016,18.979634035203063,0.33478582219602515,Delhi,2008-05-16,"{""type"":""MultiPoint"",""coordinates"":[]}"
2008_05_24,33.19863434937252,32.94962800931138,22.178552467686348,-0.2490063400611362,Delhi,2008-05-24,"{""type"":""MultiPoint"",""coordinates"":[]}"
2008_06_01,36.93170198149678,35.54258223772474,23.00255969949025,-1.3891197437720422,Delhi,2008-06-01,"{""type"":""MultiPoint"",""coordinates"":[]}"
2008_06_09,39.73278653202154,39.680675312351745,24.212718204488798,-0.05211121966979704,Delhi,2008-06-09,"{""type"":""MultiPoint"",""coordinates"":[]}"
2008_06_17,31.77456472884266,31.630669851595872,22.33961170969711,-0.14389487724678673,Delhi,2008-06-17,"{""type"":""MultiPoint"",""coordinates"":[]}"
2008_06_25,34.438582089786344,33.612479701130525,25.25922140988862,-0.8261023886558192,Delhi,2008-06-25,"{""type"":""MultiPoint"",""coordinates"":[]}"
2008_07_03,34.02892014700973,34.353783442381896,24.655475168185927,0.3248632953721682,Delhi,2008-07-03,"{""type"":""MultiPoint"",""coordinates"":[]}"
2008_07_11,,25.009200000000032,24.253200000000035,,Delhi,2008-07-11,"{""type"":""MultiPoint"",""coordinates"":[]}"
2008_07_19,30.95720076815647,31.79230233244761,25.073182048939007,0.8351015642911399,Delhi,2008-07-19,"{""type"":""MultiPoint"",""coordinates"":[]}"
2008_07_27,31.567751960499592,29.711609870740325,25.551081081081108,-1.8561420897592669,Delhi,2008-07-27,"{""type"":""MultiPoint"",""coordinates"":[]}"
2008_08_04,,,,,Delhi,2008-08-04,"{""type"":""MultiPoint"",""coordinates"":[]}"
2008_08_12,29.05684564302314,29.28127183014282,21.2726378398631,0.2244261871196791,Delhi,2008-08-12,"{""type"":""MultiPoint"",""coordinates"":[]}"
2008_08_20,32.47689772536264,32.22217815835277,25.574532914427113,-0.25471956700987164,Delhi,2008-08-20,"{""type"":""MultiPoint"",""coordinates"":[]}"
2008_08_28,30.998921922331917,31.846563559020204,23.973893728758288,0.8476416366882873,Delhi,2008-08-28,"{""type"":""MultiPoint"",""coordinates"":[]}"
2008_09_05,33.14115308339849,33.113717596175285,22.91707045931918,-0.0274354872232081,Delhi,2008-09-05,"{""type"":""MultiPoint"",""coordinates"":[]}"
2008_09_13,32.53196508368728,33.233765214818476,24.043946211216927,0.7018001311311934,Delhi,2008-09-13,"{""type"":""MultiPoint"",""coordinates"":[]}"
2008_09_21,30.442150759408058,30.46133020631294,22.73296338094406,0.01917944690488227,Delhi,2008-09-21,"{""type"":""MultiPoint"",""coordinates"":[]}"
2008_09_29,32.71451727113868,32.464618261793014,24.622566502475532,-0.24989900934566833,Delhi,2008-09-29,"{""type"":""MultiPoint"",""coordinates"":[]}"
2008_10_07,34.399187433489885,34.6376157025278,21.84502459812917,0.23842826903791803,Delhi,2008-10-07,"{""type"":""MultiPoint"",""coordinates"":[]}"
2008_10_15,32.5286275044067,32.60365975679938,18.319052224277282,0.07503225239268119,Delhi,2008-10-15,"{""type"":""MultiPoint"",""coordinates"":[]}"
2008_10_23,31.57518670946553,31.623793025596807,17.513518036773718,0.04860631613127708,Delhi,2008-10-23,"{""type"":""MultiPoint"",""coordinates"":[]}"
2008_10_31,31.013873661190512,30.69800741507377,15.089186839307013,-0.31586624611674097,Delhi,2008-10-31,"{""type"":""MultiPoint"",""coordinates"":[]}"
2008_11_08,28.182053178048967,27.574974951858255,15.204164628299802,-0.607078226190712,Delhi,2008-11-08,"{""type"":""MultiPoint"",""coordinates"":[]}"
2008_11_16,26.092698437933514,26.218924525308097,11.804473208652805,0.12622608737458307,Delhi,2008-11-16,"{""type"":""MultiPoint"",""coordinates"":[]}"
2008_11_24,25.453639767456387,25.804683642083045,10.001133043895061,0.351043874626658,Delhi,2008-11-24,"{""type"":""MultiPoint"",""coordinates"":[]}"
2008_12_02,24.508417605141876,24.40814094783191,11.398755273569526,-0.1002766573099656,Delhi,2008-12-02,"{""type"":""MultiPoint"",""coordinates"":[]}"
2008_12_10,22.93566891182314,22.546970235246814,9.768279501560059,-0.3886986765763254,Delhi,2008-12-10,"{""type"":""MultiPoint"",""coordinates"":[]}"
2008_12_18,22.539995530724138,22.520706494808778,8.353220881728832,-0.01928903591536013,Delhi,2008-12-18,"{""type"":""MultiPoint"",""coordinates"":[]}"
2008_12_26,19.84397177051231,20.18770112088978,7.805556907188369,0.343729350377469,Delhi,2008-12-26,"{""type"":""MultiPoint"",""coordinates"":[]}"
2009_01_01,18.41360442003894,18.993363209750303,6.64606202136576,0.579758789711363,Delhi,2009-01-01,"{""type"":""MultiPoint"",""coordinates"":[]}"
2009_01_09,19.12313266005291,19.67587754577583,7.1955306135560795,0.5527448857229196,Delhi,2009-01-09,"{""type"":""MultiPoint"",""coordinates"":[]}"
2009_01_17,16.94201253494339,17.776496655316492,11.78161952403361,0.8344841203731015,Delhi,2009-01-17,"{""type"":""MultiPoint"",""coordinates"":[]}"
2009_01_25,21.14695598359371,21.64729163607196,9.712642243370993,0.500335652478249,Delhi,2009-01-25,"{""type"":""MultiPoint"",""coordinates"":[]}"
2009_02_02,22.381774220593588,23.299316827202087,10.268374906770624,0.9175426066084995,Delhi,2009-02-02,"{""type"":""MultiPoint"",""coordinates"":[]}"
2009_02_10,21.810428635051185,22.708889823737877,10.660815769565332,0.8984611886866922,Delhi,2009-02-10,"{""type"":""MultiPoint"",""coordinates"":[]}"
2009_02_18,23.477199110351396,24.524350058089407,11.222560793448288,1.047150947738011,Delhi,2009-02-18,"{""type"":""MultiPoint"",""coordinates"":[]}"
2009_02_26,25.721650546643737,26.91507000985523,13.140168115215728,1.1934194632114945,Delhi,2009-02-26,"{""type"":""MultiPoint"",""coordinates"":[]}"
2009_03_06,27.84804933430283,29.335311086093608,13.242979557978407,1.4872617517907791,Delhi,2009-03-06,"{""type"":""MultiPoint"",""coordinates"":[]}"
2009_03_14,30.138327796722564,31.11676980099069,15.763797030145467,0.9784420042681248,Delhi,2009-03-14,"{""type"":""MultiPoint"",""coordinates"":[]}"
2009_03_22,30.343477886263564,31.14277526014884,16.458435359778747,0.7992973738852776,Delhi,2009-03-22,"{""type"":""MultiPoint"",""coordinates"":[]}"
2009_03_30,31.64070993500938,31.9164876667546,18.111868569508058,0.2757777317452188,Delhi,2009-03-30,"{""type"":""MultiPoint"",""coordinates"":[]}"
2009_04_07,36.83709124659546,37.58169388882188,19.17678214454177,0.7446026422264183,Delhi,2009-04-07,"{""type"":""MultiPoint"",""coordinates"":[]}"
2009_04_15,41.27734598172201,41.20899656429501,21.617635371788186,-0.06834941742699385,Delhi,2009-04-15,"{""type"":""MultiPoint"",""coordinates"":[]}"
2009_04_23,42.771177348419315,42.684268361200395,21.7074712856219,-0.08690898721891926,Delhi,2009-04-23,"{""type"":""MultiPoint"",""coordinates"":[]}"
2009_05_01,41.79501528275563,41.72845753730878,22.995862744027963,-0.06655774544685045,Delhi,2009-05-01,"{""type"":""MultiPoint"",""coordinates"":[]}"
2009_05_09,39.806306235008016,40.00643320664854,24.312210737362225,0.20012697164052184,Delhi,2009-05-09,"{""type"":""MultiPoint"",""coordinates"":[]}"
2009_05_17,40.74540853099321,40.366959868732096,24.31754541725352,-0.37844866226111407,Delhi,2009-05-17,"{""type"":""MultiPoint"",""coordinates"":[]}"
2009_05_25,39.79101031484654,38.36245327327805,22.878345422070456,-1.4285570415684887,Delhi,2009-05-25,"{""type"":""MultiPoint"",""coordinates"":[]}"
2009_06_02,43.575170018275294,42.872355698321,25.128790347742342,-0.7028143199542924,Delhi,2009-06-02,"{""type"":""MultiPoint"",""coordinates"":[]}"
2009_06_10,41.416012462017775,41.3154402537863,24.52101974215516,-0.10057220823147617,Delhi,2009-06-10,"{""type"":""MultiPoint"",""coordinates"":[]}"
2009_06_18,44.34439241864858,45.02395429130287,26.975509098273296,0.6795618726542898,Delhi,2009-06-18,"{""type"":""MultiPoint"",""coordinates"":[]}"
2009_06_26,43.067922577029336,45.112287347362965,25.809510782021338,2.0443647703336296,Delhi,2009-06-26,"{""type"":""MultiPoint"",""coordinates"":[]}"
2009_07_04,40.75092639668072,42.68324478439278,27.75545339421539,1.9323183877120584,Delhi,2009-07-04,"{""type"":""MultiPoint"",""coordinates"":[]}"
2009_07_12,36.67000000000002,35.23705882352944,27.677058823529443,-1.4329411764705853,Delhi,2009-07-12,"{""type"":""MultiPoint"",""coordinates"":[]}"
2009_07_20,,,,,Delhi,2009-07-20,"{""type"":""MultiPoint"",""coordinates"":[]}"
2009_07_28,30.939011142983933,31.634013973826942,25.05823834766362,0.6950028308430092,Delhi,2009-07-28,"{""type"":""MultiPoint"",""coordinates"":[]}"
2009_08_05,32.53139194339581,32.560274540499805,25.487368334589622,0.0288825971039941,Delhi,2009-08-05,"{""type"":""MultiPoint"",""coordinates"":[]}"
2009_08_13,26.353922201861508,27.29394796976624,23.504009492002144,0.9400257679047321,Delhi,2009-08-13,"{""type"":""MultiPoint"",""coordinates"":[]}"
2009_08_21,32.164877761890956,33.067515807655695,24.48369280853331,0.9026380457647392,Delhi,2009-08-21,"{""type"":""MultiPoint"",""coordinates"":[]}"
2009_08_29,29.420000000000027,,,,Delhi,2009-08-29,"{""type"":""MultiPoint"",""coordinates"":[]}"
2009_09_06,30.18828718714119,30.10187835034241,23.467515080288337,-0.08640883679877831,Delhi,2009-09-06,"{""type"":""MultiPoint"",""coordinates"":[]}"
2009_09_14,30.661404519273237,31.308901803909862,24.53928324779243,0.6474972846366249,Delhi,2009-09-14,"{""type"":""MultiPoint"",""coordinates"":[]}"
2009_09_22,33.98681069497402,35.11120533023197,24.502179111675453,1.12439463525795,Delhi,2009-09-22,"{""type"":""MultiPoint"",""coordinates"":[]}"
2009_09_30,32.990897892774754,33.755335592664025,22.941841064782036,0.764437699889271,Delhi,2009-09-30,"{""type"":""MultiPoint"",""coordinates"":[]}"
2009_10_08,34.08359400346636,35.10990811675038,19.631996830955853,1.0263141132840232,Delhi,2009-10-08,"{""type"":""MultiPoint"",""coordinates"":[]}"
2009_10_16,32.63623629080501,33.17686527181853,15.85280403413219,0.5406289810135192,Delhi,2009-10-16,"{""type"":""MultiPoint"",""coordinates"":[]}"
2009_10_24,31.40859540157968,31.27106750957275,14.65367697008097,-0.13752789200693272,Delhi,2009-10-24,"{""type"":""MultiPoint"",""coordinates"":[]}"
2009_11_01,29.19381237517108,28.741177045100216,16.109204133594613,-0.45263533007086565,Delhi,2009-11-01,"{""type"":""MultiPoint"",""coordinates"":[]}"
2009_11_09,28.92877035310051,28.7875677949158,17.01926023658233,-0.14120255818470895,Delhi,2009-11-09,"{""type"":""MultiPoint"",""coordinates"":[]}"
2009_11_17,25.3081592342684,24.928093319519633,9.18879148919845,-0.3800659147487657,Delhi,2009-11-17,"{""type"":""MultiPoint"",""coordinates"":[]}"
2009_11_25,26.500817037927185,25.78154908003972,9.687800774942351,-0.7192679578874639,Delhi,2009-11-25,"{""type"":""MultiPoint"",""coordinates"":[]}"
2009_12_03,25.117961990686982,24.897041218345873,10.098933091487188,-0.22092077234110974,Delhi,2009-12-03,"{""type"":""MultiPoint"",""coordinates"":[]}"
2009_12_11,21.797496693608554,21.5918305032754,9.719534422841766,-0.20566619033315447,Delhi,2009-12-11,"{""type"":""MultiPoint"",""coordinates"":[]}"
2009_12_19,20.015428984571955,19.904709284370732,6.90312932236543,-0.11071970020122279,Delhi,2009-12-19,"{""type"":""MultiPoint"",""coordinates"":[]}"
2009_12_27,18.423416390734857,18.213168341595456,6.428269112446191,-0.21024804913940187,Delhi,2009-12-27,"{""type"":""MultiPoint"",""coordinates"":[]}"
2010_01_01,18.24669103717252,18.50978829668284,6.812848055659114,0.26309725951031737,Delhi,2010-01-01,"{""type"":""MultiPoint"",""coordinates"":[]}"
2010_01_09,15.235807333152833,10.717142857142886,7.147142857142894,-4.518664476009947,Delhi,2010-01-09,"{""type"":""MultiPoint"",""coordinates"":[]}"
2010_01_17,19.783087849001017,19.51592151434184,6.879122562370655,-0.2671663346591764,Delhi,2010-01-17,"{""type"":""MultiPoint"",""coordinates"":[]}"
2010_01_25,19.686161617445293,21.283392200677643,9.470321247507178,1.5972305832323492,Delhi,2010-01-25,"{""type"":""MultiPoint"",""coordinates"":[]}"
2010_02_02,20.726370577328264,21.444955502316954,9.220715117196079,0.71858492498869,Delhi,2010-02-02,"{""type"":""MultiPoint"",""coordinates"":[]}"
2010_02_10,20.469671726702042,20.910985303802804,10.068666427179936,0.441313577100761,Delhi,2010-02-10,"{""type"":""MultiPoint"",""coordinates"":[]}"
2010_02_18,22.85150286755543,23.935500375963695,10.024218311435687,1.0839975084082667,Delhi,2010-02-18,"{""type"":""MultiPoint"",""coordinates"":[]}"
2010_02_26,25.924621305481324,27.174605414055286,14.864553807174396,1.2499841085739618,Delhi,2010-02-26,"{""type"":""MultiPoint"",""coordinates"":[]}"
2010_03_06,27.90224137077462,29.13543318271737,14.231374646084689,1.2331918119427492,Delhi,2010-03-06,"{""type"":""MultiPoint"",""coordinates"":[]}"
2010_03_14,31.869834585311203,33.24992144670573,17.461541021477696,1.380086861394524,Delhi,2010-03-14,"{""type"":""MultiPoint"",""coordinates"":[]}"
2010_03_22,34.96448731359513,36.27217467015413,18.94673471665224,1.3076873565590006,Delhi,2010-03-22,"{""type"":""MultiPoint"",""coordinates"":[]}"
2010_03_30,35.274504522033844,35.90391205585537,18.956639992648203,0.6294075338215279,Delhi,2010-03-30,"{""type"":""MultiPoint"",""coordinates"":[]}"
2010_04_07,41.55079364065198,42.25393189634701,22.175479204817446,0.7031382556950305,Delhi,2010-04-07,"{""type"":""MultiPoint"",""coordinates"":[]}"
2010_04_15,41.76165401139567,42.118316268080626,23.23521551282702,0.356662256684956,Delhi,2010-04-15,"{""type"":""MultiPoint"",""coordinates"":[]}"
2010_04_23,41.23999189139927,40.58896299771151,21.902764818210763,-0.6510288936877586,Delhi,2010-04-23,"{""type"":""MultiPoint"",""coordinates"":[]}"
2010_05_01,38.03735307967804,36.88257272518542,22.59944992325648,-1.1547803544926225,Delhi,2010-05-01,"{""type"":""MultiPoint"",""coordinates"":[]}"
2010_05_09,44.81377049853066,44.397144622517764,24.141769870388742,-0.416625876012894,Delhi,2010-05-09,"{""type"":""MultiPoint"",""coordinates"":[]}"
2010_05_17,45.78043993326913,45.73699100675674,26.244407437908336,-0.043448926512390074,Delhi,2010-05-17,"{""type"":""MultiPoint"",""coordinates"":[]}"
2010_05_25,43.70819443956456,43.15775120955219,24.280924611219767,-0.5504432300123696,Delhi,2010-05-25,"{""type"":""MultiPoint"",""coordinates"":[]}"
2010_06_02,37.13479057426747,37.70102500314463,22.419269891406174,0.5662344288771592,Delhi,2010-06-02,"{""type"":""MultiPoint"",""coordinates"":[]}"
2010_06_10,43.54655426440938,42.47999408574758,25.46179502110934,-1.0665601786618026,Delhi,2010-06-10,"{""type"":""MultiPoint"",""coordinates"":[]}"
2010_06_18,45.80401329471244,46.13052592051642,25.338163110979988,0.32651262580397855,Delhi,2010-06-18,"{""type"":""MultiPoint"",""coordinates"":[]}"
2010_06_26,32.60279378127234,33.48138620276336,25.15719293130538,0.878592421491021,Delhi,2010-06-26,"{""type"":""MultiPoint"",""coordinates"":[]}"
2010_07_04,33.266326609884494,33.77998088674728,25.3433697853382,0.5136542768627876,Delhi,2010-07-04,"{""type"":""MultiPoint"",""coordinates"":[]}"
2010_07_12,33.637888024944914,34.21910130578456,24.23656654709067,0.5812132808396484,Delhi,2010-07-12,"{""type"":""MultiPoint"",""coordinates"":[]}"
2010_07_20,33.81644415499841,,,,Delhi,2010-07-20,"{""type"":""MultiPoint"",""coordinates"":[]}"
2010_07_28,,,,,Delhi,2010-07-28,"{""type"":""MultiPoint"",""coordinates"":[]}"
2010_08_05,36.0634991858098,35.16482442917407,25.89438612855406,-0.8986747566357352,Delhi,2010-08-05,"{""type"":""MultiPoint"",""coordinates"":[]}"
2010_08_13,29.645384615384646,,,,Delhi,2010-08-13,"{""type"":""MultiPoint"",""coordinates"":[]}"
2010_08_21,30.731818181818202,,,,Delhi,2010-08-21,"{""type"":""MultiPoint"",""coordinates"":[]}"
2010_08_29,28.027597503900182,31.050413653456786,24.742230150493025,3.022816149556604,Delhi,2010-08-29,"{""type"":""MultiPoint"",""coordinates"":[]}"
2010_09_06,27.039167842031066,,,,Delhi,2010-09-06,"{""type"":""MultiPoint"",""coordinates"":[]}"
2010_09_14,27.748276135349094,28.33245747223396,23.69237030788699,0.5841813368848641,Delhi,2010-09-14,"{""type"":""MultiPoint"",""coordinates"":[]}"
2010_09_22,29.957816682105033,30.14088960059303,23.10936682940686,0.18307291848799778,Delhi,2010-09-22,"{""type"":""MultiPoint"",""coordinates"":[]}"
2010_09_30,32.010799613801176,32.367255734718974,23.466762508789223,0.3564561209177981,Delhi,2010-09-30,"{""type"":""MultiPoint"",""coordinates"":[]}"
2010_10_08,32.591395787354294,32.753941355936384,21.651715018341182,0.16254556858208957,Delhi,2010-10-08,"{""type"":""MultiPoint"",""coordinates"":[]}"
2010_10_16,31.87532270867725,31.682695855318947,22.205868207999412,-0.19262685335830199,Delhi,2010-10-16,"{""type"":""MultiPoint"",""coordinates"":[]}"
2010_10_24,29.198575084784117,29.036790341792724,16.0172379787924,-0.16178474299139367,Delhi,2010-10-24,"{""type"":""MultiPoint"",""coordinates"":[]}"
2010_11_01,29.498463880183948,29.309767946734304,17.10360514471902,-0.18869593344964386,Delhi,2010-11-01,"{""type"":""MultiPoint"",""coordinates"":[]}"
2010_11_09,28.65878469372765,28.254316591220267,16.818742796608138,-0.4044681025073835,Delhi,2010-11-09,"{""type"":""MultiPoint"",""coordinates"":[]}"
2010_11_17,25.54516154009999,24.907757963713927,13.57530819749868,-0.6374035763860633,Delhi,2010-11-17,"{""type"":""MultiPoint"",""coordinates"":[]}"
2010_11_25,24.31981793694205,23.616097815363027,10.922200422833068,-0.7037201215790247,Delhi,2010-11-25,"{""type"":""MultiPoint"",""coordinates"":[]}"
2010_12_03,22.26860809952691,21.815699639742785,8.755976566445597,-0.4529084597841262,Delhi,2010-12-03,"{""type"":""MultiPoint"",""coordinates"":[]}"
2010_12_11,21.822197509438617,21.21496085225226,7.936439261519423,-0.6072366571863554,Delhi,2010-12-11,"{""type"":""MultiPoint"",""coordinates"":[]}"
2010_12_19,19.714185521911737,19.074572708892216,7.790061146792493,-0.6396128130195216,Delhi,2010-12-19,"{""type"":""MultiPoint"",""coordinates"":[]}"
2010_12_27,,,,,Delhi,2010-12-27,"{""type"":""MultiPoint"",""coordinates"":[]}"
2011_01_01,14.833966942148809,15.07000000000005,6.510000000000048,0.23603305785124107,Delhi,2011-01-01,"{""type"":""MultiPoint"",""coordinates"":[]}"
2011_01_09,16.40123791169391,16.788424246993678,6.866405775247893,0.3871863352997664,Delhi,2011-01-09,"{""type"":""MultiPoint"",""coordinates"":[]}"
2011_01_17,18.410346184222742,18.518757731581477,7.140988269955745,0.1084115473587346,Delhi,2011-01-17,"{""type"":""MultiPoint"",""coordinates"":[]}"
2011_01_25,19.249769784019612,19.575229590498033,7.410032886105647,0.32545980647842043,Delhi,2011-01-25,"{""type"":""MultiPoint"",""coordinates"":[]}"
2011_02_02,21.81995775048303,22.259365531688793,10.82003604408473,0.4394077812057624,Delhi,2011-02-02,"{""type"":""MultiPoint"",""coordinates"":[]}"
2011_02_10,20.303270006625116,20.84662171475179,10.57731214191052,0.543351708126675,Delhi,2011-02-10,"{""type"":""MultiPoint"",""coordinates"":[]}"
2011_02_18,20.81525426221486,21.229037240487944,11.160392438807689,0.4137829782730833,Delhi,2011-02-18,"{""type"":""MultiPoint"",""coordinates"":[]}"
2011_02_26,22.201613953054807,22.79027239166198,11.808715465928067,0.5886584386071725,Delhi,2011-02-26,"{""type"":""MultiPoint"",""coordinates"":[]}"
2011_03_06,25.38226318567935,26.536786734536882,13.202666948508536,1.154523548857533,Delhi,2011-03-06,"{""type"":""MultiPoint"",""coordinates"":[]}"
2011_03_14,28.937777323232634,29.963009547470545,16.012803447524934,1.0252322242379108,Delhi,2011-03-14,"{""type"":""MultiPoint"",""coordinates"":[]}"
2011_03_22,30.816010634463222,31.764456554453645,17.027938265022087,0.9484459199904229,Delhi,2011-03-22,"{""type"":""MultiPoint"",""coordinates"":[]}"
2011_03_30,31.667744650427423,32.555811335013885,16.832317942880216,0.8880666845864624,Delhi,2011-03-30,"{""type"":""MultiPoint"",""coordinates"":[]}"
2011_04_07,35.326531693882835,35.64145943908662,18.26337795705731,0.3149277452037822,Delhi,2011-04-07,"{""type"":""MultiPoint"",""coordinates"":[]}"
2011_04_15,37.6507918790532,37.86238676803248,20.00038069761754,0.21159488897927758,Delhi,2011-04-15,"{""type"":""MultiPoint"",""coordinates"":[]}"
2011_04_23,39.667020348450876,39.483905957680896,22.812850287704205,-0.1831143907699797,Delhi,2011-04-23,"{""type"":""MultiPoint"",""coordinates"":[]}"
2011_05_01,39.08890657392083,39.18251864072231,24.21216522944009,0.0936120668014766,Delhi,2011-05-01,"{""type"":""MultiPoint"",""coordinates"":[]}"
2011_05_09,41.88353730912905,42.20174560146225,25.223797630657558,0.31820829233319614,Delhi,2011-05-09,"{""type"":""MultiPoint"",""coordinates"":[]}"
2011_05_17,38.586547678421375,38.443139212330955,24.17402924739433,-0.14340846609042046,Delhi,2011-05-17,"{""type"":""MultiPoint"",""coordinates"":[]}"
2011_05_25,36.31983213673571,36.72716626141034,25.991127077769395,0.4073341246746267,Delhi,2011-05-25,"{""type"":""MultiPoint"",""coordinates"":[]}"
2011_06_02,40.58850665713694,41.00330359123651,24.924441738401324,0.4147969340995701,Delhi,2011-06-02,"{""type"":""MultiPoint"",""coordinates"":[]}"
2011_06_10,33.17280506377311,31.475000000000023,25.480000000000032,-1.6978050637730888,Delhi,2011-06-10,"{""type"":""MultiPoint"",""coordinates"":[]}"
2011_06_18,33.363626513178794,34.23584313629984,23.534970570804656,0.872216623121048,Delhi,2011-06-18,"{""type"":""MultiPoint"",""coordinates"":[]}"
2011_06_26,33.722790280280186,33.134310717704,21.596233077073617,-0.5884795625761896,Delhi,2011-06-26,"{""type"":""MultiPoint"",""coordinates"":[]}"
2011_07_04,31.796572922860726,32.512300868714085,23.725523543813726,0.7157279458533594,Delhi,2011-07-04,"{""type"":""MultiPoint"",""coordinates"":[]}"
2011_07_12,34.350077395004526,34.66574268096613,24.55000000000001,0.31566528596160737,Delhi,2011-07-12,"{""type"":""MultiPoint"",""coordinates"":[]}"
2011_07_20,38.41391984421134,38.49452011095704,,0.08060026674569798,Delhi,2011-07-20,"{""type"":""MultiPoint"",""coordinates"":[]}"
2011_07_28,35.955400403152,36.42328205280513,25.872492914278546,0.4678816496531297,Delhi,2011-07-28,"{""type"":""MultiPoint"",""coordinates"":[]}"
2011_08_05,,30.342727272727313,,,Delhi,2011-08-05,"{""type"":""MultiPoint"",""coordinates"":[]}"
2011_08_13,32.25097652406164,31.24933246801413,19.488090652498784,-1.0016440560475104,Delhi,2011-08-13,"{""type"":""MultiPoint"",""coordinates"":[]}"
2011_08_21,30.41044733100194,30.92583333333336,24.029166666666697,0.5153860023314216,Delhi,2011-08-21,"{""type"":""MultiPoint"",""coordinates"":[]}"
2011_08_29,32.35862457584693,33.265753813036575,25.145380384847623,0.9071292371896433,Delhi,2011-08-29,"{""type"":""MultiPoint"",""coordinates"":[]}"
2011_09_06,,,,,Delhi,2011-09-06,"{""type"":""MultiPoint"",""coordinates"":[]}"
2011_09_14,30.26995899597356,30.25078034949022,23.95855253435792,-0.01917864648333989,Delhi,2011-09-14,"{""type"":""MultiPoint"",""coordinates"":[]}"
2011_09_22,31.989044649331614,32.45938874077241,23.17698512909848,0.47034409144079703,Delhi,2011-09-22,"{""type"":""MultiPoint"",""coordinates"":[]}"
2011_09_30,33.57429872130677,34.15753958954577,22.142755563351482,0.5832408682390025,Delhi,2011-09-30,"{""type"":""MultiPoint"",""coordinates"":[]}"
2011_10_08,33.67431599287874,33.71653866293473,20.82731915724142,0.042222670055991784,Delhi,2011-10-08,"{""type"":""MultiPoint"",""coordinates"":[]}"
2011_10_16,32.864550986293594,33.15562102374723,18.195282808846972,0.29107003745363613,Delhi,2011-10-16,"{""type"":""MultiPoint"",""coordinates"":[]}"
2011_10_24,30.253035990573487,30.277084647807754,16.186507575757616,0.024048657234267523,Delhi,2011-10-24,"{""type"":""MultiPoint"",""coordinates"":[]}"
2011_11_01,29.818464848559355,29.62772957962759,15.64617058190091,-0.19073526893176407,Delhi,2011-11-01,"{""type"":""MultiPoint"",""coordinates"":[]}"
2011_11_09,30.74068779589782,30.31693872847923,16.457904035797018,-0.42374906741859064,Delhi,2011-11-09,"{""type"":""MultiPoint"",""coordinates"":[]}"
2011_11_17,28.75228212472597,28.260450488589854,14.75939368066451,-0.4918316361361157,Delhi,2011-11-17,"{""type"":""MultiPoint"",""coordinates"":[]}"
2011_11_25,26.49367715436428,26.319403647587304,10.898189411496451,-0.17427350677697717,Delhi,2011-11-25,"{""type"":""MultiPoint"",""coordinates"":[]}"
2011_12_03,25.76986872048678,25.82562564664062,13.369941337779952,0.055756926153840425,Delhi,2011-12-03,"{""type"":""MultiPoint"",""coordinates"":[]}"
2011_12_11,21.134093913605266,21.09116842180672,6.848657974544547,-0.04292549179854532,Delhi,2011-12-11,"{""type"":""MultiPoint"",""coordinates"":[]}"
2011_12_19,18.12699650218252,17.643375595367644,5.9913843959285655,-0.48362090681487757,Delhi,2011-12-19,"{""type"":""MultiPoint"",""coordinates"":[]}"
2011_12_27,20.160487227909748,19.079502963976303,8.336639306885573,-1.0809842639334448,Delhi,2011-12-27,"{""type"":""MultiPoint"",""coordinates"":[]}"
2012_01_01,,17.524545454545486,8.419545454545485,,Delhi,2012-01-01,"{""type"":""MultiPoint"",""coordinates"":[]}"
2012_01_09,16.392512996558622,16.600262167586575,5.9699362351564105,0.20774917102795243,Delhi,2012-01-09,"{""type"":""MultiPoint"",""coordinates"":[]}"
2012_01_17,17.358222237364355,17.785366710939424,5.8463489383688305,0.42714447357506913,Delhi,2012-01-17,"{""type"":""MultiPoint"",""coordinates"":[]}"
2012_01_25,18.45948479215001,18.91826310646129,6.198952441174243,0.458778314311278,Delhi,2012-01-25,"{""type"":""MultiPoint"",""coordinates"":[]}"
2012_02_02,17.96219895924308,18.787011109823357,7.719792870506834,0.8248121505802786,Delhi,2012-02-02,"{""type"":""MultiPoint"",""coordinates"":[]}"
2012_02_10,18.762516584213742,19.659674625411757,7.4605888764039845,0.8971580411980149,Delhi,2012-02-10,"{""type"":""MultiPoint"",""coordinates"":[]}"
2012_02_18,22.27441304677376,25.048312606778214,10.980703246056688,2.7738995600044554,Delhi,2012-02-18,"{""type"":""MultiPoint"",""coordinates"":[]}"
2012_02_26,24.227940794531342,25.464682108493815,10.828272022229658,1.2367413139624723,Delhi,2012-02-26,"{""type"":""MultiPoint"",""coordinates"":[]}"
2012_03_05,24.43921400728037,25.7423880082263,10.798518144775079,1.3031740009459298,Delhi,2012-03-05,"{""type"":""MultiPoint"",""coordinates"":[]}"
2012_03_13,27.761087815246608,28.8148559549257,15.166712978587817,1.053768139679093,Delhi,2012-03-13,"{""type"":""MultiPoint"",""coordinates"":[]}"
2012_03_21,27.87243137200944,29.11720646460354,13.83942357770016,1.2447750925941001,Delhi,2012-03-21,"{""type"":""MultiPoint"",""coordinates"":[]}"
2012_03_29,34.29239099653661,35.49728406302056,19.218172113930244,1.2048930664839475,Delhi,2012-03-29,"{""type"":""MultiPoint"",""coordinates"":[]}"
2012_04_06,35.63058989350102,36.37758233582298,20.246081643608644,0.7469924423219609,Delhi,2012-04-06,"{""type"":""MultiPoint"",""coordinates"":[]}"
2012_04_14,36.7080331860644,38.01290076665912,20.110239604949765,1.304867580594724,Delhi,2012-04-14,"{""type"":""MultiPoint"",""coordinates"":[]}"
2012_04_22,38.701482350041665,39.159017009025874,18.8680839605427,0.4575346589842084,Delhi,2012-04-22,"{""type"":""MultiPoint"",""coordinates"":[]}"
2012_04_30,40.0654937144818,39.940594284064936,21.24394477135556,-0.12489943041686757,Delhi,2012-04-30,"{""type"":""MultiPoint"",""coordinates"":[]}"
2012_05_08,39.57382790100126,40.01972870515859,21.709377379912116,0.4459008041573327,Delhi,2012-05-08,"{""type"":""MultiPoint"",""coordinates"":[]}"
2012_05_16,43.56225930600404,44.165432675162904,23.168117785619184,0.603173369158867,Delhi,2012-05-16,"{""type"":""MultiPoint"",""coordinates"":[]}"
2012_05_24,46.19503044369904,46.3941554199503,25.043052149823236,0.19912497625126235,Delhi,2012-05-24,"{""type"":""MultiPoint"",""coordinates"":[]}"
2012_06_01,39.5599937322614,40.14800593443999,24.08819374673477,0.5880122021785965,Delhi,2012-06-01,"{""type"":""MultiPoint"",""coordinates"":[]}"
2012_06_09,39.72628173701847,40.4876528100406,24.668640918073734,0.7613710730221328,Delhi,2012-06-09,"{""type"":""MultiPoint"",""coordinates"":[]}"
2012_06_17,40.66093219343331,41.10518073532453,25.882318159035332,0.4442485418912199,Delhi,2012-06-17,"{""type"":""MultiPoint"",""coordinates"":[]}"
2012_06_25,39.90418683701058,38.23439143357978,26.711889591748626,-1.669795403430797,Delhi,2012-06-25,"{""type"":""MultiPoint"",""coordinates"":[]}"
2012_07_03,33.640057013385245,33.53000000000003,26.950000000000045,-0.1100570133852159,Delhi,2012-07-03,"{""type"":""MultiPoint"",""coordinates"":[]}"
2012_07_11,32.35668929463417,33.366168028342166,26.704882510302976,1.0094787337079936,Delhi,2012-07-11,"{""type"":""MultiPoint"",""coordinates"":[]}"
2012_07_19,37.92968877120273,38.47092372288315,25.32509785647719,0.5412349516804227,Delhi,2012-07-19,"{""type"":""MultiPoint"",""coordinates"":[]}"
2012_07_27,,,,,Delhi,2012-07-27,"{""type"":""MultiPoint"",""coordinates"":[]}"
2012_08_04,34.76800000000002,,,,Delhi,2012-08-04,"{""type"":""MultiPoint"",""coordinates"":[]}"
2012_08_12,,,,,Delhi,2012-08-12,"{""type"":""MultiPoint"",""coordinates"":[]}"
2012_08_20,,,,,Delhi,2012-08-20,"{""type"":""MultiPoint"",""coordinates"":[]}"
2012_08_28,28.921588785046765,,,,Delhi,2012-08-28,"{""type"":""MultiPoint"",""coordinates"":[]}"
2012_09_05,31.095006458100197,31.6158938327211,24.876928822779693,0.5208873746209015,Delhi,2012-09-05,"{""type"":""MultiPoint"",""coordinates"":[]}"
2012_09_13,29.089637537957298,29.25186856833366,24.07397544683158,0.16223103037636122,Delhi,2012-09-13,"{""type"":""MultiPoint"",""coordinates"":[]}"
2012_09_21,32.74800107991344,33.34891011736194,22.766689763287406,0.6009090374484956,Delhi,2012-09-21,"{""type"":""MultiPoint"",""coordinates"":[]}"
2012_09_29,34.83339270781042,35.78205378372132,21.09346876166984,0.9486610759108984,Delhi,2012-09-29,"{""type"":""MultiPoint"",""coordinates"":[]}"
2012_10_07,34.24370579517859,35.00833622094212,19.925548199587844,0.7646304257635279,Delhi,2012-10-07,"{""type"":""MultiPoint"",""coordinates"":[]}"
2012_10_15,32.039448535545546,32.52659609401614,18.33156817477979,0.4871475584705962,Delhi,2012-10-15,"{""type"":""MultiPoint"",""coordinates"":[]}"
2012_10_23,29.788586388232304,29.56027276965751,15.734553560546708,-0.22831361857479493,Delhi,2012-10-23,"{""type"":""MultiPoint"",""coordinates"":[]}"
2012_10_31,27.285747151089836,27.339627606160533,15.665372387560156,0.05388045507069705,Delhi,2012-10-31,"{""type"":""MultiPoint"",""coordinates"":[]}"
2012_11_08,27.78296872623286,27.712861714341567,13.923817869310355,-0.07010701189129165,Delhi,2012-11-08,"{""type"":""MultiPoint"",""coordinates"":[]}"
2012_11_16,27.489784695932354,26.97572658903775,11.053191101521596,-0.5140581068946055,Delhi,2012-11-16,"{""type"":""MultiPoint"",""coordinates"":[]}"
2012_11_24,25.908019252987824,25.363206808525092,9.52456154885245,-0.5448124444627318,Delhi,2012-11-24,"{""type"":""MultiPoint"",""coordinates"":[]}"
2012_12_02,24.40318520339271,23.716024837859685,8.107449685187293,-0.6871603655330247,Delhi,2012-12-02,"{""type"":""MultiPoint"",""coordinates"":[]}"
2012_12_10,21.054738994108593,20.39649040009722,9.995262393825723,-0.658248594011372,Delhi,2012-12-10,"{""type"":""MultiPoint"",""coordinates"":[]}"
2012_12_18,19.647238477741666,19.943073056584616,8.061480431524522,0.2958345788429497,Delhi,2012-12-18,"{""type"":""MultiPoint"",""coordinates"":[]}"
2012_12_26,16.053492191542745,15.49583984461614,6.501498762782394,-0.5576523469266039,Delhi,2012-12-26,"{""type"":""MultiPoint"",""coordinates"":[]}"
2013_01_01,13.848181818181843,,,,Delhi,2013-01-01,"{""type"":""MultiPoint"",""coordinates"":[]}"
2013_01_09,18.379340757302835,18.617973006538918,9.096593945923349,0.23863224923608328,Delhi,2013-01-09,"{""type"":""MultiPoint"",""coordinates"":[]}"
2013_01_17,15.943754539064887,15.916467324219907,6.926439291688329,-0.027287214844980312,Delhi,2013-01-17,"{""type"":""MultiPoint"",""coordinates"":[]}"
2013_01_25,17.552681430371624,17.693833152037506,7.200854991214155,0.14115172166588152,Delhi,2013-01-25,"{""type"":""MultiPoint"",""coordinates"":[]}"
2013_02_02,18.882244300355598,19.13404629732627,9.875008106076747,0.2518019969706735,Delhi,2013-02-02,"{""type"":""MultiPoint"",""coordinates"":[]}"
2013_02_10,20.8401230509551,21.13524635085799,9.968983797886581,0.2951232999028903,Delhi,2013-02-10,"{""type"":""MultiPoint"",""coordinates"":[]}"
2013_02_18,20.391253428864484,20.56639310173797,12.115546652931204,0.17513967287348464,Delhi,2013-02-18,"{""type"":""MultiPoint"",""coordinates"":[]}"
2013_02_26,24.995476450359796,25.696176896404133,12.785073788596414,0.7007004460443369,Delhi,2013-02-26,"{""type"":""MultiPoint"",""coordinates"":[]}"
2013_03_06,26.963318863357276,27.671632173453578,15.98561577698847,0.708313310096301,Delhi,2013-03-06,"{""type"":""MultiPoint"",""coordinates"":[]}"
2013_03_14,26.959093749303154,27.918222652574116,16.352201414547743,0.9591289032709618,Delhi,2013-03-14,"{""type"":""MultiPoint"",""coordinates"":[]}"
2013_03_22,29.40435378597604,30.38174063948206,17.08260654799999,0.9773868535060224,Delhi,2013-03-22,"{""type"":""MultiPoint"",""coordinates"":[]}"
2013_03_30,32.7689899878723,33.34911723942878,18.163816150473856,0.5801272515564762,Delhi,2013-03-30,"{""type"":""MultiPoint"",""coordinates"":[]}"
2013_04_07,37.2091333928071,37.51353446772309,19.911160481941227,0.3044010749159938,Delhi,2013-04-07,"{""type"":""MultiPoint"",""coordinates"":[]}"
2013_04_15,39.32187677316808,39.21710091342543,20.77522913101356,-0.10477585974264514,Delhi,2013-04-15,"{""type"":""MultiPoint"",""coordinates"":[]}"
2013_04_23,39.188688008975035,38.997553489525316,22.958988471550864,-0.1911345194497187,Delhi,2013-04-23,"{""type"":""MultiPoint"",""coordinates"":[]}"
2013_05_01,41.95898812443283,41.95575831410077,22.195137486632486,-0.0032298103320584914,Delhi,2013-05-01,"{""type"":""MultiPoint"",""coordinates"":[]}"
2013_05_09,42.02258523424256,41.82334312295146,23.734477234401442,-0.19924211129110603,Delhi,2013-05-09,"{""type"":""MultiPoint"",""coordinates"":[]}"
2013_05_17,45.27686431468837,45.56968258105505,26.769934696430866,0.2928182663666803,Delhi,2013-05-17,"{""type"":""MultiPoint"",""coordinates"":[]}"
2013_05_25,43.83569646404794,44.33729337990747,25.64478957093988,0.5015969158595297,Delhi,2013-05-25,"{""type"":""MultiPoint"",""coordinates"":[]}"
2013_06_02,40.17647814943668,39.8196379514731,27.546207897856487,-0.3568401979635851,Delhi,2013-06-02,"{""type"":""MultiPoint"",""coordinates"":[]}"
2013_06_10,36.88442094264499,37.5319400706392,19.13912231701025,0.6475191279942152,Delhi,2013-06-10,"{""type"":""MultiPoint"",""coordinates"":[]}"
2013_06_18,37.425026337768074,37.60922803794028,24.58757095148246,0.18420170017220272,Delhi,2013-06-18,"{""type"":""MultiPoint"",""coordinates"":[]}"
2013_06_26,33.674873207952494,34.04614306586758,,0.37126985791508815,Delhi,2013-06-26,"{""type"":""MultiPoint"",""coordinates"":[]}"
2013_07_04,36.39888174294548,32.574423027499385,27.597549504950525,-3.8244587154460916,Delhi,2013-07-04,"{""type"":""MultiPoint"",""coordinates"":[]}"
2013_07_12,33.419800852075724,30.080000000000027,,-3.3398008520756974,Delhi,2013-07-12,"{""type"":""MultiPoint"",""coordinates"":[]}"
2013_07_20,34.21178052743409,33.55215739611672,26.394716255510758,-0.6596231313173675,Delhi,2013-07-20,"{""type"":""MultiPoint"",""coordinates"":[]}"
2013_07_28,34.846000000000025,34.27500000000002,26.055000000000035,-0.5710000000000051,Delhi,2013-07-28,"{""type"":""MultiPoint"",""coordinates"":[]}"
2013_08_05,,,,,Delhi,2013-08-05,"{""type"":""MultiPoint"",""coordinates"":[]}"
2013_08_13,,,,,Delhi,2013-08-13,"{""type"":""MultiPoint"",""coordinates"":[]}"
2013_08_21,30.874916619737746,31.62652868651802,25.684108692749387,0.7516120667802753,Delhi,2013-08-21,"{""type"":""MultiPoint"",""coordinates"":[]}"
2013_08_29,29.38883732419238,30.556969447739657,24.034155845525323,1.1681321235472772,Delhi,2013-08-29,"{""type"":""MultiPoint"",""coordinates"":[]}"
2013_09_06,32.151600178997086,33.73875752669079,23.86939296762906,1.5871573476937044,Delhi,2013-09-06,"{""type"":""MultiPoint"",""coordinates"":[]}"
2013_09_14,33.93206327502668,35.14179128630616,23.779681345657924,1.2097280112794806,Delhi,2013-09-14,"{""type"":""MultiPoint"",""coordinates"":[]}"
2013_09_22,32.981682327903314,32.89497200655402,24.02452405352046,-0.0867103213492939,Delhi,2013-09-22,"{""type"":""MultiPoint"",""coordinates"":[]}"
2013_09_30,32.068233293738324,32.837887250626736,22.970613427458616,0.769653956888412,Delhi,2013-09-30,"{""type"":""MultiPoint"",""coordinates"":[]}"
2013_10_08,32.14277784977318,32.45496898554603,23.161766518315723,0.3121911357728493,Delhi,2013-10-08,"{""type"":""MultiPoint"",""coordinates"":[]}"
2013_10_16,31.251226467206997,30.888305138542254,19.96957648597062,-0.36292132866474347,Delhi,2013-10-16,"{""type"":""MultiPoint"",""coordinates"":[]}"
2013_10_24,30.367273019650323,30.355513580659945,17.78502401339398,-0.011759438990377902,Delhi,2013-10-24,"{""type"":""MultiPoint"",""coordinates"":[]}"
2013_11_01,28.711332597611687,28.8945133446769,14.333017213980701,0.1831807470652116,Delhi,2013-11-01,"{""type"":""MultiPoint"",""coordinates"":[]}"
2013_11_09,27.439100628269124,27.39898228198526,11.760481434558123,-0.040118346283865236,Delhi,2013-11-09,"{""type"":""MultiPoint"",""coordinates"":[]}"
2013_11_17,27.364402929045543,27.083698316344172,11.619251516484892,-0.2807046127013706,Delhi,2013-11-17,"{""type"":""MultiPoint"",""coordinates"":[]}"
2013_11_25,27.7084157114196,27.345269676862344,12.171664491202485,-0.363146034557257,Delhi,2013-11-25,"{""type"":""MultiPoint"",""coordinates"":[]}"
2013_12_03,24.233344989232652,23.904168935904863,10.11299703785058,-0.32917605332778876,Delhi,2013-12-03,"{""type"":""MultiPoint"",""coordinates"":[]}"
2013_12_11,22.79146073680206,22.389476388840116,10.628297250027762,-0.4019843479619425,Delhi,2013-12-11,"{""type"":""MultiPoint"",""coordinates"":[]}"
2013_12_19,18.59614350226427,18.724327025084783,8.458328873070812,0.12818352282051393,Delhi,2013-12-19,"{""type"":""MultiPoint"",""coordinates"":[]}"
2013_12_27,17.664671987440087,17.49791665377512,5.233965696187975,-0.1667553336649661,Delhi,2013-12-27,"{""type"":""MultiPoint"",""coordinates"":[]}"
2014_01_01,16.80417281233266,16.794658377969718,6.556469686221735,-0.009514434362941415,Delhi,2014-01-01,"{""type"":""MultiPoint"",""coordinates"":[]}"
2014_01_09,18.66037508411413,18.377700903862,7.459643202775516,-0.28267418025212976,Delhi,2014-01-09,"{""type"":""MultiPoint"",""coordinates"":[]}"
2014_01_17,19.378674144263584,18.981479262059175,9.718480583469082,-0.3971948822044098,Delhi,2014-01-17,"{""type"":""MultiPoint"",""coordinates"":[]}"
2014_01_25,19.034242750783772,19.419363580172035,8.942789860723604,0.38512082938826353,Delhi,2014-01-25,"{""type"":""MultiPoint"",""coordinates"":[]}"
2014_02_02,18.10988940198549,18.662143741909073,9.67677656394069,0.5522543399235822,Delhi,2014-02-02,"{""type"":""MultiPoint"",""coordinates"":[]}"
2014_02_10,19.258816164147703,19.582256412835765,7.8791889145961465,0.32344024868806187,Delhi,2014-02-10,"{""type"":""MultiPoint"",""coordinates"":[]}"
2014_02_18,20.700591212669504,20.99478890476725,10.04901102927712,0.2941976920977467,Delhi,2014-02-18,"{""type"":""MultiPoint"",""coordinates"":[]}"
2014_02_26,22.217823016486328,22.503390917760417,11.024320753034232,0.2855679012740886,Delhi,2014-02-26,"{""type"":""MultiPoint"",""coordinates"":[]}"
2014_03_06,23.6076469221412,24.074862256398106,12.97326168107936,0.4672153342569061,Delhi,2014-03-06,"{""type"":""MultiPoint"",""coordinates"":[]}"
2014_03_14,27.390618458422153,28.370230034514844,16.213002925626053,0.9796115760926902,Delhi,2014-03-14,"{""type"":""MultiPoint"",""coordinates"":[]}"
2014_03_22,26.30077557325159,26.414052373770613,17.98323086667491,0.11327680051902078,Delhi,2014-03-22,"{""type"":""MultiPoint"",""coordinates"":[]}"
2014_03_30,30.839436922441852,31.96586832102347,17.407579782505323,1.1264313985816194,Delhi,2014-03-30,"{""type"":""MultiPoint"",""coordinates"":[]}"
2014_04_07,35.201900336579364,35.84331787134757,19.175454317861952,0.641417534768209,Delhi,2014-04-07,"{""type"":""MultiPoint"",""coordinates"":[]}"
2014_04_15,36.172003552070606,35.253108572420345,19.58387303331798,-0.9188949796502612,Delhi,2014-04-15,"{""type"":""MultiPoint"",""coordinates"":[]}"
2014_04_23,42.54548823524919,42.23501459818086,22.6262304566124,-0.310473637068327,Delhi,2014-04-23,"{""type"":""MultiPoint"",""coordinates"":[]}"
2014_05_01,40.924368136239835,40.54305107734217,22.97674754931954,-0.38131705889766465,Delhi,2014-05-01,"{""type"":""MultiPoint"",""coordinates"":[]}"
2014_05_09,37.55213100581275,37.440316701355826,22.03874970345176,-0.11181430445692087,Delhi,2014-05-09,"{""type"":""MultiPoint"",""coordinates"":[]}"
2014_05_17,42.902480457419,43.02439216960222,24.553637189681986,0.12191171218321983,Delhi,2014-05-17,"{""type"":""MultiPoint"",""coordinates"":[]}"
2014_05_25,42.36781203700534,42.59237756403058,25.87438505456192,0.22456552702523425,Delhi,2014-05-25,"{""type"":""MultiPoint"",""coordinates"":[]}"
2014_06_02,44.264718690403875,44.49096254065155,27.3308606207039,0.2262438502476769,Delhi,2014-06-02,"{""type"":""MultiPoint"",""coordinates"":[]}"
2014_06_10,40.48916159408797,40.95073973840698,26.466984372671796,0.461578144319013,Delhi,2014-06-10,"{""type"":""MultiPoint"",""coordinates"":[]}"
2014_06_18,33.86233347559053,34.7122357124897,24.215264556916583,0.8499022368991689,Delhi,2014-06-18,"{""type"":""MultiPoint"",""coordinates"":[]}"
2014_06_26,34.06656449303661,34.04075007240085,25.44094647605511,-0.025814420635761337,Delhi,2014-06-26,"{""type"":""MultiPoint"",""coordinates"":[]}"
2014_07_04,35.183456905480995,34.8320253079357,25.03827556034195,-0.3514315975452931,Delhi,2014-07-04,"{""type"":""MultiPoint"",""coordinates"":[]}"
2014_07_12,,34.89923076923081,25.436153846153882,,Delhi,2014-07-12,"{""type"":""MultiPoint"",""coordinates"":[]}"
2014_07_20,36.59681251653693,34.890328377038884,25.13943587531014,-1.7064841394980448,Delhi,2014-07-20,"{""type"":""MultiPoint"",""coordinates"":[]}"
2014_07_28,37.821000000000026,,,,Delhi,2014-07-28,"{""type"":""MultiPoint"",""coordinates"":[]}"
2014_08_05,34.9105344558429,35.82333456200826,25.69050377587516,0.9128001061653634,Delhi,2014-08-05,"{""type"":""MultiPoint"",""coordinates"":[]}"
2014_08_13,32.37153887899409,33.089856289498755,24.00593123250518,0.7183174105046675,Delhi,2014-08-13,"{""type"":""MultiPoint"",""coordinates"":[]}"
2014_08_21,35.78704311664881,37.25338248276033,26.332554037441714,1.4663393661115194,Delhi,2014-08-21,"{""type"":""MultiPoint"",""coordinates"":[]}"
2014_08_29,29.03000000000003,,,,Delhi,2014-08-29,"{""type"":""MultiPoint"",""coordinates"":[]}"
2014_09_06,31.167122678478652,32.07397350765193,24.287424256594875,0.9068508291732762,Delhi,2014-09-06,"{""type"":""MultiPoint"",""coordinates"":[]}"
2014_09_14,32.356109922865926,33.81392016598974,24.817072306249162,1.4578102431238165,Delhi,2014-09-14,"{""type"":""MultiPoint"",""coordinates"":[]}"
2014_09_22,34.6029912605921,35.76516784970169,23.811470871443653,1.1621765891095919,Delhi,2014-09-22,"{""type"":""MultiPoint"",""coordinates"":[]}"
2014_09_30,35.101879183556655,36.438922845960136,24.666416837423423,1.337043662403481,Delhi,2014-09-30,"{""type"":""MultiPoint"",""coordinates"":[]}"
2014_10_08,33.43936861426589,34.74021984267888,20.054245286328875,1.300851228412995,Delhi,2014-10-08,"{""type"":""MultiPoint"",""coordinates"":[]}"
2014_10_16,32.2418630051252,32.99153546954888,18.809439513872324,0.7496724644236821,Delhi,2014-10-16,"{""type"":""MultiPoint"",""coordinates"":[]}"
2014_10_24,31.260608262334078,31.14632769842117,19.202281424800677,-0.11428056391290653,Delhi,2014-10-24,"{""type"":""MultiPoint"",""coordinates"":[]}"
2014_11_01,30.40782361002356,30.32838004156816,17.671299496334214,-0.07944356845539957,Delhi,2014-11-01,"{""type"":""MultiPoint"",""coordinates"":[]}"
2014_11_09,28.67172329995341,28.730254422342163,12.979976521937298,0.05853112238875369,Delhi,2014-11-09,"{""type"":""MultiPoint"",""coordinates"":[]}"
2014_11_17,28.665827422011212,28.37749225850311,10.349962270291226,-0.2883351635081013,Delhi,2014-11-17,"{""type"":""MultiPoint"",""coordinates"":[]}"
2014_11_25,27.94968318866084,27.681996985269038,11.81282200753689,-0.2676862033918006,Delhi,2014-11-25,"{""type"":""MultiPoint"",""coordinates"":[]}"
2014_12_03,26.21481755165831,26.035848472287935,9.878045959410679,-0.17896907937037554,Delhi,2014-12-03,"{""type"":""MultiPoint"",""coordinates"":[]}"
2014_12_11,20.744949090083484,20.43201472716579,7.978950649681151,-0.3129343629176944,Delhi,2014-12-11,"{""type"":""MultiPoint"",""coordinates"":[]}"
2014_12_19,,,,,Delhi,2014-12-19,"{""type"":""MultiPoint"",""coordinates"":[]}"
2014_12_27,17.289472914855796,16.849873952509125,6.069083088163552,-0.43959896234667184,Delhi,2014-12-27,"{""type"":""MultiPoint"",""coordinates"":[]}"
2015_01_01,16.47693326672919,15.910317844079268,8.939718734042692,-0.5666154226499227,Delhi,2015-01-01,"{""type"":""MultiPoint"",""coordinates"":[]}"
2015_01_09,17.24331301618266,16.480000000000025,8.792500000000025,-0.7633130161826358,Delhi,2015-01-09,"{""type"":""MultiPoint"",""coordinates"":[]}"
2015_01_17,19.014656202357997,19.435196168854244,9.409340394263433,0.42053996649624636,Delhi,2015-01-17,"{""type"":""MultiPoint"",""coordinates"":[]}"
2015_01_25,17.296884268879452,17.821599353796483,7.7768805162326995,0.5247150849170303,Delhi,2015-01-25,"{""type"":""MultiPoint"",""coordinates"":[]}"
2015_02_02,21.10642455328406,21.641061752064143,9.981655153220622,0.5346371987800822,Delhi,2015-02-02,"{""type"":""MultiPoint"",""coordinates"":[]}"
2015_02_10,21.543509552290914,22.96717397781828,11.532147061744768,1.4236644255273667,Delhi,2015-02-10,"{""type"":""MultiPoint"",""coordinates"":[]}"
2015_02_18,24.82168742668335,25.945834302956346,16.126818519468163,1.1241468762729951,Delhi,2015-02-18,"{""type"":""MultiPoint"",""coordinates"":[]}"
2015_02_26,22.489065691478196,23.231636557259744,11.360140129262183,0.7425708657815484,Delhi,2015-02-26,"{""type"":""MultiPoint"",""coordinates"":[]}"
2015_03_06,21.83972503729454,22.72163223876351,12.618788315881993,0.8819072014689731,Delhi,2015-03-06,"{""type"":""MultiPoint"",""coordinates"":[]}"
2015_03_14,27.196242721625367,28.21251195857718,15.660945618057102,1.016269236951814,Delhi,2015-03-14,"{""type"":""MultiPoint"",""coordinates"":[]}"
2015_03_22,32.339608861455034,33.34405424536048,18.81184022650678,1.0044453839054484,Delhi,2015-03-22,"{""type"":""MultiPoint"",""coordinates"":[]}"
2015_03_30,28.931651658903036,29.168633459873856,19.193453248543243,0.23698180097082044,Delhi,2015-03-30,"{""type"":""MultiPoint"",""coordinates"":[]}"
2015_04_07,32.19087987410205,31.805292046539787,19.65600337151188,-0.38558782756226506,Delhi,2015-04-07,"{""type"":""MultiPoint"",""coordinates"":[]}"
2015_04_15,36.268379718609964,36.18909427124057,21.415952095779833,-0.07928544736939358,Delhi,2015-04-15,"{""type"":""MultiPoint"",""coordinates"":[]}"
2015_04_23,36.77993015873004,36.41986364667214,23.01835090902224,-0.3600665120578981,Delhi,2015-04-23,"{""type"":""MultiPoint"",""coordinates"":[]}"
2015_05_01,40.47718594496384,40.554982913324935,22.475658303844146,0.07779696836109196,Delhi,2015-05-01,"{""type"":""MultiPoint"",""coordinates"":[]}"
2015_05_09,38.62754733374965,38.28874457540268,24.81136702341844,-0.33880275834697215,Delhi,2015-05-09,"{""type"":""MultiPoint"",""coordinates"":[]}"
2015_05_17,41.53861712979216,41.783364421198726,24.37762576931977,0.24474729140656848,Delhi,2015-05-17,"{""type"":""MultiPoint"",""coordinates"":[]}"
2015_05_25,43.203237815100145,43.44779666311387,25.447217846642612,0.24455884801372463,Delhi,2015-05-25,"{""type"":""MultiPoint"",""coordinates"":[]}"
2015_06_02,42.1526823376629,41.865652402152485,25.238833096096254,-0.287029935510418,Delhi,2015-06-02,"{""type"":""MultiPoint"",""coordinates"":[]}"
2015_06_10,39.52546025933426,39.5963239656855,24.64265968828503,0.07086370635123984,Delhi,2015-06-10,"{""type"":""MultiPoint"",""coordinates"":[]}"
2015_06_18,36.178731220901966,35.797057863832194,25.44091636300918,-0.3816733570697721,Delhi,2015-06-18,"{""type"":""MultiPoint"",""coordinates"":[]}"
2015_06_26,34.9205576485699,36.46241614000985,25.79374032918963,1.5418584914399531,Delhi,2015-06-26,"{""type"":""MultiPoint"",""coordinates"":[]}"
2015_07_04,31.47864628820964,30.59224603022769,24.335521331547763,-0.886400257981947,Delhi,2015-07-04,"{""type"":""MultiPoint"",""coordinates"":[]}"
2015_07_12,31.938196386730123,31.59478830632919,24.98433617601795,-0.34340808040093407,Delhi,2015-07-12,"{""type"":""MultiPoint"",""coordinates"":[]}"
2015_07_20,29.050000000000026,30.503333333333348,25.56333333333335,1.4533333333333225,Delhi,2015-07-20,"{""type"":""MultiPoint"",""coordinates"":[]}"
2015_07_28,,,,,Delhi,2015-07-28,"{""type"":""MultiPoint"",""coordinates"":[]}"
2015_08_05,,,,,Delhi,2015-08-05,"{""type"":""MultiPoint"",""coordinates"":[]}"
2015_08_13,27.61900447705854,28.190316162351902,25.176823478779085,0.5713116852933631,Delhi,2015-08-13,"{""type"":""MultiPoint"",""coordinates"":[]}"
2015_08_21,31.083147651093263,31.886279472789735,24.963108993533435,0.8031318216964713,Delhi,2015-08-21,"{""type"":""MultiPoint"",""coordinates"":[]}"
2015_08_29,32.352222272789845,33.52961243545796,25.367049334572602,1.177390162668118,Delhi,2015-08-29,"{""type"":""MultiPoint"",""coordinates"":[]}"
2015_09_06,34.89843589034513,36.164157032209424,25.16536218947777,1.2657211418642973,Delhi,2015-09-06,"{""type"":""MultiPoint"",""coordinates"":[]}"
2015_09_14,34.22365795479493,34.85020489999023,25.81414120489671,0.626546945195301,Delhi,2015-09-14,"{""type"":""MultiPoint"",""coordinates"":[]}"
2015_09_22,32.62832251106858,33.41928387852118,22.61950795509148,0.7909613674525957,Delhi,2015-09-22,"{""type"":""MultiPoint"",""coordinates"":[]}"
2015_09_30,35.85542955028856,36.537068561121984,22.43584538755304,0.6816390108334218,Delhi,2015-09-30,"{""type"":""MultiPoint"",""coordinates"":[]}"
2015_10_08,34.1671066374507,34.53410454216729,21.787365647054482,0.366997904716591,Delhi,2015-10-08,"{""type"":""MultiPoint"",""coordinates"":[]}"
2015_10_16,34.318066169168866,34.636253612142546,20.9466705165014,0.31818744297368085,Delhi,2015-10-16,"{""type"":""MultiPoint"",""coordinates"":[]}"
2015_10_24,31.06378156294565,30.9448407520406,17.26644651868129,-0.11894081090504827,Delhi,2015-10-24,"{""type"":""MultiPoint"",""coordinates"":[]}"
2015_11_01,30.17660033027696,30.591461015461963,17.39278303297225,0.41486068518500474,Delhi,2015-11-01,"{""type"":""MultiPoint"",""coordinates"":[]}"
2015_11_09,29.235999321310434,28.877121552363032,16.297384768833346,-0.3588777689474014,Delhi,2015-11-09,"{""type"":""MultiPoint"",""coordinates"":[]}"
2015_11_17,28.682158372827615,28.238806414172537,12.224244945419608,-0.4433519586550787,Delhi,2015-11-17,"{""type"":""MultiPoint"",""coordinates"":[]}"
2015_11_25,25.34654317362945,23.721528564640554,14.193514382835662,-1.625014608988895,Delhi,2015-11-25,"{""type"":""MultiPoint"",""coordinates"":[]}"
2015_12_03,25.552945061536285,25.658273531819805,12.305741941632373,0.10532847028352066,Delhi,2015-12-03,"{""type"":""MultiPoint"",""coordinates"":[]}"
2015_12_11,20.614660474625936,20.953279322525546,7.152858063668039,0.3386188478996104,Delhi,2015-12-11,"{""type"":""MultiPoint"",""coordinates"":[]}"
2015_12_19,18.978634868478423,18.982308242126475,6.072435038344164,0.0036733736480520918,Delhi,2015-12-19,"{""type"":""MultiPoint"",""coordinates"":[]}"
2015_12_27,20.772758749043934,20.871054764566296,8.616768324997912,0.09829601552236156,Delhi,2015-12-27,"{""type"":""MultiPoint"",""coordinates"":[]}"
2016_01_01,17.64210153320643,,,,Delhi,2016-01-01,"{""type"":""MultiPoint"",""coordinates"":[]}"
2016_01_09,20.755895945607087,20.996950783552776,10.203304783027484,0.24105483794568983,Delhi,2016-01-09,"{""type"":""MultiPoint"",""coordinates"":[]}"
2016_01_17,,,,,Delhi,2016-01-17,"{""type"":""MultiPoint"",""coordinates"":[]}"
2016_01_25,20.42449535687946,20.839583474235777,9.80837891299689,0.4150881173563157,Delhi,2016-01-25,"{""type"":""MultiPoint"",""coordinates"":[]}"
2016_02_02,20.518462883532703,21.028327354588416,8.216491086789437,0.5098644710557139,Delhi,2016-02-02,"{""type"":""MultiPoint"",""coordinates"":[]}"
2016_02_10,21.476531831024122,22.36492114829814,9.493596776071541,0.8883893172740187,Delhi,2016-02-10,"{""type"":""MultiPoint"",""coordinates"":[]}"
2016_02_18,,,,,Delhi,2016-02-18,"{""type"":""MultiPoint"",""coordinates"":[]}"
2016_02_26,28.019346144530573,28.765903631125234,15.70345711835345,0.7465574865946607,Delhi,2016-02-26,"{""type"":""MultiPoint"",""coordinates"":[]}"
2016_03_05,25.58380860645089,26.861086963325207,15.394750939735296,1.2772783568743158,Delhi,2016-03-05,"{""type"":""MultiPoint"",""coordinates"":[]}"
2016_03_13,26.617544189049777,27.516214539778716,16.50716944894145,0.8986703507289384,Delhi,2016-03-13,"{""type"":""MultiPoint"",""coordinates"":[]}"
2016_03_21,31.475598710954394,32.58024292668601,16.779369101621647,1.1046442157316179,Delhi,2016-03-21,"{""type"":""MultiPoint"",""coordinates"":[]}"
2016_03_29,35.55300911463769,36.49137815353222,18.873967591598216,0.9383690388945283,Delhi,2016-03-29,"{""type"":""MultiPoint"",""coordinates"":[]}"
2016_04_06,38.16170473294377,38.41325619990579,21.093221970768596,0.25155146696202024,Delhi,2016-04-06,"{""type"":""MultiPoint"",""coordinates"":[]}"
2016_04_14,42.25580299326308,42.08775325204565,23.018131150581198,-0.16804974121743044,Delhi,2016-04-14,"{""type"":""MultiPoint"",""coordinates"":[]}"
2016_04_22,43.35557351163813,43.13225523073304,20.494358091303145,-0.2233182809050902,Delhi,2016-04-22,"{""type"":""MultiPoint"",""coordinates"":[]}"
2016_04_30,43.838299944818196,43.66645357268668,22.792187458248918,-0.17184637213151888,Delhi,2016-04-30,"{""type"":""MultiPoint"",""coordinates"":[]}"
2016_05_08,40.842079393343596,41.12996488271183,25.622672872502005,0.2878854893682359,Delhi,2016-05-08,"{""type"":""MultiPoint"",""coordinates"":[]}"
2016_05_16,45.3667448776356,45.5810007833738,27.442272019405156,0.21425590573820585,Delhi,2016-05-16,"{""type"":""MultiPoint"",""coordinates"":[]}"
2016_05_24,33.230335224702564,34.74372024931675,22.625214499481693,1.5133850246141876,Delhi,2016-05-24,"{""type"":""MultiPoint"",""coordinates"":[]}"
2016_06_01,39.57060284997209,39.186738266320134,27.724940987616595,-0.3838645836519561,Delhi,2016-06-01,"{""type"":""MultiPoint"",""coordinates"":[]}"
2016_06_09,32.96852842935596,34.1544280901203,24.142518210393582,1.1858996607643348,Delhi,2016-06-09,"{""type"":""MultiPoint"",""coordinates"":[]}"
2016_06_17,36.148558091777936,31.238569135059226,29.516959662853722,-4.90998895671871,Delhi,2016-06-17,"{""type"":""MultiPoint"",""coordinates"":[]}"
2016_06_25,35.406776635138385,38.114853799615595,27.101223547961354,2.70807716447721,Delhi,2016-06-25,"{""type"":""MultiPoint"",""coordinates"":[]}"
2016_07_03,32.77394880634882,33.09345100891659,24.658373509133952,0.31950220256776873,Delhi,2016-07-03,"{""type"":""MultiPoint"",""coordinates"":[]}"
2016_07_11,28.154772431729548,,,,Delhi,2016-07-11,"{""type"":""MultiPoint"",""coordinates"":[]}"
2016_07_19,30.197619146915084,31.872490876948294,25.254823296624902,1.6748717300332103,Delhi,2016-07-19,"{""type"":""MultiPoint"",""coordinates"":[]}"
2016_07_27,,,,,Delhi,2016-07-27,"{""type"":""MultiPoint"",""coordinates"":[]}"
2016_08_04,30.795333333333378,37.53692307692312,26.00307692307696,6.7415897435897385,Delhi,2016-08-04,"{""type"":""MultiPoint"",""coordinates"":[]}"
2016_08_12,30.193923615967712,30.415780759358675,24.500309957725673,0.22185714339096307,Delhi,2016-08-12,"{""type"":""MultiPoint"",""coordinates"":[]}"
2016_08_20,29.980353376192305,31.58310287211351,24.24267055455074,1.6027494959212056,Delhi,2016-08-20,"{""type"":""MultiPoint"",""coordinates"":[]}"
2016_08_28,29.586424442084606,29.44389297963697,24.34981129925899,-0.1425314624476357,Delhi,2016-08-28,"{""type"":""MultiPoint"",""coordinates"":[]}"
2016_09_05,31.525983468668105,32.58255563573636,24.527853645319333,1.056572167068257,Delhi,2016-09-05,"{""type"":""MultiPoint"",""coordinates"":[]}"
2016_09_13,33.49106615739695,34.46772849229379,25.58520218576415,0.9766623348968366,Delhi,2016-09-13,"{""type"":""MultiPoint"",""coordinates"":[]}"
2016_09_21,33.531375244126835,33.96959203943234,24.980845347070446,0.4382167953055074,Delhi,2016-09-21,"{""type"":""MultiPoint"",""coordinates"":[]}"
2016_09_29,33.046971371858085,32.89318246784187,24.338343758164427,-0.15378890401621703,Delhi,2016-09-29,"{""type"":""MultiPoint"",""coordinates"":[]}"
2016_10_07,34.19120065566356,34.885467747210456,21.554054590029782,0.694267091546898,Delhi,2016-10-07,"{""type"":""MultiPoint"",""coordinates"":[]}"
2016_10_15,33.92784934186569,34.1292385045205,19.091359122573063,0.201389162654813,Delhi,2016-10-15,"{""type"":""MultiPoint"",""coordinates"":[]}"
2016_10_23,31.614825765935816,31.573654113776367,17.808345531850723,-0.04117165215944851,Delhi,2016-10-23,"{""type"":""MultiPoint"",""coordinates"":[]}"
2016_10_31,28.830608272246096,28.650788087308,16.559715257182674,-0.17982018493809449,Delhi,2016-10-31,"{""type"":""MultiPoint"",""coordinates"":[]}"
2016_11_08,28.185532721986107,27.64347519566951,13.975810134745654,-0.5420575263165972,Delhi,2016-11-08,"{""type"":""MultiPoint"",""coordinates"":[]}"
2016_11_16,28.376107910736764,27.950515403103626,12.760633846946469,-0.4255925076331373,Delhi,2016-11-16,"{""type"":""MultiPoint"",""coordinates"":[]}"
2016_11_24,28.31594450701653,27.948077514828686,12.93606422711351,-0.36786699218784236,Delhi,2016-11-24,"{""type"":""MultiPoint"",""coordinates"":[]}"
2016_12_02,25.771419212968077,25.182252411681034,10.713546245750212,-0.5891668012870426,Delhi,2016-12-02,"{""type"":""MultiPoint"",""coordinates"":[]}"
2016_12_10,23.35766487919513,23.106956212777607,9.927569301570172,-0.2507086664175233,Delhi,2016-12-10,"{""type"":""MultiPoint"",""coordinates"":[]}"
2016_12_18,21.79381275351299,22.070978153799068,9.601944377558402,0.2771654002860764,Delhi,2016-12-18,"{""type"":""MultiPoint"",""coordinates"":[]}"
2016_12_26,20.192190236951273,20.497269854051368,9.127591545042813,0.3050796171000947,Delhi,2016-12-26,"{""type"":""MultiPoint"",""coordinates"":[]}"
2017_01_01,20.985924802542087,21.34807471232047,10.712934725143723,0.3621499097783847,Delhi,2017-01-01,"{""type"":""MultiPoint"",""coordinates"":[]}"
2017_01_09,16.620152948803856,16.79737746225817,5.390982317754584,0.17722451345431267,Delhi,2017-01-09,"{""type"":""MultiPoint"",""coordinates"":[]}"
2017_01_17,18.13840321459365,17.451987285441856,8.218756940029683,-0.6864159291517957,Delhi,2017-01-17,"{""type"":""MultiPoint"",""coordinates"":[]}"
2017_01_25,19.81587868021909,20.48290138908479,11.173478176561867,0.6670227088657015,Delhi,2017-01-25,"{""type"":""MultiPoint"",""coordinates"":[]}"
2017_02_02,18.765579592284762,19.605316191241485,10.637479933931557,0.8397365989567227,Delhi,2017-02-02,"{""type"":""MultiPoint"",""coordinates"":[]}"
2017_02_10,21.58862323889844,22.076221789898526,11.324512014563604,0.48759855100008664,Delhi,2017-02-10,"{""type"":""MultiPoint"",""coordinates"":[]}"
2017_02_18,25.14024806179676,25.65274772706413,12.403339516943815,0.5124996652673701,Delhi,2017-02-18,"{""type"":""MultiPoint"",""coordinates"":[]}"
2017_02_26,26.215697852275483,27.10551472999841,12.583184843632479,0.8898168777229287,Delhi,2017-02-26,"{""type"":""MultiPoint"",""coordinates"":[]}"
2017_03_06,24.57532026999095,25.051981904325473,10.20614108677248,0.4766616343345227,Delhi,2017-03-06,"{""type"":""MultiPoint"",""coordinates"":[]}"
2017_03_14,27.42017572524063,28.42248707361894,14.144723195515153,1.00231134837831,Delhi,2017-03-14,"{""type"":""MultiPoint"",""coordinates"":[]}"
2017_03_22,33.47780698867643,34.404059193382615,19.73182735381152,0.9262522047061879,Delhi,2017-03-22,"{""type"":""MultiPoint"",""coordinates"":[]}"
2017_03_30,36.539581147133,36.92248667422756,21.099069511388443,0.3829055270945574,Delhi,2017-03-30,"{""type"":""MultiPoint"",""coordinates"":[]}"
2017_04_07,37.643978641808765,37.69185099800819,19.1758198575937,0.0478723561994272,Delhi,2017-04-07,"{""type"":""MultiPoint"",""coordinates"":[]}"
2017_04_15,41.81195404422607,41.87447361329247,24.25055672747216,0.06251956906640288,Delhi,2017-04-15,"{""type"":""MultiPoint"",""coordinates"":[]}"
2017_04_23,39.87711109390041,40.24907265695534,21.91944086833419,0.37196156305493133,Delhi,2017-04-23,"{""type"":""MultiPoint"",""coordinates"":[]}"
2017_05_01,41.89535682689567,41.865315235023516,23.54594905311614,-0.030041591872155493,Delhi,2017-05-01,"{""type"":""MultiPoint"",""coordinates"":[]}"
2017_05_09,41.32614059093107,41.15545749318494,25.146890751660344,-0.170683097746128,Delhi,2017-05-09,"{""type"":""MultiPoint"",""coordinates"":[]}"
2017_05_17,39.74988316927644,39.47798184023241,23.40500718092759,-0.2719013290440273,Delhi,2017-05-17,"{""type"":""MultiPoint"",""coordinates"":[]}"
2017_05_25,41.57264806220167,41.08398644072976,24.914877989393112,-0.4886616214719126,Delhi,2017-05-25,"{""type"":""MultiPoint"",""coordinates"":[]}"
2017_06_02,40.265180965683186,40.91333286392385,25.937431086517858,0.6481518982406627,Delhi,2017-06-02,"{""type"":""MultiPoint"",""coordinates"":[]}"
2017_06_10,37.669171208845675,39.28900530950886,25.25938535376997,1.6198341006631836,Delhi,2017-06-10,"{""type"":""MultiPoint"",""coordinates"":[]}"
2017_06_18,36.057603166438746,36.84040959318471,25.564482478342313,0.7828064267459638,Delhi,2017-06-18,"{""type"":""MultiPoint"",""coordinates"":[]}"
2017_06_26,35.24896765941894,32.38960937500003,29.157370838117135,-2.85935828441891,Delhi,2017-06-26,"{""type"":""MultiPoint"",""coordinates"":[]}"
2017_07_04,36.97394027669426,35.59305458702489,26.303333333333356,-1.3808856896693698,Delhi,2017-07-04,"{""type"":""MultiPoint"",""coordinates"":[]}"
2017_07_12,35.525187928784895,35.926807845472474,26.14575179808585,0.40161991668757935,Delhi,2017-07-12,"{""type"":""MultiPoint"",""coordinates"":[]}"
2017_07_20,,,,,Delhi,2017-07-20,"{""type"":""MultiPoint"",""coordinates"":[]}"
2017_07_28,,,,,Delhi,2017-07-28,"{""type"":""MultiPoint"",""coordinates"":[]}"
2017_08_05,25.90935828877008,,,,Delhi,2017-08-05,"{""type"":""MultiPoint"",""coordinates"":[]}"
2017_08_13,32.60170926723427,33.96422001367086,25.494108189018032,1.362510746436591,Delhi,2017-08-13,"{""type"":""MultiPoint"",""coordinates"":[]}"
2017_08_21,34.06299446733275,35.311310724223084,26.211871132144285,1.2483162568903339,Delhi,2017-08-21,"{""type"":""MultiPoint"",""coordinates"":[]}"
2017_08_29,31.16371993936954,31.792378539572038,23.88314226902079,0.628658600202499,Delhi,2017-08-29,"{""type"":""MultiPoint"",""coordinates"":[]}"
2017_09_06,32.063457053631936,32.358058509403484,25.140989056574675,0.2946014557715486,Delhi,2017-09-06,"{""type"":""MultiPoint"",""coordinates"":[]}"
2017_09_14,33.64276886999543,34.4867772671321,23.57651730509871,0.844008397136669,Delhi,2017-09-14,"{""type"":""MultiPoint"",""coordinates"":[]}"
2017_09_22,31.554140490665322,31.506503999219788,23.83207974053852,-0.047636491445533835,Delhi,2017-09-22,"{""type"":""MultiPoint"",""coordinates"":[]}"
2017_09_30,35.2080276792945,35.74926417287522,22.763165628573304,0.541236493580719,Delhi,2017-09-30,"{""type"":""MultiPoint"",""coordinates"":[]}"
2017_10_08,34.399109274577654,34.83273888920302,21.185247272932877,0.4336296146253673,Delhi,2017-10-08,"{""type"":""MultiPoint"",""coordinates"":[]}"
2017_10_16,33.72335662062238,34.21595182963868,19.417817861752262,0.49259520901630083,Delhi,2017-10-16,"{""type"":""MultiPoint"",""coordinates"":[]}"
2017_10_24,30.4320296431721,30.45127336957174,17.515735993454086,0.019243726399640337,Delhi,2017-10-24,"{""type"":""MultiPoint"",""coordinates"":[]}"
2017_11_01,28.667129958319883,28.65675663785967,17.27217183568193,-0.01037332046021433,Delhi,2017-11-01,"{""type"":""MultiPoint"",""coordinates"":[]}"
2017_11_09,28.178788122353126,27.410362712786863,14.618514982009536,-0.7684254095662624,Delhi,2017-11-09,"{""type"":""MultiPoint"",""coordinates"":[]}"
2017_11_17,25.76130074841584,25.625512101600044,11.0378117731469,-0.13578864681579716,Delhi,2017-11-17,"{""type"":""MultiPoint"",""coordinates"":[]}"
2017_11_25,26.798394033492915,26.406844922531043,9.330107862762846,-0.39154911096187206,Delhi,2017-11-25,"{""type"":""MultiPoint"",""coordinates"":[]}"
2017_12_03,24.53606990922479,24.256473655509176,9.941585707237328,-0.2795962537156136,Delhi,2017-12-03,"{""type"":""MultiPoint"",""coordinates"":[]}"
2017_12_11,20.229719068985474,20.554514915874986,8.148661964313602,0.32479584688951135,Delhi,2017-12-11,"{""type"":""MultiPoint"",""coordinates"":[]}"
2017_12_19,20.35838557851344,20.283968991431248,8.480094021965636,-0.07441658708219379,Delhi,2017-12-19,"{""type"":""MultiPoint"",""coordinates"":[]}"
2017_12_27,21.041257474852557,21.22573342022437,8.481186062311977,0.1844759453718119,Delhi,2017-12-27,"{""type"":""MultiPoint"",""coordinates"":[]}"
2018_01_01,17.854361878604596,17.70892285068856,6.1801297452011115,-0.14543902791603713,Delhi,2018-01-01,"{""type"":""MultiPoint"",""coordinates"":[]}"
2018_01_09,19.438514214008393,19.706122349500408,7.093591785711507,0.267608135492015,Delhi,2018-01-09,"{""type"":""MultiPoint"",""coordinates"":[]}"
2018_01_17,20.09022550545627,20.903460834496688,9.049271082157102,0.8132353290404168,Delhi,2018-01-17,"{""type"":""MultiPoint"",""coordinates"":[]}"
2018_01_25,20.069547615132738,20.354634599279066,9.053815406182895,0.2850869841463286,Delhi,2018-01-25,"{""type"":""MultiPoint"",""coordinates"":[]}"
2018_02_02,20.90487527621026,21.31434756420174,7.814038663465089,0.4094722879914805,Delhi,2018-02-02,"{""type"":""MultiPoint"",""coordinates"":[]}"
2018_02_10,20.28461645839065,20.78216836163259,10.281989456864267,0.49755190324193777,Delhi,2018-02-10,"{""type"":""MultiPoint"",""coordinates"":[]}"
2018_02_18,24.7493660052961,25.90057454540501,13.379775810484134,1.151208540108911,Delhi,2018-02-18,"{""type"":""MultiPoint"",""coordinates"":[]}"
2018_02_26,27.396590074719445,28.275469000649597,15.25965311089037,0.8788789259301524,Delhi,2018-02-26,"{""type"":""MultiPoint"",""coordinates"":[]}"
2018_03_06,29.57613889535733,30.863030270530658,15.586840053100408,1.286891375173326,Delhi,2018-03-06,"{""type"":""MultiPoint"",""coordinates"":[]}"
2018_03_14,30.716944205170854,31.891071970415442,16.488840982363048,1.174127765244588,Delhi,2018-03-14,"{""type"":""MultiPoint"",""coordinates"":[]}"
2018_03_22,33.532862696315696,34.79471753379397,18.101766934046417,1.2618548374782748,Delhi,2018-03-22,"{""type"":""MultiPoint"",""coordinates"":[]}"
2018_03_30,34.64350292632215,35.46268002994196,20.678457096022353,0.8191771036198077,Delhi,2018-03-30,"{""type"":""MultiPoint"",""coordinates"":[]}"
2018_04_07,36.27416724198811,36.76228956610951,20.010615123540035,0.4881223241213988,Delhi,2018-04-07,"{""type"":""MultiPoint"",""coordinates"":[]}"
2018_04_15,38.80227758730242,38.997330134262796,21.02786884746812,0.1950525469603761,Delhi,2018-04-15,"{""type"":""MultiPoint"",""coordinates"":[]}"
2018_04_23,39.78963209581856,39.97070707428551,22.166956557677153,0.18107497846694542,Delhi,2018-04-23,"{""type"":""MultiPoint"",""coordinates"":[]}"
2018_05_01,36.93284885907507,37.09730160025158,23.464527135168474,0.1644527411765111,Delhi,2018-05-01,"{""type"":""MultiPoint"",""coordinates"":[]}"
2018_05_09,36.7425787148841,36.18062318072617,23.662898764285103,-0.5619555341579243,Delhi,2018-05-09,"{""type"":""MultiPoint"",""coordinates"":[]}"
2018_05_17,40.90421177416236,41.90869362964624,23.309140947309327,1.0044818554838741,Delhi,2018-05-17,"{""type"":""MultiPoint"",""coordinates"":[]}"
2018_05_25,43.568534763011215,43.80639066719124,25.272758434300496,0.237855904180023,Delhi,2018-05-25,"{""type"":""MultiPoint"",""coordinates"":[]}"
2018_06_02,37.761775445204826,36.71321894869676,26.874363806241814,-1.0485564965080627,Delhi,2018-06-02,"{""type"":""MultiPoint"",""coordinates"":[]}"
2018_06_10,34.56189231853267,34.58235532651504,23.38761214100472,0.02046300798237155,Delhi,2018-06-10,"{""type"":""MultiPoint"",""coordinates"":[]}"
2018_06_18,42.70407949647456,44.16317559735438,25.32135952309058,1.459096100879819,Delhi,2018-06-18,"{""type"":""MultiPoint"",""coordinates"":[]}"
2018_06_26,39.49360964837784,38.73552380952384,,-0.7580858388540008,Delhi,2018-06-26,"{""type"":""MultiPoint"",""coordinates"":[]}"
2018_07_04,34.6875201983689,35.31682281044235,25.058564914632125,0.6293026120734524,Delhi,2018-07-04,"{""type"":""MultiPoint"",""coordinates"":[]}"
2018_07_12,,,,,Delhi,2018-07-12,"{""type"":""MultiPoint"",""coordinates"":[]}"
2018_07_20,,,,,Delhi,2018-07-20,"{""type"":""MultiPoint"",""coordinates"":[]}"
2018_07_28,30.205866465527624,30.335885377635876,24.795612599006205,0.13001891210825178,Delhi,2018-07-28,"{""type"":""MultiPoint"",""coordinates"":[]}"
2018_08_05,32.794634939402926,34.135054331224126,25.256300805394286,1.3404193918212002,Delhi,2018-08-05,"{""type"":""MultiPoint"",""coordinates"":[]}"
2018_08_13,33.82759170028821,36.67301449275366,25.14267080745344,2.845422792465449,Delhi,2018-08-13,"{""type"":""MultiPoint"",""coordinates"":[]}"
2018_08_21,39.19445027551825,,,,Delhi,2018-08-21,"{""type"":""MultiPoint"",""coordinates"":[]}"
2018_08_29,29.977804369724577,,,,Delhi,2018-08-29,"{""type"":""MultiPoint"",""coordinates"":[]}"
2018_09_06,29.52213395961258,30.105856495923856,24.211722514605174,0.5837225363112744,Delhi,2018-09-06,"{""type"":""MultiPoint"",""coordinates"":[]}"
2018_09_14,31.11775114891561,31.948265635509383,24.46375906199756,0.8305144865937741,Delhi,2018-09-14,"{""type"":""MultiPoint"",""coordinates"":[]}"
2018_09_22,30.78803310015865,31.021846325141016,23.58111287695003,0.23381322498236656,Delhi,2018-09-22,"{""type"":""MultiPoint"",""coordinates"":[]}"
2018_09_30,32.197819876620095,32.59187950543733,21.97232947492742,0.39405962881723866,Delhi,2018-09-30,"{""type"":""MultiPoint"",""coordinates"":[]}"
2018_10_08,32.091263861883675,32.346194955653516,19.879984156847293,0.2549310937698408,Delhi,2018-10-08,"{""type"":""MultiPoint"",""coordinates"":[]}"
2018_10_16,31.63508721463221,31.592501348933737,17.712586260756055,-0.04258586569847367,Delhi,2018-10-16,"{""type"":""MultiPoint"",""coordinates"":[]}"
2018_10_24,30.359465276460107,30.25101339472797,17.4310710800202,-0.10845188173213671,Delhi,2018-10-24,"{""type"":""MultiPoint"",""coordinates"":[]}"
2018_11_01,28.405190211704692,28.401042400922083,14.899028662611215,-0.00414781078260873,Delhi,2018-11-01,"{""type"":""MultiPoint"",""coordinates"":[]}"
2018_11_09,27.089110076186675,27.076861868124748,14.572442874300927,-0.012248208061926391,Delhi,2018-11-09,"{""type"":""MultiPoint"",""coordinates"":[]}"
2018_11_17,27.10521398437581,26.675151010449987,13.35441968761844,-0.43006297392582127,Delhi,2018-11-17,"{""type"":""MultiPoint"",""coordinates"":[]}"
2018_11_25,26.37687321526008,25.534824488949987,12.185686922330515,-0.8420487263100931,Delhi,2018-11-25,"{""type"":""MultiPoint"",""coordinates"":[]}"
2018_12_03,22.8918105326422,22.159938052728226,9.52853996329053,-0.7318724799139744,Delhi,2018-12-03,"{""type"":""MultiPoint"",""coordinates"":[]}"
2018_12_11,20.81655923251265,20.262704245327495,8.50573652290774,-0.5538549871851544,Delhi,2018-12-11,"{""type"":""MultiPoint"",""coordinates"":[]}"
2018_12_19,19.692153776933843,19.157834136981535,6.288429833414362,-0.534319639952308,Delhi,2018-12-19,"{""type"":""MultiPoint"",""coordinates"":[]}"
2018_12_27,18.219872408763077,17.839820362570997,5.566564731734145,-0.38005204619208044,Delhi,2018-12-27,"{""type"":""MultiPoint"",""coordinates"":[]}"
2019_01_01,18.380013136024907,17.9821195162743,7.3711861572108885,-0.397893619750608,Delhi,2019-01-01,"{""type"":""MultiPoint"",""coordinates"":[]}"
2019_01_09,17.51799102138741,17.480465656124764,7.290235605729959,-0.037525365262645494,Delhi,2019-01-09,"{""type"":""MultiPoint"",""coordinates"":[]}"
2019_01_17,19.316943326797116,19.405967090457985,7.163048412225222,0.08902376366086884,Delhi,2019-01-17,"{""type"":""MultiPoint"",""coordinates"":[]}"
2019_01_25,16.82493791401208,16.948717284899534,6.176002049539574,0.12377937088745483,Delhi,2019-01-25,"{""type"":""MultiPoint"",""coordinates"":[]}"
2019_02_02,17.98628020385013,17.781848397193663,10.343713037991357,-0.20443180665646565,Delhi,2019-02-02,"{""type"":""MultiPoint"",""coordinates"":[]}"
2019_02_10,18.571208135107717,18.62531384443512,11.623442243803993,0.054105709327401996,Delhi,2019-02-10,"{""type"":""MultiPoint"",""coordinates"":[]}"
2019_02_18,21.17863962865298,21.713638163689602,11.01738258816903,0.5349985350366211,Delhi,2019-02-18,"{""type"":""MultiPoint"",""coordinates"":[]}"
2019_02_26,21.787861437974858,22.388580758560092,10.099351093955564,0.6007193205852346,Delhi,2019-02-26,"{""type"":""MultiPoint"",""coordinates"":[]}"
2019_03_06,24.886344604784206,25.762868317886124,12.77582535491551,0.8765237131019177,Delhi,2019-03-06,"{""type"":""MultiPoint"",""coordinates"":[]}"
2019_03_14,27.13152573693242,28.10249240943945,13.971844417419438,0.9709666725070285,Delhi,2019-03-14,"{""type"":""MultiPoint"",""coordinates"":[]}"
2019_03_22,29.96757496978674,31.22060447467042,16.58691830948464,1.2530295048836813,Delhi,2019-03-22,"{""type"":""MultiPoint"",""coordinates"":[]}"
2019_03_30,34.18576825759954,35.3890021145051,18.74182424537727,1.2032338569055554,Delhi,2019-03-30,"{""type"":""MultiPoint"",""coordinates"":[]}"
2019_04_07,34.703007668206865,34.9848986837691,21.480749399846584,0.2818910155622376,Delhi,2019-04-07,"{""type"":""MultiPoint"",""coordinates"":[]}"
2019_04_15,37.83279859625806,37.98051867224877,21.739174461182557,0.14772007599071202,Delhi,2019-04-15,"{""type"":""MultiPoint"",""coordinates"":[]}"
2019_04_23,41.067766575797215,40.80812798129694,24.590421105224596,-0.2596385945002737,Delhi,2019-04-23,"{""type"":""MultiPoint"",""coordinates"":[]}"
2019_05_01,41.21672104644866,40.84511814125701,21.50197242263158,-0.37160290519165073,Delhi,2019-05-01,"{""type"":""MultiPoint"",""coordinates"":[]}"
2019_05_09,39.377047699569616,38.55831055157711,22.98282346799668,-0.8187371479925076,Delhi,2019-05-09,"{""type"":""MultiPoint"",""coordinates"":[]}"
2019_05_17,38.762664601051824,37.97432117755306,24.040844035572043,-0.7883434234987661,Delhi,2019-05-17,"{""type"":""MultiPoint"",""coordinates"":[]}"
2019_05_25,45.72037602994172,45.24976650674867,26.058997517853896,-0.4706095231930476,Delhi,2019-05-25,"{""type"":""MultiPoint"",""coordinates"":[]}"
2019_06_02,43.36879592543941,42.638035842085564,27.525578273645134,-0.730760083353843,Delhi,2019-06-02,"{""type"":""MultiPoint"",""coordinates"":[]}"
2019_06_10,45.44170844199267,45.297551215787635,26.513272372831974,-0.14415722620503146,Delhi,2019-06-10,"{""type"":""MultiPoint"",""coordinates"":[]}"
2019_06_18,40.309649396689764,39.93683858952209,25.414956481018013,-0.37281080716767434,Delhi,2019-06-18,"{""type"":""MultiPoint"",""coordinates"":[]}"
2019_06_26,37.46595436752405,39.58136972043783,27.968306846923493,2.1154153529137787,Delhi,2019-06-26,"{""type"":""MultiPoint"",""coordinates"":[]}"
2019_07_04,40.24326470005943,,,,Delhi,2019-07-04,"{""type"":""MultiPoint"",""coordinates"":[]}"
2019_07_12,,,,,Delhi,2019-07-12,"{""type"":""MultiPoint"",""coordinates"":[]}"
2019_07_20,36.13621605953785,35.66177516180882,26.813509620408126,-0.474440897729032,Delhi,2019-07-20,"{""type"":""MultiPoint"",""coordinates"":[]}"
2019_07_28,34.0273350923483,,,,Delhi,2019-07-28,"{""type"":""MultiPoint"",""coordinates"":[]}"
2019_08_05,33.00815081248861,,,,Delhi,2019-08-05,"{""type"":""MultiPoint"",""coordinates"":[]}"
2019_08_13,30.98416143779139,31.17574000469513,25.066122655484804,0.19157856690373976,Delhi,2019-08-13,"{""type"":""MultiPoint"",""coordinates"":[]}"
2019_08_21,32.244971018902,32.12563434651882,25.24204935028577,-0.11933667238317724,Delhi,2019-08-21,"{""type"":""MultiPoint"",""coordinates"":[]}"
2019_08_29,34.123450751252115,36.74000000000004,26.75000000000003,2.6165492487479227,Delhi,2019-08-29,"{""type"":""MultiPoint"",""coordinates"":[]}"
2019_09_06,34.576281088130116,35.40709827746386,26.369116697930462,0.830817189333743,Delhi,2019-09-06,"{""type"":""MultiPoint"",""coordinates"":[]}"
2019_09_14,33.01898046920404,34.19708505419739,24.74741540733722,1.1781045849933491,Delhi,2019-09-14,"{""type"":""MultiPoint"",""coordinates"":[]}"
2019_09_22,31.624457711442833,32.210540138224374,23.300311536416828,0.586082426781541,Delhi,2019-09-22,"{""type"":""MultiPoint"",""coordinates"":[]}"
2019_09_30,30.790364475382088,31.83202295678661,21.690900143926054,1.0416584814045216,Delhi,2019-09-30,"{""type"":""MultiPoint"",""coordinates"":[]}"
2019_10_08,32.86469785500909,33.57131762454294,21.33542616489501,0.7066197695338516,Delhi,2019-10-08,"{""type"":""MultiPoint"",""coordinates"":[]}"
2019_10_16,31.980415312315706,31.996991318118912,19.876814051261803,0.016576005803205618,Delhi,2019-10-16,"{""type"":""MultiPoint"",""coordinates"":[]}"
2019_10_24,30.387134798579368,30.18673481924347,18.573360110884533,-0.2003999793358986,Delhi,2019-10-24,"{""type"":""MultiPoint"",""coordinates"":[]}"
2019_11_01,30.48697726693005,30.437130469480763,17.434384477254664,-0.04984679744928755,Delhi,2019-11-01,"{""type"":""MultiPoint"",""coordinates"":[]}"
2019_11_09,28.67231710298712,28.35505587242176,15.079533370909182,-0.31726123056535727,Delhi,2019-11-09,"{""type"":""MultiPoint"",""coordinates"":[]}"
2019_11_17,27.367113667552395,26.7444033214327,14.11304531429227,-0.6227103461196961,Delhi,2019-11-17,"{""type"":""MultiPoint"",""coordinates"":[]}"
2019_11_25,23.03794941181304,22.82342455431822,12.927089166503439,-0.21452485749482264,Delhi,2019-11-25,"{""type"":""MultiPoint"",""coordinates"":[]}"
2019_12_03,22.03366774143183,22.755581027250933,9.390997177302383,0.7219132858191024,Delhi,2019-12-03,"{""type"":""MultiPoint"",""coordinates"":[]}"
2019_12_11,17.996223218734457,,,,Delhi,2019-12-11,"{""type"":""MultiPoint"",""coordinates"":[]}"
2019_12_19,15.514000000000033,,,,Delhi,2019-12-19,"{""type"":""MultiPoint"",""coordinates"":[]}"
2019_12_27,,,,,Delhi,2019-12-27,"{""type"":""MultiPoint"",""coordinates"":[]}"
2020_01_01,17.919073733899502,17.160987513352268,9.151246086412044,-0.7580862205472343,Delhi,2020-01-01,"{""type"":""MultiPoint"",""coordinates"":[]}"
2020_01_09,16.843586695041243,16.99906090022016,7.3725792984794305,0.15547420517891908,Delhi,2020-01-09,"{""type"":""MultiPoint"",""coordinates"":[]}"
2020_01_17,16.4679444398663,16.318513190886144,7.878585272616401,-0.14943124898015725,Delhi,2020-01-17,"{""type"":""MultiPoint"",""coordinates"":[]}"
2020_01_25,18.796019965696793,18.843832870707576,8.24512960300424,0.04781290501078317,Delhi,2020-01-25,"{""type"":""MultiPoint"",""coordinates"":[]}"
2020_02_02,18.74917025734152,19.096140791313324,7.586519303187132,0.34697053397180255,Delhi,2020-02-02,"{""type"":""MultiPoint"",""coordinates"":[]}"
2020_02_10,21.67239068294629,22.273724080600452,10.386636185882063,0.6013333976541624,Delhi,2020-02-10,"{""type"":""MultiPoint"",""coordinates"":[]}"
2020_02_18,22.723660297625194,24.11983522075224,12.677427552707018,1.3961749231270453,Delhi,2020-02-18,"{""type"":""MultiPoint"",""coordinates"":[]}"
2020_02_26,24.569326582283068,25.294791100256358,15.01556148096467,0.7254645179732897,Delhi,2020-02-26,"{""type"":""MultiPoint"",""coordinates"":[]}"
2020_03_05,22.923130974923396,23.490641547094558,12.815140599304605,0.5675105721711624,Delhi,2020-03-05,"{""type"":""MultiPoint"",""coordinates"":[]}"
2020_03_13,25.407745094387444,26.37358431092593,15.061566608384293,0.9658392165384875,Delhi,2020-03-13,"{""type"":""MultiPoint"",""coordinates"":[]}"
2020_03_21,29.204526623879666,29.842558682456932,16.484503260425175,0.6380320585772665,Delhi,2020-03-21,"{""type"":""MultiPoint"",""coordinates"":[]}"
2020_03_29,30.942468237948898,31.647491063407816,17.382735579802407,0.7050228254589186,Delhi,2020-03-29,"{""type"":""MultiPoint"",""coordinates"":[]}"
2020_04_06,35.674622778366846,35.902133966755116,20.57466244917705,0.2275111883882701,Delhi,2020-04-06,"{""type"":""MultiPoint"",""coordinates"":[]}"
2020_04_14,37.313546555079355,36.95843378816282,20.721422461171574,-0.35511276691653393,Delhi,2020-04-14,"{""type"":""MultiPoint"",""coordinates"":[]}"
2020_04_22,39.85328309388529,39.80209292172935,21.96478120781171,-0.05119017215594113,Delhi,2020-04-22,"{""type"":""MultiPoint"",""coordinates"":[]}"
2020_04_30,37.62369914018336,37.687302887647,23.30535369050844,0.06360374746363817,Delhi,2020-04-30,"{""type"":""MultiPoint"",""coordinates"":[]}"
2020_05_08,39.34877474864724,39.16111326008651,24.050449201945035,-0.18766148856072817,Delhi,2020-05-08,"{""type"":""MultiPoint"",""coordinates"":[]}"
2020_05_16,44.97780647187025,44.708054138288844,24.30150149966917,-0.26975233358140827,Delhi,2020-05-16,"{""type"":""MultiPoint"",""coordinates"":[]}"
2020_05_24,47.35786721012099,47.892834466164956,27.415764333595583,0.5349672560439629,Delhi,2020-05-24,"{""type"":""MultiPoint"",""coordinates"":[]}"
2020_06_01,35.11816019898657,34.65552481124008,23.689906779708423,-0.46263538774649504,Delhi,2020-06-01,"{""type"":""MultiPoint"",""coordinates"":[]}"
2020_06_09,38.36974355187323,37.80881135231237,28.3207779830761,-0.5609321995608596,Delhi,2020-06-09,"{""type"":""MultiPoint"",""coordinates"":[]}"
2020_06_17,38.22386518340617,39.00712275209555,26.981639664443474,0.783257568689379,Delhi,2020-06-17,"{""type"":""MultiPoint"",""coordinates"":[]}"
2020_06_25,36.056805705991515,37.29269685393264,27.456969662921416,1.2358911479411248,Delhi,2020-06-25,"{""type"":""MultiPoint"",""coordinates"":[]}"
2020_07_03,34.77464262793229,34.11906594626604,25.326412922803698,-0.6555766816662469,Delhi,2020-07-03,"{""type"":""MultiPoint"",""coordinates"":[]}"
2020_07_11,34.63426974301999,34.75270755867814,24.87570652922491,0.11843781565814737,Delhi,2020-07-11,"{""type"":""MultiPoint"",""coordinates"":[]}"
2020_07_19,30.828118597876173,31.05518518518521,26.562592592592623,0.22706658730903584,Delhi,2020-07-19,"{""type"":""MultiPoint"",""coordinates"":[]}"
2020_07_27,34.45608258225349,34.12960779578838,24.775402659757436,-0.32647478646510564,Delhi,2020-07-27,"{""type"":""MultiPoint"",""coordinates"":[]}"
2020_08_04,,,,,Delhi,2020-08-04,"{""type"":""MultiPoint"",""coordinates"":[]}"
2020_08_12,33.56205870900108,,,,Delhi,2020-08-12,"{""type"":""MultiPoint"",""coordinates"":[]}"
2020_08_20,28.404183976261145,,,,Delhi,2020-08-20,"{""type"":""MultiPoint"",""coordinates"":[]}"
2020_08_28,33.67289320671497,35.90974466735393,25.48303782412182,2.2368514606389596,Delhi,2020-08-28,"{""type"":""MultiPoint"",""coordinates"":[]}"
2020_09_05,32.58834830402019,32.21263309590379,24.76968690927129,-0.3757152081163966,Delhi,2020-09-05,"{""type"":""MultiPoint"",""coordinates"":[]}"
2020_09_13,34.0939697329259,34.968569377479135,25.881322261286115,0.8745996445532356,Delhi,2020-09-13,"{""type"":""MultiPoint"",""coordinates"":[]}"
2020_09_21,34.207980550448816,34.8293207111885,24.938179615164632,0.6213401607396847,Delhi,2020-09-21,"{""type"":""MultiPoint"",""coordinates"":[]}"
2020_09_29,36.011909974070974,36.58435801568066,22.22095938596289,0.5724480416096824,Delhi,2020-09-29,"{""type"":""MultiPoint"",""coordinates"":[]}"
2020_10_07,34.10771901238093,34.71889820525272,21.821177603769705,0.6111791928717878,Delhi,2020-10-07,"{""type"":""MultiPoint"",""coordinates"":[]}"
2020_10_15,34.00114948312368,34.09139683979686,18.309983672934827,0.0902473566731743,Delhi,2020-10-15,"{""type"":""MultiPoint"",""coordinates"":[]}"
2020_10_23,31.09900539657812,30.636195849546198,16.560108469039804,-0.4628095470319238,Delhi,2020-10-23,"{""type"":""MultiPoint"",""coordinates"":[]}"
2020_10_31,29.249756763653192,28.89023585951418,14.558578630163224,-0.3595209041390106,Delhi,2020-10-31,"{""type"":""MultiPoint"",""coordinates"":[]}"
2020_11_08,27.971895375347426,27.637460560118473,13.795106502616507,-0.3344348152289527,Delhi,2020-11-08,"{""type"":""MultiPoint"",""coordinates"":[]}"
2020_11_16,26.223040123936688,26.444536034084376,10.046210644136364,0.22149591014768788,Delhi,2020-11-16,"{""type"":""MultiPoint"",""coordinates"":[]}"
2020_11_24,26.242739230059723,25.80150449675827,10.4287669354652,-0.441234733301453,Delhi,2020-11-24,"{""type"":""MultiPoint"",""coordinates"":[]}"
2020_12_02,25.627178383739064,25.518459036404735,12.485049385564762,-0.10871934733432909,Delhi,2020-12-02,"{""type"":""MultiPoint"",""coordinates"":[]}"
2020_12_10,19.673116639981576,19.760071404284343,8.879955221928745,0.08695476430276727,Delhi,2020-12-10,"{""type"":""MultiPoint"",""coordinates"":[]}"
2020_12_18,18.877152800296543,18.744463437403482,6.965618478361356,-0.13268936289306055,Delhi,2020-12-18,"{""type"":""MultiPoint"",""coordinates"":[]}"
2020_12_26,17.26713359096265,17.563126985475257,5.747364817803472,0.29599339451260676,Delhi,2020-12-26,"{""type"":""MultiPoint"",""coordinates"":[]}"
2021_01_01,20.91591814670368,20.411986767309692,10.454046221228246,-0.5039313793939897,Delhi,2021-01-01,"{""type"":""MultiPoint"",""coordinates"":[]}"
2021_01_09,15.543879847639813,15.207483304610115,7.879320874623035,-0.33639654302969824,Delhi,2021-01-09,"{""type"":""MultiPoint"",""coordinates"":[]}"
2021_01_17,17.11788458019401,17.17221561757659,8.1178901411201,0.054331037382581826,Delhi,2021-01-17,"{""type"":""MultiPoint"",""coordinates"":[]}"
2021_01_25,18.019181576226526,18.626546045958527,7.046080864607772,0.6073644697320013,Delhi,2021-01-25,"{""type"":""MultiPoint"",""coordinates"":[]}"
2021_02_02,19.875192660349303,20.561405970634485,10.143054727805808,0.6862133102851828,Delhi,2021-02-02,"{""type"":""MultiPoint"",""coordinates"":[]}"
2021_02_10,23.49520688785168,24.873410656344316,12.43020009107989,1.3782037684926358,Delhi,2021-02-10,"{""type"":""MultiPoint"",""coordinates"":[]}"
2021_02_18,25.824511605735026,26.480305774240485,13.017922894778243,0.6557941685054587,Delhi,2021-02-18,"{""type"":""MultiPoint"",""coordinates"":[]}"
2021_02_26,26.914537714696458,27.87670414178471,14.355995746846206,0.9621664270882526,Delhi,2021-02-26,"{""type"":""MultiPoint"",""coordinates"":[]}"
2021_03_06,28.166055783852453,29.00218317533106,16.956789957446492,0.8361273914786054,Delhi,2021-03-06,"{""type"":""MultiPoint"",""coordinates"":[]}"
2021_03_14,29.055889743566738,29.65460430583836,16.397646365906493,0.5987145622716241,Delhi,2021-03-14,"{""type"":""MultiPoint"",""coordinates"":[]}"
2021_03_22,31.79702773395584,32.5915058305895,17.489008645724535,0.7944780966336573,Delhi,2021-03-22,"{""type"":""MultiPoint"",""coordinates"":[]}"
2021_03_30,35.42964974485215,35.863736466674325,18.556384205481056,0.434086721822176,Delhi,2021-03-30,"{""type"":""MultiPoint"",""coordinates"":[]}"
2021_04_07,39.12772521555054,38.823453022820914,19.526813161120387,-0.304272192729627,Delhi,2021-04-07,"{""type"":""MultiPoint"",""coordinates"":[]}"
2021_04_15,37.59632912719363,37.197185893382496,20.734129678952762,-0.3991432338111309,Delhi,2021-04-15,"{""type"":""MultiPoint"",""coordinates"":[]}"
2021_04_23,40.72410991598704,40.22623421456547,21.028937203476502,-0.4978757014215702,Delhi,2021-04-23,"{""type"":""MultiPoint"",""coordinates"":[]}"
2021_05_01,39.56424869137378,38.78250265213168,24.256776400109583,-0.7817460392420941,Delhi,2021-05-01,"{""type"":""MultiPoint"",""coordinates"":[]}"
2021_05_09,39.64144950976601,39.01716579460973,21.840252325818142,-0.624283715156281,Delhi,2021-05-09,"{""type"":""MultiPoint"",""coordinates"":[]}"
2021_05_17,31.416568172211207,31.387856935387383,22.350694785382586,-0.028711236823824038,Delhi,2021-05-17,"{""type"":""MultiPoint"",""coordinates"":[]}"
2021_05_25,37.75009939900604,36.38165939712363,24.455129438824056,-1.368440001882412,Delhi,2021-05-25,"{""type"":""MultiPoint"",""coordinates"":[]}"
2021_06_02,36.34139406571323,34.90014211925604,24.14675655954524,-1.441251946457193,Delhi,2021-06-02,"{""type"":""MultiPoint"",""coordinates"":[]}"
2021_06_10,34.52000788292819,32.86664428604907,23.935495429666506,-1.6533635968791174,Delhi,2021-06-10,"{""type"":""MultiPoint"",""coordinates"":[]}"
2021_06_18,36.02601035647081,37.03602831190091,26.643618883243786,1.0100179554300937,Delhi,2021-06-18,"{""type"":""MultiPoint"",""coordinates"":[]}"
2021_06_26,37.0155719904466,36.99952282857037,27.489078617176684,-0.016049161876232176,Delhi,2021-06-26,"{""type"":""MultiPoint"",""coordinates"":[]}"
2021_07_04,37.45902126186627,38.84400830067184,28.52616971961093,1.3849870388055692,Delhi,2021-07-04,"{""type"":""MultiPoint"",""coordinates"":[]}"
2021_07_12,36.0936884841981,35.866414914539455,26.5715507491401,-0.22727356965864232,Delhi,2021-07-12,"{""type"":""MultiPoint"",""coordinates"":[]}"
2021_07_20,,,,,Delhi,2021-07-20,"{""type"":""MultiPoint"",""coordinates"":[]}"
2021_07_28,,,,,Delhi,2021-07-28,"{""type"":""MultiPoint"",""coordinates"":[]}"
2021_08_05,27.31348145569002,26.383875942129436,26.342078209658442,-0.9296055135605847,Delhi,2021-08-05,"{""type"":""MultiPoint"",""coordinates"":[]}"
2021_08_13,31.98422008939605,32.33836115247497,25.309094404100808,0.3541410630789166,Delhi,2021-08-13,"{""type"":""MultiPoint"",""coordinates"":[]}"
2021_08_21,27.376898999846524,28.93955733961853,23.194319437283664,1.5626583397720069,Delhi,2021-08-21,"{""type"":""MultiPoint"",""coordinates"":[]}"
2021_08_29,30.350342055570614,30.33759538710809,23.71707627791721,-0.012746668462522592,Delhi,2021-08-29,"{""type"":""MultiPoint"",""coordinates"":[]}"
2021_09_06,,,,,Delhi,2021-09-06,"{""type"":""MultiPoint"",""coordinates"":[]}"
2021_09_14,28.601048071755958,28.886894112823345,24.429868794205113,0.2858460410673871,Delhi,2021-09-14,"{""type"":""MultiPoint"",""coordinates"":[]}"
2021_09_22,31.74516947679138,31.403291883991358,25.138119421588808,-0.34187759280002084,Delhi,2021-09-22,"{""type"":""MultiPoint"",""coordinates"":[]}"
2021_09_30,32.18475400027573,32.55457709711116,24.545349706189562,0.36982309683542525,Delhi,2021-09-30,"{""type"":""MultiPoint"",""coordinates"":[]}"
2021_10_08,33.38585642336489,33.6079292786422,22.637963224894005,0.22207285527731102,Delhi,2021-10-08,"{""type"":""MultiPoint"",""coordinates"":[]}"
2021_10_16,30.166773833523063,30.23947748970714,20.347956339246462,0.07270365618407837,Delhi,2021-10-16,"{""type"":""MultiPoint"",""coordinates"":[]}"
2021_10_24,27.76979173432184,27.036020118948706,17.15236754853546,-0.7337716153731328,Delhi,2021-10-24,"{""type"":""MultiPoint"",""coordinates"":[]}"
2021_11_01,27.53214513428775,27.185110769329462,16.31371758146699,-0.34703436495828655,Delhi,2021-11-01,"{""type"":""MultiPoint"",""coordinates"":[]}"
2021_11_09,26.746092608008887,26.06185471256958,13.584306861243277,-0.6842378954393062,Delhi,2021-11-09,"{""type"":""MultiPoint"",""coordinates"":[]}"
2021_11_17,26.531072414330726,25.435388897026623,12.664566888552608,-1.0956835173041028,Delhi,2021-11-17,"{""type"":""MultiPoint"",""coordinates"":[]}"
2021_11_25,25.18762781547356,24.645102408134225,12.592712885002317,-0.5425254073393369,Delhi,2021-11-25,"{""type"":""MultiPoint"",""coordinates"":[]}"
2021_12_03,23.360320665424155,22.638354218379103,12.283126633910959,-0.7219664470450518,Delhi,2021-12-03,"{""type"":""MultiPoint"",""coordinates"":[]}"
2021_12_11,19.582897441184414,19.268778641103438,8.721991492335796,-0.31411880008097626,Delhi,2021-12-11,"{""type"":""MultiPoint"",""coordinates"":[]}"
2021_12_19,18.129216575222657,17.87957852001232,7.43479553679941,-0.24963805521033677,Delhi,2021-12-19,"{""type"":""MultiPoint"",""coordinates"":[]}"
2021_12_27,16.252738826660796,16.06169101798198,6.088061143057486,-0.19104780867881743,Delhi,2021-12-27,"{""type"":""MultiPoint"",""coordinates"":[]}"
2022_01_01,18.670308386519828,19.05856151917863,8.17311184368672,0.3882531326588037,Delhi,2022-01-01,"{""type"":""MultiPoint"",""coordinates"":[]}"
2022_01_09,16.548509657594433,16.119800414414943,8.671853453393684,-0.42870924317949033,Delhi,2022-01-09,"{""type"":""MultiPoint"",""coordinates"":[]}"
2022_01_17,,,,,Delhi,2022-01-17,"{""type"":""MultiPoint"",""coordinates"":[]}"
2022_01_25,17.555124547608564,17.504088825149417,8.380899770385055,-0.05103572245914734,Delhi,2022-01-25,"{""type"":""MultiPoint"",""coordinates"":[]}"
2022_02_02,18.490299898210043,19.015032488629018,9.663954768608791,0.5247325904189744,Delhi,2022-02-02,"{""type"":""MultiPoint"",""coordinates"":[]}"
2022_02_10,21.020848851868244,21.40212551004457,10.78406593969042,0.3812766581763256,Delhi,2022-02-10,"{""type"":""MultiPoint"",""coordinates"":[]}"
2022_02_18,22.829283100464075,23.344549801890558,12.459724597008757,0.5152667014264836,Delhi,2022-02-18,"{""type"":""MultiPoint"",""coordinates"":[]}"
2022_02_26,22.962095215579616,23.64973974843405,13.316202506299623,0.6876445328544349,Delhi,2022-02-26,"{""type"":""MultiPoint"",""coordinates"":[]}"
2022_03_06,27.805088647422885,28.61781818486987,16.41387252704045,0.8127295374469838,Delhi,2022-03-06,"{""type"":""MultiPoint"",""coordinates"":[]}"
2022_03_14,31.636587560372956,32.2139528448271,21.72206113201981,0.5773652844541424,Delhi,2022-03-14,"{""type"":""MultiPoint"",""coordinates"":[]}"
2022_03_22,33.93914911143495,34.32962125263912,19.973221627961603,0.39047214120417095,Delhi,2022-03-22,"{""type"":""MultiPoint"",""coordinates"":[]}"
2022_03_30,37.62924082867633,37.56573451298109,20.66730037203428,-0.06350631569524268,Delhi,2022-03-30,"{""type"":""MultiPoint"",""coordinates"":[]}"
2022_04_07,39.91110760820819,39.20073794193729,22.288558082830942,-0.7103696662708998,Delhi,2022-04-07,"{""type"":""MultiPoint"",""coordinates"":[]}"
2022_04_15,38.897118547422025,38.09461369721022,22.450774063370034,-0.802504850211804,Delhi,2022-04-15,"{""type"":""MultiPoint"",""coordinates"":[]}"
2022_04_23,42.82961905949387,42.08970193381726,24.195930057643867,-0.7399171256766124,Delhi,2022-04-23,"{""type"":""MultiPoint"",""coordinates"":[]}"
2022_05_01,38.63957486626509,37.92614521279152,24.21889791736174,-0.7134296534735753,Delhi,2022-05-01,"{""type"":""MultiPoint"",""coordinates"":[]}"
2022_05_09,38.898631333527,38.468590088485726,26.155509401597353,-0.4300412450412736,Delhi,2022-05-09,"{""type"":""MultiPoint"",""coordinates"":[]}"
2022_05_17,36.76571105552931,35.44803409569708,24.288732214815973,-1.3176769598322267,Delhi,2022-05-17,"{""type"":""MultiPoint"",""coordinates"":[]}"
2022_05_25,34.10513236453221,33.57413425406291,22.529093114050188,-0.530998110469298,Delhi,2022-05-25,"{""type"":""MultiPoint"",""coordinates"":[]}"
2022_06_02,40.690920255656025,40.082538306570584,24.919595739918318,-0.608381949085441,Delhi,2022-06-02,"{""type"":""MultiPoint"",""coordinates"":[]}"
2022_06_10,38.202638608351386,37.614794594459056,26.29466918038561,-0.5878440138923295,Delhi,2022-06-10,"{""type"":""MultiPoint"",""coordinates"":[]}"
2022_06_18,37.16911827188369,37.72262761221548,24.95813372274381,0.553509340331793,Delhi,2022-06-18,"{""type"":""MultiPoint"",""coordinates"":[]}"
2022_06_26,35.9105410151552,35.533371936693676,27.2544113288786,-0.37716907846152026,Delhi,2022-06-26,"{""type"":""MultiPoint"",""coordinates"":[]}"
2022_07_04,36.73005160117957,37.53849887853158,27.914588513694277,0.808447277352009,Delhi,2022-07-04,"{""type"":""MultiPoint"",""coordinates"":[]}"
2022_07_12,34.694082956990655,35.31940879949104,27.143745901238226,0.6253258425003878,Delhi,2022-07-12,"{""type"":""MultiPoint"",""coordinates"":[]}"
2022_07_20,,,,,Delhi,2022-07-20,"{""type"":""MultiPoint"",""coordinates"":[]}"
2022_07_28,31.036115861701052,30.034317176941713,,-1.0017986847593399,Delhi,2022-07-28,"{""type"":""MultiPoint"",""coordinates"":[]}"
2022_08_05,32.549535570568935,,,,Delhi,2022-08-05,"{""type"":""MultiPoint"",""coordinates"":[]}"
2022_08_13,29.585318589633726,31.353783783783808,24.692162162162198,1.7684651941500817,Delhi,2022-08-13,"{""type"":""MultiPoint"",""coordinates"":[]}"
2022_08_21,33.998046778959704,35.50445414217767,25.440592807306935,1.506407363217967,Delhi,2022-08-21,"{""type"":""MultiPoint"",""coordinates"":[]}"
2022_08_29,33.4155818360223,34.8300162685492,25.686050694235952,1.4144344325269032,Delhi,2022-08-29,"{""type"":""MultiPoint"",""coordinates"":[]}"
2022_09_06,32.82610773571522,33.85867358128482,25.19179493740289,1.0325658455696,Delhi,2022-09-06,"{""type"":""MultiPoint"",""coordinates"":[]}"
2022_09_14,30.77512067571522,31.54307584442426,24.786295111810908,0.7679551687090402,Delhi,2022-09-14,"{""type"":""MultiPoint"",""coordinates"":[]}"
2022_09_22,28.745401320991252,28.735638611277352,23.74361269049109,-0.009762709713900364,Delhi,2022-09-22,"{""type"":""MultiPoint"",""coordinates"":[]}"
2022_09_30,31.5343671692733,31.824000267289172,23.696363007193078,0.289633098015873,Delhi,2022-09-30,"{""type"":""MultiPoint"",""coordinates"":[]}"
2022_10_08,,,,,Delhi,2022-10-08,"{""type"":""MultiPoint"",""coordinates"":[]}"
2022_10_16,,,,,Delhi,2022-10-16,"{""type"":""MultiPoint"",""coordinates"":[]}"
2022_10_24,29.18548876810843,29.051006902210712,18.204808176544866,-0.13448186589771893,Delhi,2022-10-24,"{""type"":""MultiPoint"",""coordinates"":[]}"
2022_11_01,29.372191286562956,29.256693790964434,18.806176973989153,-0.11549749559852174,Delhi,2022-11-01,"{""type"":""MultiPoint"",""coordinates"":[]}"
2022_11_09,27.922786490939174,27.83987513472467,15.70599668707997,-0.08291135621450252,Delhi,2022-11-09,"{""type"":""MultiPoint"",""coordinates"":[]}"
2022_11_17,26.18595174554878,25.87743000986151,11.866078268542134,-0.3085217356872718,Delhi,2022-11-17,"{""type"":""MultiPoint"",""coordinates"":[]}"
2022_11_25,25.037460060597123,24.569454158157853,11.228210982097417,-0.46800590243926976,Delhi,2022-11-25,"{""type"":""MultiPoint"",""coordinates"":[]}"
2022_12_03,22.844133019953013,22.38213740673184,11.130058950725434,-0.46199561322117333,Delhi,2022-12-03,"{""type"":""MultiPoint"",""coordinates"":[]}"
2022_12_11,22.058367247808885,21.58053436520164,10.103729610287377,-0.4778328826072453,Delhi,2022-12-11,"{""type"":""MultiPoint"",""coordinates"":[]}"
2022_12_19,17.71639217409583,17.190000000000037,8.864594594594626,-0.5263921740957933,Delhi,2022-12-19,"{""type"":""MultiPoint"",""coordinates"":[]}"
2022_12_27,17.46791349597955,17.74486518367682,8.517983373791752,0.2769516876972702,Delhi,2022-12-27,"{""type"":""MultiPoint"",""coordinates"":[]}"
2023_01_01,18.173635688734894,18.11245736789972,5.8704269733504475,-0.06117832083517527,Delhi,2023-01-01,"{""type"":""MultiPoint"",""coordinates"":[]}"
2023_01_09,15.739425789252667,15.920646344521122,6.389738379201633,0.18122055526845493,Delhi,2023-01-09,"{""type"":""MultiPoint"",""coordinates"":[]}"
2023_01_17,16.86138518101986,16.896216449205774,8.789973868769165,0.034831268185914865,Delhi,2023-01-17,"{""type"":""MultiPoint"",""coordinates"":[]}"
2023_01_25,18.02651017024733,18.09938154133932,9.522562305642868,0.07287137109198838,Delhi,2023-01-25,"{""type"":""MultiPoint"",""coordinates"":[]}"
2023_02_02,20.14571612519214,20.59825363955625,11.4334095592964,0.45253751436410994,Delhi,2023-02-02,"{""type"":""MultiPoint"",""coordinates"":[]}"
2023_02_10,20.7189103766563,21.261892202474638,11.949067286987798,0.5429818258183374,Delhi,2023-02-10,"{""type"":""MultiPoint"",""coordinates"":[]}"
2023_02_18,24.906813205441768,25.555617934174574,14.583890661948383,0.6488047287328058,Delhi,2023-02-18,"{""type"":""MultiPoint"",""coordinates"":[]}"
2023_02_26,26.00782138432269,26.361828431754876,16.068826417702233,0.35400704743218725,Delhi,2023-02-26,"{""type"":""MultiPoint"",""coordinates"":[]}"
2023_03_06,28.637135318734902,29.521553242378573,16.621324590372648,0.8844179236436709,Delhi,2023-03-06,"{""type"":""MultiPoint"",""coordinates"":[]}"
2023_03_14,29.40250042780674,30.259928358139675,17.86534970238099,0.8574279303329355,Delhi,2023-03-14,"{""type"":""MultiPoint"",""coordinates"":[]}"
2023_03_22,27.584236170698464,27.979522287617183,17.618902938111695,0.39528611691871873,Delhi,2023-03-22,"{""type"":""MultiPoint"",""coordinates"":[]}"
2023_03_30,29.37730052931089,29.4882747640578,18.24914008946526,0.1109742347469087,Delhi,2023-03-30,"{""type"":""MultiPoint"",""coordinates"":[]}"
2023_04_07,36.89888249522235,36.63565759940035,19.31557971931312,-0.2632248958219989,Delhi,2023-04-07,"{""type"":""MultiPoint"",""coordinates"":[]}"
2023_04_15,38.01876619899146,37.4224277366595,22.459301002885756,-0.596338462331957,Delhi,2023-04-15,"{""type"":""MultiPoint"",""coordinates"":[]}"
2023_04_23,34.97770708468797,34.58661612606427,20.98098747953468,-0.3910909586236997,Delhi,2023-04-23,"{""type"":""MultiPoint"",""coordinates"":[]}"
2023_05_01,33.46636670096054,31.778337822662678,20.83328204498544,-1.6880288782978639,Delhi,2023-05-01,"{""type"":""MultiPoint"",""coordinates"":[]}"
2023_05_09,40.4068617876894,39.115199956948345,23.362764113507133,-1.291661830741056,Delhi,2023-05-09,"{""type"":""MultiPoint"",""coordinates"":[]}"
2023_05_17,41.26787469064218,40.6960723382095,24.78310263806883,-0.5718023524326838,Delhi,2023-05-17,"{""type"":""MultiPoint"",""coordinates"":[]}"
2023_05_25,34.71493366762865,34.24225066289834,20.770029372201442,-0.4726830047303068,Delhi,2023-05-25,"{""type"":""MultiPoint"",""coordinates"":[]}"
2023_06_02,38.45153951355486,37.539006720709594,24.512173999399632,-0.9125327928452691,Delhi,2023-06-02,"{""type"":""MultiPoint"",""coordinates"":[]}"
2023_06_10,37.08766941016632,36.296865197263905,25.502519458139137,-0.7908042129024153,Delhi,2023-06-10,"{""type"":""MultiPoint"",""coordinates"":[]}"
2023_06_18,40.08869447496232,39.50663015523528,27.40799785371992,-0.5820643197270385,Delhi,2023-06-18,"{""type"":""MultiPoint"",""coordinates"":[]}"
2023_06_26,31.121374573614844,,,,Delhi,2023-06-26,"{""type"":""MultiPoint"",""coordinates"":[]}"
2023_07_04,33.702495831789584,34.24642851615235,,0.5439326843627654,Delhi,2023-07-04,"{""type"":""MultiPoint"",""coordinates"":[]}"
2023_07_12,,,,,Delhi,2023-07-12,"{""type"":""MultiPoint"",""coordinates"":[]}"
2023_07_20,34.53619234498364,31.946939130434814,25.845000000000038,-2.589253214548826,Delhi,2023-07-20,"{""type"":""MultiPoint"",""coordinates"":[]}"
2023_07_28,27.91678879006074,30.3118642308491,,2.3950754407883608,Delhi,2023-07-28,"{""type"":""MultiPoint"",""coordinates"":[]}"
2023_08_05,29.3349920448603,30.91961225922957,23.528725547855917,1.58462021436927,Delhi,2023-08-05,"{""type"":""MultiPoint"",""coordinates"":[]}"
2023_08_13,31.141361097384582,33.55766188733251,26.215300107328645,2.4163007899479254,Delhi,2023-08-13,"{""type"":""MultiPoint"",""coordinates"":[]}"
2023_08_21,29.347305200850126,29.961735973554454,22.453840568596117,0.6144307727043277,Delhi,2023-08-21,"{""type"":""MultiPoint"",""coordinates"":[]}"
2023_08_29,31.658085835567213,32.392078581369624,26.191381595539085,0.7339927458024107,Delhi,2023-08-29,"{""type"":""MultiPoint"",""coordinates"":[]}"
2023_09_06,33.851758416050416,35.21727889497568,24.70276944113014,1.3655204789252622,Delhi,2023-09-06,"{""type"":""MultiPoint"",""coordinates"":[]}"
2023_09_14,34.27558373289941,32.924870280095874,25.85697389077091,-1.3507134528035394,Delhi,2023-09-14,"{""type"":""MultiPoint"",""coordinates"":[]}"
2023_09_22,32.314498990562406,32.461930007112116,24.63462199353734,0.14743101654971014,Delhi,2023-09-22,"{""type"":""MultiPoint"",""coordinates"":[]}"
2023_09_30,32.92554066424865,33.275986601791885,22.079064920667356,0.3504459375432347,Delhi,2023-09-30,"{""type"":""MultiPoint"",""coordinates"":[]}"
2023_10_08,32.58643570785032,32.82968192191181,23.135169250728033,0.24324621406149305,Delhi,2023-10-08,"{""type"":""MultiPoint"",""coordinates"":[]}"
2023_10_16,29.843323293210794,30.113039737522385,18.77574122812204,0.2697164443115909,Delhi,2023-10-16,"{""type"":""MultiPoint"",""coordinates"":[]}"
2023_10_24,30.444226249419206,30.300212014560593,19.13288324363712,-0.14401423485861287,Delhi,2023-10-24,"{""type"":""MultiPoint"",""coordinates"":[]}"
2023_11_01,28.430202935520903,28.39978356889295,17.961120288255774,-0.03041936662795308,Delhi,2023-11-01,"{""type"":""MultiPoint"",""coordinates"":[]}"
2023_11_09,25.37054432226981,24.546933069738852,15.43723787391522,-0.8236112525309593,Delhi,2023-11-09,"{""type"":""MultiPoint"",""coordinates"":[]}"
2023_11_17,25.848245667629474,25.062230837821474,14.110044940614214,-0.7860148298079999,Delhi,2023-11-17,"{""type"":""MultiPoint"",""coordinates"":[]}"
2023_11_25,23.17900337911968,22.807224363429608,15.0340367726038,-0.3717790156900733,Delhi,2023-11-25,"{""type"":""MultiPoint"",""coordinates"":[]}"
2023_12_03,22.015662773892696,21.9302420333276,11.532946678386658,-0.08542074056509819,Delhi,2023-12-03,"{""type"":""MultiPoint"",""coordinates"":[]}"
2023_12_11,19.204502013626982,19.321795695110826,9.408704052868407,0.11729368148384367,Delhi,2023-12-11,"{""type"":""MultiPoint"",""coordinates"":[]}"
2023_12_19,17.22464733701414,17.14261854237483,9.440427409813928,-0.08202879463931012,Delhi,2023-12-19,"{""type"":""MultiPoint"",""coordinates"":[]}"
2023_12_27,,,,,Delhi,2023-12-27,"{""type"":""MultiPoint"",""coordinates"":[]}"
2024_01_01,,,,,Delhi,2024-01-01,"{""type"":""MultiPoint"",""coordinates"":[]}"
2024_01_09,15.152761314466172,15.51586447621439,7.619983697015329,0.3631031617482172,Delhi,2024-01-09,"{""type"":""MultiPoint"",""coordinates"":[]}"
2024_01_17,,,,,Delhi,2024-01-17,"{""type"":""MultiPoint"",""coordinates"":[]}"
2024_01_25,16.584820103126628,16.86607468119757,8.629314986309682,0.2812545780709428,Delhi,2024-01-25,"{""type"":""MultiPoint"",""coordinates"":[]}"
2024_02_02,17.512268942655773,17.834492434996413,9.922144860298497,0.3222234923406404,Delhi,2024-02-02,"{""type"":""MultiPoint"",""coordinates"":[]}"
2024_02_10,21.005405483236654,21.28242295686484,10.554850509137616,0.2770174736281845,Delhi,2024-02-10,"{""type"":""MultiPoint"",""coordinates"":[]}"
2024_02_18,20.67003555005261,21.623697931649136,10.876669599697708,0.9536623815965264,Delhi,2024-02-18,"{""type"":""MultiPoint"",""coordinates"":[]}"
2024_02_26,21.61285161422818,22.297761305613935,12.474644409832795,0.6849096913857551,Delhi,2024-02-26,"{""type"":""MultiPoint"",""coordinates"":[]}"
2024_03_05,24.283610117847257,25.047573176923315,14.476186074635045,0.7639630590760582,Delhi,2024-03-05,"{""type"":""MultiPoint"",""coordinates"":[]}"
2024_03_13,27.340553182963124,27.994756439508308,15.578749136373519,0.6542032565451841,Delhi,2024-03-13,"{""type"":""MultiPoint"",""coordinates"":[]}"
2024_03_21,30.26149912637045,30.930066095613594,18.944791617236273,0.6685669692431446,Delhi,2024-03-21,"{""type"":""MultiPoint"",""coordinates"":[]}"
2024_03_29,31.97066392328679,32.41391079067541,20.98714078346562,0.44324686738861985,Delhi,2024-03-29,"{""type"":""MultiPoint"",""coordinates"":[]}"
2024_04_06,35.17972795947099,34.902775649458675,19.67172191461993,-0.27695231001231235,Delhi,2024-04-06,"{""type"":""MultiPoint"",""coordinates"":[]}"
2024_04_14,37.738861871629176,36.924441577769954,23.009213024385296,-0.8144202938592215,Delhi,2024-04-14,"{""type"":""MultiPoint"",""coordinates"":[]}"
2024_04_22,39.38428957942094,38.2757838809161,22.004631310555933,-1.1085056985048354,Delhi,2024-04-22,"{""type"":""MultiPoint"",""coordinates"":[]}"
2024_04_30,39.74737174439185,39.36389165039152,22.676365228100163,-0.38348009400032623,Delhi,2024-04-30,"{""type"":""MultiPoint"",""coordinates"":[]}"
2024_05_08,39.23050131725318,39.605194594670905,26.354086417606887,0.37469327741772673,Delhi,2024-05-08,"{""type"":""MultiPoint"",""coordinates"":[]}"
2024_05_16,41.22917360593248,41.0629126798199,28.038994655978705,-0.16626092611257803,Delhi,2024-05-16,"{""type"":""MultiPoint"",""coordinates"":[]}"
2024_05_24,43.28715832925087,43.08934519060376,29.687196383979845,-0.19781313864711336,Delhi,2024-05-24,"{""type"":""MultiPoint"",""coordinates"":[]}"
2024_06_01,39.60504923457034,39.04927062744338,28.131933195200663,-0.5557786071269604,Delhi,2024-06-01,"{""type"":""MultiPoint"",""coordinates"":[]}"
2024_06_09,42.68035786393035,43.28113798883667,28.55748110159934,0.600780124906322,Delhi,2024-06-09,"{""type"":""MultiPoint"",""coordinates"":[]}"
2024_06_17,40.28033445778107,40.90566295480014,27.416222785635764,0.6253284970190691,Delhi,2024-06-17,"{""type"":""MultiPoint"",""coordinates"":[]}"
2024_06_25,,,,,Delhi,2024-06-25,"{""type"":""MultiPoint"",""coordinates"":[]}"
2024_07_03,37.27952549874968,37.61840513381755,24.71082161443918,0.3388796350678689,Delhi,2024-07-03,"{""type"":""MultiPoint"",""coordinates"":[]}"
2024_07_11,,,,,Delhi,2024-07-11,"{""type"":""MultiPoint"",""coordinates"":[]}"
2024_07_19,36.095700194976516,,,,Delhi,2024-07-19,"{""type"":""MultiPoint"",""coordinates"":[]}"
2024_07_27,34.31817883755592,35.139005911778106,27.103575357535796,0.820827074222187,Delhi,2024-07-27,"{""type"":""MultiPoint"",""coordinates"":[]}"
2024_08_04,,,,,Delhi,2024-08-04,"{""type"":""MultiPoint"",""coordinates"":[]}"
2024_08_12,31.649354123722816,30.807207737594645,,-0.8421463861281708,Delhi,2024-08-12,"{""type"":""MultiPoint"",""coordinates"":[]}"
2024_08_20,,30.170000000000016,23.630000000000024,,Delhi,2024-08-20,"{""type"":""MultiPoint"",""coordinates"":[]}"
2024_08_28,29.52113093282922,29.384762142318078,26.068706514949938,-0.13636879051114192,Delhi,2024-08-28,"{""type"":""MultiPoint"",""coordinates"":[]}"
2024_09_05,29.886421672081504,29.974791210837513,24.22134134767482,0.08836953875600884,Delhi,2024-09-05,"{""type"":""MultiPoint"",""coordinates"":[]}"
2024_09_13,27.629977111462832,27.728798623248956,23.71820581354709,0.09882151178612375,Delhi,2024-09-13,"{""type"":""MultiPoint"",""coordinates"":[]}"
2024_09_21,29.594046710392085,30.190184392169073,25.681838353898723,0.5961376817769874,Delhi,2024-09-21,"{""type"":""MultiPoint"",""coordinates"":[]}"
2024_09_29,32.39516678991091,32.67391227366648,25.585083404273426,0.2787454837555714,Delhi,2024-09-29,"{""type"":""MultiPoint"",""coordinates"":[]}"
2024_10_07,31.934853060762745,32.14700828056516,22.39819627490563,0.21215521980241547,Delhi,2024-10-07,"{""type"":""MultiPoint"",""coordinates"":[]}"
2024_10_15,31.008565699147923,30.93850798252799,21.607009841210697,-0.07005771661993165,Delhi,2024-10-15,"{""type"":""MultiPoint"",""coordinates"":[]}"
2024_10_23,30.403105400171068,30.29004874234889,22.006625977605804,-0.11305665782217744,Delhi,2024-10-23,"{""type"":""MultiPoint"",""coordinates"":[]}"
2024_10_31,28.521705015760535,28.26424390597108,19.35409890428161,-0.25746110978945325,Delhi,2024-10-31,"{""type"":""MultiPoint"",""coordinates"":[]}"
2024_11_08,28.08961483890526,27.883348255553763,18.89938780137563,-0.20626658335149628,Delhi,2024-11-08,"{""type"":""MultiPoint"",""coordinates"":[]}"
2024_11_16,26.114455086167464,22.80333333333336,14.49666666666669,-3.3111217528341044,Delhi,2024-11-16,"{""type"":""MultiPoint"",""coordinates"":[]}"
2024_11_24,23.693827064339352,23.078343374160394,13.295151644753894,-0.6154836901789587,Delhi,2024-11-24,"{""type"":""MultiPoint"",""coordinates"":[]}"
2024_12_02,21.970229379588027,21.363065720255353,11.187482004219865,-0.6071636593326737,Delhi,2024-12-02,"{""type"":""MultiPoint"",""coordinates"":[]}"
2024_12_10,17.47966363776665,17.203862760342155,7.881052116153176,-0.2758008774244942,Delhi,2024-12-10,"{""type"":""MultiPoint"",""coordinates"":[]}"
2024_12_18,17.636800361077032,17.04977342857145,9.81016100000003,-0.5870269325055837,Delhi,2024-12-18,"{""type"":""MultiPoint"",""coordinates"":[]}"
2024_12_26,17.04917430084143,16.95987924956054,9.753222509342102,-0.08929505128088877,Delhi,2024-12-26,"{""type"":""MultiPoint"",""coordinates"":[]}"
