system:index,LST_Day_Rural,LST_Day_Urban,LST_Night_Urban,UHI_Index,city,date,.geo
2000_02_18,,,,,Hyderabad,2000-02-18,"{""type"":""MultiPoint"",""coordinates"":[]}"
2000_02_26,38.788665431861055,36.57086248380533,19.633767865589103,-2.217802948055727,Hyderabad,2000-02-26,"{""type"":""MultiPoint"",""coordinates"":[]}"
2000_03_05,42.29405397810068,40.461671991480316,21.23591718185971,-1.8323819866203621,Hyderabad,2000-03-05,"{""type"":""MultiPoint"",""coordinates"":[]}"
2000_03_13,42.901495216605824,41.176671262719594,23.02833521771505,-1.7248239538862293,Hyderabad,2000-03-13,"{""type"":""MultiPoint"",""coordinates"":[]}"
2000_03_21,42.36518012223253,40.93611259225432,23.629747228172942,-1.4290675299782123,Hyderabad,2000-03-21,"{""type"":""MultiPoint"",""coordinates"":[]}"
2000_03_29,44.77404524818109,43.18389411381485,24.38670670261356,-1.5901511343662378,Hyderabad,2000-03-29,"{""type"":""MultiPoint"",""coordinates"":[]}"
2000_04_06,45.97913513906488,44.10083805760753,26.427129359216703,-1.8782970814573474,Hyderabad,2000-04-06,"{""type"":""MultiPoint"",""coordinates"":[]}"
2000_04_14,44.14712447823577,42.99612240846314,23.163404662639362,-1.1510020697726304,Hyderabad,2000-04-14,"{""type"":""MultiPoint"",""coordinates"":[]}"
2000_04_22,47.54741477740173,46.17607097565826,24.97200738958467,-1.371343801743464,Hyderabad,2000-04-22,"{""type"":""MultiPoint"",""coordinates"":[]}"
2000_04_30,47.14042577018521,46.134953864589576,25.82863574525079,-1.005471905595634,Hyderabad,2000-04-30,"{""type"":""MultiPoint"",""coordinates"":[]}"
2000_05_08,42.84752781496938,40.69965071414066,24.030913558518957,-2.1478771008287225,Hyderabad,2000-05-08,"{""type"":""MultiPoint"",""coordinates"":[]}"
2000_05_16,41.6585203429932,39.56357392536611,23.403472766359293,-2.094946417627092,Hyderabad,2000-05-16,"{""type"":""MultiPoint"",""coordinates"":[]}"
2000_05_24,41.0838795130212,40.60000610426081,,-0.4838734087603953,Hyderabad,2000-05-24,"{""type"":""MultiPoint"",""coordinates"":[]}"
2000_06_01,,,,,Hyderabad,2000-06-01,"{""type"":""MultiPoint"",""coordinates"":[]}"
2000_06_09,29.9712459970361,29.738070911244478,21.044880064503147,-0.23317508579162194,Hyderabad,2000-06-09,"{""type"":""MultiPoint"",""coordinates"":[]}"
2000_06_17,,,,,Hyderabad,2000-06-17,"{""type"":""MultiPoint"",""coordinates"":[]}"
2000_06_25,35.9149893449176,33.63159405187247,,-2.283395293045132,Hyderabad,2000-06-25,"{""type"":""MultiPoint"",""coordinates"":[]}"
2000_07_03,,,,,Hyderabad,2000-07-03,"{""type"":""MultiPoint"",""coordinates"":[]}"
2000_07_11,29.240000000000038,,,,Hyderabad,2000-07-11,"{""type"":""MultiPoint"",""coordinates"":[]}"
2000_07_19,34.33076898351612,32.608281953995785,,-1.7224870295203374,Hyderabad,2000-07-19,"{""type"":""MultiPoint"",""coordinates"":[]}"
2000_07_27,34.360416788108324,33.83813162160714,21.89993620414675,-0.5222851665011845,Hyderabad,2000-07-27,"{""type"":""MultiPoint"",""coordinates"":[]}"
2000_08_04,33.30204790628808,33.59390191821775,,0.2918540119296722,Hyderabad,2000-08-04,"{""type"":""MultiPoint"",""coordinates"":[]}"
2000_08_12,,,,,Hyderabad,2000-08-12,"{""type"":""MultiPoint"",""coordinates"":[]}"
2000_08_20,,,,,Hyderabad,2000-08-20,"{""type"":""MultiPoint"",""coordinates"":[]}"
2000_08_28,28.84200000000003,,,,Hyderabad,2000-08-28,"{""type"":""MultiPoint"",""coordinates"":[]}"
2000_09_05,31.547403992961367,31.019626308229057,20.122824338190064,-0.5277776847323103,Hyderabad,2000-09-05,"{""type"":""MultiPoint"",""coordinates"":[]}"
2000_09_13,33.24809655393196,33.22132172194429,21.411119820828695,-0.026774831987665948,Hyderabad,2000-09-13,"{""type"":""MultiPoint"",""coordinates"":[]}"
2000_09_21,31.811473146849174,31.091700687249993,21.41568673710128,-0.7197724595991808,Hyderabad,2000-09-21,"{""type"":""MultiPoint"",""coordinates"":[]}"
2000_09_29,35.09097148742256,34.44625479007478,22.05521906735439,-0.6447166973477749,Hyderabad,2000-09-29,"{""type"":""MultiPoint"",""coordinates"":[]}"
2000_10_07,32.269629317929635,32.34098313436354,19.24508846766202,0.07135381643390559,Hyderabad,2000-10-07,"{""type"":""MultiPoint"",""coordinates"":[]}"
2000_10_15,35.48170924146032,35.07247529853915,21.697604716009018,-0.4092339429211691,Hyderabad,2000-10-15,"{""type"":""MultiPoint"",""coordinates"":[]}"
2000_10_23,,,,,Hyderabad,2000-10-23,"{""type"":""MultiPoint"",""coordinates"":[]}"
2000_10_31,33.857745300576035,33.36499417074713,20.61419006695319,-0.49275112982890334,Hyderabad,2000-10-31,"{""type"":""MultiPoint"",""coordinates"":[]}"
2000_11_08,33.602061388254256,32.79430493656649,18.194849140692877,-0.8077564516877658,Hyderabad,2000-11-08,"{""type"":""MultiPoint"",""coordinates"":[]}"
2000_11_16,33.61900953534244,32.157784647866094,19.27155826529078,-1.461224887476348,Hyderabad,2000-11-16,"{""type"":""MultiPoint"",""coordinates"":[]}"
2000_11_24,34.70847622639389,33.22245481665993,17.795659937438497,-1.486021409733958,Hyderabad,2000-11-24,"{""type"":""MultiPoint"",""coordinates"":[]}"
2000_12_02,34.032054969036274,32.97972197221817,15.18174874939827,-1.0523329968181017,Hyderabad,2000-12-02,"{""type"":""MultiPoint"",""coordinates"":[]}"
2000_12_10,33.9834202900059,32.87813609165357,14.545191727762251,-1.1052841983523294,Hyderabad,2000-12-10,"{""type"":""MultiPoint"",""coordinates"":[]}"
2000_12_18,33.73970354471005,32.36046605176554,14.652578657240003,-1.3792374929445117,Hyderabad,2000-12-18,"{""type"":""MultiPoint"",""coordinates"":[]}"
2000_12_26,31.93445532248788,31.079510109880566,16.196008012425086,-0.8549452126073156,Hyderabad,2000-12-26,"{""type"":""MultiPoint"",""coordinates"":[]}"
2001_01_01,32.767389853722875,31.513345964525506,16.995591560832636,-1.2540438891973693,Hyderabad,2001-01-01,"{""type"":""MultiPoint"",""coordinates"":[]}"
2001_01_09,33.00402583970715,32.138943123938894,19.32201681362621,-0.8650827157682528,Hyderabad,2001-01-09,"{""type"":""MultiPoint"",""coordinates"":[]}"
2001_01_17,33.4695524021219,32.60014710653664,18.06183672624104,-0.8694052955852598,Hyderabad,2001-01-17,"{""type"":""MultiPoint"",""coordinates"":[]}"
2001_01_25,35.05173821518587,33.26399821669895,15.483052231216162,-1.78773999848692,Hyderabad,2001-01-25,"{""type"":""MultiPoint"",""coordinates"":[]}"
2001_02_02,38.336203345613775,36.63176981891349,19.899366465459465,-1.704433526700285,Hyderabad,2001-02-02,"{""type"":""MultiPoint"",""coordinates"":[]}"
2001_02_10,38.69602390181208,37.23068888122723,19.403738820045852,-1.4653350205848525,Hyderabad,2001-02-10,"{""type"":""MultiPoint"",""coordinates"":[]}"
2001_02_18,39.714411541610936,38.440029008056364,20.87552814440741,-1.2743825335545722,Hyderabad,2001-02-18,"{""type"":""MultiPoint"",""coordinates"":[]}"
2001_02_26,40.05417255822868,38.78332973556393,22.395548974635766,-1.270842822664747,Hyderabad,2001-02-26,"{""type"":""MultiPoint"",""coordinates"":[]}"
2001_03_06,36.97903462763405,36.242282548290994,20.91307589300663,-0.7367520793430558,Hyderabad,2001-03-06,"{""type"":""MultiPoint"",""coordinates"":[]}"
2001_03_14,39.23783002459943,38.37770547195619,22.81038768809854,-0.8601245526432422,Hyderabad,2001-03-14,"{""type"":""MultiPoint"",""coordinates"":[]}"
2001_03_22,42.63048318608562,41.2620131376864,24.26635987686746,-1.3684700483992174,Hyderabad,2001-03-22,"{""type"":""MultiPoint"",""coordinates"":[]}"
2001_03_30,42.673393874751554,41.116808649977926,24.198839897889687,-1.5565852247736274,Hyderabad,2001-03-30,"{""type"":""MultiPoint"",""coordinates"":[]}"
2001_04_07,44.020912272596355,43.53423423343479,24.268876041565015,-0.4866780391615677,Hyderabad,2001-04-07,"{""type"":""MultiPoint"",""coordinates"":[]}"
2001_04_15,41.86265705509993,40.32260559041645,24.055069100589474,-1.5400514646834793,Hyderabad,2001-04-15,"{""type"":""MultiPoint"",""coordinates"":[]}"
2001_04_23,43.897161868924435,41.945118611780835,26.707378039705965,-1.9520432571436004,Hyderabad,2001-04-23,"{""type"":""MultiPoint"",""coordinates"":[]}"
2001_05_01,44.2427954543174,42.25056172064939,26.473158379734926,-1.9922337336680158,Hyderabad,2001-05-01,"{""type"":""MultiPoint"",""coordinates"":[]}"
2001_05_09,46.57312687308526,44.27509761494277,26.487052356788425,-2.298029258142485,Hyderabad,2001-05-09,"{""type"":""MultiPoint"",""coordinates"":[]}"
2001_05_17,44.9870756044168,43.555624389541,26.624880668688643,-1.4314512148757998,Hyderabad,2001-05-17,"{""type"":""MultiPoint"",""coordinates"":[]}"
2001_05_25,44.09461906940975,30.090000000000032,24.970000000000027,-14.00461906940972,Hyderabad,2001-05-25,"{""type"":""MultiPoint"",""coordinates"":[]}"
2001_06_02,43.75036769138038,43.650000000000034,,-0.10036769138034884,Hyderabad,2001-06-02,"{""type"":""MultiPoint"",""coordinates"":[]}"
2001_06_10,,,,,Hyderabad,2001-06-10,"{""type"":""MultiPoint"",""coordinates"":[]}"
2001_06_26,,,,,Hyderabad,2001-06-26,"{""type"":""MultiPoint"",""coordinates"":[]}"
2001_07_04,37.23564515330486,36.69649904455399,,-0.5391461087508702,Hyderabad,2001-07-04,"{""type"":""MultiPoint"",""coordinates"":[]}"
2001_07_12,36.69017604888229,34.20411764705885,,-2.486058401823442,Hyderabad,2001-07-12,"{""type"":""MultiPoint"",""coordinates"":[]}"
2001_07_20,32.957721088435406,,,,Hyderabad,2001-07-20,"{""type"":""MultiPoint"",""coordinates"":[]}"
2001_07_28,,,,,Hyderabad,2001-07-28,"{""type"":""MultiPoint"",""coordinates"":[]}"
2001_08_05,,,,,Hyderabad,2001-08-05,"{""type"":""MultiPoint"",""coordinates"":[]}"
2001_08_13,,,,,Hyderabad,2001-08-13,"{""type"":""MultiPoint"",""coordinates"":[]}"
2001_08_21,29.838507406000787,30.190405257393245,,0.351897851392458,Hyderabad,2001-08-21,"{""type"":""MultiPoint"",""coordinates"":[]}"
2001_08_29,32.05285714285718,,,,Hyderabad,2001-08-29,"{""type"":""MultiPoint"",""coordinates"":[]}"
2001_09_06,32.047577453955,34.60309090909094,22.63290909090912,2.5555134551359373,Hyderabad,2001-09-06,"{""type"":""MultiPoint"",""coordinates"":[]}"
2001_09_14,,,,,Hyderabad,2001-09-14,"{""type"":""MultiPoint"",""coordinates"":[]}"
2001_09_22,31.630663318727205,32.017343663697474,22.51642654424042,0.3866803449702694,Hyderabad,2001-09-22,"{""type"":""MultiPoint"",""coordinates"":[]}"
2001_09_30,28.40847710247898,,,,Hyderabad,2001-09-30,"{""type"":""MultiPoint"",""coordinates"":[]}"
2001_10_08,29.560696786615356,28.46325423728817,,-1.0974425493271873,Hyderabad,2001-10-08,"{""type"":""MultiPoint"",""coordinates"":[]}"
2001_10_16,30.61558252437304,30.459016799937185,21.281494701338453,-0.15656572443585404,Hyderabad,2001-10-16,"{""type"":""MultiPoint"",""coordinates"":[]}"
2001_10_24,31.757076143452526,31.608524842023705,19.653289781304718,-0.1485513014288209,Hyderabad,2001-10-24,"{""type"":""MultiPoint"",""coordinates"":[]}"
2001_11_01,31.944759033269232,31.324146849582274,20.943282950289234,-0.6206121836869585,Hyderabad,2001-11-01,"{""type"":""MultiPoint"",""coordinates"":[]}"
2001_11_09,31.873186840693002,31.645503275759413,19.492031963470314,-0.22768356493358866,Hyderabad,2001-11-09,"{""type"":""MultiPoint"",""coordinates"":[]}"
2001_11_17,32.175613207320765,31.545214245247212,20.145228301169688,-0.6303989620735528,Hyderabad,2001-11-17,"{""type"":""MultiPoint"",""coordinates"":[]}"
2001_11_25,31.3542985119507,30.755768466981788,17.182051576091524,-0.5985300449689106,Hyderabad,2001-11-25,"{""type"":""MultiPoint"",""coordinates"":[]}"
2001_12_03,34.02069283586471,32.83494775273831,16.715461942657264,-1.185745083126399,Hyderabad,2001-12-03,"{""type"":""MultiPoint"",""coordinates"":[]}"
2001_12_11,32.41772733093532,31.515047363793695,17.264326129498876,-0.9026799671416263,Hyderabad,2001-12-11,"{""type"":""MultiPoint"",""coordinates"":[]}"
2001_12_19,30.444491477182627,29.725481700285975,16.765615176836718,-0.7190097768966517,Hyderabad,2001-12-19,"{""type"":""MultiPoint"",""coordinates"":[]}"
2001_12_27,29.93761890769778,29.180188391081476,17.206756484597264,-0.7574305166163029,Hyderabad,2001-12-27,"{""type"":""MultiPoint"",""coordinates"":[]}"
2002_01_01,30.035852504940742,29.234632621603122,14.931098709751108,-0.8012198833376196,Hyderabad,2002-01-01,"{""type"":""MultiPoint"",""coordinates"":[]}"
2002_01_09,31.635746070560707,30.50902278371667,16.378279883381943,-1.1267232868440367,Hyderabad,2002-01-09,"{""type"":""MultiPoint"",""coordinates"":[]}"
2002_01_17,32.58621201600311,31.629522570608618,20.918889172008736,-0.9566894453944919,Hyderabad,2002-01-17,"{""type"":""MultiPoint"",""coordinates"":[]}"
2002_01_25,32.47064427911566,30.910355114327682,18.182700273218376,-1.560289164787978,Hyderabad,2002-01-25,"{""type"":""MultiPoint"",""coordinates"":[]}"
2002_02_02,33.60733036188494,32.642528166848436,19.71754368307754,-0.9648021950365049,Hyderabad,2002-02-02,"{""type"":""MultiPoint"",""coordinates"":[]}"
2002_02_10,35.98369231489616,34.752637836826864,21.087044473835398,-1.2310544780692965,Hyderabad,2002-02-10,"{""type"":""MultiPoint"",""coordinates"":[]}"
2002_02_18,38.806777845579695,37.486430799247074,21.339049889394243,-1.3203470463326212,Hyderabad,2002-02-18,"{""type"":""MultiPoint"",""coordinates"":[]}"
2002_02_26,39.090186906551956,38.00280172822454,22.493868459902767,-1.0873851783274162,Hyderabad,2002-02-26,"{""type"":""MultiPoint"",""coordinates"":[]}"
2002_03_06,39.55155869825572,38.1312549939029,23.04087549096889,-1.4203037043528184,Hyderabad,2002-03-06,"{""type"":""MultiPoint"",""coordinates"":[]}"
2002_03_14,40.217727627772135,38.19891537180913,23.487586986681503,-2.018812255963006,Hyderabad,2002-03-14,"{""type"":""MultiPoint"",""coordinates"":[]}"
2002_03_22,46.1125343296698,44.57752474255576,23.786067236219377,-1.5350095871140397,Hyderabad,2002-03-22,"{""type"":""MultiPoint"",""coordinates"":[]}"
2002_03_30,41.271346284917556,39.41596898089042,24.750919828927508,-1.8553773040271366,Hyderabad,2002-03-30,"{""type"":""MultiPoint"",""coordinates"":[]}"
2002_04_07,43.98137606158626,42.18749819604801,25.767810140985823,-1.7938778655382492,Hyderabad,2002-04-07,"{""type"":""MultiPoint"",""coordinates"":[]}"
2002_04_15,45.60702454348636,43.937425429572,27.30636706773683,-1.6695991139143587,Hyderabad,2002-04-15,"{""type"":""MultiPoint"",""coordinates"":[]}"
2002_04_23,45.47418901965214,43.42230370343914,27.375270240348584,-2.0518853162129957,Hyderabad,2002-04-23,"{""type"":""MultiPoint"",""coordinates"":[]}"
2002_05_01,42.07236280524896,40.71421393561207,26.981421415153466,-1.358148869636885,Hyderabad,2002-05-01,"{""type"":""MultiPoint"",""coordinates"":[]}"
2002_05_09,42.94151733256817,40.54414385553946,28.18703229109305,-2.397373477028708,Hyderabad,2002-05-09,"{""type"":""MultiPoint"",""coordinates"":[]}"
2002_05_17,41.29777914384466,39.62026668706338,26.568047742884872,-1.6775124567812796,Hyderabad,2002-05-17,"{""type"":""MultiPoint"",""coordinates"":[]}"
2002_05_25,42.90463879023022,40.97621253106894,24.947167611475727,-1.9284262591612844,Hyderabad,2002-05-25,"{""type"":""MultiPoint"",""coordinates"":[]}"
2002_06_02,39.90673393859398,40.233685494098175,22.77707950443863,0.32695155550419486,Hyderabad,2002-06-02,"{""type"":""MultiPoint"",""coordinates"":[]}"
2002_06_10,37.71489490229921,35.66470955436104,21.532938521066242,-2.050185347938168,Hyderabad,2002-06-10,"{""type"":""MultiPoint"",""coordinates"":[]}"
2002_06_18,,,,,Hyderabad,2002-06-18,"{""type"":""MultiPoint"",""coordinates"":[]}"
2002_06_26,32.893600766040336,30.71085317591628,23.854893518457267,-2.1827475901240554,Hyderabad,2002-06-26,"{""type"":""MultiPoint"",""coordinates"":[]}"
2002_07_04,34.21739174240458,33.36594522632182,23.671926100628976,-0.8514465160827598,Hyderabad,2002-07-04,"{""type"":""MultiPoint"",""coordinates"":[]}"
2002_07_12,33.33622391778266,32.577460969597404,20.167964071856325,-0.7587629481852574,Hyderabad,2002-07-12,"{""type"":""MultiPoint"",""coordinates"":[]}"
2002_07_20,34.05000000000001,,,,Hyderabad,2002-07-20,"{""type"":""MultiPoint"",""coordinates"":[]}"
2002_07_28,34.30444730077124,,,,Hyderabad,2002-07-28,"{""type"":""MultiPoint"",""coordinates"":[]}"
2002_08_05,,,,,Hyderabad,2002-08-05,"{""type"":""MultiPoint"",""coordinates"":[]}"
2002_08_13,29.32818181818185,,,,Hyderabad,2002-08-13,"{""type"":""MultiPoint"",""coordinates"":[]}"
2002_08_21,29.873427208446685,30.332708355702525,20.89534864973802,0.45928114725584024,Hyderabad,2002-08-21,"{""type"":""MultiPoint"",""coordinates"":[]}"
2002_08_29,,,,,Hyderabad,2002-08-29,"{""type"":""MultiPoint"",""coordinates"":[]}"
2002_09_06,29.000230752491348,29.272824949075698,21.689472707113996,0.27259419658435036,Hyderabad,2002-09-06,"{""type"":""MultiPoint"",""coordinates"":[]}"
2002_09_14,34.24401499677856,33.71118846317909,,-0.5328265335994686,Hyderabad,2002-09-14,"{""type"":""MultiPoint"",""coordinates"":[]}"
2002_09_22,34.39806071367037,33.3314598366191,22.42695719524955,-1.0666008770512647,Hyderabad,2002-09-22,"{""type"":""MultiPoint"",""coordinates"":[]}"
2002_09_30,36.69072651784947,36.37646554730039,23.177637797387572,-0.3142609705490784,Hyderabad,2002-09-30,"{""type"":""MultiPoint"",""coordinates"":[]}"
2002_10_08,33.44938608389855,33.99599485938919,,0.5466087754906397,Hyderabad,2002-10-08,"{""type"":""MultiPoint"",""coordinates"":[]}"
2002_10_16,31.277626862963498,30.975663841593825,18.9784171505678,-0.3019630213696729,Hyderabad,2002-10-16,"{""type"":""MultiPoint"",""coordinates"":[]}"
2002_10_24,30.83287984243931,29.578802161990346,18.683773604187763,-1.2540776804489653,Hyderabad,2002-10-24,"{""type"":""MultiPoint"",""coordinates"":[]}"
2002_11_01,33.07163763853856,32.63418236960514,18.14994134310949,-0.43745526893341946,Hyderabad,2002-11-01,"{""type"":""MultiPoint"",""coordinates"":[]}"
2002_11_09,32.408971078626664,31.897625351766276,19.31165852811602,-0.5113457268603874,Hyderabad,2002-11-09,"{""type"":""MultiPoint"",""coordinates"":[]}"
2002_11_17,32.75172842566883,31.824939905674785,15.61364272575138,-0.9267885199940444,Hyderabad,2002-11-17,"{""type"":""MultiPoint"",""coordinates"":[]}"
2002_11_25,34.33215409749067,33.4237955153814,16.92278439126754,-0.9083585821092726,Hyderabad,2002-11-25,"{""type"":""MultiPoint"",""coordinates"":[]}"
2002_12_03,32.91405900542762,31.74489152855827,17.045538800768224,-1.1691674768693474,Hyderabad,2002-12-03,"{""type"":""MultiPoint"",""coordinates"":[]}"
2002_12_11,33.484929796200134,32.652214855136116,17.116184372256384,-0.8327149410640189,Hyderabad,2002-12-11,"{""type"":""MultiPoint"",""coordinates"":[]}"
2002_12_19,33.23278964721947,32.305524927116615,17.135286696865215,-0.9272647201028548,Hyderabad,2002-12-19,"{""type"":""MultiPoint"",""coordinates"":[]}"
2002_12_27,33.07709629950781,32.20739126053571,17.155709226749593,-0.8697050389720999,Hyderabad,2002-12-27,"{""type"":""MultiPoint"",""coordinates"":[]}"
2003_01_01,31.30481094705395,30.35751317581577,17.58553961627291,-0.9472977712381798,Hyderabad,2003-01-01,"{""type"":""MultiPoint"",""coordinates"":[]}"
2003_01_09,31.866695000276987,30.77729657920961,17.68388595981407,-1.0893984210673757,Hyderabad,2003-01-09,"{""type"":""MultiPoint"",""coordinates"":[]}"
2003_01_17,33.07704718871843,32.119015801760995,17.11140726423794,-0.9580313869574368,Hyderabad,2003-01-17,"{""type"":""MultiPoint"",""coordinates"":[]}"
2003_01_25,36.582984497819744,35.32152257012762,19.835744280173184,-1.2614619276921246,Hyderabad,2003-01-25,"{""type"":""MultiPoint"",""coordinates"":[]}"
2003_02_02,34.67346244777837,34.03583138423705,21.043732107296076,-0.6376310635413205,Hyderabad,2003-02-02,"{""type"":""MultiPoint"",""coordinates"":[]}"
2003_02_10,36.31173935418276,35.0924835402051,22.77907285483004,-1.2192558139776608,Hyderabad,2003-02-10,"{""type"":""MultiPoint"",""coordinates"":[]}"
2003_02_18,37.74919693431723,36.270357460823256,22.29436718054452,-1.4788394734939772,Hyderabad,2003-02-18,"{""type"":""MultiPoint"",""coordinates"":[]}"
2003_02_26,39.53361495526074,38.76823042875075,23.129138402589703,-0.7653845265099903,Hyderabad,2003-02-26,"{""type"":""MultiPoint"",""coordinates"":[]}"
2003_03_06,36.46441748567922,35.63957804227542,22.07655998301558,-0.8248394434038033,Hyderabad,2003-03-06,"{""type"":""MultiPoint"",""coordinates"":[]}"
2003_03_14,37.08964419297784,36.01061935191142,22.699734487843653,-1.0790248410664205,Hyderabad,2003-03-14,"{""type"":""MultiPoint"",""coordinates"":[]}"
2003_03_22,40.6007522066343,38.7430234606729,24.16131617884894,-1.8577287459613956,Hyderabad,2003-03-22,"{""type"":""MultiPoint"",""coordinates"":[]}"
2003_03_30,41.88144318667015,39.74443952231446,24.71465958453403,-2.1370036643556887,Hyderabad,2003-03-30,"{""type"":""MultiPoint"",""coordinates"":[]}"
2003_04_07,40.830485594718276,39.4174734229631,26.334343636773912,-1.4130121717551773,Hyderabad,2003-04-07,"{""type"":""MultiPoint"",""coordinates"":[]}"
2003_04_15,46.313999995580495,44.56717591928468,27.624633003395065,-1.746824076295816,Hyderabad,2003-04-15,"{""type"":""MultiPoint"",""coordinates"":[]}"
2003_04_23,44.80514405082114,43.53539206549726,26.408837092109017,-1.2697519853238788,Hyderabad,2003-04-23,"{""type"":""MultiPoint"",""coordinates"":[]}"
2003_05_01,45.64164310650731,43.83642964825825,27.3502691977475,-1.8052134582490567,Hyderabad,2003-05-01,"{""type"":""MultiPoint"",""coordinates"":[]}"
2003_05_09,41.4206815303104,39.82083597153878,24.66515656834783,-1.5998455587716194,Hyderabad,2003-05-09,"{""type"":""MultiPoint"",""coordinates"":[]}"
2003_05_17,45.89138842786016,44.474973030413054,26.05018441547963,-1.4164153974471034,Hyderabad,2003-05-17,"{""type"":""MultiPoint"",""coordinates"":[]}"
2003_05_25,46.20144331693184,45.33317131275517,26.931137344875875,-0.8682720041766672,Hyderabad,2003-05-25,"{""type"":""MultiPoint"",""coordinates"":[]}"
2003_06_02,42.10951157268228,41.34720616946509,25.09078582584932,-0.7623054032171908,Hyderabad,2003-06-02,"{""type"":""MultiPoint"",""coordinates"":[]}"
2003_06_10,41.77265787610811,38.03307951329943,,-3.739578362808686,Hyderabad,2003-06-10,"{""type"":""MultiPoint"",""coordinates"":[]}"
2003_06_18,39.94460864428477,,,,Hyderabad,2003-06-18,"{""type"":""MultiPoint"",""coordinates"":[]}"
2003_06_26,37.53857142857146,,,,Hyderabad,2003-06-26,"{""type"":""MultiPoint"",""coordinates"":[]}"
2003_07_04,32.605000000000025,,,,Hyderabad,2003-07-04,"{""type"":""MultiPoint"",""coordinates"":[]}"
2003_07_12,,,,,Hyderabad,2003-07-12,"{""type"":""MultiPoint"",""coordinates"":[]}"
2003_07_20,,,,,Hyderabad,2003-07-20,"{""type"":""MultiPoint"",""coordinates"":[]}"
2003_07_28,31.588891768148823,30.96053020212645,21.698566264302773,-0.6283615660223738,Hyderabad,2003-07-28,"{""type"":""MultiPoint"",""coordinates"":[]}"
2003_08_05,,,,,Hyderabad,2003-08-05,"{""type"":""MultiPoint"",""coordinates"":[]}"
2003_08_13,31.919330537102436,32.69818150743466,23.31199965817812,0.7788509703322255,Hyderabad,2003-08-13,"{""type"":""MultiPoint"",""coordinates"":[]}"
2003_08_21,28.605124542762628,27.89084739113382,20.0644075126653,-0.7142771516288065,Hyderabad,2003-08-21,"{""type"":""MultiPoint"",""coordinates"":[]}"
2003_08_29,32.25119552448633,,,,Hyderabad,2003-08-29,"{""type"":""MultiPoint"",""coordinates"":[]}"
2003_09_06,31.925884462527844,31.09694119415703,22.868217534013212,-0.8289432683708142,Hyderabad,2003-09-06,"{""type"":""MultiPoint"",""coordinates"":[]}"
2003_09_14,34.31223800259678,33.24667149059337,,-1.0655665120034072,Hyderabad,2003-09-14,"{""type"":""MultiPoint"",""coordinates"":[]}"
2003_09_22,27.819706601467015,,,,Hyderabad,2003-09-22,"{""type"":""MultiPoint"",""coordinates"":[]}"
2003_09_30,32.05531459957336,33.72505637544935,22.429592240505755,1.6697417758759912,Hyderabad,2003-09-30,"{""type"":""MultiPoint"",""coordinates"":[]}"
2003_10_08,32.51323574756758,33.35466416154522,19.64106402107115,0.8414284139776456,Hyderabad,2003-10-08,"{""type"":""MultiPoint"",""coordinates"":[]}"
2003_10_16,30.55124566027385,31.097979566241506,18.868229896398653,0.5467339059676561,Hyderabad,2003-10-16,"{""type"":""MultiPoint"",""coordinates"":[]}"
2003_10_24,28.80978174969259,29.17749211804371,19.61623857753446,0.36771036835111914,Hyderabad,2003-10-24,"{""type"":""MultiPoint"",""coordinates"":[]}"
2003_11_01,29.859417236633536,30.22037430795725,20.490360075715554,0.360957071323714,Hyderabad,2003-11-01,"{""type"":""MultiPoint"",""coordinates"":[]}"
2003_11_09,30.073255404105886,30.091852966897537,19.16971929522748,0.018597562791651256,Hyderabad,2003-11-09,"{""type"":""MultiPoint"",""coordinates"":[]}"
2003_11_17,30.6819136933261,30.7581168707971,17.47165876144505,0.07620317747100103,Hyderabad,2003-11-17,"{""type"":""MultiPoint"",""coordinates"":[]}"
2003_11_25,31.60051850849295,31.065954248100443,17.17674007557599,-0.5345642603925072,Hyderabad,2003-11-25,"{""type"":""MultiPoint"",""coordinates"":[]}"
2003_12_03,31.73126916063709,31.092457192884854,15.650967512063387,-0.6388119677522361,Hyderabad,2003-12-03,"{""type"":""MultiPoint"",""coordinates"":[]}"
2003_12_11,31.403107913429558,30.68632309043022,16.31088695346798,-0.7167848229993368,Hyderabad,2003-12-11,"{""type"":""MultiPoint"",""coordinates"":[]}"
2003_12_19,,,,,Hyderabad,2003-12-19,"{""type"":""MultiPoint"",""coordinates"":[]}"
2003_12_27,30.857909497970937,30.3933506539558,18.343442985147952,-0.46455884401513714,Hyderabad,2003-12-27,"{""type"":""MultiPoint"",""coordinates"":[]}"
2004_01_01,29.772453348540957,29.2998254045956,16.136660584753702,-0.4726279439453549,Hyderabad,2004-01-01,"{""type"":""MultiPoint"",""coordinates"":[]}"
2004_01_09,32.40379037788171,31.615281734662343,16.018578077290428,-0.7885086432193695,Hyderabad,2004-01-09,"{""type"":""MultiPoint"",""coordinates"":[]}"
2004_01_17,33.18717265095094,32.78766009922043,19.018943444365714,-0.3995125517305098,Hyderabad,2004-01-17,"{""type"":""MultiPoint"",""coordinates"":[]}"
2004_01_25,29.29854307942176,28.885172268316712,19.444372903148064,-0.4133708111050467,Hyderabad,2004-01-25,"{""type"":""MultiPoint"",""coordinates"":[]}"
2004_02_02,31.83134407577208,31.461488305278287,18.030090611072247,-0.3698557704937926,Hyderabad,2004-02-02,"{""type"":""MultiPoint"",""coordinates"":[]}"
2004_02_10,34.21335208113037,33.5650409409159,18.7405102780818,-0.6483111402144672,Hyderabad,2004-02-10,"{""type"":""MultiPoint"",""coordinates"":[]}"
2004_02_18,37.507149649837295,36.56182085249504,21.258185187727396,-0.9453287973422562,Hyderabad,2004-02-18,"{""type"":""MultiPoint"",""coordinates"":[]}"
2004_02_26,40.61046637438014,39.63395880825949,22.245183886992876,-0.9765075661206453,Hyderabad,2004-02-26,"{""type"":""MultiPoint"",""coordinates"":[]}"
2004_03_05,39.53867239841899,38.479929897584746,22.517703598225555,-1.0587425008342422,Hyderabad,2004-03-05,"{""type"":""MultiPoint"",""coordinates"":[]}"
2004_03_13,44.18292322744491,42.82206472004021,22.721368192758344,-1.3608585074047,Hyderabad,2004-03-13,"{""type"":""MultiPoint"",""coordinates"":[]}"
2004_03_21,41.79965333755096,40.60211730965451,25.842933017124903,-1.1975360278964473,Hyderabad,2004-03-21,"{""type"":""MultiPoint"",""coordinates"":[]}"
2004_03_29,39.77468638120693,38.83146632067541,25.17624450860719,-0.943220060531516,Hyderabad,2004-03-29,"{""type"":""MultiPoint"",""coordinates"":[]}"
2004_04_06,41.66175135446714,40.97922521375052,25.636914946951947,-0.6825261407166252,Hyderabad,2004-04-06,"{""type"":""MultiPoint"",""coordinates"":[]}"
2004_04_14,45.58633401344893,44.29184372904089,26.191638363514446,-1.2944902844080417,Hyderabad,2004-04-14,"{""type"":""MultiPoint"",""coordinates"":[]}"
2004_04_22,39.62159518018318,38.429200636893505,24.313455919862808,-1.192394543289673,Hyderabad,2004-04-22,"{""type"":""MultiPoint"",""coordinates"":[]}"
2004_04_30,41.69664608522964,41.3139121906945,25.69301809874704,-0.38273389453513573,Hyderabad,2004-04-30,"{""type"":""MultiPoint"",""coordinates"":[]}"
2004_05_08,43.375440287721844,42.40191454160119,26.533527585971182,-0.9735257461206572,Hyderabad,2004-05-08,"{""type"":""MultiPoint"",""coordinates"":[]}"
2004_05_16,41.88760547629693,39.97631891220469,25.768026587028938,-1.9112865640922436,Hyderabad,2004-05-16,"{""type"":""MultiPoint"",""coordinates"":[]}"
2004_05_24,41.037264643041674,39.23359826889604,25.43701129050291,-1.8036663741456351,Hyderabad,2004-05-24,"{""type"":""MultiPoint"",""coordinates"":[]}"
2004_06_01,39.97167515014984,39.248145976072465,24.19148722106547,-0.7235291740773775,Hyderabad,2004-06-01,"{""type"":""MultiPoint"",""coordinates"":[]}"
2004_06_09,37.53000000000003,,,,Hyderabad,2004-06-09,"{""type"":""MultiPoint"",""coordinates"":[]}"
2004_06_17,37.69363561503899,35.94384112384583,22.371661157618693,-1.749794491193164,Hyderabad,2004-06-17,"{""type"":""MultiPoint"",""coordinates"":[]}"
2004_06_25,41.68777777777782,,,,Hyderabad,2004-06-25,"{""type"":""MultiPoint"",""coordinates"":[]}"
2004_07_03,37.23537945757602,35.98852336988925,,-1.2468560876867727,Hyderabad,2004-07-03,"{""type"":""MultiPoint"",""coordinates"":[]}"
2004_07_11,,,,,Hyderabad,2004-07-11,"{""type"":""MultiPoint"",""coordinates"":[]}"
2004_07_19,,,,,Hyderabad,2004-07-19,"{""type"":""MultiPoint"",""coordinates"":[]}"
2004_07_27,,,,,Hyderabad,2004-07-27,"{""type"":""MultiPoint"",""coordinates"":[]}"
2004_08_04,25.28546147332771,24.429137931034496,,-0.8563235422932145,Hyderabad,2004-08-04,"{""type"":""MultiPoint"",""coordinates"":[]}"
2004_08_12,32.2691229496682,33.25830508474581,,0.9891821350776056,Hyderabad,2004-08-12,"{""type"":""MultiPoint"",""coordinates"":[]}"
2004_08_20,31.598979965955184,32.49291036277862,22.922959964996735,0.8939303968234391,Hyderabad,2004-08-20,"{""type"":""MultiPoint"",""coordinates"":[]}"
2004_08_28,32.274431621686944,31.956242340261777,20.058655581216353,-0.3181892814251661,Hyderabad,2004-08-28,"{""type"":""MultiPoint"",""coordinates"":[]}"
2004_09_05,32.30437124338984,31.54133857306375,20.90848393742848,-0.763032670326087,Hyderabad,2004-09-05,"{""type"":""MultiPoint"",""coordinates"":[]}"
2004_09_13,31.80342970938048,32.20381981811039,20.34611961301674,0.40039010872990843,Hyderabad,2004-09-13,"{""type"":""MultiPoint"",""coordinates"":[]}"
2004_09_21,33.58447267761484,33.53804600412861,22.975629952456455,-0.04642667348623064,Hyderabad,2004-09-21,"{""type"":""MultiPoint"",""coordinates"":[]}"
2004_09_29,34.81832835573476,35.036965792886505,22.469671855823293,0.21863743715174877,Hyderabad,2004-09-29,"{""type"":""MultiPoint"",""coordinates"":[]}"
2004_10_07,31.30364985499171,31.507864821343116,22.575886379192372,0.20421496635140457,Hyderabad,2004-10-07,"{""type"":""MultiPoint"",""coordinates"":[]}"
2004_10_15,31.3150483411395,32.01769501813405,19.87149407805546,0.7026466769945472,Hyderabad,2004-10-15,"{""type"":""MultiPoint"",""coordinates"":[]}"
2004_10_23,32.46261989475833,31.99395245863438,21.023311970791596,-0.4686674361239547,Hyderabad,2004-10-23,"{""type"":""MultiPoint"",""coordinates"":[]}"
2004_10_31,30.322869574493893,30.84943017772669,19.38599102814115,0.5265606032327952,Hyderabad,2004-10-31,"{""type"":""MultiPoint"",""coordinates"":[]}"
2004_11_08,32.85973716223036,32.97733034212005,20.399558978427752,0.11759317988968832,Hyderabad,2004-11-08,"{""type"":""MultiPoint"",""coordinates"":[]}"
2004_11_16,33.62103340466096,33.218164579030685,17.861623394040233,-0.4028688256302786,Hyderabad,2004-11-16,"{""type"":""MultiPoint"",""coordinates"":[]}"
2004_11_24,33.494335528671236,33.0142203392096,16.708182729447643,-0.48011518946163534,Hyderabad,2004-11-24,"{""type"":""MultiPoint"",""coordinates"":[]}"
2004_12_02,31.925295410827122,31.29475976331362,15.550914444831239,-0.6305356475135007,Hyderabad,2004-12-02,"{""type"":""MultiPoint"",""coordinates"":[]}"
2004_12_10,32.278944599407986,31.492759445800576,16.708979200330063,-0.7861851536074091,Hyderabad,2004-12-10,"{""type"":""MultiPoint"",""coordinates"":[]}"
2004_12_18,33.09336398005723,32.429497863173644,16.775056252388758,-0.6638661168835824,Hyderabad,2004-12-18,"{""type"":""MultiPoint"",""coordinates"":[]}"
2004_12_26,31.49752662327516,30.872295254758985,17.347377433929953,-0.6252313685161752,Hyderabad,2004-12-26,"{""type"":""MultiPoint"",""coordinates"":[]}"
2005_01_01,32.509319127193095,31.96604559814367,18.76065000419362,-0.5432735290494257,Hyderabad,2005-01-01,"{""type"":""MultiPoint"",""coordinates"":[]}"
2005_01_09,33.49668345508054,32.71906398047243,17.2821518204009,-0.777619474608116,Hyderabad,2005-01-09,"{""type"":""MultiPoint"",""coordinates"":[]}"
2005_01_17,32.20901318818086,31.451913643923344,19.589502185918935,-0.7570995442575175,Hyderabad,2005-01-17,"{""type"":""MultiPoint"",""coordinates"":[]}"
2005_01_25,31.351958247996933,30.76219046934526,18.748624020700085,-0.5897677786516731,Hyderabad,2005-01-25,"{""type"":""MultiPoint"",""coordinates"":[]}"
2005_02_02,33.47738865492628,32.68472456191305,19.56178540309533,-0.7926640930132294,Hyderabad,2005-02-02,"{""type"":""MultiPoint"",""coordinates"":[]}"
2005_02_10,39.875647883144865,38.45245407666663,20.460156632910167,-1.4231938064782312,Hyderabad,2005-02-10,"{""type"":""MultiPoint"",""coordinates"":[]}"
2005_02_18,38.10476045951002,37.099807499498716,22.381089365684115,-1.0049529600113019,Hyderabad,2005-02-18,"{""type"":""MultiPoint"",""coordinates"":[]}"
2005_02_26,41.44702457385054,40.40765492496119,22.30402325340697,-1.0393696488893482,Hyderabad,2005-02-26,"{""type"":""MultiPoint"",""coordinates"":[]}"
2005_03_06,35.99749817665041,35.30857230465588,22.036242836499525,-0.6889258719945275,Hyderabad,2005-03-06,"{""type"":""MultiPoint"",""coordinates"":[]}"
2005_03_14,41.884774873634306,41.30806022666833,24.290916765544253,-0.576714646965975,Hyderabad,2005-03-14,"{""type"":""MultiPoint"",""coordinates"":[]}"
2005_03_22,44.2519463264773,43.529742139263945,23.228704025159843,-0.7222041872133573,Hyderabad,2005-03-22,"{""type"":""MultiPoint"",""coordinates"":[]}"
2005_03_30,39.55025744905104,37.951274529945785,24.40926084872283,-1.5989829191052536,Hyderabad,2005-03-30,"{""type"":""MultiPoint"",""coordinates"":[]}"
2005_04_07,41.231172910908796,40.61202613186523,25.555662221446592,-0.6191467790435681,Hyderabad,2005-04-07,"{""type"":""MultiPoint"",""coordinates"":[]}"
2005_04_15,41.96134975677206,41.352406136276166,25.346855824136846,-0.6089436204958929,Hyderabad,2005-04-15,"{""type"":""MultiPoint"",""coordinates"":[]}"
2005_04_23,42.606484572452985,40.310643538226344,25.108055401320314,-2.2958410342266404,Hyderabad,2005-04-23,"{""type"":""MultiPoint"",""coordinates"":[]}"
2005_05_01,42.860085630528935,41.85172656723397,25.92458741248537,-1.008359063294968,Hyderabad,2005-05-01,"{""type"":""MultiPoint"",""coordinates"":[]}"
2005_05_09,44.74528716849169,43.45889841129808,24.799378452748574,-1.2863887571936132,Hyderabad,2005-05-09,"{""type"":""MultiPoint"",""coordinates"":[]}"
2005_05_17,46.23740428326656,44.614790413206734,28.891327915781737,-1.6226138700598227,Hyderabad,2005-05-17,"{""type"":""MultiPoint"",""coordinates"":[]}"
2005_05_25,44.57136902855082,43.22422860755937,25.12579882322079,-1.347140420991451,Hyderabad,2005-05-25,"{""type"":""MultiPoint"",""coordinates"":[]}"
2005_06_02,41.104022901485784,40.55924117408364,27.461000589622678,-0.544781727402146,Hyderabad,2005-06-02,"{""type"":""MultiPoint"",""coordinates"":[]}"
2005_06_10,37.9747993474464,38.53597214394978,23.45006360196445,0.5611727965033779,Hyderabad,2005-06-10,"{""type"":""MultiPoint"",""coordinates"":[]}"
2005_06_18,42.5854377861368,42.07709749384933,26.1063246350647,-0.5083402922874711,Hyderabad,2005-06-18,"{""type"":""MultiPoint"",""coordinates"":[]}"
2005_06_26,,,,,Hyderabad,2005-06-26,"{""type"":""MultiPoint"",""coordinates"":[]}"
2005_07_04,,,,,Hyderabad,2005-07-04,"{""type"":""MultiPoint"",""coordinates"":[]}"
2005_07_12,35.496195711111866,33.8716204118174,23.315235811350956,-1.624575299294463,Hyderabad,2005-07-12,"{""type"":""MultiPoint"",""coordinates"":[]}"
2005_07_20,32.007790149037675,,,,Hyderabad,2005-07-20,"{""type"":""MultiPoint"",""coordinates"":[]}"
2005_07_28,,,,,Hyderabad,2005-07-28,"{""type"":""MultiPoint"",""coordinates"":[]}"
2005_08_05,,,,,Hyderabad,2005-08-05,"{""type"":""MultiPoint"",""coordinates"":[]}"
2005_08_13,27.259573973663862,27.519690230341567,,0.2601162566777049,Hyderabad,2005-08-13,"{""type"":""MultiPoint"",""coordinates"":[]}"
2005_08_21,35.37206598586022,,,,Hyderabad,2005-08-21,"{""type"":""MultiPoint"",""coordinates"":[]}"
2005_08_29,33.28363780575571,32.962871591451936,21.15229729729734,-0.3207662143037737,Hyderabad,2005-08-29,"{""type"":""MultiPoint"",""coordinates"":[]}"
2005_09_06,32.35687561643839,32.08453089244854,,-0.2723447239898462,Hyderabad,2005-09-06,"{""type"":""MultiPoint"",""coordinates"":[]}"
2005_09_14,29.65520935923389,29.997174375934424,21.404209820230786,0.34196501670053436,Hyderabad,2005-09-14,"{""type"":""MultiPoint"",""coordinates"":[]}"
2005_09_22,28.575024511723758,29.226006392361555,19.913049008763743,0.6509818806377972,Hyderabad,2005-09-22,"{""type"":""MultiPoint"",""coordinates"":[]}"
2005_09_30,32.09221996397662,32.28827469960205,21.274896405170914,0.19605473562543096,Hyderabad,2005-09-30,"{""type"":""MultiPoint"",""coordinates"":[]}"
2005_10_08,32.248082653669435,32.226978093011134,21.213836627741422,-0.021104560658301352,Hyderabad,2005-10-08,"{""type"":""MultiPoint"",""coordinates"":[]}"
2005_10_16,29.35766705200056,29.338750550487593,20.022229264260154,-0.018916501512968864,Hyderabad,2005-10-16,"{""type"":""MultiPoint"",""coordinates"":[]}"
2005_10_24,30.148225547311032,29.39362815205123,20.834718693284966,-0.7545973952598004,Hyderabad,2005-10-24,"{""type"":""MultiPoint"",""coordinates"":[]}"
2005_11_01,28.441317227674876,28.734370517363597,18.24698625088594,0.29305328968872146,Hyderabad,2005-11-01,"{""type"":""MultiPoint"",""coordinates"":[]}"
2005_11_09,29.8341478020635,29.715421492272373,15.756349622694836,-0.11872630979112841,Hyderabad,2005-11-09,"{""type"":""MultiPoint"",""coordinates"":[]}"
2005_11_17,30.560131553169384,30.118314567719484,16.08324576818621,-0.44181698544990056,Hyderabad,2005-11-17,"{""type"":""MultiPoint"",""coordinates"":[]}"
2005_11_25,30.157884220052924,29.499501163283394,16.314324292181137,-0.6583830567695301,Hyderabad,2005-11-25,"{""type"":""MultiPoint"",""coordinates"":[]}"
2005_12_03,30.80633557917665,30.116227584237635,15.883982581382114,-0.6901079949390159,Hyderabad,2005-12-03,"{""type"":""MultiPoint"",""coordinates"":[]}"
2005_12_11,30.246037347833248,29.56076617538036,14.13653530936076,-0.6852711724528895,Hyderabad,2005-12-11,"{""type"":""MultiPoint"",""coordinates"":[]}"
2005_12_19,28.651506858865996,28.094726323914376,17.44791982683404,-0.5567805349516206,Hyderabad,2005-12-19,"{""type"":""MultiPoint"",""coordinates"":[]}"
2005_12_27,30.5619715918377,29.687295661094407,15.475253211194795,-0.8746759307432939,Hyderabad,2005-12-27,"{""type"":""MultiPoint"",""coordinates"":[]}"
2006_01_01,30.09429720030505,29.11656615794937,16.34945117795232,-0.9777310423556784,Hyderabad,2006-01-01,"{""type"":""MultiPoint"",""coordinates"":[]}"
2006_01_09,31.301405791744948,30.311418632467788,18.58376747280438,-0.9899871592771596,Hyderabad,2006-01-09,"{""type"":""MultiPoint"",""coordinates"":[]}"
2006_01_17,34.53986446146804,33.58856644950271,19.03409541810775,-0.9512980119653349,Hyderabad,2006-01-17,"{""type"":""MultiPoint"",""coordinates"":[]}"
2006_01_25,32.346009219418995,31.35039580844081,16.147133616249857,-0.9956134109781871,Hyderabad,2006-01-25,"{""type"":""MultiPoint"",""coordinates"":[]}"
2006_02_02,35.208545331923425,34.01776636848244,18.589401317599005,-1.1907789634409838,Hyderabad,2006-02-02,"{""type"":""MultiPoint"",""coordinates"":[]}"
2006_02_10,36.68065094127546,35.444151007532724,19.18332254643353,-1.236499933742735,Hyderabad,2006-02-10,"{""type"":""MultiPoint"",""coordinates"":[]}"
2006_02_18,40.623112077938316,39.32550278298111,21.51319831342614,-1.297609294957205,Hyderabad,2006-02-18,"{""type"":""MultiPoint"",""coordinates"":[]}"
2006_02_26,36.65224280777715,35.813540365557074,22.05119126058575,-0.8387024422200753,Hyderabad,2006-02-26,"{""type"":""MultiPoint"",""coordinates"":[]}"
2006_03_06,34.33944156035786,33.26487872683034,21.223492046299754,-1.0745628335275228,Hyderabad,2006-03-06,"{""type"":""MultiPoint"",""coordinates"":[]}"
2006_03_14,37.80079029652514,36.12578738902493,22.392952056048802,-1.6750029075002146,Hyderabad,2006-03-14,"{""type"":""MultiPoint"",""coordinates"":[]}"
2006_03_22,40.631974995628475,38.89196533800126,23.0790487325788,-1.740009657627212,Hyderabad,2006-03-22,"{""type"":""MultiPoint"",""coordinates"":[]}"
2006_03_30,40.615336231464774,38.92509271261139,25.070003138175256,-1.6902435188533858,Hyderabad,2006-03-30,"{""type"":""MultiPoint"",""coordinates"":[]}"
2006_04_07,43.68913407742757,41.79896189471848,26.839813873197368,-1.8901721827090867,Hyderabad,2006-04-07,"{""type"":""MultiPoint"",""coordinates"":[]}"
2006_04_15,37.390224887774686,36.21317607490237,23.575170439051053,-1.1770488128723144,Hyderabad,2006-04-15,"{""type"":""MultiPoint"",""coordinates"":[]}"
2006_04_23,39.92555958103946,38.861056517877046,25.612394653564333,-1.0645030631624124,Hyderabad,2006-04-23,"{""type"":""MultiPoint"",""coordinates"":[]}"
2006_05_01,40.35201184455649,39.127429139028294,26.226938213407852,-1.2245827055281993,Hyderabad,2006-05-01,"{""type"":""MultiPoint"",""coordinates"":[]}"
2006_05_09,42.440966713851495,41.269657126176035,25.54369093587036,-1.1713095876754593,Hyderabad,2006-05-09,"{""type"":""MultiPoint"",""coordinates"":[]}"
2006_05_17,40.39260899278624,39.15355719008028,26.04776362673693,-1.2390518027059656,Hyderabad,2006-05-17,"{""type"":""MultiPoint"",""coordinates"":[]}"
2006_05_25,,,,,Hyderabad,2006-05-25,"{""type"":""MultiPoint"",""coordinates"":[]}"
2006_06_02,36.09712476523039,35.50704748777921,22.692363153956073,-0.5900772774511793,Hyderabad,2006-06-02,"{""type"":""MultiPoint"",""coordinates"":[]}"
2006_06_10,36.66339308080925,35.13730511236043,26.22206270457517,-1.5260879684488202,Hyderabad,2006-06-10,"{""type"":""MultiPoint"",""coordinates"":[]}"
2006_06_18,37.2210717001795,37.00072648306465,23.70192682926833,-0.220345217114847,Hyderabad,2006-06-18,"{""type"":""MultiPoint"",""coordinates"":[]}"
2006_06_26,,,,,Hyderabad,2006-06-26,"{""type"":""MultiPoint"",""coordinates"":[]}"
2006_07_04,35.02826860874019,34.7412770015341,23.3295065612617,-0.2869916072060903,Hyderabad,2006-07-04,"{""type"":""MultiPoint"",""coordinates"":[]}"
2006_07_12,,,,,Hyderabad,2006-07-12,"{""type"":""MultiPoint"",""coordinates"":[]}"
2006_07_20,,,,,Hyderabad,2006-07-20,"{""type"":""MultiPoint"",""coordinates"":[]}"
2006_07_28,,,,,Hyderabad,2006-07-28,"{""type"":""MultiPoint"",""coordinates"":[]}"
2006_08_05,,,,,Hyderabad,2006-08-05,"{""type"":""MultiPoint"",""coordinates"":[]}"
2006_08_13,30.231789144666013,29.558083565395805,21.93743018148672,-0.6737055792702087,Hyderabad,2006-08-13,"{""type"":""MultiPoint"",""coordinates"":[]}"
2006_08_21,31.272551875498845,,,,Hyderabad,2006-08-21,"{""type"":""MultiPoint"",""coordinates"":[]}"
2006_08_29,34.3899242014306,33.59789920432032,,-0.792024997110282,Hyderabad,2006-08-29,"{""type"":""MultiPoint"",""coordinates"":[]}"
2006_09_06,34.92295240135003,33.82631923646541,22.426341615928948,-1.0966331648846221,Hyderabad,2006-09-06,"{""type"":""MultiPoint"",""coordinates"":[]}"
2006_09_14,34.47374642431214,34.846156240273906,,0.3724098159617668,Hyderabad,2006-09-14,"{""type"":""MultiPoint"",""coordinates"":[]}"
2006_09_22,29.183077421787935,29.388767092864644,20.730918810876002,0.20568967107670844,Hyderabad,2006-09-22,"{""type"":""MultiPoint"",""coordinates"":[]}"
2006_09_30,32.01957567185293,31.948729364682364,21.643666833416734,-0.07084630717056228,Hyderabad,2006-09-30,"{""type"":""MultiPoint"",""coordinates"":[]}"
2006_10_08,32.60499802263449,32.397987307786224,21.852705533665752,-0.20701071484826628,Hyderabad,2006-10-08,"{""type"":""MultiPoint"",""coordinates"":[]}"
2006_10_16,33.22140799891732,33.223728933420205,21.457455486238047,0.0023209345028831763,Hyderabad,2006-10-16,"{""type"":""MultiPoint"",""coordinates"":[]}"
2006_10_24,31.44534102392446,30.714734477713446,20.472843983761663,-0.7306065462110141,Hyderabad,2006-10-24,"{""type"":""MultiPoint"",""coordinates"":[]}"
2006_11_01,29.708042625818145,28.68825923479501,17.173650139767574,-1.019783391023136,Hyderabad,2006-11-01,"{""type"":""MultiPoint"",""coordinates"":[]}"
2006_11_09,30.067000808348084,29.73220781835644,19.548374066846367,-0.3347929899916444,Hyderabad,2006-11-09,"{""type"":""MultiPoint"",""coordinates"":[]}"
2006_11_17,31.321360425736735,30.84194627608597,19.334742322600977,-0.4794141496507649,Hyderabad,2006-11-17,"{""type"":""MultiPoint"",""coordinates"":[]}"
2006_11_25,32.6630290709943,31.941873094422018,19.454394237464594,-0.7211559765722804,Hyderabad,2006-11-25,"{""type"":""MultiPoint"",""coordinates"":[]}"
2006_12_03,31.66970929626779,30.835858420258088,17.372581852709548,-0.8338508760097021,Hyderabad,2006-12-03,"{""type"":""MultiPoint"",""coordinates"":[]}"
2006_12_11,31.459417123878406,30.462360474352405,16.96021000264773,-0.9970566495260016,Hyderabad,2006-12-11,"{""type"":""MultiPoint"",""coordinates"":[]}"
2006_12_19,30.019394746008928,28.732529915074675,16.485863354631093,-1.2868648309342525,Hyderabad,2006-12-19,"{""type"":""MultiPoint"",""coordinates"":[]}"
2006_12_27,31.188765729266965,30.166770609573963,17.53692054911449,-1.0219951196930026,Hyderabad,2006-12-27,"{""type"":""MultiPoint"",""coordinates"":[]}"
2007_01_01,31.67046558841448,30.341649205927833,16.490733419105407,-1.3288163824866466,Hyderabad,2007-01-01,"{""type"":""MultiPoint"",""coordinates"":[]}"
2007_01_09,31.553698089718253,30.577309223284427,17.44417943047669,-0.976388866433826,Hyderabad,2007-01-09,"{""type"":""MultiPoint"",""coordinates"":[]}"
2007_01_17,33.98768066055157,32.79829436581668,18.782926962750537,-1.1893862947348879,Hyderabad,2007-01-17,"{""type"":""MultiPoint"",""coordinates"":[]}"
2007_01_25,34.082486999044136,33.188276740237754,18.74806958212393,-0.8942102588063818,Hyderabad,2007-01-25,"{""type"":""MultiPoint"",""coordinates"":[]}"
2007_02_02,35.46136597935453,34.59797218046131,20.10529356791684,-0.8633937988932203,Hyderabad,2007-02-02,"{""type"":""MultiPoint"",""coordinates"":[]}"
2007_02_10,32.992410367116655,32.05370565204001,19.172635063539474,-0.9387047150766463,Hyderabad,2007-02-10,"{""type"":""MultiPoint"",""coordinates"":[]}"
2007_02_18,36.59931097703817,35.64125506018703,19.328703521555607,-0.9580559168511442,Hyderabad,2007-02-18,"{""type"":""MultiPoint"",""coordinates"":[]}"
2007_02_26,38.35423448103577,37.15113356041211,21.981909930113325,-1.2031009206236547,Hyderabad,2007-02-26,"{""type"":""MultiPoint"",""coordinates"":[]}"
2007_03_06,38.65377703813093,37.62688066590293,23.357755888565936,-1.026896372228002,Hyderabad,2007-03-06,"{""type"":""MultiPoint"",""coordinates"":[]}"
2007_03_14,41.013121512499616,39.729954678976156,23.435539935655346,-1.2831668335234596,Hyderabad,2007-03-14,"{""type"":""MultiPoint"",""coordinates"":[]}"
2007_03_22,41.79708685014523,40.71473150296021,24.737385243915107,-1.0823553471850147,Hyderabad,2007-03-22,"{""type"":""MultiPoint"",""coordinates"":[]}"
2007_03_30,42.38631060909554,41.14535480810154,24.90293704781242,-1.2409558009940014,Hyderabad,2007-03-30,"{""type"":""MultiPoint"",""coordinates"":[]}"
2007_04_07,41.05916226072624,39.65922900903725,24.944705421658043,-1.3999332516889922,Hyderabad,2007-04-07,"{""type"":""MultiPoint"",""coordinates"":[]}"
2007_04_15,38.1319810631569,36.32405034129698,24.006819752559764,-1.8079307218599183,Hyderabad,2007-04-15,"{""type"":""MultiPoint"",""coordinates"":[]}"
2007_04_23,45.52183974861554,43.87613084883288,26.36080207652908,-1.6457088997826617,Hyderabad,2007-04-23,"{""type"":""MultiPoint"",""coordinates"":[]}"
2007_05_01,39.857352223034674,38.06923839036703,25.205573243614197,-1.7881138326676407,Hyderabad,2007-05-01,"{""type"":""MultiPoint"",""coordinates"":[]}"
2007_05_09,44.0908137221112,42.68425368920744,25.883734934720067,-1.4065600329037622,Hyderabad,2007-05-09,"{""type"":""MultiPoint"",""coordinates"":[]}"
2007_05_17,44.17956219519395,42.3157532624012,26.404563821893685,-1.8638089327927503,Hyderabad,2007-05-17,"{""type"":""MultiPoint"",""coordinates"":[]}"
2007_05_25,43.169129480832154,41.755013707593946,27.48573203064184,-1.4141157732382084,Hyderabad,2007-05-25,"{""type"":""MultiPoint"",""coordinates"":[]}"
2007_06_02,40.82180397752039,39.90493355252042,25.54714160301997,-0.9168704249999706,Hyderabad,2007-06-02,"{""type"":""MultiPoint"",""coordinates"":[]}"
2007_06_10,39.93774502952522,40.383592975310115,24.706390154052286,0.44584794578489806,Hyderabad,2007-06-10,"{""type"":""MultiPoint"",""coordinates"":[]}"
2007_06_18,,,,,Hyderabad,2007-06-18,"{""type"":""MultiPoint"",""coordinates"":[]}"
2007_06_26,31.942760890637924,31.27000000000004,21.930000000000025,-0.6727608906378855,Hyderabad,2007-06-26,"{""type"":""MultiPoint"",""coordinates"":[]}"
2007_07_04,28.110960264900687,28.666774193548424,22.894995560816845,0.555813928647737,Hyderabad,2007-07-04,"{""type"":""MultiPoint"",""coordinates"":[]}"
2007_07_12,,,,,Hyderabad,2007-07-12,"{""type"":""MultiPoint"",""coordinates"":[]}"
2007_07_20,,,,,Hyderabad,2007-07-20,"{""type"":""MultiPoint"",""coordinates"":[]}"
2007_07_28,30.04284768211922,28.55000000000001,,-1.4928476821192085,Hyderabad,2007-07-28,"{""type"":""MultiPoint"",""coordinates"":[]}"
2007_08_05,28.760237919444652,29.436170634920654,,0.6759327154760015,Hyderabad,2007-08-05,"{""type"":""MultiPoint"",""coordinates"":[]}"
2007_08_13,23.250000000000057,25.571734213006653,,2.3217342130065965,Hyderabad,2007-08-13,"{""type"":""MultiPoint"",""coordinates"":[]}"
2007_08_21,36.145669938698425,33.93200580898687,,-2.213664129711553,Hyderabad,2007-08-21,"{""type"":""MultiPoint"",""coordinates"":[]}"
2007_08_29,,,,,Hyderabad,2007-08-29,"{""type"":""MultiPoint"",""coordinates"":[]}"
2007_09_06,32.39422309492647,32.983831249199824,22.215379027997916,0.5896081542733569,Hyderabad,2007-09-06,"{""type"":""MultiPoint"",""coordinates"":[]}"
2007_09_14,28.54287037037041,31.7225880923451,,3.17971772197469,Hyderabad,2007-09-14,"{""type"":""MultiPoint"",""coordinates"":[]}"
2007_09_22,27.16425017460561,27.272208662003326,,0.10795848739771685,Hyderabad,2007-09-22,"{""type"":""MultiPoint"",""coordinates"":[]}"
2007_09_30,29.69893412006027,30.597411271402205,,0.8984771513419361,Hyderabad,2007-09-30,"{""type"":""MultiPoint"",""coordinates"":[]}"
2007_10_08,31.70034541385245,31.911263305570106,19.807239524098197,0.2109178917176564,Hyderabad,2007-10-08,"{""type"":""MultiPoint"",""coordinates"":[]}"
2007_10_16,32.75858741355075,32.32979037131542,19.626929295642267,-0.4287970422353311,Hyderabad,2007-10-16,"{""type"":""MultiPoint"",""coordinates"":[]}"
2007_10_24,30.83265937840167,31.48303464433865,18.44201324252744,0.650375265936983,Hyderabad,2007-10-24,"{""type"":""MultiPoint"",""coordinates"":[]}"
2007_11_01,32.00774679510539,31.679451733074202,21.008058255048102,-0.32829506203118797,Hyderabad,2007-11-01,"{""type"":""MultiPoint"",""coordinates"":[]}"
2007_11_09,32.41239342068432,31.866711144964214,17.286430561829036,-0.5456822757201039,Hyderabad,2007-11-09,"{""type"":""MultiPoint"",""coordinates"":[]}"
2007_11_17,32.145232518923834,31.486454398273093,15.72852738801943,-0.6587781206507408,Hyderabad,2007-11-17,"{""type"":""MultiPoint"",""coordinates"":[]}"
2007_11_25,32.465000556684565,31.31629550583184,16.766659824365878,-1.1487050508527261,Hyderabad,2007-11-25,"{""type"":""MultiPoint"",""coordinates"":[]}"
2007_12_03,30.500315695224817,29.2688196676779,16.89624469899342,-1.2314960275469176,Hyderabad,2007-12-03,"{""type"":""MultiPoint"",""coordinates"":[]}"
2007_12_11,31.75350311940135,30.95434718526103,17.34159959058345,-0.7991559341403196,Hyderabad,2007-12-11,"{""type"":""MultiPoint"",""coordinates"":[]}"
2007_12_19,33.67283618453968,32.59557253023106,17.330812327462162,-1.0772636543086236,Hyderabad,2007-12-19,"{""type"":""MultiPoint"",""coordinates"":[]}"
2007_12_27,33.82089462537201,32.89894990366094,19.681643804100897,-0.9219447217110712,Hyderabad,2007-12-27,"{""type"":""MultiPoint"",""coordinates"":[]}"
2008_01_01,31.692749783910426,30.735362560304075,16.529088798335266,-0.9573872236063501,Hyderabad,2008-01-01,"{""type"":""MultiPoint"",""coordinates"":[]}"
2008_01_09,34.40971669264435,33.0069046862858,17.58845997905195,-1.4028120063585519,Hyderabad,2008-01-09,"{""type"":""MultiPoint"",""coordinates"":[]}"
2008_01_17,33.912246205466786,33.07891193949217,18.69172771474879,-0.8333342659746137,Hyderabad,2008-01-17,"{""type"":""MultiPoint"",""coordinates"":[]}"
2008_01_25,33.07076198665789,31.906208880447082,17.1417064442426,-1.1645531062108105,Hyderabad,2008-01-25,"{""type"":""MultiPoint"",""coordinates"":[]}"
2008_02_02,30.943898532289843,29.90874816541486,19.557315030648383,-1.0351503668749835,Hyderabad,2008-02-02,"{""type"":""MultiPoint"",""coordinates"":[]}"
2008_02_10,33.0164854569122,32.11031354480963,20.240056946369865,-0.9061719121025718,Hyderabad,2008-02-10,"{""type"":""MultiPoint"",""coordinates"":[]}"
2008_02_18,34.752088167198124,33.23915107256965,21.673349100313985,-1.5129370946284766,Hyderabad,2008-02-18,"{""type"":""MultiPoint"",""coordinates"":[]}"
2008_02_26,39.03090576215319,36.988418692627214,20.306170207137445,-2.0424870695259756,Hyderabad,2008-02-26,"{""type"":""MultiPoint"",""coordinates"":[]}"
2008_03_05,39.13273808916863,37.28875347680195,20.812872470562514,-1.8439846123666825,Hyderabad,2008-03-05,"{""type"":""MultiPoint"",""coordinates"":[]}"
2008_03_13,41.29598945535309,39.70264886279228,24.673438576633316,-1.593340592560807,Hyderabad,2008-03-13,"{""type"":""MultiPoint"",""coordinates"":[]}"
2008_03_21,32.24612258471905,32.343509967038166,22.40253555171877,0.0973873823191127,Hyderabad,2008-03-21,"{""type"":""MultiPoint"",""coordinates"":[]}"
2008_03_29,36.32908446899392,35.70485924231397,23.44310249211467,-0.6242252266799468,Hyderabad,2008-03-29,"{""type"":""MultiPoint"",""coordinates"":[]}"
2008_04_06,35.95403728298441,34.457259265642676,23.308965465239037,-1.4967780173417324,Hyderabad,2008-04-06,"{""type"":""MultiPoint"",""coordinates"":[]}"
2008_04_14,40.035190377505906,38.90687425763961,25.2496390778534,-1.128316119866298,Hyderabad,2008-04-14,"{""type"":""MultiPoint"",""coordinates"":[]}"
2008_04_22,37.84962055823163,36.83481629622369,24.28738548722657,-1.0148042620079352,Hyderabad,2008-04-22,"{""type"":""MultiPoint"",""coordinates"":[]}"
2008_04_30,41.43199880334858,39.98763764170496,24.335677271680744,-1.44436116164362,Hyderabad,2008-04-30,"{""type"":""MultiPoint"",""coordinates"":[]}"
2008_05_08,41.68373348017616,40.20583303564812,23.91165481542393,-1.4779004445280393,Hyderabad,2008-05-08,"{""type"":""MultiPoint"",""coordinates"":[]}"
2008_05_16,42.684240061240274,41.252763128362474,25.55043256772476,-1.4314769328777999,Hyderabad,2008-05-16,"{""type"":""MultiPoint"",""coordinates"":[]}"
2008_05_24,41.87455260664332,40.48195871101302,26.92275182216561,-1.3925938956302986,Hyderabad,2008-05-24,"{""type"":""MultiPoint"",""coordinates"":[]}"
2008_06_01,41.70282053455908,40.15276379267407,26.848809340659372,-1.5500567418850082,Hyderabad,2008-06-01,"{""type"":""MultiPoint"",""coordinates"":[]}"
2008_06_09,,,,,Hyderabad,2008-06-09,"{""type"":""MultiPoint"",""coordinates"":[]}"
2008_06_17,33.721662228984435,28.978814623338277,23.564493287707315,-4.742847605646158,Hyderabad,2008-06-17,"{""type"":""MultiPoint"",""coordinates"":[]}"
2008_06_25,,,,,Hyderabad,2008-06-25,"{""type"":""MultiPoint"",""coordinates"":[]}"
2008_07_03,,,,,Hyderabad,2008-07-03,"{""type"":""MultiPoint"",""coordinates"":[]}"
2008_07_11,36.11775406066799,36.258876193994446,24.653221843003443,0.14112213332645496,Hyderabad,2008-07-11,"{""type"":""MultiPoint"",""coordinates"":[]}"
2008_07_19,,,,,Hyderabad,2008-07-19,"{""type"":""MultiPoint"",""coordinates"":[]}"
2008_07_27,,,,,Hyderabad,2008-07-27,"{""type"":""MultiPoint"",""coordinates"":[]}"
2008_08_04,,,,,Hyderabad,2008-08-04,"{""type"":""MultiPoint"",""coordinates"":[]}"
2008_08_12,28.682040878275863,28.904843092850243,,0.22280221457437932,Hyderabad,2008-08-12,"{""type"":""MultiPoint"",""coordinates"":[]}"
2008_08_20,31.452001404899864,29.62609402995776,22.268186229906014,-1.8259073749421049,Hyderabad,2008-08-20,"{""type"":""MultiPoint"",""coordinates"":[]}"
2008_08_28,34.071481481481506,,,,Hyderabad,2008-08-28,"{""type"":""MultiPoint"",""coordinates"":[]}"
2008_09_05,33.768174889291465,33.70132265026358,,-0.06685223902788806,Hyderabad,2008-09-05,"{""type"":""MultiPoint"",""coordinates"":[]}"
2008_09_13,28.213373741141385,28.761460294472634,22.200794110547942,0.5480865533312489,Hyderabad,2008-09-13,"{""type"":""MultiPoint"",""coordinates"":[]}"
2008_09_21,29.429979792147783,29.853103783961473,20.97357763252719,0.4231239918136893,Hyderabad,2008-09-21,"{""type"":""MultiPoint"",""coordinates"":[]}"
2008_09_29,32.269083488471914,32.14110011829233,22.12984747463887,-0.12798337017958517,Hyderabad,2008-09-29,"{""type"":""MultiPoint"",""coordinates"":[]}"
2008_10_07,31.898782547240053,31.785764003511886,21.639170008779665,-0.11301854372816678,Hyderabad,2008-10-07,"{""type"":""MultiPoint"",""coordinates"":[]}"
2008_10_15,31.244622708354093,31.294076225722268,21.7321195168833,0.049453517368174715,Hyderabad,2008-10-15,"{""type"":""MultiPoint"",""coordinates"":[]}"
2008_10_23,33.57812731444336,33.19414023302776,18.21093669111677,-0.38398708141559723,Hyderabad,2008-10-23,"{""type"":""MultiPoint"",""coordinates"":[]}"
2008_10_31,33.812957301116704,32.89815455221687,18.447988940506118,-0.9148027488998309,Hyderabad,2008-10-31,"{""type"":""MultiPoint"",""coordinates"":[]}"
2008_11_08,32.67308163373005,31.698739511732672,19.52633025203447,-0.9743421219973776,Hyderabad,2008-11-08,"{""type"":""MultiPoint"",""coordinates"":[]}"
2008_11_16,31.330656461039297,30.005615340879743,20.060369566341063,-1.325041120159554,Hyderabad,2008-11-16,"{""type"":""MultiPoint"",""coordinates"":[]}"
2008_11_24,33.10658860420977,31.83062422921299,18.043769573825614,-1.2759643749967786,Hyderabad,2008-11-24,"{""type"":""MultiPoint"",""coordinates"":[]}"
2008_12_02,31.71802193283361,30.487851553659773,17.64138413216569,-1.2301703791738383,Hyderabad,2008-12-02,"{""type"":""MultiPoint"",""coordinates"":[]}"
2008_12_10,32.09311853167108,31.050831705916206,19.06233084434239,-1.042286825754875,Hyderabad,2008-12-10,"{""type"":""MultiPoint"",""coordinates"":[]}"
2008_12_18,31.501385922130325,30.249074668618636,18.143497169941245,-1.2523112535116887,Hyderabad,2008-12-18,"{""type"":""MultiPoint"",""coordinates"":[]}"
2008_12_26,33.65130575433574,32.01200181640354,16.58379265055193,-1.6393039379321976,Hyderabad,2008-12-26,"{""type"":""MultiPoint"",""coordinates"":[]}"
2009_01_01,31.044845742471317,29.901100343750667,17.521856458480016,-1.1437453987206503,Hyderabad,2009-01-01,"{""type"":""MultiPoint"",""coordinates"":[]}"
2009_01_09,31.51847679250204,30.500417133452324,18.259647594152426,-1.0180596590497153,Hyderabad,2009-01-09,"{""type"":""MultiPoint"",""coordinates"":[]}"
2009_01_17,33.97515574675498,32.536226460071596,17.455929047185066,-1.4389292866833827,Hyderabad,2009-01-17,"{""type"":""MultiPoint"",""coordinates"":[]}"
2009_01_25,37.20008246813259,35.42387358184766,19.225066315505163,-1.776208886284934,Hyderabad,2009-01-25,"{""type"":""MultiPoint"",""coordinates"":[]}"
2009_02_02,35.90196043766234,34.58333642515335,21.41755739190931,-1.318624012508991,Hyderabad,2009-02-02,"{""type"":""MultiPoint"",""coordinates"":[]}"
2009_02_10,35.90166358791521,34.644449828386875,21.084192879736236,-1.2572137595283337,Hyderabad,2009-02-10,"{""type"":""MultiPoint"",""coordinates"":[]}"
2009_02_18,37.78579016611839,36.63757631080316,21.572461308659427,-1.1482138553152268,Hyderabad,2009-02-18,"{""type"":""MultiPoint"",""coordinates"":[]}"
2009_02_26,42.097785253341016,40.25985083043193,22.575387021264095,-1.8379344229090862,Hyderabad,2009-02-26,"{""type"":""MultiPoint"",""coordinates"":[]}"
2009_03_06,39.11415535657619,37.202972908861334,22.348840027628352,-1.9111824477148573,Hyderabad,2009-03-06,"{""type"":""MultiPoint"",""coordinates"":[]}"
2009_03_14,40.84880858605321,39.21447929787493,22.14125079571467,-1.6343292881782787,Hyderabad,2009-03-14,"{""type"":""MultiPoint"",""coordinates"":[]}"
2009_03_22,40.180185480975794,38.955663205766854,23.52266916064847,-1.2245222752089404,Hyderabad,2009-03-22,"{""type"":""MultiPoint"",""coordinates"":[]}"
2009_03_30,44.07177684903873,42.71284310527599,24.839205469026094,-1.3589337437627407,Hyderabad,2009-03-30,"{""type"":""MultiPoint"",""coordinates"":[]}"
2009_04_07,40.22495085933282,39.3556117547721,24.291179214595196,-0.8693391045607228,Hyderabad,2009-04-07,"{""type"":""MultiPoint"",""coordinates"":[]}"
2009_04_15,42.520375175924876,41.83857018700554,25.14195082114607,-0.6818049889193389,Hyderabad,2009-04-15,"{""type"":""MultiPoint"",""coordinates"":[]}"
2009_04_23,42.575704087983354,40.94775120083532,26.36043188304911,-1.6279528871480338,Hyderabad,2009-04-23,"{""type"":""MultiPoint"",""coordinates"":[]}"
2009_05_01,42.90797927498952,41.274819704108744,25.69846628295127,-1.6331595708807782,Hyderabad,2009-05-01,"{""type"":""MultiPoint"",""coordinates"":[]}"
2009_05_09,44.37603220555941,42.229591658828696,25.951023299916674,-2.146440546730716,Hyderabad,2009-05-09,"{""type"":""MultiPoint"",""coordinates"":[]}"
2009_05_17,44.48741020575407,42.64877483592896,24.857375146639875,-1.8386353698251057,Hyderabad,2009-05-17,"{""type"":""MultiPoint"",""coordinates"":[]}"
2009_05_25,41.28497989027626,39.382179388974464,26.347325967789946,-1.9028005013017975,Hyderabad,2009-05-25,"{""type"":""MultiPoint"",""coordinates"":[]}"
2009_06_02,39.31677557990391,37.53547084036894,23.989419597902735,-1.7813047395349741,Hyderabad,2009-06-02,"{""type"":""MultiPoint"",""coordinates"":[]}"
2009_06_10,34.81407118323056,34.16755521647914,,-0.6465159667514229,Hyderabad,2009-06-10,"{""type"":""MultiPoint"",""coordinates"":[]}"
2009_06_18,37.506328079942065,37.06173332522285,26.511796346335956,-0.44459475471921195,Hyderabad,2009-06-18,"{""type"":""MultiPoint"",""coordinates"":[]}"
2009_06_26,41.15617881124102,39.32766624843164,,-1.8285125628093795,Hyderabad,2009-06-26,"{""type"":""MultiPoint"",""coordinates"":[]}"
2009_07_04,,,,,Hyderabad,2009-07-04,"{""type"":""MultiPoint"",""coordinates"":[]}"
2009_07_12,32.97800000000003,,,,Hyderabad,2009-07-12,"{""type"":""MultiPoint"",""coordinates"":[]}"
2009_07_20,32.22571234927339,32.36116171499735,23.873622131293388,0.13544936572396438,Hyderabad,2009-07-20,"{""type"":""MultiPoint"",""coordinates"":[]}"
2009_07_28,35.33243265306125,34.07000000000005,26.77000000000004,-1.2624326530611967,Hyderabad,2009-07-28,"{""type"":""MultiPoint"",""coordinates"":[]}"
2009_08_05,36.03260773130548,33.00500000000004,21.735000000000028,-3.0276077313054444,Hyderabad,2009-08-05,"{""type"":""MultiPoint"",""coordinates"":[]}"
2009_08_13,32.37400000000004,,,,Hyderabad,2009-08-13,"{""type"":""MultiPoint"",""coordinates"":[]}"
2009_08_21,33.78111111111113,,,,Hyderabad,2009-08-21,"{""type"":""MultiPoint"",""coordinates"":[]}"
2009_08_29,32.46289876587911,32.07177951928137,,-0.39111924659773933,Hyderabad,2009-08-29,"{""type"":""MultiPoint"",""coordinates"":[]}"
2009_09_06,32.8549912322062,31.721921673558786,20.174205254263374,-1.133069558647417,Hyderabad,2009-09-06,"{""type"":""MultiPoint"",""coordinates"":[]}"
2009_09_14,33.53143299496126,33.715641056538324,22.944505470670514,0.18420806157706693,Hyderabad,2009-09-14,"{""type"":""MultiPoint"",""coordinates"":[]}"
2009_09_22,33.955959754452,34.307071379254694,21.2824063598116,0.35111162480269087,Hyderabad,2009-09-22,"{""type"":""MultiPoint"",""coordinates"":[]}"
2009_09_30,28.393455402699747,26.162000000000024,,-2.231455402699723,Hyderabad,2009-09-30,"{""type"":""MultiPoint"",""coordinates"":[]}"
2009_10_08,31.94950433189573,31.594074900311757,22.194324101639364,-0.3554294315839748,Hyderabad,2009-10-08,"{""type"":""MultiPoint"",""coordinates"":[]}"
2009_10_16,33.223390872509746,32.59871544649606,21.07975529100531,-0.6246754260136882,Hyderabad,2009-10-16,"{""type"":""MultiPoint"",""coordinates"":[]}"
2009_10_24,33.6276069529998,32.915258373205745,18.856290318041133,-0.7123485797940532,Hyderabad,2009-10-24,"{""type"":""MultiPoint"",""coordinates"":[]}"
2009_11_01,32.74653351101758,32.013688194840924,19.658503221071545,-0.7328453161766575,Hyderabad,2009-11-01,"{""type"":""MultiPoint"",""coordinates"":[]}"
2009_11_09,33.11887016209594,32.275506242273586,20.82610548267347,-0.8433639198223517,Hyderabad,2009-11-09,"{""type"":""MultiPoint"",""coordinates"":[]}"
2009_11_17,28.837720287362675,27.150732412756533,19.942889037341853,-1.6869878746061424,Hyderabad,2009-11-17,"{""type"":""MultiPoint"",""coordinates"":[]}"
2009_11_25,31.029026003140604,29.79615440144925,17.326722374317313,-1.232871601691354,Hyderabad,2009-11-25,"{""type"":""MultiPoint"",""coordinates"":[]}"
2009_12_03,30.4835959243548,29.44449200604952,18.105946175866947,-1.0391039183052797,Hyderabad,2009-12-03,"{""type"":""MultiPoint"",""coordinates"":[]}"
2009_12_11,30.871385574554804,29.89027299261344,18.729393778215147,-0.981112581941364,Hyderabad,2009-12-11,"{""type"":""MultiPoint"",""coordinates"":[]}"
2009_12_19,30.628870622974265,29.561287549971507,16.92455382638497,-1.0675830730027585,Hyderabad,2009-12-19,"{""type"":""MultiPoint"",""coordinates"":[]}"
2009_12_27,30.431420379788324,29.132945967527316,18.537872371573094,-1.2984744122610081,Hyderabad,2009-12-27,"{""type"":""MultiPoint"",""coordinates"":[]}"
2010_01_01,30.571191868937095,29.240752287822392,17.235714850729,-1.3304395811147032,Hyderabad,2010-01-01,"{""type"":""MultiPoint"",""coordinates"":[]}"
2010_01_09,30.368821530503762,28.84922612008936,19.634010423509846,-1.5195954104144036,Hyderabad,2010-01-09,"{""type"":""MultiPoint"",""coordinates"":[]}"
2010_01_17,31.251607391155922,29.966666851810743,16.633742085092237,-1.284940539345179,Hyderabad,2010-01-17,"{""type"":""MultiPoint"",""coordinates"":[]}"
2010_01_25,31.01714428046505,30.071379945729266,17.398892775654488,-0.9457643347357845,Hyderabad,2010-01-25,"{""type"":""MultiPoint"",""coordinates"":[]}"
2010_02_02,32.94334870157443,32.00543850999734,19.404435771021664,-0.9379101915770889,Hyderabad,2010-02-02,"{""type"":""MultiPoint"",""coordinates"":[]}"
2010_02_10,35.33391492233009,34.155793695674944,20.677705100010506,-1.1781212266551435,Hyderabad,2010-02-10,"{""type"":""MultiPoint"",""coordinates"":[]}"
2010_02_18,35.99032833772927,35.05432602687999,24.04829863197107,-0.9360023108492754,Hyderabad,2010-02-18,"{""type"":""MultiPoint"",""coordinates"":[]}"
2010_02_26,39.591207172177334,38.630200820687186,23.120548307416357,-0.9610063514901483,Hyderabad,2010-02-26,"{""type"":""MultiPoint"",""coordinates"":[]}"
2010_03_06,40.45642983836413,39.27836695576524,24.67005002582856,-1.178062882598887,Hyderabad,2010-03-06,"{""type"":""MultiPoint"",""coordinates"":[]}"
2010_03_14,40.786771048750865,40.39947853415057,23.401236046131356,-0.387292514600297,Hyderabad,2010-03-14,"{""type"":""MultiPoint"",""coordinates"":[]}"
2010_03_22,40.98878125696487,39.748129590225844,25.358543757292914,-1.2406516667390264,Hyderabad,2010-03-22,"{""type"":""MultiPoint"",""coordinates"":[]}"
2010_03_30,44.04144933844567,42.2010184917751,24.76548459466543,-1.8404308466705714,Hyderabad,2010-03-30,"{""type"":""MultiPoint"",""coordinates"":[]}"
2010_04_07,42.95305636679845,41.190768122824885,25.735063569054,-1.7622882439735648,Hyderabad,2010-04-07,"{""type"":""MultiPoint"",""coordinates"":[]}"
2010_04_15,44.3554770701931,43.01176203864498,26.758458750241218,-1.3437150315481219,Hyderabad,2010-04-15,"{""type"":""MultiPoint"",""coordinates"":[]}"
2010_04_23,44.50692788727849,43.3576283217407,26.902936828963792,-1.1492995655377953,Hyderabad,2010-04-23,"{""type"":""MultiPoint"",""coordinates"":[]}"
2010_05_01,40.87869778352422,39.52029802973184,24.629749199800866,-1.3583997537923764,Hyderabad,2010-05-01,"{""type"":""MultiPoint"",""coordinates"":[]}"
2010_05_09,42.2519246650472,41.01412315680654,27.416619872676844,-1.2378015082406577,Hyderabad,2010-05-09,"{""type"":""MultiPoint"",""coordinates"":[]}"
2010_05_17,39.52153056222224,38.10746818167878,,-1.4140623805434558,Hyderabad,2010-05-17,"{""type"":""MultiPoint"",""coordinates"":[]}"
2010_05_25,41.612025292103525,40.270873222974295,27.771916061866328,-1.3411520691292296,Hyderabad,2010-05-25,"{""type"":""MultiPoint"",""coordinates"":[]}"
2010_06_02,42.69459947784198,40.92483557850856,27.395525641025678,-1.7697638993334266,Hyderabad,2010-06-02,"{""type"":""MultiPoint"",""coordinates"":[]}"
2010_06_10,34.67131148761872,34.74603696098565,,0.07472547336692514,Hyderabad,2010-06-10,"{""type"":""MultiPoint"",""coordinates"":[]}"
2010_06_18,,,,,Hyderabad,2010-06-18,"{""type"":""MultiPoint"",""coordinates"":[]}"
2010_06_26,41.650000000000034,,,,Hyderabad,2010-06-26,"{""type"":""MultiPoint"",""coordinates"":[]}"
2010_07_04,,,,,Hyderabad,2010-07-04,"{""type"":""MultiPoint"",""coordinates"":[]}"
2010_07_12,30.690315233815806,32.75790651417209,22.55307692307695,2.067591280356286,Hyderabad,2010-07-12,"{""type"":""MultiPoint"",""coordinates"":[]}"
2010_07_20,,,,,Hyderabad,2010-07-20,"{""type"":""MultiPoint"",""coordinates"":[]}"
2010_07_28,,,,,Hyderabad,2010-07-28,"{""type"":""MultiPoint"",""coordinates"":[]}"
2010_08_05,30.947390213749514,31.359735327963204,22.387473834182725,0.41234511421368936,Hyderabad,2010-08-05,"{""type"":""MultiPoint"",""coordinates"":[]}"
2010_08_13,29.016592178770967,29.672576064908757,,0.6559838861377898,Hyderabad,2010-08-13,"{""type"":""MultiPoint"",""coordinates"":[]}"
2010_08_21,28.262390972480134,27.781535288725962,,-0.48085568375417154,Hyderabad,2010-08-21,"{""type"":""MultiPoint"",""coordinates"":[]}"
2010_08_29,,,,,Hyderabad,2010-08-29,"{""type"":""MultiPoint"",""coordinates"":[]}"
2010_09_06,30.89091446268748,31.84933758145232,21.61197877439236,0.9584231187648413,Hyderabad,2010-09-06,"{""type"":""MultiPoint"",""coordinates"":[]}"
2010_09_14,27.670000000000023,,,,Hyderabad,2010-09-14,"{""type"":""MultiPoint"",""coordinates"":[]}"
2010_09_22,30.633752096294003,30.775139546977943,,0.14138745068393987,Hyderabad,2010-09-22,"{""type"":""MultiPoint"",""coordinates"":[]}"
2010_09_30,28.325768767563247,30.133447026863898,,1.8076782593006513,Hyderabad,2010-09-30,"{""type"":""MultiPoint"",""coordinates"":[]}"
2010_10_08,31.280206065566055,31.81705687705122,20.550433458397737,0.5368508114851629,Hyderabad,2010-10-08,"{""type"":""MultiPoint"",""coordinates"":[]}"
2010_10_16,30.352657804085226,31.052494953572893,,0.6998371494876672,Hyderabad,2010-10-16,"{""type"":""MultiPoint"",""coordinates"":[]}"
2010_10_24,29.073927693731385,29.22785916853548,19.94257533206834,0.15393147480409652,Hyderabad,2010-10-24,"{""type"":""MultiPoint"",""coordinates"":[]}"
2010_11_01,28.104400000000023,,,,Hyderabad,2010-11-01,"{""type"":""MultiPoint"",""coordinates"":[]}"
2010_11_09,28.327647773673004,26.15107772755476,21.243822564920702,-2.1765700461182433,Hyderabad,2010-11-09,"{""type"":""MultiPoint"",""coordinates"":[]}"
2010_11_17,29.938717998077625,29.59991312961978,21.130934999619026,-0.33880486845784574,Hyderabad,2010-11-17,"{""type"":""MultiPoint"",""coordinates"":[]}"
2010_11_25,29.430384104476467,28.267405241169808,19.475577668059277,-1.162978863306659,Hyderabad,2010-11-25,"{""type"":""MultiPoint"",""coordinates"":[]}"
2010_12_03,27.554107888311126,27.06793789796879,18.025735693370212,-0.48616999034233643,Hyderabad,2010-12-03,"{""type"":""MultiPoint"",""coordinates"":[]}"
2010_12_11,28.297117580289786,27.301184659071225,17.104720654294532,-0.9959329212185608,Hyderabad,2010-12-11,"{""type"":""MultiPoint"",""coordinates"":[]}"
2010_12_19,28.795395930992623,27.527261014505836,13.981476016550369,-1.2681349164867868,Hyderabad,2010-12-19,"{""type"":""MultiPoint"",""coordinates"":[]}"
2010_12_27,28.933553441218688,27.721800282005894,16.747009002494693,-1.211753159212794,Hyderabad,2010-12-27,"{""type"":""MultiPoint"",""coordinates"":[]}"
2011_01_01,28.918040777091687,27.648303861421905,15.52463341753883,-1.2697369156697818,Hyderabad,2011-01-01,"{""type"":""MultiPoint"",""coordinates"":[]}"
2011_01_09,30.66016033075575,29.308871477711037,15.124519717869456,-1.3512888530447142,Hyderabad,2011-01-09,"{""type"":""MultiPoint"",""coordinates"":[]}"
2011_01_17,33.17251309554806,31.6683972760664,17.263397946325696,-1.5041158194816617,Hyderabad,2011-01-17,"{""type"":""MultiPoint"",""coordinates"":[]}"
2011_01_25,33.284409891867526,32.239400225161894,18.737787925696626,-1.0450096667056314,Hyderabad,2011-01-25,"{""type"":""MultiPoint"",""coordinates"":[]}"
2011_02_02,35.60261093301141,34.13257277597426,18.665746730258,-1.470038157037152,Hyderabad,2011-02-02,"{""type"":""MultiPoint"",""coordinates"":[]}"
2011_02_10,34.92306826636429,33.581284720821046,19.26558922830666,-1.3417835455432439,Hyderabad,2011-02-10,"{""type"":""MultiPoint"",""coordinates"":[]}"
2011_02_18,32.832605665811656,31.91213728333178,21.856966899576737,-0.920468382479875,Hyderabad,2011-02-18,"{""type"":""MultiPoint"",""coordinates"":[]}"
2011_02_26,35.807690212951925,34.177311590123075,21.770650151478627,-1.6303786228288502,Hyderabad,2011-02-26,"{""type"":""MultiPoint"",""coordinates"":[]}"
2011_03_06,39.84250102009375,38.17497409120956,22.892461467283567,-1.667526928884186,Hyderabad,2011-03-06,"{""type"":""MultiPoint"",""coordinates"":[]}"
2011_03_14,40.1981483847807,38.340352544154484,23.245046263640564,-1.857795840626217,Hyderabad,2011-03-14,"{""type"":""MultiPoint"",""coordinates"":[]}"
2011_03_22,41.14712243542909,39.2720942791131,23.335799924135333,-1.8750281563159916,Hyderabad,2011-03-22,"{""type"":""MultiPoint"",""coordinates"":[]}"
2011_03_30,41.084939533857664,39.073049130816564,24.184433854258156,-2.0118904030411002,Hyderabad,2011-03-30,"{""type"":""MultiPoint"",""coordinates"":[]}"
2011_04_07,41.949361121672354,40.29592952114511,24.40889053735184,-1.6534316005272416,Hyderabad,2011-04-07,"{""type"":""MultiPoint"",""coordinates"":[]}"
2011_04_15,40.584307152227495,38.790778825741214,23.90556743169174,-1.7935283264862818,Hyderabad,2011-04-15,"{""type"":""MultiPoint"",""coordinates"":[]}"
2011_04_23,40.50094320213302,39.78253857690384,25.718401266455633,-0.7184046252291836,Hyderabad,2011-04-23,"{""type"":""MultiPoint"",""coordinates"":[]}"
2011_05_01,42.40912783194418,40.8400456883273,25.490190324517698,-1.5690821436168818,Hyderabad,2011-05-01,"{""type"":""MultiPoint"",""coordinates"":[]}"
2011_05_09,44.13067624197253,42.16585332000894,25.802847268487707,-1.964822921963588,Hyderabad,2011-05-09,"{""type"":""MultiPoint"",""coordinates"":[]}"
2011_05_17,39.92862593335704,38.11827640971049,26.55094853313326,-1.8103495236465506,Hyderabad,2011-05-17,"{""type"":""MultiPoint"",""coordinates"":[]}"
2011_05_25,42.41909996488175,41.355003623563555,25.411830831349032,-1.0640963413181979,Hyderabad,2011-05-25,"{""type"":""MultiPoint"",""coordinates"":[]}"
2011_06_02,40.19404012127254,38.56793133028333,26.44394284547407,-1.626108790989214,Hyderabad,2011-06-02,"{""type"":""MultiPoint"",""coordinates"":[]}"
2011_06_10,38.3886061041986,37.67932780798728,25.23174961304246,-0.7092782962113233,Hyderabad,2011-06-10,"{""type"":""MultiPoint"",""coordinates"":[]}"
2011_06_18,36.87565764670116,34.21743670333512,22.46237908154359,-2.6582209433660395,Hyderabad,2011-06-18,"{""type"":""MultiPoint"",""coordinates"":[]}"
2011_06_26,,,,,Hyderabad,2011-06-26,"{""type"":""MultiPoint"",""coordinates"":[]}"
2011_07_04,35.9204000763555,35.85685301940697,23.13449906413164,-0.06354705694852925,Hyderabad,2011-07-04,"{""type"":""MultiPoint"",""coordinates"":[]}"
2011_07_12,,,,,Hyderabad,2011-07-12,"{""type"":""MultiPoint"",""coordinates"":[]}"
2011_07_20,33.36459677220653,21.910000000000025,,-11.454596772206507,Hyderabad,2011-07-20,"{""type"":""MultiPoint"",""coordinates"":[]}"
2011_07_28,32.1617068232436,31.80500000000002,,-0.3567068232435773,Hyderabad,2011-07-28,"{""type"":""MultiPoint"",""coordinates"":[]}"
2011_08_05,30.528181818181846,,,,Hyderabad,2011-08-05,"{""type"":""MultiPoint"",""coordinates"":[]}"
2011_08_13,,,,,Hyderabad,2011-08-13,"{""type"":""MultiPoint"",""coordinates"":[]}"
2011_08_21,,,,,Hyderabad,2011-08-21,"{""type"":""MultiPoint"",""coordinates"":[]}"
2011_08_29,30.13463309834465,28.80312267657993,,-1.331510421764719,Hyderabad,2011-08-29,"{""type"":""MultiPoint"",""coordinates"":[]}"
2011_09_06,32.197347513547435,23.59222222222225,,-8.605125291325184,Hyderabad,2011-09-06,"{""type"":""MultiPoint"",""coordinates"":[]}"
2011_09_14,30.533371601208483,25.902788104089243,,-4.63058349711924,Hyderabad,2011-09-14,"{""type"":""MultiPoint"",""coordinates"":[]}"
2011_09_22,33.46418606932341,33.03991540747825,22.383119946791947,-0.4242706618451635,Hyderabad,2011-09-22,"{""type"":""MultiPoint"",""coordinates"":[]}"
2011_09_30,33.576380673548336,32.376495916924185,22.459141246331058,-1.1998847566241508,Hyderabad,2011-09-30,"{""type"":""MultiPoint"",""coordinates"":[]}"
2011_10_08,33.32910941700564,32.4319154812152,22.98419311135432,-0.8971939357904404,Hyderabad,2011-10-08,"{""type"":""MultiPoint"",""coordinates"":[]}"
2011_10_16,34.36810737060184,33.15895629325639,21.747938320263316,-1.209151077345453,Hyderabad,2011-10-16,"{""type"":""MultiPoint"",""coordinates"":[]}"
2011_10_24,32.851260129879215,31.420588795297935,21.51368716239989,-1.4306713345812803,Hyderabad,2011-10-24,"{""type"":""MultiPoint"",""coordinates"":[]}"
2011_11_01,33.50955335442364,32.1188123573468,19.41862320003909,-1.3907409970768398,Hyderabad,2011-11-01,"{""type"":""MultiPoint"",""coordinates"":[]}"
2011_11_09,33.30437788843469,31.868525204870533,19.517992746015114,-1.4358526835641605,Hyderabad,2011-11-09,"{""type"":""MultiPoint"",""coordinates"":[]}"
2011_11_17,34.008743223119026,32.037022446017474,18.414829986723653,-1.9717207771015524,Hyderabad,2011-11-17,"{""type"":""MultiPoint"",""coordinates"":[]}"
2011_11_25,33.306595607639125,31.23217130776977,19.434410750123224,-2.074424299869353,Hyderabad,2011-11-25,"{""type"":""MultiPoint"",""coordinates"":[]}"
2011_12_03,34.6329011519304,32.68231242795946,19.512327685573258,-1.950588723970938,Hyderabad,2011-12-03,"{""type"":""MultiPoint"",""coordinates"":[]}"
2011_12_11,32.13329070735674,30.45409082559739,18.11326960846653,-1.6791998817593523,Hyderabad,2011-12-11,"{""type"":""MultiPoint"",""coordinates"":[]}"
2011_12_19,33.21512670658686,31.45606928243198,15.852527918515934,-1.7590574241548786,Hyderabad,2011-12-19,"{""type"":""MultiPoint"",""coordinates"":[]}"
2011_12_27,29.729885189767295,27.902446553320452,17.591886151423147,-1.8274386364468427,Hyderabad,2011-12-27,"{""type"":""MultiPoint"",""coordinates"":[]}"
2012_01_01,34.414582256872805,32.99637193354186,20.78888258158732,-1.4182103233309462,Hyderabad,2012-01-01,"{""type"":""MultiPoint"",""coordinates"":[]}"
2012_01_09,32.92105707934884,31.057143661654575,15.806502928422615,-1.8639134176942669,Hyderabad,2012-01-09,"{""type"":""MultiPoint"",""coordinates"":[]}"
2012_01_17,33.79020544152554,32.13868639179524,18.314963690559573,-1.6515190497303038,Hyderabad,2012-01-17,"{""type"":""MultiPoint"",""coordinates"":[]}"
2012_01_25,33.618557808401725,32.115804183318964,19.387780616098812,-1.502753625082761,Hyderabad,2012-01-25,"{""type"":""MultiPoint"",""coordinates"":[]}"
2012_02_02,34.430014550011336,32.57709827535342,19.284598744736236,-1.8529162746579146,Hyderabad,2012-02-02,"{""type"":""MultiPoint"",""coordinates"":[]}"
2012_02_10,35.9284871291665,34.08181506049746,21.798940299122428,-1.8466720686690365,Hyderabad,2012-02-10,"{""type"":""MultiPoint"",""coordinates"":[]}"
2012_02_18,39.22208923530431,37.279549247606056,20.957650341997308,-1.9425399876982539,Hyderabad,2012-02-18,"{""type"":""MultiPoint"",""coordinates"":[]}"
2012_02_26,41.18104288694765,39.05404990111065,21.130579643998185,-2.126992985836999,Hyderabad,2012-02-26,"{""type"":""MultiPoint"",""coordinates"":[]}"
2012_03_05,40.06488409176073,38.42936053997111,22.19909692689845,-1.6355235517896247,Hyderabad,2012-03-05,"{""type"":""MultiPoint"",""coordinates"":[]}"
2012_03_13,43.03992654905495,40.616318669202535,23.704860387552053,-2.423607879852412,Hyderabad,2012-03-13,"{""type"":""MultiPoint"",""coordinates"":[]}"
2012_03_21,43.25943191974841,41.04617667292887,23.847318418754824,-2.2132552468195357,Hyderabad,2012-03-21,"{""type"":""MultiPoint"",""coordinates"":[]}"
2012_03_29,41.383657398972375,39.60419922807313,24.210684232778245,-1.7794581708992467,Hyderabad,2012-03-29,"{""type"":""MultiPoint"",""coordinates"":[]}"
2012_04_06,41.161267517822886,39.643722817446644,24.497197622174607,-1.5175447003762415,Hyderabad,2012-04-06,"{""type"":""MultiPoint"",""coordinates"":[]}"
2012_04_14,42.39340374105153,40.71254953192685,25.3995431046528,-1.680854209124682,Hyderabad,2012-04-14,"{""type"":""MultiPoint"",""coordinates"":[]}"
2012_04_22,41.416716915085296,39.93325629152407,26.956654855378893,-1.4834606235612284,Hyderabad,2012-04-22,"{""type"":""MultiPoint"",""coordinates"":[]}"
2012_04_30,42.568937064545246,41.10813780369442,24.94661964224464,-1.460799260850827,Hyderabad,2012-04-30,"{""type"":""MultiPoint"",""coordinates"":[]}"
2012_05_08,44.00156641122132,42.677015701619716,25.86862117277446,-1.3245507096016027,Hyderabad,2012-05-08,"{""type"":""MultiPoint"",""coordinates"":[]}"
2012_05_16,43.82252298992021,42.025938992280786,26.648081587804004,-1.7965839976394236,Hyderabad,2012-05-16,"{""type"":""MultiPoint"",""coordinates"":[]}"
2012_05_24,41.754309739703224,40.66553165191251,26.341062635710742,-1.0887780877907147,Hyderabad,2012-05-24,"{""type"":""MultiPoint"",""coordinates"":[]}"
2012_06_01,42.618077480126495,41.56648822800496,27.30557930607191,-1.0515892521215378,Hyderabad,2012-06-01,"{""type"":""MultiPoint"",""coordinates"":[]}"
2012_06_09,45.31317274208868,42.08945793598706,25.47558357771264,-3.2237148061016185,Hyderabad,2012-06-09,"{""type"":""MultiPoint"",""coordinates"":[]}"
2012_06_17,,,,,Hyderabad,2012-06-17,"{""type"":""MultiPoint"",""coordinates"":[]}"
2012_06_25,36.799478868907215,35.10097778297867,,-1.698501085928548,Hyderabad,2012-06-25,"{""type"":""MultiPoint"",""coordinates"":[]}"
2012_07_03,,,,,Hyderabad,2012-07-03,"{""type"":""MultiPoint"",""coordinates"":[]}"
2012_07_11,36.00633119729646,34.82002039819135,24.75570604917151,-1.186310799105108,Hyderabad,2012-07-11,"{""type"":""MultiPoint"",""coordinates"":[]}"
2012_07_19,26.79000000000005,,,,Hyderabad,2012-07-19,"{""type"":""MultiPoint"",""coordinates"":[]}"
2012_07_27,,,,,Hyderabad,2012-07-27,"{""type"":""MultiPoint"",""coordinates"":[]}"
2012_08_04,28.171469369179025,23.500405405405427,21.535675675675705,-4.671063963773598,Hyderabad,2012-08-04,"{""type"":""MultiPoint"",""coordinates"":[]}"
2012_08_12,,,,,Hyderabad,2012-08-12,"{""type"":""MultiPoint"",""coordinates"":[]}"
2012_08_20,32.650000000000034,32.28200000000004,,-0.367999999999995,Hyderabad,2012-08-20,"{""type"":""MultiPoint"",""coordinates"":[]}"
2012_08_28,34.96797001153405,,,,Hyderabad,2012-08-28,"{""type"":""MultiPoint"",""coordinates"":[]}"
2012_09_05,,,,,Hyderabad,2012-09-05,"{""type"":""MultiPoint"",""coordinates"":[]}"
2012_09_13,29.213372947877094,28.812575987988236,19.75051775428827,-0.4007969598888579,Hyderabad,2012-09-13,"{""type"":""MultiPoint"",""coordinates"":[]}"
2012_09_21,31.618208420368827,32.361066454548,21.627207457587883,0.7428580341791751,Hyderabad,2012-09-21,"{""type"":""MultiPoint"",""coordinates"":[]}"
2012_09_29,29.987391304347852,,,,Hyderabad,2012-09-29,"{""type"":""MultiPoint"",""coordinates"":[]}"
2012_10_07,30.477298318942836,31.052820568218653,20.23313505995466,0.5755222492758172,Hyderabad,2012-10-07,"{""type"":""MultiPoint"",""coordinates"":[]}"
2012_10_15,32.21069874832402,32.53255548300678,19.774036914626542,0.3218567346827612,Hyderabad,2012-10-15,"{""type"":""MultiPoint"",""coordinates"":[]}"
2012_10_23,30.238037993238255,30.45629487402742,21.09975703641249,0.21825688078916627,Hyderabad,2012-10-23,"{""type"":""MultiPoint"",""coordinates"":[]}"
2012_10_31,29.474303485787853,29.69739160180009,20.3214442566922,0.2230881160122351,Hyderabad,2012-10-31,"{""type"":""MultiPoint"",""coordinates"":[]}"
2012_11_08,30.01557798959958,29.435725702333322,17.587497060838857,-0.5798522872662595,Hyderabad,2012-11-08,"{""type"":""MultiPoint"",""coordinates"":[]}"
2012_11_16,30.417530728771172,30.001309088341298,17.77971089612317,-0.41622164042987464,Hyderabad,2012-11-16,"{""type"":""MultiPoint"",""coordinates"":[]}"
2012_11_24,31.35018843203936,30.562871729638704,19.9453117200124,-0.7873167024006555,Hyderabad,2012-11-24,"{""type"":""MultiPoint"",""coordinates"":[]}"
2012_12_02,31.964479132168105,30.68188458057785,19.164558022972546,-1.282594551590254,Hyderabad,2012-12-02,"{""type"":""MultiPoint"",""coordinates"":[]}"
2012_12_10,32.444209459178104,31.633012536267625,19.18095719056224,-0.8111969229104794,Hyderabad,2012-12-10,"{""type"":""MultiPoint"",""coordinates"":[]}"
2012_12_18,29.94686538349271,28.73381925439398,16.745867998540422,-1.213046129098732,Hyderabad,2012-12-18,"{""type"":""MultiPoint"",""coordinates"":[]}"
2012_12_26,31.026956810534305,29.4608256854278,16.022860881413667,-1.566131125106505,Hyderabad,2012-12-26,"{""type"":""MultiPoint"",""coordinates"":[]}"
2013_01_01,32.91437488613522,31.881255513199168,21.588131301960708,-1.0331193729360528,Hyderabad,2013-01-01,"{""type"":""MultiPoint"",""coordinates"":[]}"
2013_01_09,33.546193072392214,32.10781375,17.404870972222263,-1.4383793223922154,Hyderabad,2013-01-09,"{""type"":""MultiPoint"",""coordinates"":[]}"
2013_01_17,32.653591627180475,31.47723431922831,18.916126746546745,-1.1763573079521663,Hyderabad,2013-01-17,"{""type"":""MultiPoint"",""coordinates"":[]}"
2013_01_25,31.807785439041822,30.652866756772017,19.15929534831337,-1.1549186822698054,Hyderabad,2013-01-25,"{""type"":""MultiPoint"",""coordinates"":[]}"
2013_02_02,33.57581934658863,32.576006500932166,20.122862558650514,-0.9998128456564643,Hyderabad,2013-02-02,"{""type"":""MultiPoint"",""coordinates"":[]}"
2013_02_10,33.53302493707533,32.49398650999326,20.99770549185277,-1.039038427082069,Hyderabad,2013-02-10,"{""type"":""MultiPoint"",""coordinates"":[]}"
2013_02_18,35.3160787293392,34.13870975755505,21.01723951094732,-1.177368971784155,Hyderabad,2013-02-18,"{""type"":""MultiPoint"",""coordinates"":[]}"
2013_02_26,39.59484351439364,37.804993914807305,21.18250579296594,-1.7898495995863328,Hyderabad,2013-02-26,"{""type"":""MultiPoint"",""coordinates"":[]}"
2013_03_06,39.66147027865543,38.245761619313484,22.820470383752156,-1.415708659341945,Hyderabad,2013-03-06,"{""type"":""MultiPoint"",""coordinates"":[]}"
2013_03_14,39.985156136815824,38.789225679910764,23.32414256983881,-1.1959304569050602,Hyderabad,2013-03-14,"{""type"":""MultiPoint"",""coordinates"":[]}"
2013_03_22,42.80397463704357,41.426335156638544,25.488922816401722,-1.3776394804050227,Hyderabad,2013-03-22,"{""type"":""MultiPoint"",""coordinates"":[]}"
2013_03_30,41.10709616219179,39.438455443805864,25.86007058473884,-1.668640718385923,Hyderabad,2013-03-30,"{""type"":""MultiPoint"",""coordinates"":[]}"
2013_04_07,42.92239923044839,41.17240066291549,26.986681279320003,-1.7499985675328986,Hyderabad,2013-04-07,"{""type"":""MultiPoint"",""coordinates"":[]}"
2013_04_15,44.037255579096254,41.95721858248964,25.620950821066984,-2.0800369966066157,Hyderabad,2013-04-15,"{""type"":""MultiPoint"",""coordinates"":[]}"
2013_04_23,42.841195071002055,41.12371367419387,25.457220257850885,-1.7174813968081821,Hyderabad,2013-04-23,"{""type"":""MultiPoint"",""coordinates"":[]}"
2013_05_01,44.47647395693019,42.320092083480226,28.227037770848476,-2.1563818734499662,Hyderabad,2013-05-01,"{""type"":""MultiPoint"",""coordinates"":[]}"
2013_05_09,44.348149130329745,42.70588257458522,27.266928449354765,-1.642266555744527,Hyderabad,2013-05-09,"{""type"":""MultiPoint"",""coordinates"":[]}"
2013_05_17,44.02367069001998,42.00464804523274,27.654541632436132,-2.019022644787242,Hyderabad,2013-05-17,"{""type"":""MultiPoint"",""coordinates"":[]}"
2013_05_25,43.38299385728633,41.19279582446795,23.932417685794952,-2.1901980328183797,Hyderabad,2013-05-25,"{""type"":""MultiPoint"",""coordinates"":[]}"
2013_06_02,37.62579054134129,37.54528995928771,,-0.08050058205358113,Hyderabad,2013-06-02,"{""type"":""MultiPoint"",""coordinates"":[]}"
2013_06_10,,,,,Hyderabad,2013-06-10,"{""type"":""MultiPoint"",""coordinates"":[]}"
2013_06_18,39.28795105301945,34.04359348814942,24.21800000000004,-5.244357564870029,Hyderabad,2013-06-18,"{""type"":""MultiPoint"",""coordinates"":[]}"
2013_06_26,33.678391130835685,31.379585116279102,19.67900335409682,-2.2988060145565825,Hyderabad,2013-06-26,"{""type"":""MultiPoint"",""coordinates"":[]}"
2013_07_04,,,,,Hyderabad,2013-07-04,"{""type"":""MultiPoint"",""coordinates"":[]}"
2013_07_12,,,,,Hyderabad,2013-07-12,"{""type"":""MultiPoint"",""coordinates"":[]}"
2013_07_20,,,,,Hyderabad,2013-07-20,"{""type"":""MultiPoint"",""coordinates"":[]}"
2013_07_28,32.36117337185362,32.39925743142433,,0.038084059570714146,Hyderabad,2013-07-28,"{""type"":""MultiPoint"",""coordinates"":[]}"
2013_08_05,,,,,Hyderabad,2013-08-05,"{""type"":""MultiPoint"",""coordinates"":[]}"
2013_08_13,29.863744414655958,,,,Hyderabad,2013-08-13,"{""type"":""MultiPoint"",""coordinates"":[]}"
2013_08_21,27.76596000000003,27.538378378378425,,-0.22758162162160644,Hyderabad,2013-08-21,"{""type"":""MultiPoint"",""coordinates"":[]}"
2013_08_29,32.11382408660355,29.601292209791673,21.71351860802323,-2.5125318768118774,Hyderabad,2013-08-29,"{""type"":""MultiPoint"",""coordinates"":[]}"
2013_09_06,31.389161541061203,32.56585314807284,,1.1766916070116373,Hyderabad,2013-09-06,"{""type"":""MultiPoint"",""coordinates"":[]}"
2013_09_14,,,,,Hyderabad,2013-09-14,"{""type"":""MultiPoint"",""coordinates"":[]}"
2013_09_22,29.608192818381305,30.361015379238058,22.285318070604706,0.7528225608567531,Hyderabad,2013-09-22,"{""type"":""MultiPoint"",""coordinates"":[]}"
2013_09_30,31.68678020844642,31.50904369332238,22.474660869565255,-0.17773651512404243,Hyderabad,2013-09-30,"{""type"":""MultiPoint"",""coordinates"":[]}"
2013_10_08,30.032086014449597,30.361169008128595,21.879117577964454,0.3290829936789983,Hyderabad,2013-10-08,"{""type"":""MultiPoint"",""coordinates"":[]}"
2013_10_16,31.46865551633037,31.787218968091533,21.294598796084276,0.31856345176116463,Hyderabad,2013-10-16,"{""type"":""MultiPoint"",""coordinates"":[]}"
2013_10_24,29.28787997888545,30.392917987775007,21.423230150688095,1.105038008889558,Hyderabad,2013-10-24,"{""type"":""MultiPoint"",""coordinates"":[]}"
2013_11_01,28.901064582737224,29.13084113581427,20.769939055531026,0.2297765530770448,Hyderabad,2013-11-01,"{""type"":""MultiPoint"",""coordinates"":[]}"
2013_11_09,29.030496702390806,28.819357598337778,17.20344787561801,-0.2111391040530286,Hyderabad,2013-11-09,"{""type"":""MultiPoint"",""coordinates"":[]}"
2013_11_17,30.901004511018407,30.384329815321987,18.373675073009874,-0.5166746956964197,Hyderabad,2013-11-17,"{""type"":""MultiPoint"",""coordinates"":[]}"
2013_11_25,28.47236361884352,27.494628697815912,19.670893834669634,-0.9777349210276078,Hyderabad,2013-11-25,"{""type"":""MultiPoint"",""coordinates"":[]}"
2013_12_03,29.15552183743645,28.80260155791945,16.774209453611437,-0.3529202795170008,Hyderabad,2013-12-03,"{""type"":""MultiPoint"",""coordinates"":[]}"
2013_12_11,30.067223424893598,29.036717542490557,15.189526785775985,-1.030505882403041,Hyderabad,2013-12-11,"{""type"":""MultiPoint"",""coordinates"":[]}"
2013_12_19,29.647537547560283,28.82424084349188,16.275368681767265,-0.8232967040684045,Hyderabad,2013-12-19,"{""type"":""MultiPoint"",""coordinates"":[]}"
2013_12_27,28.88940400907646,28.066780699780143,16.88483371132773,-0.8226233092963184,Hyderabad,2013-12-27,"{""type"":""MultiPoint"",""coordinates"":[]}"
2014_01_01,30.11931899746039,29.227893489361186,18.03985101512876,-0.8914255080992035,Hyderabad,2014-01-01,"{""type"":""MultiPoint"",""coordinates"":[]}"
2014_01_09,31.08859640935627,30.162352878521613,18.953093545294813,-0.9262435308346575,Hyderabad,2014-01-09,"{""type"":""MultiPoint"",""coordinates"":[]}"
2014_01_17,30.356013209720125,29.68894385279481,19.04157742908958,-0.6670693569253139,Hyderabad,2014-01-17,"{""type"":""MultiPoint"",""coordinates"":[]}"
2014_01_25,30.505137480681583,29.27727017987891,18.616454698846027,-1.2278673008026715,Hyderabad,2014-01-25,"{""type"":""MultiPoint"",""coordinates"":[]}"
2014_02_02,34.215610423683415,33.08081628701439,19.42316127961499,-1.1347941366690222,Hyderabad,2014-02-02,"{""type"":""MultiPoint"",""coordinates"":[]}"
2014_02_10,33.2980302325824,32.33537343004207,19.818796890911788,-0.9626568025403301,Hyderabad,2014-02-10,"{""type"":""MultiPoint"",""coordinates"":[]}"
2014_02_18,33.07794566161816,32.140073596295416,20.596423826456117,-0.9378720653227433,Hyderabad,2014-02-18,"{""type"":""MultiPoint"",""coordinates"":[]}"
2014_02_26,35.46603449087938,34.21981165865295,20.32774968584696,-1.2462228322264295,Hyderabad,2014-02-26,"{""type"":""MultiPoint"",""coordinates"":[]}"
2014_03_06,33.06833800358909,32.088265569386664,20.52982297885165,-0.9800724342024267,Hyderabad,2014-03-06,"{""type"":""MultiPoint"",""coordinates"":[]}"
2014_03_14,40.17234235378374,38.92863415686697,24.004852869780997,-1.2437081969167707,Hyderabad,2014-03-14,"{""type"":""MultiPoint"",""coordinates"":[]}"
2014_03_22,39.80269471084073,38.649777039368615,25.184405898885917,-1.1529176714721174,Hyderabad,2014-03-22,"{""type"":""MultiPoint"",""coordinates"":[]}"
2014_03_30,41.965180095418134,40.608113539544384,25.69598219246952,-1.3570665558737502,Hyderabad,2014-03-30,"{""type"":""MultiPoint"",""coordinates"":[]}"
2014_04_07,40.78063306970602,39.74758631650857,24.48834434622645,-1.0330467531974534,Hyderabad,2014-04-07,"{""type"":""MultiPoint"",""coordinates"":[]}"
2014_04_15,41.29484900077104,39.65296083527105,25.648378698764457,-1.641888165499985,Hyderabad,2014-04-15,"{""type"":""MultiPoint"",""coordinates"":[]}"
2014_04_23,42.271320254628925,40.38412804394549,27.04860393856737,-1.8871922106834376,Hyderabad,2014-04-23,"{""type"":""MultiPoint"",""coordinates"":[]}"
2014_05_01,41.45470963881167,40.108969298999604,26.835399388042802,-1.3457403398120675,Hyderabad,2014-05-01,"{""type"":""MultiPoint"",""coordinates"":[]}"
2014_05_09,39.20752866250003,38.37347458926166,25.288116246986526,-0.8340540732383701,Hyderabad,2014-05-09,"{""type"":""MultiPoint"",""coordinates"":[]}"
2014_05_17,41.91455805177077,41.05728951872934,25.12767750753025,-0.8572685330414274,Hyderabad,2014-05-17,"{""type"":""MultiPoint"",""coordinates"":[]}"
2014_05_25,38.578019997567374,37.63537351781373,25.867676316621097,-0.9426464797536411,Hyderabad,2014-05-25,"{""type"":""MultiPoint"",""coordinates"":[]}"
2014_06_02,37.04273062560901,35.476635433345,26.66679972154548,-1.566095192264008,Hyderabad,2014-06-02,"{""type"":""MultiPoint"",""coordinates"":[]}"
2014_06_10,40.0541194646493,38.848388139649146,27.168461068968586,-1.2057313250001513,Hyderabad,2014-06-10,"{""type"":""MultiPoint"",""coordinates"":[]}"
2014_06_18,36.169656955394,35.20688005054705,24.631130586476186,-0.9627769048469474,Hyderabad,2014-06-18,"{""type"":""MultiPoint"",""coordinates"":[]}"
2014_06_26,40.845852716093134,38.41700635374084,24.121231431122705,-2.428846362352296,Hyderabad,2014-06-26,"{""type"":""MultiPoint"",""coordinates"":[]}"
2014_07_04,,,,,Hyderabad,2014-07-04,"{""type"":""MultiPoint"",""coordinates"":[]}"
2014_07_12,,,,,Hyderabad,2014-07-12,"{""type"":""MultiPoint"",""coordinates"":[]}"
2014_07_20,,,,,Hyderabad,2014-07-20,"{""type"":""MultiPoint"",""coordinates"":[]}"
2014_07_28,,,,,Hyderabad,2014-07-28,"{""type"":""MultiPoint"",""coordinates"":[]}"
2014_08_05,35.03265580945514,31.30294685990342,17.810000000000002,-3.7297089495517213,Hyderabad,2014-08-05,"{""type"":""MultiPoint"",""coordinates"":[]}"
2014_08_13,33.27590037327847,33.47640000000004,,0.20049962672157307,Hyderabad,2014-08-13,"{""type"":""MultiPoint"",""coordinates"":[]}"
2014_08_21,34.91330812567525,35.15982927934737,,0.2465211536721199,Hyderabad,2014-08-21,"{""type"":""MultiPoint"",""coordinates"":[]}"
2014_08_29,,,,,Hyderabad,2014-08-29,"{""type"":""MultiPoint"",""coordinates"":[]}"
2014_09_06,28.781129695251614,29.15671729766496,17.341984282907685,0.3755876024133471,Hyderabad,2014-09-06,"{""type"":""MultiPoint"",""coordinates"":[]}"
2014_09_14,32.67908642873016,31.53666666666669,,-1.1424197620634686,Hyderabad,2014-09-14,"{""type"":""MultiPoint"",""coordinates"":[]}"
2014_09_22,31.388668606262172,31.37087763508602,22.766567967046296,-0.017790971176150805,Hyderabad,2014-09-22,"{""type"":""MultiPoint"",""coordinates"":[]}"
2014_09_30,34.59776969364497,35.01073888816644,23.46992417042651,0.41296919452147307,Hyderabad,2014-09-30,"{""type"":""MultiPoint"",""coordinates"":[]}"
2014_10_08,33.845169363705615,33.87323463178581,22.745249868238268,0.028065268080197825,Hyderabad,2014-10-08,"{""type"":""MultiPoint"",""coordinates"":[]}"
2014_10_16,32.95066612733875,32.98961221017051,22.569416578883413,0.03894608283176382,Hyderabad,2014-10-16,"{""type"":""MultiPoint"",""coordinates"":[]}"
2014_10_24,31.898377107394328,31.78178814914282,17.492424296956663,-0.1165889582515085,Hyderabad,2014-10-24,"{""type"":""MultiPoint"",""coordinates"":[]}"
2014_11_01,32.510954332436846,31.908710833711087,18.759328219254524,-0.602243498725759,Hyderabad,2014-11-01,"{""type"":""MultiPoint"",""coordinates"":[]}"
2014_11_09,32.875832857120784,32.20645187785871,21.269836371835346,-0.6693809792620726,Hyderabad,2014-11-09,"{""type"":""MultiPoint"",""coordinates"":[]}"
2014_11_17,31.415128787621324,30.854170645543007,20.029471180069017,-0.5609581420783165,Hyderabad,2014-11-17,"{""type"":""MultiPoint"",""coordinates"":[]}"
2014_11_25,33.14546305649577,31.91322281359372,17.034639205859442,-1.2322402429020514,Hyderabad,2014-11-25,"{""type"":""MultiPoint"",""coordinates"":[]}"
2014_12_03,32.61416024072948,31.115711792913046,17.072778884599032,-1.4984484478164362,Hyderabad,2014-12-03,"{""type"":""MultiPoint"",""coordinates"":[]}"
2014_12_11,31.8563495733002,30.294025935147534,17.021165986404515,-1.562323638152666,Hyderabad,2014-12-11,"{""type"":""MultiPoint"",""coordinates"":[]}"
2014_12_19,30.596071726682094,28.75632992601467,15.930723297634119,-1.8397418006674258,Hyderabad,2014-12-19,"{""type"":""MultiPoint"",""coordinates"":[]}"
2014_12_27,31.798058525546377,30.202509611653927,18.591882967091145,-1.5955489138924506,Hyderabad,2014-12-27,"{""type"":""MultiPoint"",""coordinates"":[]}"
2015_01_01,32.22113986774404,31.10517756476794,19.299307175176946,-1.1159623029761043,Hyderabad,2015-01-01,"{""type"":""MultiPoint"",""coordinates"":[]}"
2015_01_09,32.34211611478113,31.115291275240295,15.074279775402239,-1.226824839540832,Hyderabad,2015-01-09,"{""type"":""MultiPoint"",""coordinates"":[]}"
2015_01_17,31.911813505412006,30.52855182044212,17.851234835325805,-1.3832616849698844,Hyderabad,2015-01-17,"{""type"":""MultiPoint"",""coordinates"":[]}"
2015_01_25,32.56297769545741,31.583836665509413,19.055222973294985,-0.9791410299479999,Hyderabad,2015-01-25,"{""type"":""MultiPoint"",""coordinates"":[]}"
2015_02_02,33.077301841389406,32.01070083002527,19.330063514976562,-1.0666010113641349,Hyderabad,2015-02-02,"{""type"":""MultiPoint"",""coordinates"":[]}"
2015_02_10,37.69933177612895,36.03527002927873,20.399982166622326,-1.6640617468502228,Hyderabad,2015-02-10,"{""type"":""MultiPoint"",""coordinates"":[]}"
2015_02_18,38.54603815729215,36.91818015849974,21.73878248482088,-1.6278579987924147,Hyderabad,2015-02-18,"{""type"":""MultiPoint"",""coordinates"":[]}"
2015_02_26,37.01752554210271,35.95060226794868,22.18628347219949,-1.0669232741540284,Hyderabad,2015-02-26,"{""type"":""MultiPoint"",""coordinates"":[]}"
2015_03_06,35.94035426156042,34.53101379422607,22.411988095490898,-1.4093404673343528,Hyderabad,2015-03-06,"{""type"":""MultiPoint"",""coordinates"":[]}"
2015_03_14,40.11328506118202,38.69661961446685,24.546129654950562,-1.4166654467151716,Hyderabad,2015-03-14,"{""type"":""MultiPoint"",""coordinates"":[]}"
2015_03_22,42.24367238436245,40.38244561125018,25.499898582873758,-1.8612267731122643,Hyderabad,2015-03-22,"{""type"":""MultiPoint"",""coordinates"":[]}"
2015_03_30,42.38197724570105,40.66974410075429,26.114306414780998,-1.712233144946758,Hyderabad,2015-03-30,"{""type"":""MultiPoint"",""coordinates"":[]}"
2015_04_07,39.10486426762619,37.66298663880449,23.976982966058802,-1.4418776288217003,Hyderabad,2015-04-07,"{""type"":""MultiPoint"",""coordinates"":[]}"
2015_04_15,38.401482253349926,37.728160784608185,24.69717162961802,-0.6733214687417401,Hyderabad,2015-04-15,"{""type"":""MultiPoint"",""coordinates"":[]}"
2015_04_23,38.61107020651427,37.35200336282698,25.266225364535998,-1.2590668436872932,Hyderabad,2015-04-23,"{""type"":""MultiPoint"",""coordinates"":[]}"
2015_05_01,40.361706342267674,38.917045508518854,25.921905088241903,-1.44466083374882,Hyderabad,2015-05-01,"{""type"":""MultiPoint"",""coordinates"":[]}"
2015_05_09,40.42419435232867,38.909152156862795,23.867606130438467,-1.515042195465874,Hyderabad,2015-05-09,"{""type"":""MultiPoint"",""coordinates"":[]}"
2015_05_17,41.28863016828852,40.114678196296154,27.5771470594908,-1.1739519719923663,Hyderabad,2015-05-17,"{""type"":""MultiPoint"",""coordinates"":[]}"
2015_05_25,42.59205921670059,40.430749594522304,28.06209002804398,-2.161309622178287,Hyderabad,2015-05-25,"{""type"":""MultiPoint"",""coordinates"":[]}"
2015_06_02,40.87693652478949,39.49886294941139,27.01604942199602,-1.378073575378103,Hyderabad,2015-06-02,"{""type"":""MultiPoint"",""coordinates"":[]}"
2015_06_10,38.88509111550918,37.869404500548896,27.414185418953572,-1.0156866149602806,Hyderabad,2015-06-10,"{""type"":""MultiPoint"",""coordinates"":[]}"
2015_06_18,,,,,Hyderabad,2015-06-18,"{""type"":""MultiPoint"",""coordinates"":[]}"
2015_06_26,35.51367543236683,34.59042161246714,23.10344366658278,-0.923253819899692,Hyderabad,2015-06-26,"{""type"":""MultiPoint"",""coordinates"":[]}"
2015_07_04,33.12957723724225,32.523267999740824,23.676938945973802,-0.6063092375014278,Hyderabad,2015-07-04,"{""type"":""MultiPoint"",""coordinates"":[]}"
2015_07_12,37.98623098813851,34.05022551153683,,-3.9360054766016788,Hyderabad,2015-07-12,"{""type"":""MultiPoint"",""coordinates"":[]}"
2015_07_20,36.055654963685946,34.842113269164685,,-1.2135416945212611,Hyderabad,2015-07-20,"{""type"":""MultiPoint"",""coordinates"":[]}"
2015_07_28,34.93863293708323,33.488300001667994,24.381423651835426,-1.4503329354152328,Hyderabad,2015-07-28,"{""type"":""MultiPoint"",""coordinates"":[]}"
2015_08_05,37.38111111111114,,,,Hyderabad,2015-08-05,"{""type"":""MultiPoint"",""coordinates"":[]}"
2015_08_13,34.80836266069266,34.25500091851465,21.27760118726394,-0.5533617421780122,Hyderabad,2015-08-13,"{""type"":""MultiPoint"",""coordinates"":[]}"
2015_08_21,33.14494166863071,31.683333333333355,,-1.4616083352973526,Hyderabad,2015-08-21,"{""type"":""MultiPoint"",""coordinates"":[]}"
2015_08_29,34.83697859785445,34.79375646715547,,-0.043222130698978845,Hyderabad,2015-08-29,"{""type"":""MultiPoint"",""coordinates"":[]}"
2015_09_06,32.03448804675052,,,,Hyderabad,2015-09-06,"{""type"":""MultiPoint"",""coordinates"":[]}"
2015_09_14,29.876182061579684,,,,Hyderabad,2015-09-14,"{""type"":""MultiPoint"",""coordinates"":[]}"
2015_09_22,32.01526285038471,32.65430453069658,22.229391411225766,0.6390416803118697,Hyderabad,2015-09-22,"{""type"":""MultiPoint"",""coordinates"":[]}"
2015_09_30,33.55528724387428,33.07182914572867,20.741718335266125,-0.48345809814561136,Hyderabad,2015-09-30,"{""type"":""MultiPoint"",""coordinates"":[]}"
2015_10_08,33.53773698119661,33.19768623800961,22.740294994061234,-0.3400507431869997,Hyderabad,2015-10-08,"{""type"":""MultiPoint"",""coordinates"":[]}"
2015_10_16,33.38065214086228,32.845973810649305,22.84337053839156,-0.5346783302129765,Hyderabad,2015-10-16,"{""type"":""MultiPoint"",""coordinates"":[]}"
2015_10_24,33.328385762373784,32.8752685839797,22.61994440249849,-0.4531171783940877,Hyderabad,2015-10-24,"{""type"":""MultiPoint"",""coordinates"":[]}"
2015_11_01,32.77981294173942,32.24775143774005,21.81968394295389,-0.5320615039993726,Hyderabad,2015-11-01,"{""type"":""MultiPoint"",""coordinates"":[]}"
2015_11_09,33.68238589817855,32.90227101309063,19.87805595593029,-0.7801148850879187,Hyderabad,2015-11-09,"{""type"":""MultiPoint"",""coordinates"":[]}"
2015_11_17,32.552521176510936,31.47643564120306,19.97691025304684,-1.0760855353078753,Hyderabad,2015-11-17,"{""type"":""MultiPoint"",""coordinates"":[]}"
2015_11_25,34.22550594116119,32.611815595158774,20.78121377415059,-1.6136903460024143,Hyderabad,2015-11-25,"{""type"":""MultiPoint"",""coordinates"":[]}"
2015_12_03,33.19099842988596,31.31983454760796,19.4485319599469,-1.8711638822779975,Hyderabad,2015-12-03,"{""type"":""MultiPoint"",""coordinates"":[]}"
2015_12_11,35.12699317994455,33.65522561603406,21.315183059921797,-1.4717675639104897,Hyderabad,2015-12-11,"{""type"":""MultiPoint"",""coordinates"":[]}"
2015_12_19,32.73006805758051,31.486209119873955,19.819142896296583,-1.2438589377065554,Hyderabad,2015-12-19,"{""type"":""MultiPoint"",""coordinates"":[]}"
2015_12_27,34.69903941089396,32.272887346340596,17.48480174258745,-2.4261520645533636,Hyderabad,2015-12-27,"{""type"":""MultiPoint"",""coordinates"":[]}"
2016_01_01,34.11528443551472,32.44454672637624,18.61853288711198,-1.6707377091384785,Hyderabad,2016-01-01,"{""type"":""MultiPoint"",""coordinates"":[]}"
2016_01_09,32.03551650803249,30.481725088561355,17.8539241229574,-1.553791419471132,Hyderabad,2016-01-09,"{""type"":""MultiPoint"",""coordinates"":[]}"
2016_01_17,31.892883191381735,30.78417059865887,17.627936694347007,-1.1087125927228634,Hyderabad,2016-01-17,"{""type"":""MultiPoint"",""coordinates"":[]}"
2016_01_25,36.147392915976006,34.13020944064355,20.921971258637917,-2.017183475332459,Hyderabad,2016-01-25,"{""type"":""MultiPoint"",""coordinates"":[]}"
2016_02_02,35.96160291721543,34.38503533739961,22.1139384257915,-1.5765675798158227,Hyderabad,2016-02-02,"{""type"":""MultiPoint"",""coordinates"":[]}"
2016_02_10,36.7113159419988,35.054572788925185,22.995935276505268,-1.656743153073613,Hyderabad,2016-02-10,"{""type"":""MultiPoint"",""coordinates"":[]}"
2016_02_18,41.0224139639767,39.613548375567404,,-1.4088655884092987,Hyderabad,2016-02-18,"{""type"":""MultiPoint"",""coordinates"":[]}"
2016_02_26,38.56561226870932,36.38451570143392,22.757946464159133,-2.1810965672754037,Hyderabad,2016-02-26,"{""type"":""MultiPoint"",""coordinates"":[]}"
2016_03_05,43.45479997583495,41.24880949555725,24.943578004704516,-2.2059904802776984,Hyderabad,2016-03-05,"{""type"":""MultiPoint"",""coordinates"":[]}"
2016_03_13,42.79167674802158,40.64627701215041,26.345152355323616,-2.145399735871173,Hyderabad,2016-03-13,"{""type"":""MultiPoint"",""coordinates"":[]}"
2016_03_21,43.33052670802293,41.185454960375104,26.51633763467633,-2.145071747647826,Hyderabad,2016-03-21,"{""type"":""MultiPoint"",""coordinates"":[]}"
2016_03_29,43.79789091968854,41.67604024588742,27.13555479332288,-2.12185067380112,Hyderabad,2016-03-29,"{""type"":""MultiPoint"",""coordinates"":[]}"
2016_04_06,48.55191695133539,46.183831039076395,27.786137183614603,-2.368085912258998,Hyderabad,2016-04-06,"{""type"":""MultiPoint"",""coordinates"":[]}"
2016_04_14,45.90562891427255,43.561004965617435,29.453863492618893,-2.344623948655112,Hyderabad,2016-04-14,"{""type"":""MultiPoint"",""coordinates"":[]}"
2016_04_22,48.16625314241069,45.901543904308355,29.032020994142464,-2.264709238102334,Hyderabad,2016-04-22,"{""type"":""MultiPoint"",""coordinates"":[]}"
2016_04_30,44.619120532789424,43.36481997310804,25.623253432047967,-1.2543005596813828,Hyderabad,2016-04-30,"{""type"":""MultiPoint"",""coordinates"":[]}"
2016_05_08,37.92021669227941,36.387905163880376,25.20950217223937,-1.5323115283990347,Hyderabad,2016-05-08,"{""type"":""MultiPoint"",""coordinates"":[]}"
2016_05_16,42.465573447979075,39.93829226649051,27.21896778679667,-2.5272811814885685,Hyderabad,2016-05-16,"{""type"":""MultiPoint"",""coordinates"":[]}"
2016_05_24,40.503587817514706,38.47440819531701,26.60741406165886,-2.029179622197695,Hyderabad,2016-05-24,"{""type"":""MultiPoint"",""coordinates"":[]}"
2016_06_01,37.877569937501,34.721168226432354,,-3.1564017110686464,Hyderabad,2016-06-01,"{""type"":""MultiPoint"",""coordinates"":[]}"
2016_06_09,37.985155524621526,36.821317639353296,24.713640184662058,-1.1638378852682294,Hyderabad,2016-06-09,"{""type"":""MultiPoint"",""coordinates"":[]}"
2016_06_17,39.115450368665215,36.999451833056284,24.680477262599997,-2.115998535608931,Hyderabad,2016-06-17,"{""type"":""MultiPoint"",""coordinates"":[]}"
2016_06_25,34.99843268195775,36.21398724506744,,1.2155545631096913,Hyderabad,2016-06-25,"{""type"":""MultiPoint"",""coordinates"":[]}"
2016_07_03,,,,,Hyderabad,2016-07-03,"{""type"":""MultiPoint"",""coordinates"":[]}"
2016_07_11,35.64854220477324,28.172500000000028,20.20750000000003,-7.476042204773215,Hyderabad,2016-07-11,"{""type"":""MultiPoint"",""coordinates"":[]}"
2016_07_19,,,,,Hyderabad,2016-07-19,"{""type"":""MultiPoint"",""coordinates"":[]}"
2016_07_27,35.41000000000003,,,,Hyderabad,2016-07-27,"{""type"":""MultiPoint"",""coordinates"":[]}"
2016_08_04,32.49304347826091,,,,Hyderabad,2016-08-04,"{""type"":""MultiPoint"",""coordinates"":[]}"
2016_08_12,33.187245839617624,31.3456093877808,19.686962813817427,-1.8416364518368233,Hyderabad,2016-08-12,"{""type"":""MultiPoint"",""coordinates"":[]}"
2016_08_20,36.111703699117214,35.746280517408856,20.89671175070334,-0.3654231817083584,Hyderabad,2016-08-20,"{""type"":""MultiPoint"",""coordinates"":[]}"
2016_08_28,31.03142033852164,,,,Hyderabad,2016-08-28,"{""type"":""MultiPoint"",""coordinates"":[]}"
2016_09_05,31.013078609167987,31.686361057829664,22.176580826837544,0.6732824486616771,Hyderabad,2016-09-05,"{""type"":""MultiPoint"",""coordinates"":[]}"
2016_09_13,,,,,Hyderabad,2016-09-13,"{""type"":""MultiPoint"",""coordinates"":[]}"
2016_09_21,,,,,Hyderabad,2016-09-21,"{""type"":""MultiPoint"",""coordinates"":[]}"
2016_09_29,30.67792762297279,30.690055309516787,21.868417872256718,0.012127686543998095,Hyderabad,2016-09-29,"{""type"":""MultiPoint"",""coordinates"":[]}"
2016_10_07,31.53723855219046,31.736568013214676,19.89594305597642,0.19932946102421667,Hyderabad,2016-10-07,"{""type"":""MultiPoint"",""coordinates"":[]}"
2016_10_15,32.02252811066531,31.86760601886783,19.766167055419874,-0.15492209179748428,Hyderabad,2016-10-15,"{""type"":""MultiPoint"",""coordinates"":[]}"
2016_10_23,30.49166446076672,30.075356924135324,19.63132685676896,-0.41630753663139686,Hyderabad,2016-10-23,"{""type"":""MultiPoint"",""coordinates"":[]}"
2016_10_31,31.945728490092883,30.810033071576374,21.15515687523715,-1.1356954185165087,Hyderabad,2016-10-31,"{""type"":""MultiPoint"",""coordinates"":[]}"
2016_11_08,32.306754350052294,31.214398033565075,17.490319104933068,-1.0923563164872192,Hyderabad,2016-11-08,"{""type"":""MultiPoint"",""coordinates"":[]}"
2016_11_16,31.237641184402623,30.506927956107482,16.54018658693241,-0.7307132282951407,Hyderabad,2016-11-16,"{""type"":""MultiPoint"",""coordinates"":[]}"
2016_11_24,33.60086521493041,32.31047762406688,16.423629261003015,-1.2903875908635314,Hyderabad,2016-11-24,"{""type"":""MultiPoint"",""coordinates"":[]}"
2016_12_02,30.984669889223742,29.918597081294692,18.31337654980992,-1.06607280792905,Hyderabad,2016-12-02,"{""type"":""MultiPoint"",""coordinates"":[]}"
2016_12_10,31.0568794651713,29.998139306415208,19.100288549254103,-1.0587401587560912,Hyderabad,2016-12-10,"{""type"":""MultiPoint"",""coordinates"":[]}"
2016_12_18,32.43786400560499,30.919418695090517,15.535220043690922,-1.5184453105144762,Hyderabad,2016-12-18,"{""type"":""MultiPoint"",""coordinates"":[]}"
2016_12_26,31.709387625782995,30.222823810948288,17.44235825197839,-1.4865638148347067,Hyderabad,2016-12-26,"{""type"":""MultiPoint"",""coordinates"":[]}"
2017_01_01,32.229445582394476,30.69448211389004,17.597652427703157,-1.5349634685044364,Hyderabad,2017-01-01,"{""type"":""MultiPoint"",""coordinates"":[]}"
2017_01_09,29.855002151175444,28.716191729215222,17.561312943950778,-1.1388104219602226,Hyderabad,2017-01-09,"{""type"":""MultiPoint"",""coordinates"":[]}"
2017_01_17,31.746347573666725,30.481671356990898,18.537528313542467,-1.2646762166758272,Hyderabad,2017-01-17,"{""type"":""MultiPoint"",""coordinates"":[]}"
2017_01_25,33.43368849719675,32.09809980222127,19.87600763453802,-1.3355886949754776,Hyderabad,2017-01-25,"{""type"":""MultiPoint"",""coordinates"":[]}"
2017_02_02,36.03447393818876,34.43596418842077,20.74182363987414,-1.5985097497679917,Hyderabad,2017-02-02,"{""type"":""MultiPoint"",""coordinates"":[]}"
2017_02_10,34.2088651373808,33.04998628343416,20.49596365802801,-1.1588788539466393,Hyderabad,2017-02-10,"{""type"":""MultiPoint"",""coordinates"":[]}"
2017_02_18,39.96894949764154,38.24460127089732,21.865252489779184,-1.724348226744219,Hyderabad,2017-02-18,"{""type"":""MultiPoint"",""coordinates"":[]}"
2017_02_26,37.58954397475502,36.40054946280014,21.54498543777264,-1.1889945119548742,Hyderabad,2017-02-26,"{""type"":""MultiPoint"",""coordinates"":[]}"
2017_03_06,38.53076143886081,36.93027764280319,22.261618345751014,-1.6004837960576168,Hyderabad,2017-03-06,"{""type"":""MultiPoint"",""coordinates"":[]}"
2017_03_14,38.64572115092404,36.78328342988568,23.215489957835256,-1.8624377210383614,Hyderabad,2017-03-14,"{""type"":""MultiPoint"",""coordinates"":[]}"
2017_03_22,43.63108077397336,41.673781440070634,25.573298740055264,-1.957299333902725,Hyderabad,2017-03-22,"{""type"":""MultiPoint"",""coordinates"":[]}"
2017_03_30,40.86236109044631,39.05866570802523,26.145478225143815,-1.8036953824210826,Hyderabad,2017-03-30,"{""type"":""MultiPoint"",""coordinates"":[]}"
2017_04_07,44.12426363204915,41.98073584233966,26.002097234629943,-2.1435277897094878,Hyderabad,2017-04-07,"{""type"":""MultiPoint"",""coordinates"":[]}"
2017_04_15,43.44000789763671,41.47675822310299,26.706597814563597,-1.9632496745337207,Hyderabad,2017-04-15,"{""type"":""MultiPoint"",""coordinates"":[]}"
2017_04_23,45.90375975488045,43.66156411901466,26.162189131949457,-2.2421956358657837,Hyderabad,2017-04-23,"{""type"":""MultiPoint"",""coordinates"":[]}"
2017_05_01,43.072843721382355,40.89194304573461,26.304742873005747,-2.1809006756477487,Hyderabad,2017-05-01,"{""type"":""MultiPoint"",""coordinates"":[]}"
2017_05_09,43.54727989461413,41.26053560256168,27.445143795122725,-2.286744292052447,Hyderabad,2017-05-09,"{""type"":""MultiPoint"",""coordinates"":[]}"
2017_05_17,44.35260710841134,41.27894750150747,28.66663924062945,-3.073659606903874,Hyderabad,2017-05-17,"{""type"":""MultiPoint"",""coordinates"":[]}"
2017_05_25,42.82963579919651,40.060051596872036,27.02640868230653,-2.7695842023244737,Hyderabad,2017-05-25,"{""type"":""MultiPoint"",""coordinates"":[]}"
2017_06_02,43.45184721662021,40.600657523952684,28.19799048155805,-2.851189692667525,Hyderabad,2017-06-02,"{""type"":""MultiPoint"",""coordinates"":[]}"
2017_06_10,,,,,Hyderabad,2017-06-10,"{""type"":""MultiPoint"",""coordinates"":[]}"
2017_06_18,34.64260903426794,26.03666666666669,,-8.605942367601251,Hyderabad,2017-06-18,"{""type"":""MultiPoint"",""coordinates"":[]}"
2017_06_26,,,,,Hyderabad,2017-06-26,"{""type"":""MultiPoint"",""coordinates"":[]}"
2017_07_04,,,,,Hyderabad,2017-07-04,"{""type"":""MultiPoint"",""coordinates"":[]}"
2017_07_12,,,,,Hyderabad,2017-07-12,"{""type"":""MultiPoint"",""coordinates"":[]}"
2017_07_20,30.482295614772173,28.963064839200282,,-1.5192307755718915,Hyderabad,2017-07-20,"{""type"":""MultiPoint"",""coordinates"":[]}"
2017_07_28,33.469474059438234,,,,Hyderabad,2017-07-28,"{""type"":""MultiPoint"",""coordinates"":[]}"
2017_08_05,30.79000000000002,,,,Hyderabad,2017-08-05,"{""type"":""MultiPoint"",""coordinates"":[]}"
2017_08_13,32.35621470605042,32.5352251950013,,0.17901048895087968,Hyderabad,2017-08-13,"{""type"":""MultiPoint"",""coordinates"":[]}"
2017_08_21,31.08540879773178,34.87333333333336,,3.787924535601583,Hyderabad,2017-08-21,"{""type"":""MultiPoint"",""coordinates"":[]}"
2017_08_29,30.984433663176123,29.8221420047733,22.01811382113825,-1.1622916584028218,Hyderabad,2017-08-29,"{""type"":""MultiPoint"",""coordinates"":[]}"
2017_09_06,31.5249053826824,33.39089794323126,23.28403292784213,1.8659925605488574,Hyderabad,2017-09-06,"{""type"":""MultiPoint"",""coordinates"":[]}"
2017_09_14,31.46197811718693,29.475923266771407,,-1.986054850415524,Hyderabad,2017-09-14,"{""type"":""MultiPoint"",""coordinates"":[]}"
2017_09_22,31.55413166405423,32.456621874468475,23.387478342911084,0.9024902104142463,Hyderabad,2017-09-22,"{""type"":""MultiPoint"",""coordinates"":[]}"
2017_09_30,27.558823510415017,26.728363636363657,,-0.8304598740513605,Hyderabad,2017-09-30,"{""type"":""MultiPoint"",""coordinates"":[]}"
2017_10_08,29.428188365132808,27.19076935457914,22.400000000000016,-2.237419010553669,Hyderabad,2017-10-08,"{""type"":""MultiPoint"",""coordinates"":[]}"
2017_10_16,29.029660523101697,29.878170653272512,22.494776372341903,0.8485101301708156,Hyderabad,2017-10-16,"{""type"":""MultiPoint"",""coordinates"":[]}"
2017_10_24,30.662336864121425,31.01075266092247,20.874626766908843,0.34841579680104573,Hyderabad,2017-10-24,"{""type"":""MultiPoint"",""coordinates"":[]}"
2017_11_01,30.388319685704975,30.22607248791193,20.53064104126884,-0.16224719779304309,Hyderabad,2017-11-01,"{""type"":""MultiPoint"",""coordinates"":[]}"
2017_11_09,30.532742126335883,29.88034671324955,20.626779098469637,-0.6523954130863316,Hyderabad,2017-11-09,"{""type"":""MultiPoint"",""coordinates"":[]}"
2017_11_17,31.587344494738563,30.78936336491884,21.67446665244815,-0.7979811298197212,Hyderabad,2017-11-17,"{""type"":""MultiPoint"",""coordinates"":[]}"
2017_11_25,30.83823829872477,29.90157479511189,18.036476507131024,-0.9366635036128805,Hyderabad,2017-11-25,"{""type"":""MultiPoint"",""coordinates"":[]}"
2017_12_03,31.761243821921354,30.391901961193263,18.66669607413747,-1.3693418607280918,Hyderabad,2017-12-03,"{""type"":""MultiPoint"",""coordinates"":[]}"
2017_12_11,31.263011886423254,29.956650230523906,18.412186982017776,-1.306361655899348,Hyderabad,2017-12-11,"{""type"":""MultiPoint"",""coordinates"":[]}"
2017_12_19,31.155073330685912,29.56747786786276,16.792300914266026,-1.5875954628231526,Hyderabad,2017-12-19,"{""type"":""MultiPoint"",""coordinates"":[]}"
2017_12_27,30.93057269396986,29.44132536386402,16.341611254337053,-1.4892473301058402,Hyderabad,2017-12-27,"{""type"":""MultiPoint"",""coordinates"":[]}"
2018_01_01,30.44402300262296,29.295697906314892,17.441080914812662,-1.1483250963080671,Hyderabad,2018-01-01,"{""type"":""MultiPoint"",""coordinates"":[]}"
2018_01_09,31.65646544299034,30.24752414874749,19.482092696011666,-1.4089412942428474,Hyderabad,2018-01-09,"{""type"":""MultiPoint"",""coordinates"":[]}"
2018_01_17,32.13178958417073,30.6795754294499,18.37887106476844,-1.4522141547208314,Hyderabad,2018-01-17,"{""type"":""MultiPoint"",""coordinates"":[]}"
2018_01_25,32.66214975707114,31.165943401466357,17.771094479004695,-1.4962063556047838,Hyderabad,2018-01-25,"{""type"":""MultiPoint"",""coordinates"":[]}"
2018_02_02,34.05269213866024,32.61940832693151,18.01930192485803,-1.433283811728728,Hyderabad,2018-02-02,"{""type"":""MultiPoint"",""coordinates"":[]}"
2018_02_10,34.2277732717627,32.431019509125264,20.771224313897175,-1.7967537626374366,Hyderabad,2018-02-10,"{""type"":""MultiPoint"",""coordinates"":[]}"
2018_02_18,36.52863940057043,35.12703956599013,21.067230113446595,-1.4015998345802956,Hyderabad,2018-02-18,"{""type"":""MultiPoint"",""coordinates"":[]}"
2018_02_26,39.09747847537362,37.37954474794585,22.141132300688465,-1.71793372742777,Hyderabad,2018-02-26,"{""type"":""MultiPoint"",""coordinates"":[]}"
2018_03_06,37.95116789065681,36.5485046605145,23.057243373589767,-1.4026632301423092,Hyderabad,2018-03-06,"{""type"":""MultiPoint"",""coordinates"":[]}"
2018_03_14,40.30713169262868,38.69882894240984,23.41550865051906,-1.60830275021884,Hyderabad,2018-03-14,"{""type"":""MultiPoint"",""coordinates"":[]}"
2018_03_22,41.40142457353171,39.76999194311845,24.7662818834304,-1.631432630413265,Hyderabad,2018-03-22,"{""type"":""MultiPoint"",""coordinates"":[]}"
2018_03_30,39.55547157856434,37.92371580995695,24.486788595666575,-1.631755768607384,Hyderabad,2018-03-30,"{""type"":""MultiPoint"",""coordinates"":[]}"
2018_04_07,38.65152478298861,37.67835622501429,24.314804111936073,-0.9731685579743186,Hyderabad,2018-04-07,"{""type"":""MultiPoint"",""coordinates"":[]}"
2018_04_15,41.43697229953474,39.37664248485225,26.257736814421676,-2.0603298146824898,Hyderabad,2018-04-15,"{""type"":""MultiPoint"",""coordinates"":[]}"
2018_04_23,42.886068823067326,41.19582490214406,27.562136036731598,-1.6902439209232654,Hyderabad,2018-04-23,"{""type"":""MultiPoint"",""coordinates"":[]}"
2018_05_01,41.55286287651969,39.63850548629461,26.69091945593669,-1.914357390225078,Hyderabad,2018-05-01,"{""type"":""MultiPoint"",""coordinates"":[]}"
2018_05_09,39.26604200848478,37.401294924111,25.8824155949965,-1.8647470843737821,Hyderabad,2018-05-09,"{""type"":""MultiPoint"",""coordinates"":[]}"
2018_05_17,37.56106345507342,34.81998978609592,25.211319577629386,-2.7410736689775064,Hyderabad,2018-05-17,"{""type"":""MultiPoint"",""coordinates"":[]}"
2018_05_25,41.188148977228764,38.05571601701627,25.08516546299966,-3.1324329602124905,Hyderabad,2018-05-25,"{""type"":""MultiPoint"",""coordinates"":[]}"
2018_06_02,36.99606152841819,34.741836271836334,,-2.2542252565818544,Hyderabad,2018-06-02,"{""type"":""MultiPoint"",""coordinates"":[]}"
2018_06_10,35.396063748042245,33.601964509650514,24.16275012493284,-1.7940992383917305,Hyderabad,2018-06-10,"{""type"":""MultiPoint"",""coordinates"":[]}"
2018_06_18,42.022955688633964,38.78035636980347,24.7692710624355,-3.242599318830493,Hyderabad,2018-06-18,"{""type"":""MultiPoint"",""coordinates"":[]}"
2018_06_26,,,,,Hyderabad,2018-06-26,"{""type"":""MultiPoint"",""coordinates"":[]}"
2018_07_04,,,,,Hyderabad,2018-07-04,"{""type"":""MultiPoint"",""coordinates"":[]}"
2018_07_12,,,,,Hyderabad,2018-07-12,"{""type"":""MultiPoint"",""coordinates"":[]}"
2018_07_20,,,,,Hyderabad,2018-07-20,"{""type"":""MultiPoint"",""coordinates"":[]}"
2018_07_28,,,,,Hyderabad,2018-07-28,"{""type"":""MultiPoint"",""coordinates"":[]}"
2018_08_05,,,,,Hyderabad,2018-08-05,"{""type"":""MultiPoint"",""coordinates"":[]}"
2018_08_13,,,,,Hyderabad,2018-08-13,"{""type"":""MultiPoint"",""coordinates"":[]}"
2018_08_21,,,,,Hyderabad,2018-08-21,"{""type"":""MultiPoint"",""coordinates"":[]}"
2018_08_29,32.12241528478733,26.77000000000004,,-5.352415284787291,Hyderabad,2018-08-29,"{""type"":""MultiPoint"",""coordinates"":[]}"
2018_09_06,33.95705002861966,34.2191612373071,21.95245817925693,0.2621112086874362,Hyderabad,2018-09-06,"{""type"":""MultiPoint"",""coordinates"":[]}"
2018_09_14,32.235249232862664,32.20567381045014,24.49363636363639,-0.029575422412520425,Hyderabad,2018-09-14,"{""type"":""MultiPoint"",""coordinates"":[]}"
2018_09_22,30.56605341075139,32.08310927609809,22.64356810076153,1.517055865346702,Hyderabad,2018-09-22,"{""type"":""MultiPoint"",""coordinates"":[]}"
2018_09_30,32.66814051824709,32.70242859979016,22.977609121075485,0.034288081543067506,Hyderabad,2018-09-30,"{""type"":""MultiPoint"",""coordinates"":[]}"
2018_10_08,34.13956866517603,34.13119147461447,22.235650332139286,-0.00837719056156061,Hyderabad,2018-10-08,"{""type"":""MultiPoint"",""coordinates"":[]}"
2018_10_16,35.46320397267833,34.318130964335225,22.136295878845036,-1.145073008343104,Hyderabad,2018-10-16,"{""type"":""MultiPoint"",""coordinates"":[]}"
2018_10_24,34.525710042049994,32.91852427985213,20.17854158638736,-1.6071857621978651,Hyderabad,2018-10-24,"{""type"":""MultiPoint"",""coordinates"":[]}"
2018_11_01,35.070130853793515,33.64490526346126,22.705953489042273,-1.4252255903322535,Hyderabad,2018-11-01,"{""type"":""MultiPoint"",""coordinates"":[]}"
2018_11_09,36.22373526948063,34.133371919834325,20.73103082070792,-2.090363349646303,Hyderabad,2018-11-09,"{""type"":""MultiPoint"",""coordinates"":[]}"
2018_11_17,34.168921997199966,32.46216526597644,21.62656962436741,-1.7067567312235283,Hyderabad,2018-11-17,"{""type"":""MultiPoint"",""coordinates"":[]}"
2018_11_25,33.425155028879104,31.32348491066031,18.338819908608492,-2.101670118218795,Hyderabad,2018-11-25,"{""type"":""MultiPoint"",""coordinates"":[]}"
2018_12_03,31.26917643312395,29.789691438549657,20.70980730316885,-1.4794849945742925,Hyderabad,2018-12-03,"{""type"":""MultiPoint"",""coordinates"":[]}"
2018_12_11,30.089597729268032,28.716802209207533,19.558373674846205,-1.3727955200604995,Hyderabad,2018-12-11,"{""type"":""MultiPoint"",""coordinates"":[]}"
2018_12_19,30.888399194811015,28.96071239898119,19.05060689915414,-1.9276867958298247,Hyderabad,2018-12-19,"{""type"":""MultiPoint"",""coordinates"":[]}"
2018_12_27,30.375678836973762,28.464937941599487,16.01897627086853,-1.9107408953742748,Hyderabad,2018-12-27,"{""type"":""MultiPoint"",""coordinates"":[]}"
2019_01_01,32.18618646656045,29.60581660148968,16.504153827020637,-2.5803698650707716,Hyderabad,2019-01-01,"{""type"":""MultiPoint"",""coordinates"":[]}"
2019_01_09,32.17668565794249,29.976087286527534,18.458443815766785,-2.2005983714149586,Hyderabad,2019-01-09,"{""type"":""MultiPoint"",""coordinates"":[]}"
2019_01_17,34.195927901787556,31.67638626092202,19.222106591677576,-2.519541640865537,Hyderabad,2019-01-17,"{""type"":""MultiPoint"",""coordinates"":[]}"
2019_01_25,30.03457019792883,28.178776079734245,16.52585396825399,-1.8557941181945843,Hyderabad,2019-01-25,"{""type"":""MultiPoint"",""coordinates"":[]}"
2019_02_02,33.029129518354594,30.792254143318832,19.778228675620383,-2.236875375035762,Hyderabad,2019-02-02,"{""type"":""MultiPoint"",""coordinates"":[]}"
2019_02_10,35.74915060939348,33.27815353336207,21.84472682589561,-2.4709970760314093,Hyderabad,2019-02-10,"{""type"":""MultiPoint"",""coordinates"":[]}"
2019_02_18,38.65349215308504,35.84705682115737,23.781749618976683,-2.8064353319276663,Hyderabad,2019-02-18,"{""type"":""MultiPoint"",""coordinates"":[]}"
2019_02_26,38.0175685255298,35.58020397776741,23.62558066028262,-2.4373645477623924,Hyderabad,2019-02-26,"{""type"":""MultiPoint"",""coordinates"":[]}"
2019_03_06,40.62875762937664,37.831269274511385,24.853466899415515,-2.7974883548652585,Hyderabad,2019-03-06,"{""type"":""MultiPoint"",""coordinates"":[]}"
2019_03_14,42.452022877721795,39.511446241277035,25.102848606410138,-2.94057663644476,Hyderabad,2019-03-14,"{""type"":""MultiPoint"",""coordinates"":[]}"
2019_03_22,42.901808556578274,40.089601990049765,26.472669379150165,-2.812206566528509,Hyderabad,2019-03-22,"{""type"":""MultiPoint"",""coordinates"":[]}"
2019_03_30,43.04476755368307,40.47415938473222,26.087935703389203,-2.570608168950855,Hyderabad,2019-03-30,"{""type"":""MultiPoint"",""coordinates"":[]}"
2019_04_07,43.76437432662025,41.255561936961364,25.931674866171107,-2.5088123896588854,Hyderabad,2019-04-07,"{""type"":""MultiPoint"",""coordinates"":[]}"
2019_04_15,43.803029289312576,40.63452200385988,25.511261518388682,-3.168507285452698,Hyderabad,2019-04-15,"{""type"":""MultiPoint"",""coordinates"":[]}"
2019_04_23,42.897548900155364,40.433466527543956,27.040399898819853,-2.464082372611408,Hyderabad,2019-04-23,"{""type"":""MultiPoint"",""coordinates"":[]}"
2019_05_01,43.23548354421054,40.99790828119704,26.135550744290736,-2.237575263013497,Hyderabad,2019-05-01,"{""type"":""MultiPoint"",""coordinates"":[]}"
2019_05_09,44.68732800448269,42.582383213637264,27.91359867390972,-2.1049447908454226,Hyderabad,2019-05-09,"{""type"":""MultiPoint"",""coordinates"":[]}"
2019_05_17,44.96184106018148,42.65494787905217,27.707288211808685,-2.306893181129304,Hyderabad,2019-05-17,"{""type"":""MultiPoint"",""coordinates"":[]}"
2019_05_25,45.21881042111486,42.54306401842756,29.101233285525982,-2.6757464026873023,Hyderabad,2019-05-25,"{""type"":""MultiPoint"",""coordinates"":[]}"
2019_06_02,41.93155175999184,40.23328670183611,27.90118862974185,-1.6982650581557337,Hyderabad,2019-06-02,"{""type"":""MultiPoint"",""coordinates"":[]}"
2019_06_10,40.651392107992095,38.891559508911975,26.172196551982275,-1.75983259908012,Hyderabad,2019-06-10,"{""type"":""MultiPoint"",""coordinates"":[]}"
2019_06_18,41.798897570701435,40.02782976972823,23.749414458436927,-1.7710678009732064,Hyderabad,2019-06-18,"{""type"":""MultiPoint"",""coordinates"":[]}"
2019_06_26,38.705931550106776,35.93629502404556,25.341702184336746,-2.7696365260612126,Hyderabad,2019-06-26,"{""type"":""MultiPoint"",""coordinates"":[]}"
2019_07_04,,,,,Hyderabad,2019-07-04,"{""type"":""MultiPoint"",""coordinates"":[]}"
2019_07_12,36.67556731532488,36.96816173913046,,0.292594423805582,Hyderabad,2019-07-12,"{""type"":""MultiPoint"",""coordinates"":[]}"
2019_07_20,37.30309161361754,33.910000000000025,,-3.393091613617514,Hyderabad,2019-07-20,"{""type"":""MultiPoint"",""coordinates"":[]}"
2019_07_28,,,,,Hyderabad,2019-07-28,"{""type"":""MultiPoint"",""coordinates"":[]}"
2019_08_05,,,,,Hyderabad,2019-08-05,"{""type"":""MultiPoint"",""coordinates"":[]}"
2019_08_13,28.919213793103474,,,,Hyderabad,2019-08-13,"{""type"":""MultiPoint"",""coordinates"":[]}"
2019_08_21,33.09690201782269,34.78188045096793,18.630000000000024,1.6849784331452398,Hyderabad,2019-08-21,"{""type"":""MultiPoint"",""coordinates"":[]}"
2019_08_29,,,,,Hyderabad,2019-08-29,"{""type"":""MultiPoint"",""coordinates"":[]}"
2019_09_06,29.710000000000036,,,,Hyderabad,2019-09-06,"{""type"":""MultiPoint"",""coordinates"":[]}"
2019_09_14,,,,,Hyderabad,2019-09-14,"{""type"":""MultiPoint"",""coordinates"":[]}"
2019_09_22,31.136639721682247,31.884702465470532,,0.7480627437882852,Hyderabad,2019-09-22,"{""type"":""MultiPoint"",""coordinates"":[]}"
2019_09_30,30.54475505829945,30.42517831669047,22.056875891583477,-0.1195767416089808,Hyderabad,2019-09-30,"{""type"":""MultiPoint"",""coordinates"":[]}"
2019_10_08,28.955716614249756,27.393954138702483,,-1.5617624755472725,Hyderabad,2019-10-08,"{""type"":""MultiPoint"",""coordinates"":[]}"
2019_10_16,,,,,Hyderabad,2019-10-16,"{""type"":""MultiPoint"",""coordinates"":[]}"
2019_10_24,27.93613196702468,28.877845659164016,21.616688102893942,0.9417136921393379,Hyderabad,2019-10-24,"{""type"":""MultiPoint"",""coordinates"":[]}"
2019_11_01,30.899784839471188,31.3327900138773,22.19240722166504,0.4330051744061123,Hyderabad,2019-11-01,"{""type"":""MultiPoint"",""coordinates"":[]}"
2019_11_09,29.704122047079405,29.569722263657788,21.17468245004654,-0.1343997834216175,Hyderabad,2019-11-09,"{""type"":""MultiPoint"",""coordinates"":[]}"
2019_11_17,30.399855698298673,30.04519895202233,20.182140894783796,-0.35465674627634414,Hyderabad,2019-11-17,"{""type"":""MultiPoint"",""coordinates"":[]}"
2019_11_25,29.920065071924313,29.389627493253837,19.851035565899036,-0.530437578670476,Hyderabad,2019-11-25,"{""type"":""MultiPoint"",""coordinates"":[]}"
2019_12_03,29.257276386322353,28.092064866737427,18.670252235477548,-1.1652115195849255,Hyderabad,2019-12-03,"{""type"":""MultiPoint"",""coordinates"":[]}"
2019_12_11,29.350210539180615,28.55064359562516,19.418673082676822,-0.7995669435554547,Hyderabad,2019-12-11,"{""type"":""MultiPoint"",""coordinates"":[]}"
2019_12_19,29.21474487650897,27.245270637894944,19.036468185502365,-1.9694742386140263,Hyderabad,2019-12-19,"{""type"":""MultiPoint"",""coordinates"":[]}"
2019_12_27,28.899339866676566,27.914398490626187,18.358183275420924,-0.9849413760503793,Hyderabad,2019-12-27,"{""type"":""MultiPoint"",""coordinates"":[]}"
2020_01_01,29.453372636146835,28.185046008885134,19.73653988236312,-1.2683266272617004,Hyderabad,2020-01-01,"{""type"":""MultiPoint"",""coordinates"":[]}"
2020_01_09,31.580950635342926,30.061539128779074,19.006683239187346,-1.519411506563852,Hyderabad,2020-01-09,"{""type"":""MultiPoint"",""coordinates"":[]}"
2020_01_17,32.87695833932171,31.48628624418245,20.116597193547296,-1.3906720951392622,Hyderabad,2020-01-17,"{""type"":""MultiPoint"",""coordinates"":[]}"
2020_01_25,32.68302280186059,31.246219009535537,20.826512662770483,-1.4368037923250512,Hyderabad,2020-01-25,"{""type"":""MultiPoint"",""coordinates"":[]}"
2020_02_02,33.505307492241904,32.417729802638746,20.644463496690015,-1.0875776896031581,Hyderabad,2020-02-02,"{""type"":""MultiPoint"",""coordinates"":[]}"
2020_02_10,36.324871247787456,34.318481237647006,20.704692223470392,-2.00639001014045,Hyderabad,2020-02-10,"{""type"":""MultiPoint"",""coordinates"":[]}"
2020_02_18,36.31748786334463,34.73310206519307,21.451129171276012,-1.5843857981515583,Hyderabad,2020-02-18,"{""type"":""MultiPoint"",""coordinates"":[]}"
2020_02_26,36.48719906557136,34.733641822442394,22.113766576130388,-1.7535572431289665,Hyderabad,2020-02-26,"{""type"":""MultiPoint"",""coordinates"":[]}"
2020_03_05,36.730854498064296,35.078974787456026,23.39981325396733,-1.65187971060827,Hyderabad,2020-03-05,"{""type"":""MultiPoint"",""coordinates"":[]}"
2020_03_13,38.73011351026379,37.239093344307705,24.154965842343568,-1.4910201659560869,Hyderabad,2020-03-13,"{""type"":""MultiPoint"",""coordinates"":[]}"
2020_03_21,41.118051459261395,39.19096871003945,25.18851953339076,-1.9270827492219453,Hyderabad,2020-03-21,"{""type"":""MultiPoint"",""coordinates"":[]}"
2020_03_29,41.349713804049564,39.76690318631024,26.06975672681692,-1.5828106177393266,Hyderabad,2020-03-29,"{""type"":""MultiPoint"",""coordinates"":[]}"
2020_04_06,41.65829543739185,40.305678182626096,24.47968451455235,-1.3526172547657538,Hyderabad,2020-04-06,"{""type"":""MultiPoint"",""coordinates"":[]}"
2020_04_14,41.77658629245904,39.73433495465065,26.234021002503233,-2.0422513378083877,Hyderabad,2020-04-14,"{""type"":""MultiPoint"",""coordinates"":[]}"
2020_04_22,43.006263540461106,41.35815108911423,26.497439969542913,-1.6481124513468757,Hyderabad,2020-04-22,"{""type"":""MultiPoint"",""coordinates"":[]}"
2020_04_30,42.69584589429841,41.58459252425283,25.70807836394644,-1.1112533700455813,Hyderabad,2020-04-30,"{""type"":""MultiPoint"",""coordinates"":[]}"
2020_05_08,41.64737899648652,41.06237273225225,26.919677494315103,-0.5850062642342735,Hyderabad,2020-05-08,"{""type"":""MultiPoint"",""coordinates"":[]}"
2020_05_16,42.51316065845581,41.68159775034487,26.42788037211278,-0.8315629081109392,Hyderabad,2020-05-16,"{""type"":""MultiPoint"",""coordinates"":[]}"
2020_05_24,45.37146772909409,43.36492539677157,28.04538059524215,-2.0065423323225247,Hyderabad,2020-05-24,"{""type"":""MultiPoint"",""coordinates"":[]}"
2020_06_01,38.211946754376484,37.32472288365222,23.72682906688691,-0.887223870724263,Hyderabad,2020-06-01,"{""type"":""MultiPoint"",""coordinates"":[]}"
2020_06_09,43.364912708056224,41.72437669910029,,-1.6405360089559338,Hyderabad,2020-06-09,"{""type"":""MultiPoint"",""coordinates"":[]}"
2020_06_17,37.56341442107387,29.03000000000003,,-8.533414421073843,Hyderabad,2020-06-17,"{""type"":""MultiPoint"",""coordinates"":[]}"
2020_06_25,35.123987837648905,34.319521133642844,25.55209744013215,-0.8044667040060602,Hyderabad,2020-06-25,"{""type"":""MultiPoint"",""coordinates"":[]}"
2020_07_03,,,,,Hyderabad,2020-07-03,"{""type"":""MultiPoint"",""coordinates"":[]}"
2020_07_11,32.83840579710147,,,,Hyderabad,2020-07-11,"{""type"":""MultiPoint"",""coordinates"":[]}"
2020_07_19,30.09980151186953,30.190000000000055,,0.09019848813052533,Hyderabad,2020-07-19,"{""type"":""MultiPoint"",""coordinates"":[]}"
2020_07_27,31.569529404107165,32.75679945054947,,1.1872700464423076,Hyderabad,2020-07-27,"{""type"":""MultiPoint"",""coordinates"":[]}"
2020_08_04,29.634211920529832,,,,Hyderabad,2020-08-04,"{""type"":""MultiPoint"",""coordinates"":[]}"
2020_08_12,,,,,Hyderabad,2020-08-12,"{""type"":""MultiPoint"",""coordinates"":[]}"
2020_08_20,29.003333333333362,,,,Hyderabad,2020-08-20,"{""type"":""MultiPoint"",""coordinates"":[]}"
2020_08_28,31.11917120962273,29.96671584348945,20.838000000000033,-1.1524553661332817,Hyderabad,2020-08-28,"{""type"":""MultiPoint"",""coordinates"":[]}"
2020_09_05,33.509202048329584,32.50238658874803,23.874262083993685,-1.0068154595815528,Hyderabad,2020-09-05,"{""type"":""MultiPoint"",""coordinates"":[]}"
2020_09_13,29.440408785845047,28.370000000000005,,-1.0704087858450428,Hyderabad,2020-09-13,"{""type"":""MultiPoint"",""coordinates"":[]}"
2020_09_21,29.418325460092554,28.99063157894738,,-0.42769388114517426,Hyderabad,2020-09-21,"{""type"":""MultiPoint"",""coordinates"":[]}"
2020_09_29,29.972348158053705,32.04777506751462,,2.0754269094609157,Hyderabad,2020-09-29,"{""type"":""MultiPoint"",""coordinates"":[]}"
2020_10_07,30.495087996536476,29.158955188955225,21.549670021448634,-1.3361328075812509,Hyderabad,2020-10-07,"{""type"":""MultiPoint"",""coordinates"":[]}"
2020_10_15,30.167411202861786,30.422658547603504,,0.2552473447417185,Hyderabad,2020-10-15,"{""type"":""MultiPoint"",""coordinates"":[]}"
2020_10_23,30.553092362064902,30.816191987168374,21.387370898566925,0.2630996251034716,Hyderabad,2020-10-23,"{""type"":""MultiPoint"",""coordinates"":[]}"
2020_10_31,30.89224736345078,30.82128533186906,20.83240483217794,-0.07096203158172187,Hyderabad,2020-10-31,"{""type"":""MultiPoint"",""coordinates"":[]}"
2020_11_08,31.35109020150568,30.959740799678944,19.621826731466786,-0.39134940182673716,Hyderabad,2020-11-08,"{""type"":""MultiPoint"",""coordinates"":[]}"
2020_11_16,30.358011264345034,30.03182831385454,21.05159551908104,-0.3261829504904945,Hyderabad,2020-11-16,"{""type"":""MultiPoint"",""coordinates"":[]}"
2020_11_24,29.054484720768606,27.94286095901777,18.790666002986583,-1.1116237617508347,Hyderabad,2020-11-24,"{""type"":""MultiPoint"",""coordinates"":[]}"
2020_12_02,30.236029483753097,29.597002555161858,18.14379335657922,-0.6390269285912389,Hyderabad,2020-12-02,"{""type"":""MultiPoint"",""coordinates"":[]}"
2020_12_10,30.333842172757993,29.239410552543863,19.212089632647594,-1.0944316202141309,Hyderabad,2020-12-10,"{""type"":""MultiPoint"",""coordinates"":[]}"
2020_12_18,30.002155979509837,28.716131238421607,17.071684704636958,-1.2860247410882302,Hyderabad,2020-12-18,"{""type"":""MultiPoint"",""coordinates"":[]}"
2020_12_26,29.583088865051675,28.410684650502837,18.20905808501452,-1.1724042145488376,Hyderabad,2020-12-26,"{""type"":""MultiPoint"",""coordinates"":[]}"
2021_01_01,28.82861298696111,27.985768147933413,17.764914556695672,-0.8428448390276984,Hyderabad,2021-01-01,"{""type"":""MultiPoint"",""coordinates"":[]}"
2021_01_09,29.806076004300536,28.523279835703985,19.53225313759798,-1.2827961685965512,Hyderabad,2021-01-09,"{""type"":""MultiPoint"",""coordinates"":[]}"
2021_01_17,32.03838833839874,30.77222765450671,20.404886130959827,-1.2661606838920285,Hyderabad,2021-01-17,"{""type"":""MultiPoint"",""coordinates"":[]}"
2021_01_25,31.83344398227942,30.660025765114877,20.415014109467695,-1.1734182171645422,Hyderabad,2021-01-25,"{""type"":""MultiPoint"",""coordinates"":[]}"
2021_02_02,32.63613161944942,31.207302995838926,18.445332511560466,-1.428828623610496,Hyderabad,2021-02-02,"{""type"":""MultiPoint"",""coordinates"":[]}"
2021_02_10,34.151462397992255,32.80592592843089,19.915875406642925,-1.3455364695613667,Hyderabad,2021-02-10,"{""type"":""MultiPoint"",""coordinates"":[]}"
2021_02_18,35.244336221627684,33.53283358855492,20.879838825841016,-1.7115026330727616,Hyderabad,2021-02-18,"{""type"":""MultiPoint"",""coordinates"":[]}"
2021_02_26,38.74779768167161,37.2721312138134,22.319738052005945,-1.475666467858204,Hyderabad,2021-02-26,"{""type"":""MultiPoint"",""coordinates"":[]}"
2021_03_06,38.87651544147422,37.46123391957145,23.00730828604661,-1.4152815219027701,Hyderabad,2021-03-06,"{""type"":""MultiPoint"",""coordinates"":[]}"
2021_03_14,38.59488183566926,37.371969891902616,23.134309436965346,-1.222911943766647,Hyderabad,2021-03-14,"{""type"":""MultiPoint"",""coordinates"":[]}"
2021_03_22,39.59331260875724,37.92339627063037,25.119123765525124,-1.6699163381268676,Hyderabad,2021-03-22,"{""type"":""MultiPoint"",""coordinates"":[]}"
2021_03_30,40.52609874975933,39.14252800496399,25.66569096513984,-1.3835707447953354,Hyderabad,2021-03-30,"{""type"":""MultiPoint"",""coordinates"":[]}"
2021_04_07,39.02157460900617,37.51364602532851,25.74183022177302,-1.5079285836776606,Hyderabad,2021-04-07,"{""type"":""MultiPoint"",""coordinates"":[]}"
2021_04_15,38.81213398594121,38.28711574036837,25.35639226252714,-0.5250182455728378,Hyderabad,2021-04-15,"{""type"":""MultiPoint"",""coordinates"":[]}"
2021_04_23,40.26888224224809,39.95392265579178,26.001074690651112,-0.31495958645631106,Hyderabad,2021-04-23,"{""type"":""MultiPoint"",""coordinates"":[]}"
2021_05_01,40.14677423587622,38.20511192331659,25.19138060929419,-1.9416623125596288,Hyderabad,2021-05-01,"{""type"":""MultiPoint"",""coordinates"":[]}"
2021_05_09,39.643096442118875,37.40582724283378,26.413111012456636,-2.2372691992850946,Hyderabad,2021-05-09,"{""type"":""MultiPoint"",""coordinates"":[]}"
2021_05_17,37.295052084250436,35.16477629289721,26.205542268448546,-2.1302757913532275,Hyderabad,2021-05-17,"{""type"":""MultiPoint"",""coordinates"":[]}"
2021_05_25,39.97782490145746,37.624082571685555,28.340495568911095,-2.3537423297719045,Hyderabad,2021-05-25,"{""type"":""MultiPoint"",""coordinates"":[]}"
2021_06_02,35.252393988010375,34.50704904890318,25.295753727222564,-0.7453449391071985,Hyderabad,2021-06-02,"{""type"":""MultiPoint"",""coordinates"":[]}"
2021_06_10,32.04886710239655,,,,Hyderabad,2021-06-10,"{""type"":""MultiPoint"",""coordinates"":[]}"
2021_06_18,36.560989647093216,34.273171881697465,24.401662355706026,-2.2878177653957508,Hyderabad,2021-06-18,"{""type"":""MultiPoint"",""coordinates"":[]}"
2021_06_26,34.50345906541705,33.99988521389269,,-0.503573851524358,Hyderabad,2021-06-26,"{""type"":""MultiPoint"",""coordinates"":[]}"
2021_07_04,36.638213809629164,36.62733236009006,24.569225679382146,-0.010881449539105859,Hyderabad,2021-07-04,"{""type"":""MultiPoint"",""coordinates"":[]}"
2021_07_12,,,,,Hyderabad,2021-07-12,"{""type"":""MultiPoint"",""coordinates"":[]}"
2021_07_20,29.98261545656495,,,,Hyderabad,2021-07-20,"{""type"":""MultiPoint"",""coordinates"":[]}"
2021_07_28,30.37905043258074,22.736666666666697,21.670000000000016,-7.642383765914044,Hyderabad,2021-07-28,"{""type"":""MultiPoint"",""coordinates"":[]}"
2021_08_05,,,,,Hyderabad,2021-08-05,"{""type"":""MultiPoint"",""coordinates"":[]}"
2021_08_13,,,,,Hyderabad,2021-08-13,"{""type"":""MultiPoint"",""coordinates"":[]}"
2021_08_21,31.919756931045427,32.181825592367424,21.759087981718107,0.26206866132199735,Hyderabad,2021-08-21,"{""type"":""MultiPoint"",""coordinates"":[]}"
2021_08_29,,,,,Hyderabad,2021-08-29,"{""type"":""MultiPoint"",""coordinates"":[]}"
2021_09_06,,,,,Hyderabad,2021-09-06,"{""type"":""MultiPoint"",""coordinates"":[]}"
2021_09_14,30.389813845498647,29.972711975345707,,-0.41710187015294053,Hyderabad,2021-09-14,"{""type"":""MultiPoint"",""coordinates"":[]}"
2021_09_22,29.313038461538483,,,,Hyderabad,2021-09-22,"{""type"":""MultiPoint"",""coordinates"":[]}"
2021_09_30,31.089139562898005,28.43108022239876,23.51027799841147,-2.6580593404992463,Hyderabad,2021-09-30,"{""type"":""MultiPoint"",""coordinates"":[]}"
2021_10_08,30.34105829311251,31.109589790910828,22.478708706179617,0.7685314977983175,Hyderabad,2021-10-08,"{""type"":""MultiPoint"",""coordinates"":[]}"
2021_10_16,30.539861388629948,30.971979614221176,21.495171057503573,0.43211822559122837,Hyderabad,2021-10-16,"{""type"":""MultiPoint"",""coordinates"":[]}"
2021_10_24,30.55536738568953,30.80168244222739,20.79318708962227,0.2463150565378598,Hyderabad,2021-10-24,"{""type"":""MultiPoint"",""coordinates"":[]}"
2021_11_01,29.906020668077407,28.97027012824934,21.38638028145888,-0.9357505398280672,Hyderabad,2021-11-01,"{""type"":""MultiPoint"",""coordinates"":[]}"
2021_11_09,30.717014427721242,29.529371700310563,14.867624884671176,-1.1876427274106796,Hyderabad,2021-11-09,"{""type"":""MultiPoint"",""coordinates"":[]}"
2021_11_17,29.17730858884708,26.012088248143318,22.67839667977285,-3.165220340703762,Hyderabad,2021-11-17,"{""type"":""MultiPoint"",""coordinates"":[]}"
2021_11_25,29.14096250009148,27.683214865578325,20.405813054695102,-1.4577476345131544,Hyderabad,2021-11-25,"{""type"":""MultiPoint"",""coordinates"":[]}"
2021_12_03,29.9373245798562,29.32484111189579,20.514166880657427,-0.6124834679604092,Hyderabad,2021-12-03,"{""type"":""MultiPoint"",""coordinates"":[]}"
2021_12_11,29.60012668704973,28.751140070995465,18.66609373057642,-0.8489866160542654,Hyderabad,2021-12-11,"{""type"":""MultiPoint"",""coordinates"":[]}"
2021_12_19,29.750955559835713,28.345972781212428,17.85733372059255,-1.4049827786232854,Hyderabad,2021-12-19,"{""type"":""MultiPoint"",""coordinates"":[]}"
2021_12_27,28.683163776766694,27.595220741888493,19.325683632175046,-1.0879430348782009,Hyderabad,2021-12-27,"{""type"":""MultiPoint"",""coordinates"":[]}"
2022_01_01,29.56357700459411,28.353129268890953,19.061260730291586,-1.2104477357031556,Hyderabad,2022-01-01,"{""type"":""MultiPoint"",""coordinates"":[]}"
2022_01_09,29.303113638196688,27.54898543445508,19.753398627155565,-1.7541282037416082,Hyderabad,2022-01-09,"{""type"":""MultiPoint"",""coordinates"":[]}"
2022_01_17,30.719469334697305,29.28187666833785,19.304495196542057,-1.4375926663594534,Hyderabad,2022-01-17,"{""type"":""MultiPoint"",""coordinates"":[]}"
2022_01_25,30.56996364079609,28.81308540023967,17.938846382884122,-1.7568782405564178,Hyderabad,2022-01-25,"{""type"":""MultiPoint"",""coordinates"":[]}"
2022_02_02,32.15754802448061,30.63990669065093,19.78539381935044,-1.5176413338296832,Hyderabad,2022-02-02,"{""type"":""MultiPoint"",""coordinates"":[]}"
2022_02_10,32.205717486199404,30.552162640869103,20.51387679910224,-1.6535548453303015,Hyderabad,2022-02-10,"{""type"":""MultiPoint"",""coordinates"":[]}"
2022_02_18,34.95764049693032,33.50625260889138,22.259981993534087,-1.451387888038937,Hyderabad,2022-02-18,"{""type"":""MultiPoint"",""coordinates"":[]}"
2022_02_26,37.56769720573185,35.84263195042995,21.93914209315429,-1.7250652553018995,Hyderabad,2022-02-26,"{""type"":""MultiPoint"",""coordinates"":[]}"
2022_03_06,37.653213252432444,35.6787208128846,23.370821870463864,-1.974492439547845,Hyderabad,2022-03-06,"{""type"":""MultiPoint"",""coordinates"":[]}"
2022_03_14,39.23294430454094,37.33318840788156,23.686017258737266,-1.8997558966593857,Hyderabad,2022-03-14,"{""type"":""MultiPoint"",""coordinates"":[]}"
2022_03_22,38.60733725280046,36.89656603930719,25.97939568065737,-1.710771213493274,Hyderabad,2022-03-22,"{""type"":""MultiPoint"",""coordinates"":[]}"
2022_03_30,39.541087394566155,37.73277563945437,26.999969327388754,-1.808311755111788,Hyderabad,2022-03-30,"{""type"":""MultiPoint"",""coordinates"":[]}"
2022_04_07,38.46838843526362,36.58375447570335,26.174894388445953,-1.8846339595602686,Hyderabad,2022-04-07,"{""type"":""MultiPoint"",""coordinates"":[]}"
2022_04_15,40.17470194324862,38.55510113326641,26.804582727080263,-1.6196008099822095,Hyderabad,2022-04-15,"{""type"":""MultiPoint"",""coordinates"":[]}"
2022_04_23,40.066438776702654,38.396206148968176,28.00834365388005,-1.6702326277344781,Hyderabad,2022-04-23,"{""type"":""MultiPoint"",""coordinates"":[]}"
2022_05_01,38.861270390390125,37.188476190476216,27.011073819085905,-1.672794199913909,Hyderabad,2022-05-01,"{""type"":""MultiPoint"",""coordinates"":[]}"
2022_05_09,38.25894556871203,36.58493680799134,27.216884888070645,-1.6740087607206888,Hyderabad,2022-05-09,"{""type"":""MultiPoint"",""coordinates"":[]}"
2022_05_17,36.55746195993189,35.31594705236651,25.98338464518632,-1.2415149075653815,Hyderabad,2022-05-17,"{""type"":""MultiPoint"",""coordinates"":[]}"
2022_05_25,37.122387576812166,35.165414455259764,26.194056239569747,-1.9569731215524016,Hyderabad,2022-05-25,"{""type"":""MultiPoint"",""coordinates"":[]}"
2022_06_02,35.83755661330464,34.819094349717176,26.35702901925043,-1.018462263587466,Hyderabad,2022-06-02,"{""type"":""MultiPoint"",""coordinates"":[]}"
2022_06_10,39.67925572782333,37.49948108836665,26.263431187327463,-2.1797746394566815,Hyderabad,2022-06-10,"{""type"":""MultiPoint"",""coordinates"":[]}"
2022_06_18,36.86458284524278,,,,Hyderabad,2022-06-18,"{""type"":""MultiPoint"",""coordinates"":[]}"
2022_06_26,,,,,Hyderabad,2022-06-26,"{""type"":""MultiPoint"",""coordinates"":[]}"
2022_07_04,,,,,Hyderabad,2022-07-04,"{""type"":""MultiPoint"",""coordinates"":[]}"
2022_07_12,27.282626112759687,,,,Hyderabad,2022-07-12,"{""type"":""MultiPoint"",""coordinates"":[]}"
2022_07_20,,,,,Hyderabad,2022-07-20,"{""type"":""MultiPoint"",""coordinates"":[]}"
2022_07_28,30.29506363977331,30.77150040254703,,0.4764367627737194,Hyderabad,2022-07-28,"{""type"":""MultiPoint"",""coordinates"":[]}"
2022_08_05,,,,,Hyderabad,2022-08-05,"{""type"":""MultiPoint"",""coordinates"":[]}"
2022_08_13,29.53461756645401,25.07000000000005,19.890000000000043,-4.46461756645396,Hyderabad,2022-08-13,"{""type"":""MultiPoint"",""coordinates"":[]}"
2022_08_21,29.222000000000037,,,,Hyderabad,2022-08-21,"{""type"":""MultiPoint"",""coordinates"":[]}"
2022_08_29,32.96943636776706,34.02191416774278,23.33319065155356,1.052477799975719,Hyderabad,2022-08-29,"{""type"":""MultiPoint"",""coordinates"":[]}"
2022_09_06,30.999995244888282,,,,Hyderabad,2022-09-06,"{""type"":""MultiPoint"",""coordinates"":[]}"
2022_09_14,28.78354685702212,30.042174639649083,21.080000000000023,1.258627782626963,Hyderabad,2022-09-14,"{""type"":""MultiPoint"",""coordinates"":[]}"
2022_09_22,30.688011577573782,31.494276252040862,21.595945020375144,0.8062646744670801,Hyderabad,2022-09-22,"{""type"":""MultiPoint"",""coordinates"":[]}"
2022_09_30,29.56001223725217,30.41630147137691,,0.8562892341247412,Hyderabad,2022-09-30,"{""type"":""MultiPoint"",""coordinates"":[]}"
2022_10_08,,,,,Hyderabad,2022-10-08,"{""type"":""MultiPoint"",""coordinates"":[]}"
2022_10_16,,,,,Hyderabad,2022-10-16,"{""type"":""MultiPoint"",""coordinates"":[]}"
2022_10_24,29.436653545110193,29.82712631017451,20.058817257933807,0.3904727650643167,Hyderabad,2022-10-24,"{""type"":""MultiPoint"",""coordinates"":[]}"
2022_11_01,30.290383034799774,30.147493340732563,20.75055951720313,-0.14288969406721108,Hyderabad,2022-11-01,"{""type"":""MultiPoint"",""coordinates"":[]}"
2022_11_09,30.320357257425748,29.751105963863647,20.421685640538,-0.5692512935621004,Hyderabad,2022-11-09,"{""type"":""MultiPoint"",""coordinates"":[]}"
2022_11_17,28.517422903645375,27.49457103246579,20.352790781589793,-1.0228518711795864,Hyderabad,2022-11-17,"{""type"":""MultiPoint"",""coordinates"":[]}"
2022_11_25,29.876327711505887,28.879834717550988,19.9098130276615,-0.9964929939548988,Hyderabad,2022-11-25,"{""type"":""MultiPoint"",""coordinates"":[]}"
2022_12_03,29.860703095006755,28.88856580561305,20.86666623949623,-0.9721372893937037,Hyderabad,2022-12-03,"{""type"":""MultiPoint"",""coordinates"":[]}"
2022_12_11,29.253682429758403,28.057063653249894,20.716214846883872,-1.1966187765085081,Hyderabad,2022-12-11,"{""type"":""MultiPoint"",""coordinates"":[]}"
2022_12_19,30.204427272878704,29.093026069686914,19.45291398295576,-1.1114012031917895,Hyderabad,2022-12-19,"{""type"":""MultiPoint"",""coordinates"":[]}"
2022_12_27,30.58279055590945,29.731996181447112,21.820049231534504,-0.850794374462339,Hyderabad,2022-12-27,"{""type"":""MultiPoint"",""coordinates"":[]}"
2023_01_01,28.82125142615937,28.02831542999502,19.52556155832526,-0.7929359961643527,Hyderabad,2023-01-01,"{""type"":""MultiPoint"",""coordinates"":[]}"
2023_01_09,30.46651693092043,29.38587721500949,18.99555355724925,-1.0806397159109409,Hyderabad,2023-01-09,"{""type"":""MultiPoint"",""coordinates"":[]}"
2023_01_17,31.038120987551512,29.984379773817256,20.21297445411549,-1.0537412137342557,Hyderabad,2023-01-17,"{""type"":""MultiPoint"",""coordinates"":[]}"
2023_01_25,30.48385246413491,29.093128640810363,19.123745347373095,-1.3907238233245458,Hyderabad,2023-01-25,"{""type"":""MultiPoint"",""coordinates"":[]}"
2023_02_02,32.306028922285634,31.021288282584884,20.453408554060243,-1.2847406397007504,Hyderabad,2023-02-02,"{""type"":""MultiPoint"",""coordinates"":[]}"
2023_02_10,35.0131548564306,33.65152459988147,20.04040608110466,-1.3616302565491338,Hyderabad,2023-02-10,"{""type"":""MultiPoint"",""coordinates"":[]}"
2023_02_18,36.342689034092345,34.72927583193277,22.415577142857178,-1.6134132021595775,Hyderabad,2023-02-18,"{""type"":""MultiPoint"",""coordinates"":[]}"
2023_02_26,34.84622014224541,33.7946144687141,22.257466606448833,-1.0516056735313057,Hyderabad,2023-02-26,"{""type"":""MultiPoint"",""coordinates"":[]}"
2023_03_06,35.59015030674532,34.32556635169275,22.391438767191023,-1.2645839550525722,Hyderabad,2023-03-06,"{""type"":""MultiPoint"",""coordinates"":[]}"
2023_03_14,34.21674929844862,32.82927205335251,21.53553200870838,-1.3874772450961075,Hyderabad,2023-03-14,"{""type"":""MultiPoint"",""coordinates"":[]}"
2023_03_22,35.288994553501645,34.149969230978726,24.465638287009668,-1.1390253225229188,Hyderabad,2023-03-22,"{""type"":""MultiPoint"",""coordinates"":[]}"
2023_03_30,38.56396039232986,37.07085482798794,25.75700527192194,-1.4931055643419242,Hyderabad,2023-03-30,"{""type"":""MultiPoint"",""coordinates"":[]}"
2023_04_07,40.465595942871744,38.85301563512919,26.132333767836112,-1.6125803077425545,Hyderabad,2023-04-07,"{""type"":""MultiPoint"",""coordinates"":[]}"
2023_04_15,38.787717833859226,37.062152582333155,25.929248238478777,-1.7255652515260707,Hyderabad,2023-04-15,"{""type"":""MultiPoint"",""coordinates"":[]}"
2023_04_23,34.96788447292979,34.512451334483124,24.91744572741128,-0.455433138446665,Hyderabad,2023-04-23,"{""type"":""MultiPoint"",""coordinates"":[]}"
2023_05_01,33.14098777305741,32.970633098396526,23.78310639869505,-0.17035467466088505,Hyderabad,2023-05-01,"{""type"":""MultiPoint"",""coordinates"":[]}"
2023_05_09,36.6156529075494,36.1105303206607,25.954652858583543,-0.505122586888703,Hyderabad,2023-05-09,"{""type"":""MultiPoint"",""coordinates"":[]}"
2023_05_17,38.41905138047608,36.90940298507467,27.03664021323881,-1.5096483954014062,Hyderabad,2023-05-17,"{""type"":""MultiPoint"",""coordinates"":[]}"
2023_05_25,38.08295839167932,36.37453271250709,26.08576068236434,-1.7084256791722296,Hyderabad,2023-05-25,"{""type"":""MultiPoint"",""coordinates"":[]}"
2023_06_02,37.89220209994824,35.96128447393569,26.337602871105283,-1.9309176260125511,Hyderabad,2023-06-02,"{""type"":""MultiPoint"",""coordinates"":[]}"
2023_06_10,38.59940523128737,36.645819606391484,26.88120282970369,-1.9535856248958865,Hyderabad,2023-06-10,"{""type"":""MultiPoint"",""coordinates"":[]}"
2023_06_18,38.34517302611428,35.79363623678799,26.95925566343047,-2.551536789326292,Hyderabad,2023-06-18,"{""type"":""MultiPoint"",""coordinates"":[]}"
2023_06_26,35.07587735555167,34.60977398369019,22.247788131437016,-0.4661033718614789,Hyderabad,2023-06-26,"{""type"":""MultiPoint"",""coordinates"":[]}"
2023_07_04,,24.950000000000045,,,Hyderabad,2023-07-04,"{""type"":""MultiPoint"",""coordinates"":[]}"
2023_07_12,,,,,Hyderabad,2023-07-12,"{""type"":""MultiPoint"",""coordinates"":[]}"
2023_07_20,,,,,Hyderabad,2023-07-20,"{""type"":""MultiPoint"",""coordinates"":[]}"
2023_07_28,29.585410963375658,,,,Hyderabad,2023-07-28,"{""type"":""MultiPoint"",""coordinates"":[]}"
2023_08_05,30.527702235892576,29.97475462110806,23.218943043061238,-0.5529476147845145,Hyderabad,2023-08-05,"{""type"":""MultiPoint"",""coordinates"":[]}"
2023_08_13,33.85129545588497,,,,Hyderabad,2023-08-13,"{""type"":""MultiPoint"",""coordinates"":[]}"
2023_08_21,31.922476059581776,31.20048176497076,,-0.7219942946110152,Hyderabad,2023-08-21,"{""type"":""MultiPoint"",""coordinates"":[]}"
2023_08_29,30.09628413192899,29.299855260595866,22.838173773825776,-0.7964288713331236,Hyderabad,2023-08-29,"{""type"":""MultiPoint"",""coordinates"":[]}"
2023_09_06,27.879006800114954,27.214066567100513,,-0.6649402330144412,Hyderabad,2023-09-06,"{""type"":""MultiPoint"",""coordinates"":[]}"
2023_09_14,30.36915019514035,31.02225750763326,24.197715020994206,0.6531073124929101,Hyderabad,2023-09-14,"{""type"":""MultiPoint"",""coordinates"":[]}"
2023_09_22,31.174865663220483,29.317115879632812,,-1.8577497835876713,Hyderabad,2023-09-22,"{""type"":""MultiPoint"",""coordinates"":[]}"
2023_09_30,30.089231405459323,30.819858432934925,23.166482204515283,0.7306270274756024,Hyderabad,2023-09-30,"{""type"":""MultiPoint"",""coordinates"":[]}"
2023_10_08,32.42440919099853,32.67288211150071,24.03265038462588,0.24847292050218073,Hyderabad,2023-10-08,"{""type"":""MultiPoint"",""coordinates"":[]}"
2023_10_16,31.934954807218773,31.944229015007807,23.1342924271175,0.00927420778903354,Hyderabad,2023-10-16,"{""type"":""MultiPoint"",""coordinates"":[]}"
2023_10_24,31.829575197955204,31.651755572594368,21.45293143107511,-0.1778196253608364,Hyderabad,2023-10-24,"{""type"":""MultiPoint"",""coordinates"":[]}"
2023_11_01,30.611000000000036,,,,Hyderabad,2023-11-01,"{""type"":""MultiPoint"",""coordinates"":[]}"
2023_11_09,31.43778026555587,30.503703789587636,21.51393082755375,-0.934076475968233,Hyderabad,2023-11-09,"{""type"":""MultiPoint"",""coordinates"":[]}"
2023_11_17,30.544408057602265,29.258414980841362,21.79534190323157,-1.285993076760903,Hyderabad,2023-11-17,"{""type"":""MultiPoint"",""coordinates"":[]}"
2023_11_25,29.809606829037303,28.705197048605108,21.442593219281186,-1.1044097804321957,Hyderabad,2023-11-25,"{""type"":""MultiPoint"",""coordinates"":[]}"
2023_12_03,29.447695816160145,27.994295681394277,19.975354188321422,-1.453400134765868,Hyderabad,2023-12-03,"{""type"":""MultiPoint"",""coordinates"":[]}"
2023_12_11,28.85309740528371,27.294869461130308,18.801059565430027,-1.5582279441534013,Hyderabad,2023-12-11,"{""type"":""MultiPoint"",""coordinates"":[]}"
2023_12_19,28.203573391487346,26.458420714663472,17.980793231094676,-1.7451526768238743,Hyderabad,2023-12-19,"{""type"":""MultiPoint"",""coordinates"":[]}"
2023_12_27,28.76124246166111,27.391853217045732,19.277506059446402,-1.3693892446153768,Hyderabad,2023-12-27,"{""type"":""MultiPoint"",""coordinates"":[]}"
2024_01_01,28.266343308078834,26.90427588656465,19.344558353429463,-1.3620674215141833,Hyderabad,2024-01-01,"{""type"":""MultiPoint"",""coordinates"":[]}"
2024_01_09,31.209830762266986,29.68585825161757,21.51637222065293,-1.5239725106494149,Hyderabad,2024-01-09,"{""type"":""MultiPoint"",""coordinates"":[]}"
2024_01_17,29.914940019222264,28.538967520824396,21.166573533973434,-1.3759724983978678,Hyderabad,2024-01-17,"{""type"":""MultiPoint"",""coordinates"":[]}"
2024_01_25,29.514193276362537,28.194398949513406,20.78167761536596,-1.3197943268491308,Hyderabad,2024-01-25,"{""type"":""MultiPoint"",""coordinates"":[]}"
2024_02_02,32.344530663850556,31.26084312559053,23.579764495923296,-1.0836875382600262,Hyderabad,2024-02-02,"{""type"":""MultiPoint"",""coordinates"":[]}"
2024_02_10,31.892901544943104,30.41423484658178,22.07684112686168,-1.478666698361323,Hyderabad,2024-02-10,"{""type"":""MultiPoint"",""coordinates"":[]}"
2024_02_18,33.45799258723283,32.24401842875592,23.335068516302666,-1.2139741584769084,Hyderabad,2024-02-18,"{""type"":""MultiPoint"",""coordinates"":[]}"
2024_02_26,35.15187645363817,33.77286066010114,24.290504524886927,-1.3790157935370289,Hyderabad,2024-02-26,"{""type"":""MultiPoint"",""coordinates"":[]}"
2024_03_05,35.48930329535142,34.31233085976786,25.40733602435514,-1.1769724355835578,Hyderabad,2024-03-05,"{""type"":""MultiPoint"",""coordinates"":[]}"
2024_03_13,34.9827650244415,33.40255504423683,24.945935790762203,-1.5802099802046712,Hyderabad,2024-03-13,"{""type"":""MultiPoint"",""coordinates"":[]}"
2024_03_21,37.84105492371622,35.99945292086917,26.1104181953564,-1.841602002847054,Hyderabad,2024-03-21,"{""type"":""MultiPoint"",""coordinates"":[]}"
2024_03_29,38.830480940235255,37.57327709520215,28.09180781110584,-1.2572038450331036,Hyderabad,2024-03-29,"{""type"":""MultiPoint"",""coordinates"":[]}"
2024_04_06,37.45405285659271,35.794614403729526,27.128164330031247,-1.659438452863185,Hyderabad,2024-04-06,"{""type"":""MultiPoint"",""coordinates"":[]}"
2024_04_14,40.990636064788816,39.28814032736398,28.6042454659519,-1.702495737424833,Hyderabad,2024-04-14,"{""type"":""MultiPoint"",""coordinates"":[]}"
2024_04_22,41.98789021400198,40.45431545330479,29.180922542968236,-1.5335747606971921,Hyderabad,2024-04-22,"{""type"":""MultiPoint"",""coordinates"":[]}"
2024_04_30,42.198649664938216,39.95453009474781,29.988709129744297,-2.2441195701904064,Hyderabad,2024-04-30,"{""type"":""MultiPoint"",""coordinates"":[]}"
2024_05_08,38.57076869669481,36.25011429232799,26.662836185819092,-2.3206544043668202,Hyderabad,2024-05-08,"{""type"":""MultiPoint"",""coordinates"":[]}"
2024_05_16,34.936899510962725,35.55233453445609,26.60141483542136,0.6154350234933617,Hyderabad,2024-05-16,"{""type"":""MultiPoint"",""coordinates"":[]}"
2024_05_24,36.15716185787726,34.59031217169444,28.559988293561492,-1.5668496861828203,Hyderabad,2024-05-24,"{""type"":""MultiPoint"",""coordinates"":[]}"
2024_06_01,33.92628837509505,32.819398694386585,27.0134769278468,-1.1068896807084627,Hyderabad,2024-06-01,"{""type"":""MultiPoint"",""coordinates"":[]}"
2024_06_09,34.742058686725386,33.96752452959229,24.23560986541936,-0.7745341571330968,Hyderabad,2024-06-09,"{""type"":""MultiPoint"",""coordinates"":[]}"
2024_06_17,34.886005710646515,32.257410893877264,25.230452429370956,-2.628594816769251,Hyderabad,2024-06-17,"{""type"":""MultiPoint"",""coordinates"":[]}"
2024_06_25,34.481793335591526,32.215509137173285,23.920916067612232,-2.2662841984182407,Hyderabad,2024-06-25,"{""type"":""MultiPoint"",""coordinates"":[]}"
2024_07_03,28.037647885524493,,,,Hyderabad,2024-07-03,"{""type"":""MultiPoint"",""coordinates"":[]}"
2024_07_11,,,,,Hyderabad,2024-07-11,"{""type"":""MultiPoint"",""coordinates"":[]}"
2024_07_19,,,,,Hyderabad,2024-07-19,"{""type"":""MultiPoint"",""coordinates"":[]}"
2024_07_27,27.087302983273013,,,,Hyderabad,2024-07-27,"{""type"":""MultiPoint"",""coordinates"":[]}"
2024_08_04,29.264419936980833,,,,Hyderabad,2024-08-04,"{""type"":""MultiPoint"",""coordinates"":[]}"
2024_08_12,29.79388998422716,28.763333333333378,,-1.0305566508937822,Hyderabad,2024-08-12,"{""type"":""MultiPoint"",""coordinates"":[]}"
2024_08_20,,,,,Hyderabad,2024-08-20,"{""type"":""MultiPoint"",""coordinates"":[]}"
2024_08_28,,,,,Hyderabad,2024-08-28,"{""type"":""MultiPoint"",""coordinates"":[]}"
2024_09_05,26.136155166060796,24.815301387137477,19.78500000000004,-1.3208537789233183,Hyderabad,2024-09-05,"{""type"":""MultiPoint"",""coordinates"":[]}"
2024_09_13,29.21466762339555,29.702874409757975,23.218152252043065,0.48820678636242576,Hyderabad,2024-09-13,"{""type"":""MultiPoint"",""coordinates"":[]}"
2024_09_21,28.785749250961246,29.921695768972505,22.95995713328871,1.1359465180112593,Hyderabad,2024-09-21,"{""type"":""MultiPoint"",""coordinates"":[]}"
2024_09_29,30.075005247509623,31.253009689408053,23.67755607910807,1.1780044418984303,Hyderabad,2024-09-29,"{""type"":""MultiPoint"",""coordinates"":[]}"
2024_10_07,29.25637665442978,29.865952712784313,24.00787557679334,0.6095760583545342,Hyderabad,2024-10-07,"{""type"":""MultiPoint"",""coordinates"":[]}"
2024_10_15,27.33117647058826,,,,Hyderabad,2024-10-15,"{""type"":""MultiPoint"",""coordinates"":[]}"
2024_10_23,29.34030300396071,29.91795837608094,22.073953620922737,0.5776553721202298,Hyderabad,2024-10-23,"{""type"":""MultiPoint"",""coordinates"":[]}"
2024_10_31,30.22204605758965,30.08363900351519,22.77071701491236,-0.13840705407445952,Hyderabad,2024-10-31,"{""type"":""MultiPoint"",""coordinates"":[]}"
2024_11_08,29.036211835505704,28.821140817612868,22.24482535215401,-0.21507101789283567,Hyderabad,2024-11-08,"{""type"":""MultiPoint"",""coordinates"":[]}"
2024_11_16,28.833159811794875,27.987207500961137,20.12281997978103,-0.8459523108337379,Hyderabad,2024-11-16,"{""type"":""MultiPoint"",""coordinates"":[]}"
2024_11_24,27.395583468684144,26.140172567812456,17.36314562128035,-1.2554109008716878,Hyderabad,2024-11-24,"{""type"":""MultiPoint"",""coordinates"":[]}"
2024_12_02,29.054824967182526,27.37018202399822,21.56697351143312,-1.6846429431843077,Hyderabad,2024-12-02,"{""type"":""MultiPoint"",""coordinates"":[]}"
2024_12_10,25.84887029385951,25.259657993314434,18.21102299642206,-0.5892123005450749,Hyderabad,2024-12-10,"{""type"":""MultiPoint"",""coordinates"":[]}"
2024_12_18,27.676541830503087,25.778919925656954,19.46265154401876,-1.8976219048461331,Hyderabad,2024-12-18,"{""type"":""MultiPoint"",""coordinates"":[]}"
2024_12_26,27.773281108235256,26.478032064861257,19.98319353216395,-1.2952490433739996,Hyderabad,2024-12-26,"{""type"":""MultiPoint"",""coordinates"":[]}"
