system:index,LST_Day_Rural,LST_Day_Urban,LST_Night_Urban,UHI_Index,city,date,.geo
2000_02_18,,,,,Jaipur,2000-02-18,"{""type"":""MultiPoint"",""coordinates"":[]}"
2000_02_26,32.1097105019699,31.51493111583606,12.105450150001495,-0.5947793861338404,Jaipur,2000-02-26,"{""type"":""MultiPoint"",""coordinates"":[]}"
2000_03_05,32.43003937589001,31.523137214725498,11.19095629774907,-0.9069021611645134,Jaipur,2000-03-05,"{""type"":""MultiPoint"",""coordinates"":[]}"
2000_03_13,37.00068820490432,36.04947502000465,13.355550040991066,-0.9512131848996717,Jaipur,2000-03-13,"{""type"":""MultiPoint"",""coordinates"":[]}"
2000_03_21,38.49206336732476,37.436887710380816,14.52810394049356,-1.0551756569439448,Jaipur,2000-03-21,"{""type"":""MultiPoint"",""coordinates"":[]}"
2000_03_29,44.442071828775134,43.365385069827816,18.060516977550513,-1.076686758947318,Jaipur,2000-03-29,"{""type"":""MultiPoint"",""coordinates"":[]}"
2000_04_06,48.66133399860715,47.53419482954631,19.029977066139125,-1.1271391690608397,Jaipur,2000-04-06,"{""type"":""MultiPoint"",""coordinates"":[]}"
2000_04_14,43.99204328437325,43.43475131830969,21.243093359964902,-0.5572919660635662,Jaipur,2000-04-14,"{""type"":""MultiPoint"",""coordinates"":[]}"
2000_04_22,42.64809695355935,41.97631027407657,21.721343058473302,-0.6717866794827856,Jaipur,2000-04-22,"{""type"":""MultiPoint"",""coordinates"":[]}"
2000_04_30,48.661400983357936,48.060492607447586,23.732681373127313,-0.6009083759103504,Jaipur,2000-04-30,"{""type"":""MultiPoint"",""coordinates"":[]}"
2000_05_08,41.78915011286198,42.05559185937863,22.808058962080526,0.266441746516648,Jaipur,2000-05-08,"{""type"":""MultiPoint"",""coordinates"":[]}"
2000_05_16,43.71644134676361,43.92857082746914,26.526861333991125,0.21212948070552784,Jaipur,2000-05-16,"{""type"":""MultiPoint"",""coordinates"":[]}"
2000_05_24,43.28612976431117,43.230439305569796,27.253570575882062,-0.055690458741374016,Jaipur,2000-05-24,"{""type"":""MultiPoint"",""coordinates"":[]}"
2000_06_01,42.25367552816173,42.45741865258214,24.991193499586267,0.20374312442041287,Jaipur,2000-06-01,"{""type"":""MultiPoint"",""coordinates"":[]}"
2000_06_09,35.48407877418718,34.43404371727752,23.787036125654495,-1.050035056909664,Jaipur,2000-06-09,"{""type"":""MultiPoint"",""coordinates"":[]}"
2000_06_17,40.84763383653178,40.20394830795524,23.544756034298643,-0.6436855285765404,Jaipur,2000-06-17,"{""type"":""MultiPoint"",""coordinates"":[]}"
2000_06_25,40.46781817616437,39.758753359131475,25.084691497366478,-0.7090648170328961,Jaipur,2000-06-25,"{""type"":""MultiPoint"",""coordinates"":[]}"
2000_07_03,40.28210961681572,39.684950527297055,24.894090909090945,-0.5971590895186623,Jaipur,2000-07-03,"{""type"":""MultiPoint"",""coordinates"":[]}"
2000_07_11,,,,,Jaipur,2000-07-11,"{""type"":""MultiPoint"",""coordinates"":[]}"
2000_07_19,29.382810060711225,,,,Jaipur,2000-07-19,"{""type"":""MultiPoint"",""coordinates"":[]}"
2000_07_27,35.80104483262132,35.42572514040307,,-0.37531969221825534,Jaipur,2000-07-27,"{""type"":""MultiPoint"",""coordinates"":[]}"
2000_08_04,37.30815048476723,38.07541746180989,21.658778008434,0.7672669770426594,Jaipur,2000-08-04,"{""type"":""MultiPoint"",""coordinates"":[]}"
2000_08_12,,,,,Jaipur,2000-08-12,"{""type"":""MultiPoint"",""coordinates"":[]}"
2000_08_20,34.90939628048971,33.925683459612785,24.905158846204994,-0.9837128208769244,Jaipur,2000-08-20,"{""type"":""MultiPoint"",""coordinates"":[]}"
2000_08_28,30.49836130306023,,,,Jaipur,2000-08-28,"{""type"":""MultiPoint"",""coordinates"":[]}"
2000_09_05,31.77571723264968,31.457882022721368,21.82929221525578,-0.3178352099283117,Jaipur,2000-09-05,"{""type"":""MultiPoint"",""coordinates"":[]}"
2000_09_13,37.7706279768402,37.028611655885065,23.08487174233332,-0.7420163209551376,Jaipur,2000-09-13,"{""type"":""MultiPoint"",""coordinates"":[]}"
2000_09_21,35.95296855542037,35.70790065275299,21.869838421684307,-0.24506790266737966,Jaipur,2000-09-21,"{""type"":""MultiPoint"",""coordinates"":[]}"
2000_09_29,42.34661866300758,41.594950114443314,21.575219789893808,-0.7516685485642682,Jaipur,2000-09-29,"{""type"":""MultiPoint"",""coordinates"":[]}"
2000_10_07,41.489844613155206,40.42018447874485,20.245121877261997,-1.0696601344103556,Jaipur,2000-10-07,"{""type"":""MultiPoint"",""coordinates"":[]}"
2000_10_15,43.61393330630657,42.59243225881805,18.24222925346022,-1.0215010474885204,Jaipur,2000-10-15,"{""type"":""MultiPoint"",""coordinates"":[]}"
2000_10_23,40.23012789887835,39.16252251728751,17.421840119971268,-1.0676053815908375,Jaipur,2000-10-23,"{""type"":""MultiPoint"",""coordinates"":[]}"
2000_10_31,38.59713643309329,37.38412181857306,16.23219532740811,-1.2130146145202332,Jaipur,2000-10-31,"{""type"":""MultiPoint"",""coordinates"":[]}"
2000_11_08,36.67149056662619,35.63006561584113,15.097434045840885,-1.041424950785057,Jaipur,2000-11-08,"{""type"":""MultiPoint"",""coordinates"":[]}"
2000_11_16,32.261306348166926,31.565896956142584,12.888387526012517,-0.6954093920243416,Jaipur,2000-11-16,"{""type"":""MultiPoint"",""coordinates"":[]}"
2000_11_24,31.095653725013253,30.296335132095077,9.41987748287464,-0.7993185929181763,Jaipur,2000-11-24,"{""type"":""MultiPoint"",""coordinates"":[]}"
2000_12_02,30.837125227388487,30.067271957486557,8.1548538114148,-0.7698532699019296,Jaipur,2000-12-02,"{""type"":""MultiPoint"",""coordinates"":[]}"
2000_12_10,28.787638070290363,28.049960187881805,9.907643605087875,-0.7376778824085584,Jaipur,2000-12-10,"{""type"":""MultiPoint"",""coordinates"":[]}"
2000_12_18,27.529291088450336,26.9324121613051,7.068384029116267,-0.5968789271452373,Jaipur,2000-12-18,"{""type"":""MultiPoint"",""coordinates"":[]}"
2000_12_26,26.093619200788034,25.69969206019275,8.291563847228165,-0.39392714059528444,Jaipur,2000-12-26,"{""type"":""MultiPoint"",""coordinates"":[]}"
2001_01_01,22.75065485259683,20.77948349710257,6.6538775510204395,-1.9711713554942598,Jaipur,2001-01-01,"{""type"":""MultiPoint"",""coordinates"":[]}"
2001_01_09,25.344248541074045,24.378583422340398,5.818806402115763,-0.9656651187336465,Jaipur,2001-01-09,"{""type"":""MultiPoint"",""coordinates"":[]}"
2001_01_17,26.13318376641094,25.37929209791184,7.4894344202995935,-0.7538916684991008,Jaipur,2001-01-17,"{""type"":""MultiPoint"",""coordinates"":[]}"
2001_01_25,27.817776176962873,27.273065263075004,7.805567268557516,-0.5447109138878687,Jaipur,2001-01-25,"{""type"":""MultiPoint"",""coordinates"":[]}"
2001_02_02,28.122478435775115,27.338373638472795,7.1847533084290625,-0.7841047973023194,Jaipur,2001-02-02,"{""type"":""MultiPoint"",""coordinates"":[]}"
2001_02_10,28.790842797891937,28.16160888009475,10.48851478457621,-0.6292339177971868,Jaipur,2001-02-10,"{""type"":""MultiPoint"",""coordinates"":[]}"
2001_02_18,31.67201981268378,30.826527286452272,13.034185846864371,-0.8454925262315065,Jaipur,2001-02-18,"{""type"":""MultiPoint"",""coordinates"":[]}"
2001_02_26,31.557890541678375,31.04315853825537,11.424306789364604,-0.5147320034230063,Jaipur,2001-02-26,"{""type"":""MultiPoint"",""coordinates"":[]}"
2001_03_06,35.24713504017631,34.40407147232596,14.380600905013173,-0.8430635678503506,Jaipur,2001-03-06,"{""type"":""MultiPoint"",""coordinates"":[]}"
2001_03_14,38.54272383862964,38.071146420765466,15.989746994074507,-0.4715774178641752,Jaipur,2001-03-14,"{""type"":""MultiPoint"",""coordinates"":[]}"
2001_03_22,39.60600895038353,38.50439256998656,15.952389811608722,-1.101616380396976,Jaipur,2001-03-22,"{""type"":""MultiPoint"",""coordinates"":[]}"
2001_03_30,39.91738819762809,38.9012515043877,17.111526351446884,-1.0161366932403908,Jaipur,2001-03-30,"{""type"":""MultiPoint"",""coordinates"":[]}"
2001_04_07,43.03727179551133,42.361526968827974,18.979869418245997,-0.6757448266833563,Jaipur,2001-04-07,"{""type"":""MultiPoint"",""coordinates"":[]}"
2001_04_15,41.510410557062805,40.84723612110886,16.552469578332474,-0.6631744359539482,Jaipur,2001-04-15,"{""type"":""MultiPoint"",""coordinates"":[]}"
2001_04_23,47.04651450608624,46.26361100593211,22.255177428907093,-0.7829035001541271,Jaipur,2001-04-23,"{""type"":""MultiPoint"",""coordinates"":[]}"
2001_05_01,46.13905753578443,45.295682746908675,25.206602065874513,-0.8433747888757566,Jaipur,2001-05-01,"{""type"":""MultiPoint"",""coordinates"":[]}"
2001_05_09,45.62185405557122,45.06839591606325,25.423094876586454,-0.553458139507967,Jaipur,2001-05-09,"{""type"":""MultiPoint"",""coordinates"":[]}"
2001_05_17,37.40018000107004,36.917080678322016,20.992669252416867,-0.4830993227480249,Jaipur,2001-05-17,"{""type"":""MultiPoint"",""coordinates"":[]}"
2001_05_25,41.39869112999139,40.88575614030695,25.905564157131785,-0.5129349896844388,Jaipur,2001-05-25,"{""type"":""MultiPoint"",""coordinates"":[]}"
2001_06_02,39.67158110769808,37.91634892000387,23.684166945426778,-1.7552321876942116,Jaipur,2001-06-02,"{""type"":""MultiPoint"",""coordinates"":[]}"
2001_06_10,41.65856766233126,41.43864892049727,23.815852212551686,-0.21991874183398608,Jaipur,2001-06-10,"{""type"":""MultiPoint"",""coordinates"":[]}"
2001_06_26,,,,,Jaipur,2001-06-26,"{""type"":""MultiPoint"",""coordinates"":[]}"
2001_07_04,35.52035908440632,34.89839897698213,25.144132992327393,-0.6219601074241936,Jaipur,2001-07-04,"{""type"":""MultiPoint"",""coordinates"":[]}"
2001_07_12,,,,,Jaipur,2001-07-12,"{""type"":""MultiPoint"",""coordinates"":[]}"
2001_07_20,30.345440993788856,,,,Jaipur,2001-07-20,"{""type"":""MultiPoint"",""coordinates"":[]}"
2001_07_28,30.387098291491682,29.70291428571433,22.859992556754772,-0.6841840057773538,Jaipur,2001-07-28,"{""type"":""MultiPoint"",""coordinates"":[]}"
2001_08_05,28.707751574313008,26.47480712166176,24.518961424332375,-2.232944452651246,Jaipur,2001-08-05,"{""type"":""MultiPoint"",""coordinates"":[]}"
2001_08_13,38.64404008438822,,,,Jaipur,2001-08-13,"{""type"":""MultiPoint"",""coordinates"":[]}"
2001_08_21,32.89975320422872,32.35385694709247,22.517949634572606,-0.5458962571362562,Jaipur,2001-08-21,"{""type"":""MultiPoint"",""coordinates"":[]}"
2001_08_29,34.91754090501141,34.34733628034081,23.58477045491083,-0.5702046246705947,Jaipur,2001-08-29,"{""type"":""MultiPoint"",""coordinates"":[]}"
2001_09_06,37.455529261149856,37.7546253490134,22.726324590266067,0.29909608786354624,Jaipur,2001-09-06,"{""type"":""MultiPoint"",""coordinates"":[]}"
2001_09_14,40.362440744502386,40.19837480681572,22.945308997006855,-0.1640659376866651,Jaipur,2001-09-14,"{""type"":""MultiPoint"",""coordinates"":[]}"
2001_09_22,42.77093154956815,42.27571003630748,21.58370865594456,-0.49522151326066677,Jaipur,2001-09-22,"{""type"":""MultiPoint"",""coordinates"":[]}"
2001_09_30,40.032090158765875,39.22156587193431,22.60101732585009,-0.8105242868315656,Jaipur,2001-09-30,"{""type"":""MultiPoint"",""coordinates"":[]}"
2001_10_08,37.61162389164355,36.806400533443224,18.348526461330295,-0.8052233582003296,Jaipur,2001-10-08,"{""type"":""MultiPoint"",""coordinates"":[]}"
2001_10_16,40.22365023232603,38.40511877024082,17.1630793497442,-1.818531462085211,Jaipur,2001-10-16,"{""type"":""MultiPoint"",""coordinates"":[]}"
2001_10_24,39.18472527312626,38.25466718059859,18.259918277675766,-0.9300580925276734,Jaipur,2001-10-24,"{""type"":""MultiPoint"",""coordinates"":[]}"
2001_11_01,36.719547946487076,35.62563149098147,17.172532137223,-1.0939164555056067,Jaipur,2001-11-01,"{""type"":""MultiPoint"",""coordinates"":[]}"
2001_11_09,34.86583781873365,33.82147952892747,13.096325576508931,-1.0443582898061834,Jaipur,2001-11-09,"{""type"":""MultiPoint"",""coordinates"":[]}"
2001_11_17,33.4218482760055,32.44535359084077,11.254630989553243,-0.9764946851647309,Jaipur,2001-11-17,"{""type"":""MultiPoint"",""coordinates"":[]}"
2001_11_25,31.560031184707064,30.69347837862672,9.472330632766576,-0.866552806080346,Jaipur,2001-11-25,"{""type"":""MultiPoint"",""coordinates"":[]}"
2001_12_03,31.36153058700016,30.533559276156186,11.966244569460898,-0.8279713108439744,Jaipur,2001-12-03,"{""type"":""MultiPoint"",""coordinates"":[]}"
2001_12_11,27.59145516991045,27.080811216322388,10.669487314460628,-0.5106439535880618,Jaipur,2001-12-11,"{""type"":""MultiPoint"",""coordinates"":[]}"
2001_12_19,26.310045779149988,25.63220571039505,7.210643961259738,-0.6778400687549393,Jaipur,2001-12-19,"{""type"":""MultiPoint"",""coordinates"":[]}"
2001_12_27,25.83556409315794,25.245679388381255,7.522571515860123,-0.5898847047766864,Jaipur,2001-12-27,"{""type"":""MultiPoint"",""coordinates"":[]}"
2002_01_01,25.02683987662321,24.37068622763536,7.29098989402314,-0.6561536489878499,Jaipur,2002-01-01,"{""type"":""MultiPoint"",""coordinates"":[]}"
2002_01_09,26.21313745719766,25.99960060224315,9.916014079785489,-0.21353685495451202,Jaipur,2002-01-09,"{""type"":""MultiPoint"",""coordinates"":[]}"
2002_01_17,23.709015892096424,23.367483483483515,8.883474597273885,-0.3415324086129097,Jaipur,2002-01-17,"{""type"":""MultiPoint"",""coordinates"":[]}"
2002_01_25,24.591207058772163,24.346629397429027,7.304897831881028,-0.2445776613431363,Jaipur,2002-01-25,"{""type"":""MultiPoint"",""coordinates"":[]}"
2002_02_02,25.843290759691385,25.16941524087423,8.027558100122336,-0.6738755188171552,Jaipur,2002-02-02,"{""type"":""MultiPoint"",""coordinates"":[]}"
2002_02_10,24.114242757096278,23.912277791583886,9.268310967528196,-0.20196496551239207,Jaipur,2002-02-10,"{""type"":""MultiPoint"",""coordinates"":[]}"
2002_02_18,29.485504599744306,29.213238957082723,13.746613804019969,-0.2722656426615835,Jaipur,2002-02-18,"{""type"":""MultiPoint"",""coordinates"":[]}"
2002_02_26,30.732325103465552,30.282709534191476,12.482666029527435,-0.4496155692740764,Jaipur,2002-02-26,"{""type"":""MultiPoint"",""coordinates"":[]}"
2002_03_06,31.564809768846843,31.09189804126404,15.093441734134291,-0.472911727582801,Jaipur,2002-03-06,"{""type"":""MultiPoint"",""coordinates"":[]}"
2002_03_14,38.67574129167059,38.4754270831822,15.272093389450003,-0.20031420848839332,Jaipur,2002-03-14,"{""type"":""MultiPoint"",""coordinates"":[]}"
2002_03_22,45.600692813312435,44.84463713117408,15.401856362584486,-0.7560556821383528,Jaipur,2002-03-22,"{""type"":""MultiPoint"",""coordinates"":[]}"
2002_03_30,42.223882371285285,41.73744482956141,18.746060447188835,-0.4864375417238733,Jaipur,2002-03-30,"{""type"":""MultiPoint"",""coordinates"":[]}"
2002_04_07,43.05994428332345,41.63491258004103,18.024325008089917,-1.4250317032824213,Jaipur,2002-04-07,"{""type"":""MultiPoint"",""coordinates"":[]}"
2002_04_15,45.715640357168795,44.99722539793365,22.935509350167052,-0.7184149592351474,Jaipur,2002-04-15,"{""type"":""MultiPoint"",""coordinates"":[]}"
2002_04_23,43.78683649858104,43.22897939896083,21.833211940473934,-0.5578570996202075,Jaipur,2002-04-23,"{""type"":""MultiPoint"",""coordinates"":[]}"
2002_05_01,44.625101714119324,43.903240684971074,24.333449829344847,-0.7218610291482506,Jaipur,2002-05-01,"{""type"":""MultiPoint"",""coordinates"":[]}"
2002_05_09,45.81729275163465,45.40988647049939,28.40708273036014,-0.4074062811352661,Jaipur,2002-05-09,"{""type"":""MultiPoint"",""coordinates"":[]}"
2002_05_17,43.708749929834546,43.29667784566177,26.27708340016431,-0.4120720841727774,Jaipur,2002-05-17,"{""type"":""MultiPoint"",""coordinates"":[]}"
2002_05_25,41.503601439448595,41.01151062147912,24.57150161598578,-0.4920908179694763,Jaipur,2002-05-25,"{""type"":""MultiPoint"",""coordinates"":[]}"
2002_06_02,43.386810697189496,43.204313821138264,28.05968780487805,-0.182496876051232,Jaipur,2002-06-02,"{""type"":""MultiPoint"",""coordinates"":[]}"
2002_06_10,44.10978107165072,43.857592462820286,26.322260375301745,-0.25218860883043703,Jaipur,2002-06-10,"{""type"":""MultiPoint"",""coordinates"":[]}"
2002_06_18,39.8562051906869,40.57351163578852,26.999022254857696,0.7173064451016202,Jaipur,2002-06-18,"{""type"":""MultiPoint"",""coordinates"":[]}"
2002_06_26,39.816446838998594,39.28801893627538,25.935256545364748,-0.5284279027232159,Jaipur,2002-06-26,"{""type"":""MultiPoint"",""coordinates"":[]}"
2002_07_04,38.62167795152719,38.22243532641856,25.91239139719345,-0.3992426251086272,Jaipur,2002-07-04,"{""type"":""MultiPoint"",""coordinates"":[]}"
2002_07_12,41.91307336912319,41.51700000000001,26.952000000000034,-0.3960733691231795,Jaipur,2002-07-12,"{""type"":""MultiPoint"",""coordinates"":[]}"
2002_07_20,37.43444190977161,36.79243637700277,21.111770849099468,-0.6420055327688345,Jaipur,2002-07-20,"{""type"":""MultiPoint"",""coordinates"":[]}"
2002_07_28,36.41152641878673,,,,Jaipur,2002-07-28,"{""type"":""MultiPoint"",""coordinates"":[]}"
2002_08_05,36.832779974320275,36.591334325557355,,-0.24144564876291952,Jaipur,2002-08-05,"{""type"":""MultiPoint"",""coordinates"":[]}"
2002_08_13,37.063710631089215,36.542182154757526,20.112128440366998,-0.5215284763316888,Jaipur,2002-08-13,"{""type"":""MultiPoint"",""coordinates"":[]}"
2002_08_21,,,,,Jaipur,2002-08-21,"{""type"":""MultiPoint"",""coordinates"":[]}"
2002_08_29,36.68238095238099,33.470000000000056,24.120000000000033,-3.212380952380933,Jaipur,2002-08-29,"{""type"":""MultiPoint"",""coordinates"":[]}"
2002_09_06,37.08387692938191,35.556176816310035,22.68660021329432,-1.527700113071873,Jaipur,2002-09-06,"{""type"":""MultiPoint"",""coordinates"":[]}"
2002_09_14,37.92466713015917,36.765506435980114,22.197224963269985,-1.1591606941790573,Jaipur,2002-09-14,"{""type"":""MultiPoint"",""coordinates"":[]}"
2002_09_22,40.28247095144543,39.766170948762685,22.111239294760015,-0.5163000026827476,Jaipur,2002-09-22,"{""type"":""MultiPoint"",""coordinates"":[]}"
2002_09_30,42.05559037847852,41.379981564831965,20.698235224899296,-0.675608813646555,Jaipur,2002-09-30,"{""type"":""MultiPoint"",""coordinates"":[]}"
2002_10_08,40.09900088356658,39.59098107579366,22.74972369109188,-0.508019807772925,Jaipur,2002-10-08,"{""type"":""MultiPoint"",""coordinates"":[]}"
2002_10_16,39.09878117691077,38.12940963068777,19.501627418349273,-0.9693715462230017,Jaipur,2002-10-16,"{""type"":""MultiPoint"",""coordinates"":[]}"
2002_10_24,39.38747200133047,38.448026564000145,16.129319865905405,-0.9394454373303276,Jaipur,2002-10-24,"{""type"":""MultiPoint"",""coordinates"":[]}"
2002_11_01,35.21084315131856,34.52761655722784,16.244034281281106,-0.6832265940907192,Jaipur,2002-11-01,"{""type"":""MultiPoint"",""coordinates"":[]}"
2002_11_09,33.53893055165748,32.57089919088592,14.526446941399847,-0.9680313607715618,Jaipur,2002-11-09,"{""type"":""MultiPoint"",""coordinates"":[]}"
2002_11_17,34.24151559755101,33.344912480809306,13.392140618672348,-0.8966031167417015,Jaipur,2002-11-17,"{""type"":""MultiPoint"",""coordinates"":[]}"
2002_11_25,31.977871144790623,31.123915111117597,10.09059568007158,-0.8539560336730254,Jaipur,2002-11-25,"{""type"":""MultiPoint"",""coordinates"":[]}"
2002_12_03,28.670890115487367,28.031835201596355,9.57888064871035,-0.6390549138910124,Jaipur,2002-12-03,"{""type"":""MultiPoint"",""coordinates"":[]}"
2002_12_11,29.80200419954056,29.240135212173477,11.36537483529927,-0.561868987367081,Jaipur,2002-12-11,"{""type"":""MultiPoint"",""coordinates"":[]}"
2002_12_19,28.59998320778159,28.145125241714283,11.145427475297254,-0.45485796606730844,Jaipur,2002-12-19,"{""type"":""MultiPoint"",""coordinates"":[]}"
2002_12_27,25.880662278582147,25.02069079363074,8.051144477442216,-0.8599714849514051,Jaipur,2002-12-27,"{""type"":""MultiPoint"",""coordinates"":[]}"
2003_01_01,20.548556658888483,19.51896636299933,7.455213735108657,-1.0295902958891539,Jaipur,2003-01-01,"{""type"":""MultiPoint"",""coordinates"":[]}"
2003_01_09,23.098562436376,22.838083468891607,5.731322450325692,-0.26047896748439214,Jaipur,2003-01-09,"{""type"":""MultiPoint"",""coordinates"":[]}"
2003_01_17,25.154097171425395,24.396229979708863,6.749964320211351,-0.7578671917165316,Jaipur,2003-01-17,"{""type"":""MultiPoint"",""coordinates"":[]}"
2003_01_25,26.277272069108808,26.001085664768564,10.91892516712059,-0.276186404340244,Jaipur,2003-01-25,"{""type"":""MultiPoint"",""coordinates"":[]}"
2003_02_02,25.901249531138923,25.77676701402294,10.031215087984728,-0.12448251711598246,Jaipur,2003-02-02,"{""type"":""MultiPoint"",""coordinates"":[]}"
2003_02_10,27.8143468608045,27.03680988026166,9.381301372941756,-0.7775369805428376,Jaipur,2003-02-10,"{""type"":""MultiPoint"",""coordinates"":[]}"
2003_02_18,23.716564450078963,23.05303161354497,10.742262941659849,-0.6635328365339923,Jaipur,2003-02-18,"{""type"":""MultiPoint"",""coordinates"":[]}"
2003_02_26,30.166804778763762,29.58287197537596,14.645479889839624,-0.5839328033878033,Jaipur,2003-02-26,"{""type"":""MultiPoint"",""coordinates"":[]}"
2003_03_06,31.960345879980434,31.460534952955935,12.719162659026608,-0.49981092702449814,Jaipur,2003-03-06,"{""type"":""MultiPoint"",""coordinates"":[]}"
2003_03_14,34.533669442105605,33.90479194788426,15.273902372057018,-0.6288774942213422,Jaipur,2003-03-14,"{""type"":""MultiPoint"",""coordinates"":[]}"
2003_03_22,37.36258018107919,36.67241611840517,19.575776502526377,-0.6901640626740217,Jaipur,2003-03-22,"{""type"":""MultiPoint"",""coordinates"":[]}"
2003_03_30,39.68205284768352,38.96939792390897,19.589580030351073,-0.7126549237745508,Jaipur,2003-03-30,"{""type"":""MultiPoint"",""coordinates"":[]}"
2003_04_07,44.46659490026092,43.822431188652295,20.717183856153966,-0.644163711608627,Jaipur,2003-04-07,"{""type"":""MultiPoint"",""coordinates"":[]}"
2003_04_15,43.66630005925089,42.88602735810933,20.314064196946877,-0.7802727011415556,Jaipur,2003-04-15,"{""type"":""MultiPoint"",""coordinates"":[]}"
2003_04_23,45.69374981549045,44.37413643985535,22.667580580315597,-1.3196133756351003,Jaipur,2003-04-23,"{""type"":""MultiPoint"",""coordinates"":[]}"
2003_05_01,45.0683184490853,43.56445693213605,21.163983117162594,-1.503861516949243,Jaipur,2003-05-01,"{""type"":""MultiPoint"",""coordinates"":[]}"
2003_05_09,45.02523138013122,44.5762318883002,22.010362868210287,-0.4489994918310174,Jaipur,2003-05-09,"{""type"":""MultiPoint"",""coordinates"":[]}"
2003_05_17,42.53787031319847,42.04694240663573,22.647765518320746,-0.49092790656273877,Jaipur,2003-05-17,"{""type"":""MultiPoint"",""coordinates"":[]}"
2003_05_25,42.56948198043674,41.52468123269179,23.649049561935207,-1.0448007477449508,Jaipur,2003-05-25,"{""type"":""MultiPoint"",""coordinates"":[]}"
2003_06_02,42.94817045761237,42.88335885476424,27.144091173774427,-0.06481160284813114,Jaipur,2003-06-02,"{""type"":""MultiPoint"",""coordinates"":[]}"
2003_06_10,40.47897592999943,39.74754647587278,28.130980632540822,-0.7314294541266477,Jaipur,2003-06-10,"{""type"":""MultiPoint"",""coordinates"":[]}"
2003_06_18,31.798418585665882,33.24867397635775,22.854295838633494,1.4502553906918685,Jaipur,2003-06-18,"{""type"":""MultiPoint"",""coordinates"":[]}"
2003_06_26,36.45723068029564,35.59196771641088,23.531157869443373,-0.86526296388476,Jaipur,2003-06-26,"{""type"":""MultiPoint"",""coordinates"":[]}"
2003_07_04,43.282552355671555,42.968640647271776,22.034529111267453,-0.3139117083997789,Jaipur,2003-07-04,"{""type"":""MultiPoint"",""coordinates"":[]}"
2003_07_12,,,,,Jaipur,2003-07-12,"{""type"":""MultiPoint"",""coordinates"":[]}"
2003_07_20,33.99000000000003,,,,Jaipur,2003-07-20,"{""type"":""MultiPoint"",""coordinates"":[]}"
2003_07_28,,,,,Jaipur,2003-07-28,"{""type"":""MultiPoint"",""coordinates"":[]}"
2003_08_05,34.374522644294274,33.73722140683732,23.452796849829994,-0.6373012374569527,Jaipur,2003-08-05,"{""type"":""MultiPoint"",""coordinates"":[]}"
2003_08_13,,,,,Jaipur,2003-08-13,"{""type"":""MultiPoint"",""coordinates"":[]}"
2003_08_21,33.20359846808643,33.80698407690907,21.647525030302045,0.6033856088226344,Jaipur,2003-08-21,"{""type"":""MultiPoint"",""coordinates"":[]}"
2003_08_29,33.99977172860655,33.991659160270395,22.26240401563342,-0.008112568336152037,Jaipur,2003-08-29,"{""type"":""MultiPoint"",""coordinates"":[]}"
2003_09_06,30.632970164954134,29.54488041632261,21.08392958354453,-1.0880897486315249,Jaipur,2003-09-06,"{""type"":""MultiPoint"",""coordinates"":[]}"
2003_09_14,32.1160386044694,31.872865028670592,21.813457407480588,-0.24317357579881005,Jaipur,2003-09-14,"{""type"":""MultiPoint"",""coordinates"":[]}"
2003_09_22,34.66630829057297,34.38806156224027,22.901809004437652,-0.2782467283327037,Jaipur,2003-09-22,"{""type"":""MultiPoint"",""coordinates"":[]}"
2003_09_30,38.29065934865548,37.254851489479606,20.132535882144246,-1.0358078591758755,Jaipur,2003-09-30,"{""type"":""MultiPoint"",""coordinates"":[]}"
2003_10_08,39.985786509495846,38.901169256406156,19.279523127372318,-1.0846172530896894,Jaipur,2003-10-08,"{""type"":""MultiPoint"",""coordinates"":[]}"
2003_10_16,38.65538530784507,37.54250216021515,16.465257235507153,-1.1128831476299226,Jaipur,2003-10-16,"{""type"":""MultiPoint"",""coordinates"":[]}"
2003_10_24,36.85772713381358,35.84367369752597,17.128273055530546,-1.014053436287611,Jaipur,2003-10-24,"{""type"":""MultiPoint"",""coordinates"":[]}"
2003_11_01,36.39258909990539,35.23371239862408,15.801526440973998,-1.158876701281315,Jaipur,2003-11-01,"{""type"":""MultiPoint"",""coordinates"":[]}"
2003_11_09,33.59321882308917,32.62940226398957,13.960622226115412,-0.9638165590995982,Jaipur,2003-11-09,"{""type"":""MultiPoint"",""coordinates"":[]}"
2003_11_17,29.927946861259183,29.166761247907736,12.613167309519838,-0.7611856133514472,Jaipur,2003-11-17,"{""type"":""MultiPoint"",""coordinates"":[]}"
2003_11_25,29.576023929065226,28.946541677643474,8.47407438847099,-0.6294822514217522,Jaipur,2003-11-25,"{""type"":""MultiPoint"",""coordinates"":[]}"
2003_12_03,30.087710647498522,29.51053506445298,11.40994513018088,-0.5771755830455412,Jaipur,2003-12-03,"{""type"":""MultiPoint"",""coordinates"":[]}"
2003_12_11,27.491779935401457,26.99019285420756,15.274832075493595,-0.5015870811938967,Jaipur,2003-12-11,"{""type"":""MultiPoint"",""coordinates"":[]}"
2003_12_19,22.513105260449763,20.899288680687096,8.091630835687015,-1.6138165797626662,Jaipur,2003-12-19,"{""type"":""MultiPoint"",""coordinates"":[]}"
2003_12_27,21.38063264507124,19.976330043608005,5.882260729860027,-1.404302601463236,Jaipur,2003-12-27,"{""type"":""MultiPoint"",""coordinates"":[]}"
2004_01_01,21.204786623908134,20.970503485914428,7.45315404271431,-0.2342831379937067,Jaipur,2004-01-01,"{""type"":""MultiPoint"",""coordinates"":[]}"
2004_01_09,26.10255078429546,25.517062042185184,10.296639406152277,-0.5854887421102752,Jaipur,2004-01-09,"{""type"":""MultiPoint"",""coordinates"":[]}"
2004_01_17,24.316445058599236,22.89140052207471,8.981223470661703,-1.4250445365245241,Jaipur,2004-01-17,"{""type"":""MultiPoint"",""coordinates"":[]}"
2004_01_25,23.46175473015991,23.142582788413605,7.482386879907593,-0.3191719417463048,Jaipur,2004-01-25,"{""type"":""MultiPoint"",""coordinates"":[]}"
2004_02_02,26.678247357096133,26.2160096939968,7.887674414077728,-0.4622376630993337,Jaipur,2004-02-02,"{""type"":""MultiPoint"",""coordinates"":[]}"
2004_02_10,29.046071745616,28.421167904406218,10.628158221233834,-0.6249038412097825,Jaipur,2004-02-10,"{""type"":""MultiPoint"",""coordinates"":[]}"
2004_02_18,32.73119886487661,32.19751700680274,12.664358685557362,-0.5336818580738694,Jaipur,2004-02-18,"{""type"":""MultiPoint"",""coordinates"":[]}"
2004_02_26,34.68868477458649,34.137509414190085,13.492688369496582,-0.5511753603964067,Jaipur,2004-02-26,"{""type"":""MultiPoint"",""coordinates"":[]}"
2004_03_05,36.582492947058775,35.874492886756784,16.222965684122226,-0.7080000603019911,Jaipur,2004-03-05,"{""type"":""MultiPoint"",""coordinates"":[]}"
2004_03_13,41.12774750782211,40.41988605497213,18.94464585846111,-0.7078614528499756,Jaipur,2004-03-13,"{""type"":""MultiPoint"",""coordinates"":[]}"
2004_03_21,41.08367041922641,40.1957373079978,18.7316383868906,-0.8879331112286053,Jaipur,2004-03-21,"{""type"":""MultiPoint"",""coordinates"":[]}"
2004_03_29,42.29572108398027,41.312181191170474,18.467364048006367,-0.9835398928097945,Jaipur,2004-03-29,"{""type"":""MultiPoint"",""coordinates"":[]}"
2004_04_06,43.56655346618023,42.94902736919781,22.612188953290875,-0.6175260969824237,Jaipur,2004-04-06,"{""type"":""MultiPoint"",""coordinates"":[]}"
2004_04_14,43.438988638371804,42.73799792632585,22.907409081127632,-0.7009907120459502,Jaipur,2004-04-14,"{""type"":""MultiPoint"",""coordinates"":[]}"
2004_04_22,44.87607374143714,44.05129024628216,23.753922872995744,-0.824783495154982,Jaipur,2004-04-22,"{""type"":""MultiPoint"",""coordinates"":[]}"
2004_04_30,43.6101497281734,42.360882338592454,20.67815433851441,-1.2492673895809432,Jaipur,2004-04-30,"{""type"":""MultiPoint"",""coordinates"":[]}"
2004_05_08,42.586637121926174,41.506998813935546,25.74265506193618,-1.0796383079906278,Jaipur,2004-05-08,"{""type"":""MultiPoint"",""coordinates"":[]}"
2004_05_16,43.58229195122717,43.17919742272056,27.682498832048594,-0.40309452850660676,Jaipur,2004-05-16,"{""type"":""MultiPoint"",""coordinates"":[]}"
2004_05_24,42.427544570989596,42.90483175074192,24.332381305638084,0.4772871797523237,Jaipur,2004-05-24,"{""type"":""MultiPoint"",""coordinates"":[]}"
2004_06_01,43.876691953756534,43.3551084817744,26.773080892774612,-0.5215834719821331,Jaipur,2004-06-01,"{""type"":""MultiPoint"",""coordinates"":[]}"
2004_06_09,43.687934333454265,43.08091248296357,25.733782871953025,-0.6070218504906961,Jaipur,2004-06-09,"{""type"":""MultiPoint"",""coordinates"":[]}"
2004_06_17,36.513820862707604,35.1477626679818,23.67159080261375,-1.3660581947258024,Jaipur,2004-06-17,"{""type"":""MultiPoint"",""coordinates"":[]}"
2004_06_25,40.6549508297402,39.82548715349785,25.144549188799925,-0.829463676242348,Jaipur,2004-06-25,"{""type"":""MultiPoint"",""coordinates"":[]}"
2004_07_03,40.24362184110051,37.244814814814845,16.170000000000034,-2.998807026285668,Jaipur,2004-07-03,"{""type"":""MultiPoint"",""coordinates"":[]}"
2004_07_11,40.139370707537594,39.35903638151428,23.706882169780418,-0.7803343260233149,Jaipur,2004-07-11,"{""type"":""MultiPoint"",""coordinates"":[]}"
2004_07_19,32.956894791471726,33.37015396627114,22.420027482823283,0.4132591747994141,Jaipur,2004-07-19,"{""type"":""MultiPoint"",""coordinates"":[]}"
2004_07_27,34.695473659573686,34.52920000000004,,-0.1662736595736476,Jaipur,2004-07-27,"{""type"":""MultiPoint"",""coordinates"":[]}"
2004_08_04,,,,,Jaipur,2004-08-04,"{""type"":""MultiPoint"",""coordinates"":[]}"
2004_08_12,,,,,Jaipur,2004-08-12,"{""type"":""MultiPoint"",""coordinates"":[]}"
2004_08_20,26.655112942129282,26.745151515151537,22.040909090909125,0.09003857302225526,Jaipur,2004-08-20,"{""type"":""MultiPoint"",""coordinates"":[]}"
2004_08_28,31.940182763172952,32.06366279296112,23.01746671338471,0.12348002978816552,Jaipur,2004-08-28,"{""type"":""MultiPoint"",""coordinates"":[]}"
2004_09_05,35.84033573455573,35.71586610968929,23.299090793202563,-0.12446962486644253,Jaipur,2004-09-05,"{""type"":""MultiPoint"",""coordinates"":[]}"
2004_09_13,33.57712389907008,31.995053384329832,23.518879863455755,-1.5820705147402485,Jaipur,2004-09-13,"{""type"":""MultiPoint"",""coordinates"":[]}"
2004_09_21,36.02999072433789,35.175707951450384,22.362975885944294,-0.8542827728875082,Jaipur,2004-09-21,"{""type"":""MultiPoint"",""coordinates"":[]}"
2004_09_29,39.02264629103087,37.92435452174223,21.8267501578114,-1.098291769288636,Jaipur,2004-09-29,"{""type"":""MultiPoint"",""coordinates"":[]}"
2004_10_07,33.08506527169691,32.477576862288196,19.212083847671355,-0.6074884094087167,Jaipur,2004-10-07,"{""type"":""MultiPoint"",""coordinates"":[]}"
2004_10_15,34.51191507364789,33.04566414757857,18.06855013569947,-1.4662509260693213,Jaipur,2004-10-15,"{""type"":""MultiPoint"",""coordinates"":[]}"
2004_10_23,34.07968867267491,32.77079879190815,16.124814604152203,-1.3088898807667633,Jaipur,2004-10-23,"{""type"":""MultiPoint"",""coordinates"":[]}"
2004_10_31,33.75089086392036,32.24656289112937,13.021532783411693,-1.504327972790989,Jaipur,2004-10-31,"{""type"":""MultiPoint"",""coordinates"":[]}"
2004_11_08,33.421638590035464,31.980704956007184,12.430491843933954,-1.44093363402828,Jaipur,2004-11-08,"{""type"":""MultiPoint"",""coordinates"":[]}"
2004_11_16,35.073978960717675,33.51734117807767,13.466251012303792,-1.5566377826400029,Jaipur,2004-11-16,"{""type"":""MultiPoint"",""coordinates"":[]}"
2004_11_24,31.264163906820052,30.379231946129543,13.490197434135862,-0.8849319606905084,Jaipur,2004-11-24,"{""type"":""MultiPoint"",""coordinates"":[]}"
2004_12_02,28.280209769129286,27.471988575229414,9.950864682982205,-0.8082211938998718,Jaipur,2004-12-02,"{""type"":""MultiPoint"",""coordinates"":[]}"
2004_12_10,27.980729805303536,27.52650943259007,9.960970507095682,-0.4542203727134648,Jaipur,2004-12-10,"{""type"":""MultiPoint"",""coordinates"":[]}"
2004_12_18,25.270276433293326,25.79870096002293,8.98202966166263,0.528424526729605,Jaipur,2004-12-18,"{""type"":""MultiPoint"",""coordinates"":[]}"
2004_12_26,22.8026740826384,23.24755450187783,6.96805719697218,0.44488041923942845,Jaipur,2004-12-26,"{""type"":""MultiPoint"",""coordinates"":[]}"
2005_01_01,23.687041568091047,22.96302443554589,7.833935650732492,-0.724017132545157,Jaipur,2005-01-01,"{""type"":""MultiPoint"",""coordinates"":[]}"
2005_01_09,23.60905935675965,23.048513086274927,7.819787816564022,-0.5605462704847248,Jaipur,2005-01-09,"{""type"":""MultiPoint"",""coordinates"":[]}"
2005_01_17,20.871979870470913,20.837010816667615,6.672428149045994,-0.03496905380329807,Jaipur,2005-01-17,"{""type"":""MultiPoint"",""coordinates"":[]}"
2005_01_25,23.06203480675804,23.469512493139938,7.588065989742337,0.40747768638189896,Jaipur,2005-01-25,"{""type"":""MultiPoint"",""coordinates"":[]}"
2005_02_02,23.933385438016664,24.082550950749287,9.82943014693702,0.14916551273262257,Jaipur,2005-02-02,"{""type"":""MultiPoint"",""coordinates"":[]}"
2005_02_10,26.47866209754233,26.92081092136213,12.048181233839308,0.4421488238197995,Jaipur,2005-02-10,"{""type"":""MultiPoint"",""coordinates"":[]}"
2005_02_18,26.830326528065953,26.48543335149703,8.621385301149267,-0.3448931765689238,Jaipur,2005-02-18,"{""type"":""MultiPoint"",""coordinates"":[]}"
2005_02_26,31.225985215273525,31.11401740649197,16.45216594197876,-0.11196780878155366,Jaipur,2005-02-26,"{""type"":""MultiPoint"",""coordinates"":[]}"
2005_03_06,33.74277416045017,33.87422296464934,14.308858764745931,0.1314488041991737,Jaipur,2005-03-06,"{""type"":""MultiPoint"",""coordinates"":[]}"
2005_03_14,38.376256712508024,37.70622677217858,18.297201678777032,-0.6700299403294423,Jaipur,2005-03-14,"{""type"":""MultiPoint"",""coordinates"":[]}"
2005_03_22,37.9158278396274,37.3014199754062,17.56765620215514,-0.6144078642211994,Jaipur,2005-03-22,"{""type"":""MultiPoint"",""coordinates"":[]}"
2005_03_30,44.476273011715,43.425607039756166,18.049747561339,-1.0506659719588356,Jaipur,2005-03-30,"{""type"":""MultiPoint"",""coordinates"":[]}"
2005_04_07,43.84392010478069,43.02581409100318,17.186786210566797,-0.8181060137775162,Jaipur,2005-04-07,"{""type"":""MultiPoint"",""coordinates"":[]}"
2005_04_15,46.314940031808305,45.32346285802406,19.759409910951828,-0.9914771737842472,Jaipur,2005-04-15,"{""type"":""MultiPoint"",""coordinates"":[]}"
2005_04_23,42.55303519551261,42.37353855540705,18.934640885583157,-0.17949664010555466,Jaipur,2005-04-23,"{""type"":""MultiPoint"",""coordinates"":[]}"
2005_05_01,40.007892714712895,39.63032496852875,20.894465376707856,-0.37756774618414823,Jaipur,2005-05-01,"{""type"":""MultiPoint"",""coordinates"":[]}"
2005_05_09,44.708004844024614,44.13143920812896,21.642228159308623,-0.5765656358956548,Jaipur,2005-05-09,"{""type"":""MultiPoint"",""coordinates"":[]}"
2005_05_17,44.948771280963896,44.22576973616223,24.285644141284397,-0.7230015448016687,Jaipur,2005-05-17,"{""type"":""MultiPoint"",""coordinates"":[]}"
2005_05_25,47.32071155185483,46.294911783192724,23.551926785653436,-1.0257997686621039,Jaipur,2005-05-25,"{""type"":""MultiPoint"",""coordinates"":[]}"
2005_06_02,42.58057934965633,41.575511979697026,21.93830300376199,-1.0050673699593062,Jaipur,2005-06-02,"{""type"":""MultiPoint"",""coordinates"":[]}"
2005_06_10,43.66273180006284,43.50048331883518,26.080508852188192,-0.1622484812276639,Jaipur,2005-06-10,"{""type"":""MultiPoint"",""coordinates"":[]}"
2005_06_18,46.69826420859911,46.65529095438171,26.0150099960444,-0.042973254217400836,Jaipur,2005-06-18,"{""type"":""MultiPoint"",""coordinates"":[]}"
2005_06_26,38.17530544573398,38.61730088887582,26.339775679390012,0.4419954431418347,Jaipur,2005-06-26,"{""type"":""MultiPoint"",""coordinates"":[]}"
2005_07_04,38.78069826655467,37.84498506194968,24.430027788391484,-0.9357132046049941,Jaipur,2005-07-04,"{""type"":""MultiPoint"",""coordinates"":[]}"
2005_07_12,28.970060813378982,,,,Jaipur,2005-07-12,"{""type"":""MultiPoint"",""coordinates"":[]}"
2005_07_20,31.8798537648945,30.13213782232404,20.844299616258763,-1.7477159425704585,Jaipur,2005-07-20,"{""type"":""MultiPoint"",""coordinates"":[]}"
2005_07_28,36.03351201478744,35.3492251815981,24.93808716707026,-0.6842868331893399,Jaipur,2005-07-28,"{""type"":""MultiPoint"",""coordinates"":[]}"
2005_08_05,34.01984614625058,32.97528189910982,23.483904196693537,-1.0445642471407623,Jaipur,2005-08-05,"{""type"":""MultiPoint"",""coordinates"":[]}"
2005_08_13,34.756161532420016,34.75867890031368,24.915661539523327,0.0025173678936667443,Jaipur,2005-08-13,"{""type"":""MultiPoint"",""coordinates"":[]}"
2005_08_21,35.722483729485,35.109007338628096,24.393953515533756,-0.6134763908569028,Jaipur,2005-08-21,"{""type"":""MultiPoint"",""coordinates"":[]}"
2005_08_29,39.909490774831035,39.01091324067588,25.8146048431052,-0.8985775341551516,Jaipur,2005-08-29,"{""type"":""MultiPoint"",""coordinates"":[]}"
2005_09_06,38.445593578610634,39.04784690848074,,0.6022533298701092,Jaipur,2005-09-06,"{""type"":""MultiPoint"",""coordinates"":[]}"
2005_09_14,31.39189341921375,29.423333333333364,24.419333333333366,-1.9685600858803873,Jaipur,2005-09-14,"{""type"":""MultiPoint"",""coordinates"":[]}"
2005_09_22,33.215090623951106,32.803318838663564,22.255542742136907,-0.41177178528754155,Jaipur,2005-09-22,"{""type"":""MultiPoint"",""coordinates"":[]}"
2005_09_30,37.95019240964239,37.21673049655762,21.505231858424366,-0.7334619130847742,Jaipur,2005-09-30,"{""type"":""MultiPoint"",""coordinates"":[]}"
2005_10_08,39.584691926279355,38.44746842757319,20.249470552805203,-1.1372234987061631,Jaipur,2005-10-08,"{""type"":""MultiPoint"",""coordinates"":[]}"
2005_10_16,37.83501466720722,36.92445722666435,17.92037659635638,-0.9105574405428669,Jaipur,2005-10-16,"{""type"":""MultiPoint"",""coordinates"":[]}"
2005_10_24,37.35591657051391,36.19884512243372,14.870355407062231,-1.1570714480801954,Jaipur,2005-10-24,"{""type"":""MultiPoint"",""coordinates"":[]}"
2005_11_01,34.36161318489409,33.25091812423735,14.214948863966573,-1.110695060656738,Jaipur,2005-11-01,"{""type"":""MultiPoint"",""coordinates"":[]}"
2005_11_09,34.32023205579981,33.46007506025933,13.951511063027523,-0.8601569955404855,Jaipur,2005-11-09,"{""type"":""MultiPoint"",""coordinates"":[]}"
2005_11_17,33.85111420879198,33.13134077130181,12.202675247448056,-0.7197734374901685,Jaipur,2005-11-17,"{""type"":""MultiPoint"",""coordinates"":[]}"
2005_11_25,28.07403022837609,27.645744639175824,11.701365158366498,-0.4282855892002644,Jaipur,2005-11-25,"{""type"":""MultiPoint"",""coordinates"":[]}"
2005_12_03,28.28561626178525,27.666465927411462,7.622311155676176,-0.6191503343737885,Jaipur,2005-12-03,"{""type"":""MultiPoint"",""coordinates"":[]}"
2005_12_11,25.257689646248142,25.24245923333679,6.527723297661074,-0.015230412911353852,Jaipur,2005-12-11,"{""type"":""MultiPoint"",""coordinates"":[]}"
2005_12_19,24.404954474203024,24.05908397784856,7.086104670316763,-0.34587049635446476,Jaipur,2005-12-19,"{""type"":""MultiPoint"",""coordinates"":[]}"
2005_12_27,23.249235534252737,22.517945012337005,10.426122664786773,-0.7312905219157315,Jaipur,2005-12-27,"{""type"":""MultiPoint"",""coordinates"":[]}"
2006_01_01,22.072271270106985,21.207748811531996,7.608186627817842,-0.8645224585749887,Jaipur,2006-01-01,"{""type"":""MultiPoint"",""coordinates"":[]}"
2006_01_09,24.95300610658266,24.989226493497185,7.891400226655418,0.03622038691452545,Jaipur,2006-01-09,"{""type"":""MultiPoint"",""coordinates"":[]}"
2006_01_17,25.396476333660686,25.20314208728289,8.7972769090122,-0.19333424637779473,Jaipur,2006-01-17,"{""type"":""MultiPoint"",""coordinates"":[]}"
2006_01_25,26.324978942513976,26.648002411049532,8.963871663279749,0.3230234685355562,Jaipur,2006-01-25,"{""type"":""MultiPoint"",""coordinates"":[]}"
2006_02_02,29.642592156006703,29.548794114458634,12.575275171699525,-0.09379804154806948,Jaipur,2006-02-02,"{""type"":""MultiPoint"",""coordinates"":[]}"
2006_02_10,32.183035831228345,32.195169070150655,13.656461167573159,0.012133238922309886,Jaipur,2006-02-10,"{""type"":""MultiPoint"",""coordinates"":[]}"
2006_02_18,35.20162736354086,35.23022998250774,16.877037955088802,0.02860261896687888,Jaipur,2006-02-18,"{""type"":""MultiPoint"",""coordinates"":[]}"
2006_02_26,34.58362193740182,34.0354000626015,14.88427480094688,-0.5482218748003262,Jaipur,2006-02-26,"{""type"":""MultiPoint"",""coordinates"":[]}"
2006_03_06,35.12008722923997,33.96050339183812,16.04903474674506,-1.1595838374018541,Jaipur,2006-03-06,"{""type"":""MultiPoint"",""coordinates"":[]}"
2006_03_14,32.55637664889137,32.29042868349629,15.970454312902925,-0.26594796539508536,Jaipur,2006-03-14,"{""type"":""MultiPoint"",""coordinates"":[]}"
2006_03_22,38.26227758547205,37.82958575425007,17.783546178375122,-0.4326918312219803,Jaipur,2006-03-22,"{""type"":""MultiPoint"",""coordinates"":[]}"
2006_03_30,43.207571189488675,42.62820641594641,19.091398037841643,-0.5793647735422667,Jaipur,2006-03-30,"{""type"":""MultiPoint"",""coordinates"":[]}"
2006_04_07,43.44924298807918,42.79440160429649,17.903443690078255,-0.6548413837826885,Jaipur,2006-04-07,"{""type"":""MultiPoint"",""coordinates"":[]}"
2006_04_15,40.69766977474256,40.58558176975097,19.504561757847203,-0.112088004991584,Jaipur,2006-04-15,"{""type"":""MultiPoint"",""coordinates"":[]}"
2006_04_23,43.5160156547229,42.86337412604555,23.34360172192316,-0.6526415286773499,Jaipur,2006-04-23,"{""type"":""MultiPoint"",""coordinates"":[]}"
2006_05_01,45.1344038003765,44.82228146125092,25.0840394560986,-0.31212233912557963,Jaipur,2006-05-01,"{""type"":""MultiPoint"",""coordinates"":[]}"
2006_05_09,39.8278101418384,39.075442076193504,23.99303294109688,-0.7523680656448946,Jaipur,2006-05-09,"{""type"":""MultiPoint"",""coordinates"":[]}"
2006_05_17,37.205005492768386,37.45292826754131,24.52570770567645,0.24792277477292401,Jaipur,2006-05-17,"{""type"":""MultiPoint"",""coordinates"":[]}"
2006_05_25,38.74774597285494,38.16491853940348,24.979714901733168,-0.5828274334514632,Jaipur,2006-05-25,"{""type"":""MultiPoint"",""coordinates"":[]}"
2006_06_02,32.61515757947815,32.36020193187193,20.985324709264354,-0.2549556476062236,Jaipur,2006-06-02,"{""type"":""MultiPoint"",""coordinates"":[]}"
2006_06_10,37.221153932381256,37.081014476533745,23.848091358287263,-0.14013945584751042,Jaipur,2006-06-10,"{""type"":""MultiPoint"",""coordinates"":[]}"
2006_06_18,41.0085641446637,39.94877899691643,23.110910140885036,-1.0597851477472702,Jaipur,2006-06-18,"{""type"":""MultiPoint"",""coordinates"":[]}"
2006_06_26,38.54640172913147,37.28877575896091,25.377576602742913,-1.257625970170558,Jaipur,2006-06-26,"{""type"":""MultiPoint"",""coordinates"":[]}"
2006_07_04,36.72091441386501,36.572677696137525,27.921992527180468,-0.14823671772748526,Jaipur,2006-07-04,"{""type"":""MultiPoint"",""coordinates"":[]}"
2006_07_12,34.155418648361575,34.02136344269283,25.65975327787963,-0.1340552056687443,Jaipur,2006-07-12,"{""type"":""MultiPoint"",""coordinates"":[]}"
2006_07_20,31.02500000000002,,,,Jaipur,2006-07-20,"{""type"":""MultiPoint"",""coordinates"":[]}"
2006_07_28,30.8392307692308,,,,Jaipur,2006-07-28,"{""type"":""MultiPoint"",""coordinates"":[]}"
2006_08_05,33.75000000000006,33.400000000000034,22.57000000000002,-0.35000000000002274,Jaipur,2006-08-05,"{""type"":""MultiPoint"",""coordinates"":[]}"
2006_08_13,35.207792967521485,34.65176971894836,23.065741036434915,-0.5560232485731262,Jaipur,2006-08-13,"{""type"":""MultiPoint"",""coordinates"":[]}"
2006_08_21,,,,,Jaipur,2006-08-21,"{""type"":""MultiPoint"",""coordinates"":[]}"
2006_08_29,32.39619553529817,34.36107114664221,22.788862687124194,1.9648756113440413,Jaipur,2006-08-29,"{""type"":""MultiPoint"",""coordinates"":[]}"
2006_09_06,33.5096783892797,33.004081595866175,23.15132337919849,-0.5055967934135239,Jaipur,2006-09-06,"{""type"":""MultiPoint"",""coordinates"":[]}"
2006_09_14,38.72713698294178,38.42818368702513,24.482474970061023,-0.29895329591664677,Jaipur,2006-09-14,"{""type"":""MultiPoint"",""coordinates"":[]}"
2006_09_22,38.95418479670727,38.5229881840341,23.324157080543003,-0.431196612673169,Jaipur,2006-09-22,"{""type"":""MultiPoint"",""coordinates"":[]}"
2006_09_30,43.131106267086565,42.08481498957962,23.226162950729414,-1.0462912775069455,Jaipur,2006-09-30,"{""type"":""MultiPoint"",""coordinates"":[]}"
2006_10_08,41.84754765542975,40.64325343328108,21.90223923528389,-1.2042942221486683,Jaipur,2006-10-08,"{""type"":""MultiPoint"",""coordinates"":[]}"
2006_10_16,38.16229334414418,37.37306431519119,19.921885754885963,-0.7892290289529882,Jaipur,2006-10-16,"{""type"":""MultiPoint"",""coordinates"":[]}"
2006_10_24,36.523806571657325,35.835841998466066,18.56138690666903,-0.6879645731912589,Jaipur,2006-10-24,"{""type"":""MultiPoint"",""coordinates"":[]}"
2006_11_01,35.849026122389446,34.764354130246375,16.601327192686092,-1.0846719921430719,Jaipur,2006-11-01,"{""type"":""MultiPoint"",""coordinates"":[]}"
2006_11_09,33.804974376565795,33.05428741905823,15.491483900111003,-0.7506869575075683,Jaipur,2006-11-09,"{""type"":""MultiPoint"",""coordinates"":[]}"
2006_11_17,32.00396557208354,31.330387824944328,15.279247775761048,-0.673577747139209,Jaipur,2006-11-17,"{""type"":""MultiPoint"",""coordinates"":[]}"
2006_11_25,29.52066506585174,28.739310632033668,9.438982161082578,-0.7813544338180733,Jaipur,2006-11-25,"{""type"":""MultiPoint"",""coordinates"":[]}"
2006_12_03,28.66981915423208,27.58071465832032,12.42561839599183,-1.0891044959117586,Jaipur,2006-12-03,"{""type"":""MultiPoint"",""coordinates"":[]}"
2006_12_11,26.395112911466374,26.046955200579866,8.487787209723765,-0.3481577108865075,Jaipur,2006-12-11,"{""type"":""MultiPoint"",""coordinates"":[]}"
2006_12_19,26.082287930870713,26.061519065190677,9.434106992291037,-0.02076886568003644,Jaipur,2006-12-19,"{""type"":""MultiPoint"",""coordinates"":[]}"
2006_12_27,24.873971437727832,24.30703121907523,7.851024873016726,-0.5669402186526007,Jaipur,2006-12-27,"{""type"":""MultiPoint"",""coordinates"":[]}"
2007_01_01,25.466882260907703,25.4744616666667,6.904476666666699,0.007579405758995961,Jaipur,2007-01-01,"{""type"":""MultiPoint"",""coordinates"":[]}"
2007_01_09,23.206084193697038,23.71885512232419,5.69800840978596,0.5127709286271518,Jaipur,2007-01-09,"{""type"":""MultiPoint"",""coordinates"":[]}"
2007_01_17,24.574624870220152,23.860367906482516,7.029342189160494,-0.7142569637376361,Jaipur,2007-01-17,"{""type"":""MultiPoint"",""coordinates"":[]}"
2007_01_25,28.487001943846685,28.32007595011094,12.62141171214959,-0.16692599373574524,Jaipur,2007-01-25,"{""type"":""MultiPoint"",""coordinates"":[]}"
2007_02_02,27.98981916532035,27.868431948101655,13.196128450342265,-0.12138721721869317,Jaipur,2007-02-02,"{""type"":""MultiPoint"",""coordinates"":[]}"
2007_02_10,25.677679993868292,25.682632792037744,11.409335777894215,0.004952798169451711,Jaipur,2007-02-10,"{""type"":""MultiPoint"",""coordinates"":[]}"
2007_02_18,29.215581781210805,28.90736427368749,13.80189885198228,-0.3082175075233131,Jaipur,2007-02-18,"{""type"":""MultiPoint"",""coordinates"":[]}"
2007_02_26,29.47137867589739,29.27524883274102,13.072401377897435,-0.1961298431563705,Jaipur,2007-02-26,"{""type"":""MultiPoint"",""coordinates"":[]}"
2007_03_06,29.799409299279674,29.303923258267595,13.130191588100795,-0.4954860410120787,Jaipur,2007-03-06,"{""type"":""MultiPoint"",""coordinates"":[]}"
2007_03_14,33.05970629734182,32.313909926461704,15.99669194091661,-0.7457963708801145,Jaipur,2007-03-14,"{""type"":""MultiPoint"",""coordinates"":[]}"
2007_03_22,39.99909809669337,39.289229202385684,17.753847247256104,-0.7098688943076894,Jaipur,2007-03-22,"{""type"":""MultiPoint"",""coordinates"":[]}"
2007_03_30,43.662038024552665,43.1833220983748,20.907095467581257,-0.4787159261778626,Jaipur,2007-03-30,"{""type"":""MultiPoint"",""coordinates"":[]}"
2007_04_07,43.88908398041589,43.361299588125846,20.925300314673816,-0.5277843922900445,Jaipur,2007-04-07,"{""type"":""MultiPoint"",""coordinates"":[]}"
2007_04_15,45.19766919262797,44.737475412382686,22.357092204778684,-0.4601937802452838,Jaipur,2007-04-15,"{""type"":""MultiPoint"",""coordinates"":[]}"
2007_04_23,47.496526460224,46.81919833703043,22.88487681979109,-0.6773281231935684,Jaipur,2007-04-23,"{""type"":""MultiPoint"",""coordinates"":[]}"
2007_05_01,47.14231833348927,46.67470606693541,24.32193226056346,-0.46761226655386423,Jaipur,2007-05-01,"{""type"":""MultiPoint"",""coordinates"":[]}"
2007_05_09,42.013564162534756,40.915034271761854,23.92646976338265,-1.0985298907729018,Jaipur,2007-05-09,"{""type"":""MultiPoint"",""coordinates"":[]}"
2007_05_17,41.74528503996478,41.21058914317173,24.7730639770359,-0.5346958967930462,Jaipur,2007-05-17,"{""type"":""MultiPoint"",""coordinates"":[]}"
2007_05_25,44.413547108441584,44.27494194681783,22.31281018925181,-0.13860516162375092,Jaipur,2007-05-25,"{""type"":""MultiPoint"",""coordinates"":[]}"
2007_06_02,46.985781030928266,46.798083375994786,28.61964559966495,-0.1876976549334799,Jaipur,2007-06-02,"{""type"":""MultiPoint"",""coordinates"":[]}"
2007_06_10,44.61552946020915,43.42813898331884,27.20516694336842,-1.1873904768903145,Jaipur,2007-06-10,"{""type"":""MultiPoint"",""coordinates"":[]}"
2007_06_18,40.77412460298657,40.119975724643524,26.607662492162792,-0.6541488783430438,Jaipur,2007-06-18,"{""type"":""MultiPoint"",""coordinates"":[]}"
2007_06_26,39.413319963606625,40.054878802489725,26.36750920487421,0.6415588388830997,Jaipur,2007-06-26,"{""type"":""MultiPoint"",""coordinates"":[]}"
2007_07_04,36.110000000000014,,,,Jaipur,2007-07-04,"{""type"":""MultiPoint"",""coordinates"":[]}"
2007_07_12,35.25426755549941,34.60930108405516,22.20100615568996,-0.6449664714442491,Jaipur,2007-07-12,"{""type"":""MultiPoint"",""coordinates"":[]}"
2007_07_20,35.47259477639247,37.26340528128592,25.420299885189483,1.7908105048934502,Jaipur,2007-07-20,"{""type"":""MultiPoint"",""coordinates"":[]}"
2007_07_28,37.4363047967152,38.34311237965411,22.24000000000004,0.9068075829389102,Jaipur,2007-07-28,"{""type"":""MultiPoint"",""coordinates"":[]}"
2007_08_05,34.9669705624551,33.09567839951868,23.79402978339353,-1.8712921629364203,Jaipur,2007-08-05,"{""type"":""MultiPoint"",""coordinates"":[]}"
2007_08_13,32.96244499905433,31.69614294368761,21.859056481494555,-1.2663020553667153,Jaipur,2007-08-13,"{""type"":""MultiPoint"",""coordinates"":[]}"
2007_08_21,32.6591350779673,32.43746854933041,23.255518727172934,-0.22166652863688796,Jaipur,2007-08-21,"{""type"":""MultiPoint"",""coordinates"":[]}"
2007_08_29,31.290309777347552,,,,Jaipur,2007-08-29,"{""type"":""MultiPoint"",""coordinates"":[]}"
2007_09_06,30.29988373170396,30.21190217391307,22.584657068395668,-0.08798155779089001,Jaipur,2007-09-06,"{""type"":""MultiPoint"",""coordinates"":[]}"
2007_09_14,32.86008489646005,33.50741084228479,23.655879211593742,0.6473259458247398,Jaipur,2007-09-14,"{""type"":""MultiPoint"",""coordinates"":[]}"
2007_09_22,36.72013141235532,35.93674288647414,22.672259573479025,-0.783388525881179,Jaipur,2007-09-22,"{""type"":""MultiPoint"",""coordinates"":[]}"
2007_09_30,39.09210796145579,38.06357168895173,18.23238899986879,-1.0285362725040557,Jaipur,2007-09-30,"{""type"":""MultiPoint"",""coordinates"":[]}"
2007_10_08,40.07268938992319,38.76635929426413,17.262501483550714,-1.3063300956590638,Jaipur,2007-10-08,"{""type"":""MultiPoint"",""coordinates"":[]}"
2007_10_16,38.365384684150825,37.19241536124421,16.92031774641837,-1.1729693229066172,Jaipur,2007-10-16,"{""type"":""MultiPoint"",""coordinates"":[]}"
2007_10_24,38.20239822870863,36.929025205537684,16.17477475388614,-1.2733730231709472,Jaipur,2007-10-24,"{""type"":""MultiPoint"",""coordinates"":[]}"
2007_11_01,35.64179337013125,34.40247560145541,14.700002056807074,-1.2393177686758463,Jaipur,2007-11-01,"{""type"":""MultiPoint"",""coordinates"":[]}"
2007_11_09,34.2171263916176,33.179920825394056,15.461067475382194,-1.037205566223541,Jaipur,2007-11-09,"{""type"":""MultiPoint"",""coordinates"":[]}"
2007_11_17,32.67783467947321,31.566208471152997,12.212911011017118,-1.1116262083202102,Jaipur,2007-11-17,"{""type"":""MultiPoint"",""coordinates"":[]}"
2007_11_25,31.013779919127693,30.153654016849877,12.549800035134417,-0.8601259022778152,Jaipur,2007-11-25,"{""type"":""MultiPoint"",""coordinates"":[]}"
2007_12_03,27.210588948664057,26.96977252958266,9.560126136050705,-0.24081641908139773,Jaipur,2007-12-03,"{""type"":""MultiPoint"",""coordinates"":[]}"
2007_12_11,25.465761310912725,24.587587627484833,7.040487388202219,-0.8781736834278924,Jaipur,2007-12-11,"{""type"":""MultiPoint"",""coordinates"":[]}"
2007_12_19,27.354251645081476,27.08926325879842,9.60918426680599,-0.2649883862830542,Jaipur,2007-12-19,"{""type"":""MultiPoint"",""coordinates"":[]}"
2007_12_27,24.953063499574203,24.528730198769082,5.639199190664677,-0.4243333008051202,Jaipur,2007-12-27,"{""type"":""MultiPoint"",""coordinates"":[]}"
2008_01_01,24.570438751588032,22.720980979481833,7.7698921671409575,-1.8494577721061987,Jaipur,2008-01-01,"{""type"":""MultiPoint"",""coordinates"":[]}"
2008_01_09,25.940618008886673,25.22882059071734,7.59532995780594,-0.7117974181693327,Jaipur,2008-01-09,"{""type"":""MultiPoint"",""coordinates"":[]}"
2008_01_17,22.661112987498747,19.823904155819136,4.615239610452251,-2.837208831679611,Jaipur,2008-01-17,"{""type"":""MultiPoint"",""coordinates"":[]}"
2008_01_25,25.084645604817396,23.46047016646497,5.484445687667004,-1.6241754383524274,Jaipur,2008-01-25,"{""type"":""MultiPoint"",""coordinates"":[]}"
2008_02_02,22.522454356360928,21.814309643648098,6.404363197100898,-0.70814471271283,Jaipur,2008-02-02,"{""type"":""MultiPoint"",""coordinates"":[]}"
2008_02_10,27.768550617976913,27.378688984837435,7.140100189026372,-0.3898616331394784,Jaipur,2008-02-10,"{""type"":""MultiPoint"",""coordinates"":[]}"
2008_02_18,29.797648236504816,29.352058976490135,11.13292034236891,-0.4455892600146818,Jaipur,2008-02-18,"{""type"":""MultiPoint"",""coordinates"":[]}"
2008_02_26,35.91929196162205,35.36622474674113,13.335746865211544,-0.5530672148809188,Jaipur,2008-02-26,"{""type"":""MultiPoint"",""coordinates"":[]}"
2008_03_05,37.260317834534035,36.730117573225876,15.499716326028105,-0.5302002613081598,Jaipur,2008-03-05,"{""type"":""MultiPoint"",""coordinates"":[]}"
2008_03_13,39.551601896030164,38.83479760456814,16.851876389072082,-0.7168042914620258,Jaipur,2008-03-13,"{""type"":""MultiPoint"",""coordinates"":[]}"
2008_03_21,38.89110928160829,38.27301214907963,17.836561384436855,-0.6180971325286606,Jaipur,2008-03-21,"{""type"":""MultiPoint"",""coordinates"":[]}"
2008_03_29,35.479992328562,34.97454858134019,16.88164286629416,-0.5054437472218112,Jaipur,2008-03-29,"{""type"":""MultiPoint"",""coordinates"":[]}"
2008_04_06,40.07513447885162,38.75568084680273,20.040889250352937,-1.3194536320488908,Jaipur,2008-04-06,"{""type"":""MultiPoint"",""coordinates"":[]}"
2008_04_14,45.576927620294924,44.07952051176714,20.70649314318134,-1.4974071085277814,Jaipur,2008-04-14,"{""type"":""MultiPoint"",""coordinates"":[]}"
2008_04_22,48.278537811457305,47.355088058230685,22.867639258847287,-0.9234497532266204,Jaipur,2008-04-22,"{""type"":""MultiPoint"",""coordinates"":[]}"
2008_04_30,44.537051964116806,44.178228638276124,22.63470036569542,-0.35882332584068166,Jaipur,2008-04-30,"{""type"":""MultiPoint"",""coordinates"":[]}"
2008_05_08,40.21583718663628,39.8716049236713,23.564131409593095,-0.34423226296497944,Jaipur,2008-05-08,"{""type"":""MultiPoint"",""coordinates"":[]}"
2008_05_16,40.57167963126668,40.1028675332034,25.15322806914712,-0.4688120980632817,Jaipur,2008-05-16,"{""type"":""MultiPoint"",""coordinates"":[]}"
2008_05_24,37.597632400960755,36.487416532530276,22.12989758035205,-1.1102158684304797,Jaipur,2008-05-24,"{""type"":""MultiPoint"",""coordinates"":[]}"
2008_06_01,38.86519862933921,38.580398527916365,24.07388358917248,-0.28480010142284584,Jaipur,2008-06-01,"{""type"":""MultiPoint"",""coordinates"":[]}"
2008_06_09,38.86921325845394,39.03875587914365,,0.16954262068971104,Jaipur,2008-06-09,"{""type"":""MultiPoint"",""coordinates"":[]}"
2008_06_17,30.31816596854429,29.876618019452074,19.383832518735773,-0.4415479490922145,Jaipur,2008-06-17,"{""type"":""MultiPoint"",""coordinates"":[]}"
2008_06_25,32.54364735423363,33.2549645015704,21.38698904538344,0.7113171473367714,Jaipur,2008-06-25,"{""type"":""MultiPoint"",""coordinates"":[]}"
2008_07_03,33.170948558187845,34.415751899496,,1.244803341308156,Jaipur,2008-07-03,"{""type"":""MultiPoint"",""coordinates"":[]}"
2008_07_11,32.6556139028597,32.78256662582326,21.273192691877497,0.12695272296355853,Jaipur,2008-07-11,"{""type"":""MultiPoint"",""coordinates"":[]}"
2008_07_19,36.18473861056701,37.28354970939127,23.733458550015314,1.0988110988242639,Jaipur,2008-07-19,"{""type"":""MultiPoint"",""coordinates"":[]}"
2008_07_27,,,,,Jaipur,2008-07-27,"{""type"":""MultiPoint"",""coordinates"":[]}"
2008_08_04,,,,,Jaipur,2008-08-04,"{""type"":""MultiPoint"",""coordinates"":[]}"
2008_08_12,29.335271646730508,29.695659300066595,19.456228274822813,0.3603876533360868,Jaipur,2008-08-12,"{""type"":""MultiPoint"",""coordinates"":[]}"
2008_08_20,36.38088313939093,36.19217552041443,22.417353926726598,-0.18870761897650112,Jaipur,2008-08-20,"{""type"":""MultiPoint"",""coordinates"":[]}"
2008_08_28,36.41362940140235,36.63798231228378,23.716073844887244,0.2243529108814286,Jaipur,2008-08-28,"{""type"":""MultiPoint"",""coordinates"":[]}"
2008_09_05,36.25166199007656,37.054443047603,22.448613832159904,0.8027810575264382,Jaipur,2008-09-05,"{""type"":""MultiPoint"",""coordinates"":[]}"
2008_09_13,30.184750116561926,30.45561651683871,23.308180814383498,0.270866400276784,Jaipur,2008-09-13,"{""type"":""MultiPoint"",""coordinates"":[]}"
2008_09_21,32.990091870146905,33.056962187931966,22.217115956682967,0.06687031778506025,Jaipur,2008-09-21,"{""type"":""MultiPoint"",""coordinates"":[]}"
2008_09_29,36.89370139603546,36.19290187195406,23.33899479304568,-0.700799524081404,Jaipur,2008-09-29,"{""type"":""MultiPoint"",""coordinates"":[]}"
2008_10_07,40.519531397802574,39.779753784017316,21.23514189458152,-0.7397776137852574,Jaipur,2008-10-07,"{""type"":""MultiPoint"",""coordinates"":[]}"
2008_10_15,37.75925246099315,36.72085517436276,19.273844504365098,-1.038397286630392,Jaipur,2008-10-15,"{""type"":""MultiPoint"",""coordinates"":[]}"
2008_10_23,38.48502032203404,37.495199217463785,17.415346922167767,-0.9898211045702539,Jaipur,2008-10-23,"{""type"":""MultiPoint"",""coordinates"":[]}"
2008_10_31,37.143624785605205,36.07805045288261,16.2928868086938,-1.0655743327225977,Jaipur,2008-10-31,"{""type"":""MultiPoint"",""coordinates"":[]}"
2008_11_08,33.42913863681255,32.75813033593851,15.678409975704726,-0.6710083008740426,Jaipur,2008-11-08,"{""type"":""MultiPoint"",""coordinates"":[]}"
2008_11_16,31.164889741270855,30.402900799110206,13.283559211232475,-0.7619889421606487,Jaipur,2008-11-16,"{""type"":""MultiPoint"",""coordinates"":[]}"
2008_11_24,31.681762289373303,30.97855038271226,10.859088573340598,-0.7032119066610427,Jaipur,2008-11-24,"{""type"":""MultiPoint"",""coordinates"":[]}"
2008_12_02,31.462007879335996,30.81678963315974,14.083382951392007,-0.6452182461762561,Jaipur,2008-12-02,"{""type"":""MultiPoint"",""coordinates"":[]}"
2008_12_10,27.07012488800509,26.89140719647945,11.342535910489882,-0.178717691525641,Jaipur,2008-12-10,"{""type"":""MultiPoint"",""coordinates"":[]}"
2008_12_18,26.070131412355366,25.399166510636505,8.749868732180593,-0.670964901718861,Jaipur,2008-12-18,"{""type"":""MultiPoint"",""coordinates"":[]}"
2008_12_26,26.68923379654901,26.486890281760942,10.281867792285702,-0.202343514788069,Jaipur,2008-12-26,"{""type"":""MultiPoint"",""coordinates"":[]}"
2009_01_01,25.037760313560362,25.13356460250309,8.368031894434775,0.09580428894272686,Jaipur,2009-01-01,"{""type"":""MultiPoint"",""coordinates"":[]}"
2009_01_09,24.301546086629738,28.150000000000034,7.250000000000057,3.848453913370296,Jaipur,2009-01-09,"{""type"":""MultiPoint"",""coordinates"":[]}"
2009_01_17,25.3439330741881,26.029154830790834,10.9062107662634,0.6852217566027328,Jaipur,2009-01-17,"{""type"":""MultiPoint"",""coordinates"":[]}"
2009_01_25,27.633279654057578,27.625935079234026,10.57030435295508,-0.007344574823552108,Jaipur,2009-01-25,"{""type"":""MultiPoint"",""coordinates"":[]}"
2009_02_02,28.87577116661993,28.813584855705635,12.675444730865754,-0.06218631091429572,Jaipur,2009-02-02,"{""type"":""MultiPoint"",""coordinates"":[]}"
2009_02_10,28.22121068239578,27.895105716015262,11.602299184563565,-0.326104966380516,Jaipur,2009-02-10,"{""type"":""MultiPoint"",""coordinates"":[]}"
2009_02_18,31.382197232877044,31.367485254217286,13.19720154535805,-0.014711978659757818,Jaipur,2009-02-18,"{""type"":""MultiPoint"",""coordinates"":[]}"
2009_02_26,34.565231837506865,34.20627047278522,15.99354097976294,-0.35896136472164386,Jaipur,2009-02-26,"{""type"":""MultiPoint"",""coordinates"":[]}"
2009_03_06,35.100976517915775,34.941615773291836,15.535955669897172,-0.1593607446239389,Jaipur,2009-03-06,"{""type"":""MultiPoint"",""coordinates"":[]}"
2009_03_14,37.76680909761852,37.48009852337059,17.076577375282728,-0.2867105742479268,Jaipur,2009-03-14,"{""type"":""MultiPoint"",""coordinates"":[]}"
2009_03_22,37.450202679805884,37.41310577746627,18.26926156271904,-0.037096902339612825,Jaipur,2009-03-22,"{""type"":""MultiPoint"",""coordinates"":[]}"
2009_03_30,39.9475899123472,40.11759670124493,18.57062708906743,0.17000678889773013,Jaipur,2009-03-30,"{""type"":""MultiPoint"",""coordinates"":[]}"
2009_04_07,44.096179519963414,43.219340621229655,20.129314683743438,-0.8768388987337588,Jaipur,2009-04-07,"{""type"":""MultiPoint"",""coordinates"":[]}"
2009_04_15,46.24181892080128,45.67454702703749,21.69756194179301,-0.5672718937637882,Jaipur,2009-04-15,"{""type"":""MultiPoint"",""coordinates"":[]}"
2009_04_23,47.17131458092959,46.647041954791156,21.92607589052243,-0.5242726261384334,Jaipur,2009-04-23,"{""type"":""MultiPoint"",""coordinates"":[]}"
2009_05_01,45.602296795251654,45.31403718266807,22.758664799794946,-0.28825961258358035,Jaipur,2009-05-01,"{""type"":""MultiPoint"",""coordinates"":[]}"
2009_05_09,45.77633899855515,45.054185283352346,23.32092253322849,-0.7221537152028006,Jaipur,2009-05-09,"{""type"":""MultiPoint"",""coordinates"":[]}"
2009_05_17,45.20934038107724,44.33840091245247,24.351948877263425,-0.8709394686247691,Jaipur,2009-05-17,"{""type"":""MultiPoint"",""coordinates"":[]}"
2009_05_25,42.997643236441064,42.77844636311807,22.364460318753252,-0.21919687332299276,Jaipur,2009-05-25,"{""type"":""MultiPoint"",""coordinates"":[]}"
2009_06_02,42.54147689155637,42.09880654840239,26.590115597199592,-0.4426703431539778,Jaipur,2009-06-02,"{""type"":""MultiPoint"",""coordinates"":[]}"
2009_06_10,43.23976404482753,43.265694507637306,24.65925646858834,0.02593046280977518,Jaipur,2009-06-10,"{""type"":""MultiPoint"",""coordinates"":[]}"
2009_06_18,40.828530423618844,40.46624874588142,25.19142966546947,-0.36228167773742115,Jaipur,2009-06-18,"{""type"":""MultiPoint"",""coordinates"":[]}"
2009_06_26,40.30387826225805,39.70083713570797,23.658248270532827,-0.6030411265500817,Jaipur,2009-06-26,"{""type"":""MultiPoint"",""coordinates"":[]}"
2009_07_04,43.414540395630354,41.886566783747575,27.112241455612864,-1.5279736118827785,Jaipur,2009-07-04,"{""type"":""MultiPoint"",""coordinates"":[]}"
2009_07_12,36.200909539932304,36.17885229639917,25.01715087249707,-0.02205724353313343,Jaipur,2009-07-12,"{""type"":""MultiPoint"",""coordinates"":[]}"
2009_07_20,29.523236552567266,,,,Jaipur,2009-07-20,"{""type"":""MultiPoint"",""coordinates"":[]}"
2009_07_28,34.27349786954004,33.624099337062376,24.14721721566193,-0.6493985324776617,Jaipur,2009-07-28,"{""type"":""MultiPoint"",""coordinates"":[]}"
2009_08_05,37.13474121538552,36.82181113277022,24.940499602916823,-0.31293008261529565,Jaipur,2009-08-05,"{""type"":""MultiPoint"",""coordinates"":[]}"
2009_08_13,30.93639348413239,33.23420869942513,23.219747261091253,2.29781521529274,Jaipur,2009-08-13,"{""type"":""MultiPoint"",""coordinates"":[]}"
2009_08_21,34.3271959945697,34.319907076301625,24.46325131319038,-0.007288918268073985,Jaipur,2009-08-21,"{""type"":""MultiPoint"",""coordinates"":[]}"
2009_08_29,30.586451143166556,32.22107069455786,24.256140938652557,1.634619551391303,Jaipur,2009-08-29,"{""type"":""MultiPoint"",""coordinates"":[]}"
2009_09_06,34.36464037980862,34.59911060525342,22.902173950479803,0.23447022544480234,Jaipur,2009-09-06,"{""type"":""MultiPoint"",""coordinates"":[]}"
2009_09_14,38.100769409881444,38.41926144914027,24.908554063631655,0.3184920392588282,Jaipur,2009-09-14,"{""type"":""MultiPoint"",""coordinates"":[]}"
2009_09_22,41.86918212908389,41.7292628279997,24.398119500895426,-0.13991930108419126,Jaipur,2009-09-22,"{""type"":""MultiPoint"",""coordinates"":[]}"
2009_09_30,38.69703391944139,37.292457966112764,23.714830726202507,-1.4045759533286244,Jaipur,2009-09-30,"{""type"":""MultiPoint"",""coordinates"":[]}"
2009_10_08,39.19369870926852,38.495541655261995,20.32719822875237,-0.6981570540065221,Jaipur,2009-10-08,"{""type"":""MultiPoint"",""coordinates"":[]}"
2009_10_16,35.8746202430329,34.957297360429834,16.560171007552775,-0.9173228826030666,Jaipur,2009-10-16,"{""type"":""MultiPoint"",""coordinates"":[]}"
2009_10_24,37.56413430213825,36.579062391621854,16.403890911942483,-0.9850719105163961,Jaipur,2009-10-24,"{""type"":""MultiPoint"",""coordinates"":[]}"
2009_11_01,34.05683369195746,32.99632634086817,17.615879423760713,-1.060507351089285,Jaipur,2009-11-01,"{""type"":""MultiPoint"",""coordinates"":[]}"
2009_11_09,33.7137101389578,33.23739402462475,17.187650526397864,-0.4763161143330521,Jaipur,2009-11-09,"{""type"":""MultiPoint"",""coordinates"":[]}"
2009_11_17,29.697065228012242,29.010805859737648,10.264841428383995,-0.6862593682745946,Jaipur,2009-11-17,"{""type"":""MultiPoint"",""coordinates"":[]}"
2009_11_25,29.476646892150555,28.747650903328395,10.604339470355779,-0.7289959888221595,Jaipur,2009-11-25,"{""type"":""MultiPoint"",""coordinates"":[]}"
2009_12_03,28.90143948607613,28.51707537826419,12.907780911797632,-0.38436410781193686,Jaipur,2009-12-03,"{""type"":""MultiPoint"",""coordinates"":[]}"
2009_12_11,25.689050607281793,26.333564960748483,10.916319171238401,0.6445143534666897,Jaipur,2009-12-11,"{""type"":""MultiPoint"",""coordinates"":[]}"
2009_12_19,25.77988984282483,25.730991485621974,8.716260952067485,-0.04889835720285518,Jaipur,2009-12-19,"{""type"":""MultiPoint"",""coordinates"":[]}"
2009_12_27,24.831741060462992,24.491822342107728,8.965853131749483,-0.3399187183552641,Jaipur,2009-12-27,"{""type"":""MultiPoint"",""coordinates"":[]}"
2010_01_01,23.96682961996141,23.748033794774745,8.328456794489174,-0.21879582518666396,Jaipur,2010-01-01,"{""type"":""MultiPoint"",""coordinates"":[]}"
2010_01_09,19.950420312679285,18.877223230490046,6.382805001008308,-1.073197082189239,Jaipur,2010-01-09,"{""type"":""MultiPoint"",""coordinates"":[]}"
2010_01_17,25.31094631155959,25.292760931440473,9.669816581674645,-0.01818538011911741,Jaipur,2010-01-17,"{""type"":""MultiPoint"",""coordinates"":[]}"
2010_01_25,27.364900706627704,27.591470971005258,11.124423195493307,0.22657026437755334,Jaipur,2010-01-25,"{""type"":""MultiPoint"",""coordinates"":[]}"
2010_02_02,27.384730071587853,27.39674956902397,11.17066796295303,0.012019497436117632,Jaipur,2010-02-02,"{""type"":""MultiPoint"",""coordinates"":[]}"
2010_02_10,27.14383362316061,27.500035091912583,11.69979368562864,0.3562014687519728,Jaipur,2010-02-10,"{""type"":""MultiPoint"",""coordinates"":[]}"
2010_02_18,30.610940863400643,30.315410143592892,13.005277341745819,-0.2955307198077506,Jaipur,2010-02-18,"{""type"":""MultiPoint"",""coordinates"":[]}"
2010_02_26,35.00623257554508,34.506793828810515,15.61355869990511,-0.4994387467345618,Jaipur,2010-02-26,"{""type"":""MultiPoint"",""coordinates"":[]}"
2010_03_06,37.71148561865252,37.19984305642861,16.30507457628786,-0.5116425622239049,Jaipur,2010-03-06,"{""type"":""MultiPoint"",""coordinates"":[]}"
2010_03_14,40.99007696385703,40.206575665655514,20.257702309950563,-0.7835012982015144,Jaipur,2010-03-14,"{""type"":""MultiPoint"",""coordinates"":[]}"
2010_03_22,44.56443448612799,44.03321944873254,21.125961514189484,-0.5312150373954552,Jaipur,2010-03-22,"{""type"":""MultiPoint"",""coordinates"":[]}"
2010_03_30,40.90170775771556,40.324638280806845,19.97672613807542,-0.5770694769087186,Jaipur,2010-03-30,"{""type"":""MultiPoint"",""coordinates"":[]}"
2010_04_07,47.75755844533838,47.048593743856,22.38908772757658,-0.7089647014823797,Jaipur,2010-04-07,"{""type"":""MultiPoint"",""coordinates"":[]}"
2010_04_15,46.7882865458779,45.997588571316804,23.26719496449328,-0.7906979745610982,Jaipur,2010-04-15,"{""type"":""MultiPoint"",""coordinates"":[]}"
2010_04_23,46.13203105996815,45.160123749837204,22.775153493219104,-0.9719073101309448,Jaipur,2010-04-23,"{""type"":""MultiPoint"",""coordinates"":[]}"
2010_05_01,41.994712113179716,41.52748791132187,23.940816728275998,-0.46722420185784586,Jaipur,2010-05-01,"{""type"":""MultiPoint"",""coordinates"":[]}"
2010_05_09,45.436774939969474,44.90912839588367,25.116186816420868,-0.5276465440858047,Jaipur,2010-05-09,"{""type"":""MultiPoint"",""coordinates"":[]}"
2010_05_17,48.144451242710645,47.30177688877171,26.15114056554469,-0.8426743539389321,Jaipur,2010-05-17,"{""type"":""MultiPoint"",""coordinates"":[]}"
2010_05_25,43.653456223258445,43.464217285834415,26.17714224230687,-0.18923893742402953,Jaipur,2010-05-25,"{""type"":""MultiPoint"",""coordinates"":[]}"
2010_06_02,43.07360835934817,42.802323565888145,22.785642148984756,-0.2712847934600262,Jaipur,2010-06-02,"{""type"":""MultiPoint"",""coordinates"":[]}"
2010_06_10,46.77650434771556,46.57195424304292,27.0213408713496,-0.20455010467264145,Jaipur,2010-06-10,"{""type"":""MultiPoint"",""coordinates"":[]}"
2010_06_18,44.384115039498305,43.84994335373344,27.413605148072634,-0.5341716857648677,Jaipur,2010-06-18,"{""type"":""MultiPoint"",""coordinates"":[]}"
2010_06_26,42.53695743562807,42.58016023828376,26.90643051942341,0.043202802655692096,Jaipur,2010-06-26,"{""type"":""MultiPoint"",""coordinates"":[]}"
2010_07_04,37.535431480824805,38.321868043418306,25.96399529285346,0.7864365625935008,Jaipur,2010-07-04,"{""type"":""MultiPoint"",""coordinates"":[]}"
2010_07_12,40.483834038146234,34.79526315789476,24.694210526315818,-5.688570880251476,Jaipur,2010-07-12,"{""type"":""MultiPoint"",""coordinates"":[]}"
2010_07_20,36.31513033160238,36.19077175414366,,-0.1243585774587217,Jaipur,2010-07-20,"{""type"":""MultiPoint"",""coordinates"":[]}"
2010_07_28,36.502537435897466,,,,Jaipur,2010-07-28,"{""type"":""MultiPoint"",""coordinates"":[]}"
2010_08_05,33.80779548125899,34.74376116240354,24.742247616164708,0.9359656811445447,Jaipur,2010-08-05,"{""type"":""MultiPoint"",""coordinates"":[]}"
2010_08_13,,,,,Jaipur,2010-08-13,"{""type"":""MultiPoint"",""coordinates"":[]}"
2010_08_21,30.939854877163913,32.114357986027485,22.16724403758133,1.174503108863572,Jaipur,2010-08-21,"{""type"":""MultiPoint"",""coordinates"":[]}"
2010_08_29,32.54809703660665,31.825702155453993,,-0.7223948811526562,Jaipur,2010-08-29,"{""type"":""MultiPoint"",""coordinates"":[]}"
2010_09_06,29.82500000000003,,,,Jaipur,2010-09-06,"{""type"":""MultiPoint"",""coordinates"":[]}"
2010_09_14,30.34241315899341,30.669313721334454,22.05260406510959,0.32690056234104503,Jaipur,2010-09-14,"{""type"":""MultiPoint"",""coordinates"":[]}"
2010_09_22,33.159113397989664,33.1022009801073,20.85097419954679,-0.05691241788236567,Jaipur,2010-09-22,"{""type"":""MultiPoint"",""coordinates"":[]}"
2010_09_30,37.0434016902112,36.626165970919246,22.332253542978805,-0.417235719291952,Jaipur,2010-09-30,"{""type"":""MultiPoint"",""coordinates"":[]}"
2010_10_08,37.62774964917209,36.687364281941434,20.691429465735485,-0.9403853672306539,Jaipur,2010-10-08,"{""type"":""MultiPoint"",""coordinates"":[]}"
2010_10_16,37.48825646303053,36.57074335888446,22.277393928815602,-0.9175131041460745,Jaipur,2010-10-16,"{""type"":""MultiPoint"",""coordinates"":[]}"
2010_10_24,33.69305676656169,32.876607831144,17.567263468577387,-0.8164489354176894,Jaipur,2010-10-24,"{""type"":""MultiPoint"",""coordinates"":[]}"
2010_11_01,33.391347470400525,32.45423392966826,16.018736331304222,-0.9371135407322626,Jaipur,2010-11-01,"{""type"":""MultiPoint"",""coordinates"":[]}"
2010_11_09,28.8675252868378,28.68107012831993,19.053712514235134,-0.18645515851786953,Jaipur,2010-11-09,"{""type"":""MultiPoint"",""coordinates"":[]}"
2010_11_17,26.504223331305784,26.4232462451092,14.242206235012029,-0.08097708619658306,Jaipur,2010-11-17,"{""type"":""MultiPoint"",""coordinates"":[]}"
2010_11_25,25.11940345734454,24.515222522429422,11.73426284370034,-0.6041809349151173,Jaipur,2010-11-25,"{""type"":""MultiPoint"",""coordinates"":[]}"
2010_12_03,23.963704742070682,23.19502063230669,9.270419651516693,-0.768684109763992,Jaipur,2010-12-03,"{""type"":""MultiPoint"",""coordinates"":[]}"
2010_12_11,25.2871151072779,24.683293086394446,8.21154699228719,-0.6038220208834524,Jaipur,2010-12-11,"{""type"":""MultiPoint"",""coordinates"":[]}"
2010_12_19,24.311457822683707,24.132433181934065,7.731901335611846,-0.17902464074964186,Jaipur,2010-12-19,"{""type"":""MultiPoint"",""coordinates"":[]}"
2010_12_27,18.09294871962149,18.1836697185487,8.643001747658944,0.09072099892721042,Jaipur,2010-12-27,"{""type"":""MultiPoint"",""coordinates"":[]}"
2011_01_01,18.180681614575846,18.154843108379843,6.174296819687939,-0.025838506196002697,Jaipur,2011-01-01,"{""type"":""MultiPoint"",""coordinates"":[]}"
2011_01_09,20.186671466274802,20.506339054372642,7.202445370893502,0.3196675880978397,Jaipur,2011-01-09,"{""type"":""MultiPoint"",""coordinates"":[]}"
2011_01_17,22.367911003973944,22.6346734584883,8.908144039017737,0.26676245451435676,Jaipur,2011-01-17,"{""type"":""MultiPoint"",""coordinates"":[]}"
2011_01_25,22.253873739803772,23.660974038908446,8.587259810105603,1.4071002991046733,Jaipur,2011-01-25,"{""type"":""MultiPoint"",""coordinates"":[]}"
2011_02_02,26.776353322730483,27.345782007883844,12.153598227849365,0.5694286851533619,Jaipur,2011-02-02,"{""type"":""MultiPoint"",""coordinates"":[]}"
2011_02_10,24.68670806003527,24.8307918607858,11.883855386714298,0.14408380075053273,Jaipur,2011-02-10,"{""type"":""MultiPoint"",""coordinates"":[]}"
2011_02_18,23.648933425990602,23.719692969065903,12.318209220004475,0.07075954307530097,Jaipur,2011-02-18,"{""type"":""MultiPoint"",""coordinates"":[]}"
2011_02_26,26.743781576872582,27.024991030189806,14.659227115593824,0.28120945331722424,Jaipur,2011-02-26,"{""type"":""MultiPoint"",""coordinates"":[]}"
2011_03_06,31.72495714181761,31.928386544593785,14.70683393000375,0.20342940277617316,Jaipur,2011-03-06,"{""type"":""MultiPoint"",""coordinates"":[]}"
2011_03_14,35.548896518747206,35.903244367111,16.991766053242138,0.35434784836379407,Jaipur,2011-03-14,"{""type"":""MultiPoint"",""coordinates"":[]}"
2011_03_22,39.19639839502707,38.537902287481174,17.834771325156485,-0.6584961075458935,Jaipur,2011-03-22,"{""type"":""MultiPoint"",""coordinates"":[]}"
2011_03_30,38.81074587582255,38.09171831289001,16.96940029735706,-0.7190275629325384,Jaipur,2011-03-30,"{""type"":""MultiPoint"",""coordinates"":[]}"
2011_04_07,40.15916910538205,38.121175403389266,19.791138611854407,-2.0379937019927823,Jaipur,2011-04-07,"{""type"":""MultiPoint"",""coordinates"":[]}"
2011_04_15,42.988289872246554,42.580024248374784,20.23787363076026,-0.40826562387177034,Jaipur,2011-04-15,"{""type"":""MultiPoint"",""coordinates"":[]}"
2011_04_23,47.539758900635086,46.02681334189832,22.800672350696882,-1.5129455587367673,Jaipur,2011-04-23,"{""type"":""MultiPoint"",""coordinates"":[]}"
2011_05_01,45.03831380131199,44.095919715373135,25.22419518525544,-0.942394085938858,Jaipur,2011-05-01,"{""type"":""MultiPoint"",""coordinates"":[]}"
2011_05_09,46.63756503570658,45.74748882247353,25.75542575667884,-0.8900762132330513,Jaipur,2011-05-09,"{""type"":""MultiPoint"",""coordinates"":[]}"
2011_05_17,44.44887213230625,43.86330080874572,28.060946708220513,-0.5855713235605293,Jaipur,2011-05-17,"{""type"":""MultiPoint"",""coordinates"":[]}"
2011_05_25,44.84679529331605,44.270302720179416,27.120992314662125,-0.5764925731366333,Jaipur,2011-05-25,"{""type"":""MultiPoint"",""coordinates"":[]}"
2011_06_02,44.57443778927859,43.68797961147508,25.62082184219657,-0.8864581778035117,Jaipur,2011-06-02,"{""type"":""MultiPoint"",""coordinates"":[]}"
2011_06_10,41.36156778605691,40.846185571858584,26.47597018434915,-0.5153822141983255,Jaipur,2011-06-10,"{""type"":""MultiPoint"",""coordinates"":[]}"
2011_06_18,38.3435934665386,35.38276962448428,24.29973863311412,-2.9608238420543174,Jaipur,2011-06-18,"{""type"":""MultiPoint"",""coordinates"":[]}"
2011_06_26,35.48378885040523,34.54752528890423,21.685266981929793,-0.9362635615010007,Jaipur,2011-06-26,"{""type"":""MultiPoint"",""coordinates"":[]}"
2011_07_04,38.05169277664512,34.90424056100414,24.66277783652327,-3.147452215640982,Jaipur,2011-07-04,"{""type"":""MultiPoint"",""coordinates"":[]}"
2011_07_12,34.69060229896817,34.09114812778849,22.708918918918943,-0.5994541711796799,Jaipur,2011-07-12,"{""type"":""MultiPoint"",""coordinates"":[]}"
2011_07_20,35.59232826824065,,,,Jaipur,2011-07-20,"{""type"":""MultiPoint"",""coordinates"":[]}"
2011_07_28,33.897751753579925,32.71538447482522,,-1.182367278754704,Jaipur,2011-07-28,"{""type"":""MultiPoint"",""coordinates"":[]}"
2011_08_05,,,,,Jaipur,2011-08-05,"{""type"":""MultiPoint"",""coordinates"":[]}"
2011_08_13,29.55964459187302,30.61831663609429,,1.058672044221268,Jaipur,2011-08-13,"{""type"":""MultiPoint"",""coordinates"":[]}"
2011_08_21,29.681578489951146,,,,Jaipur,2011-08-21,"{""type"":""MultiPoint"",""coordinates"":[]}"
2011_08_29,31.346422447388964,31.596666666666692,24.850000000000023,0.2502442192777288,Jaipur,2011-08-29,"{""type"":""MultiPoint"",""coordinates"":[]}"
2011_09_06,,,,,Jaipur,2011-09-06,"{""type"":""MultiPoint"",""coordinates"":[]}"
2011_09_14,31.85854125965409,31.684630568750855,22.77809014850004,-0.1739106909032344,Jaipur,2011-09-14,"{""type"":""MultiPoint"",""coordinates"":[]}"
2011_09_22,34.4511775553269,33.69236220472443,22.485137136668367,-0.7588153506024682,Jaipur,2011-09-22,"{""type"":""MultiPoint"",""coordinates"":[]}"
2011_09_30,38.45857090882638,37.32546879981446,21.223255755538165,-1.1331021090119222,Jaipur,2011-09-30,"{""type"":""MultiPoint"",""coordinates"":[]}"
2011_10_08,39.53652812340828,37.90367493744281,20.281980530132778,-1.6328531859654731,Jaipur,2011-10-08,"{""type"":""MultiPoint"",""coordinates"":[]}"
2011_10_16,39.25121535119179,37.74995611607877,17.963994019359454,-1.501259235113018,Jaipur,2011-10-16,"{""type"":""MultiPoint"",""coordinates"":[]}"
2011_10_24,36.172113761811154,34.7412009335255,16.65111574203622,-1.4309128282856562,Jaipur,2011-10-24,"{""type"":""MultiPoint"",""coordinates"":[]}"
2011_11_01,36.09997877360935,34.94471098702452,16.27711162434894,-1.1552677865848295,Jaipur,2011-11-01,"{""type"":""MultiPoint"",""coordinates"":[]}"
2011_11_09,35.104215091319205,33.87258088063539,16.715156820586355,-1.231634210683815,Jaipur,2011-11-09,"{""type"":""MultiPoint"",""coordinates"":[]}"
2011_11_17,33.4178557187556,32.54200108604485,15.729626527334473,-0.8758546327107481,Jaipur,2011-11-17,"{""type"":""MultiPoint"",""coordinates"":[]}"
2011_11_25,29.424898888785027,28.39967476573356,11.931722812371662,-1.0252241230514656,Jaipur,2011-11-25,"{""type"":""MultiPoint"",""coordinates"":[]}"
2011_12_03,29.76495861789385,29.15485017529585,13.807434191411513,-0.6101084425980012,Jaipur,2011-12-03,"{""type"":""MultiPoint"",""coordinates"":[]}"
2011_12_11,25.476815480088465,24.87429432482108,7.084282208463005,-0.6025211552673859,Jaipur,2011-12-11,"{""type"":""MultiPoint"",""coordinates"":[]}"
2011_12_19,24.338212822688156,23.130549902576355,8.765337784315975,-1.207662920111801,Jaipur,2011-12-19,"{""type"":""MultiPoint"",""coordinates"":[]}"
2011_12_27,26.26145641058624,26.041641791044807,6.9944776119403285,-0.21981461954143455,Jaipur,2011-12-27,"{""type"":""MultiPoint"",""coordinates"":[]}"
2012_01_01,23.387294182772166,21.29671115347954,8.463930727677186,-2.0905830292926275,Jaipur,2012-01-01,"{""type"":""MultiPoint"",""coordinates"":[]}"
2012_01_09,21.775220048784647,21.015796139101887,6.844871303395429,-0.7594239096827593,Jaipur,2012-01-09,"{""type"":""MultiPoint"",""coordinates"":[]}"
2012_01_17,21.666353423419555,22.70238400992317,5.278724496775933,1.036030586503614,Jaipur,2012-01-17,"{""type"":""MultiPoint"",""coordinates"":[]}"
2012_01_25,24.97751631668802,24.37181607083625,7.7282058740973545,-0.6057002458517715,Jaipur,2012-01-25,"{""type"":""MultiPoint"",""coordinates"":[]}"
2012_02_02,25.38974310974793,25.766194436855614,7.310074269698201,0.37645132710768436,Jaipur,2012-02-02,"{""type"":""MultiPoint"",""coordinates"":[]}"
2012_02_10,26.054185079657092,25.89287898499221,8.653978487413024,-0.16130609466488366,Jaipur,2012-02-10,"{""type"":""MultiPoint"",""coordinates"":[]}"
2012_02_18,29.793294352449486,29.732167051069272,12.464935875776787,-0.06112730138021405,Jaipur,2012-02-18,"{""type"":""MultiPoint"",""coordinates"":[]}"
2012_02_26,31.542224550680363,31.50992028731607,13.209982967375248,-0.03230426336429204,Jaipur,2012-02-26,"{""type"":""MultiPoint"",""coordinates"":[]}"
2012_03_05,30.045741187721582,29.82711970111497,12.181152590239204,-0.21862148660661163,Jaipur,2012-03-05,"{""type"":""MultiPoint"",""coordinates"":[]}"
2012_03_13,36.00583821374003,35.85212512471393,15.87182727859619,-0.15371308902609826,Jaipur,2012-03-13,"{""type"":""MultiPoint"",""coordinates"":[]}"
2012_03_21,36.5812818785667,35.66614740665282,16.544117021747827,-0.9151344719138805,Jaipur,2012-03-21,"{""type"":""MultiPoint"",""coordinates"":[]}"
2012_03_29,43.313362231161825,42.63348595617435,22.190594083437716,-0.6798762749874783,Jaipur,2012-03-29,"{""type"":""MultiPoint"",""coordinates"":[]}"
2012_04_06,42.97699458425595,42.4516498425182,20.738009957548424,-0.5253447417377473,Jaipur,2012-04-06,"{""type"":""MultiPoint"",""coordinates"":[]}"
2012_04_14,40.34657453034458,40.03953731619985,21.117409380518914,-0.30703721414473506,Jaipur,2012-04-14,"{""type"":""MultiPoint"",""coordinates"":[]}"
2012_04_22,44.52420211848107,43.57558902325308,21.18932110734497,-0.9486130952279908,Jaipur,2012-04-22,"{""type"":""MultiPoint"",""coordinates"":[]}"
2012_04_30,45.35458664670848,44.72519692042988,21.722338888807936,-0.6293897262786032,Jaipur,2012-04-30,"{""type"":""MultiPoint"",""coordinates"":[]}"
2012_05_08,41.34734622301228,41.24653459082759,21.878419664408646,-0.10081163218468703,Jaipur,2012-05-08,"{""type"":""MultiPoint"",""coordinates"":[]}"
2012_05_16,45.35527661874609,45.24037245448738,24.600150398343136,-0.11490416425871075,Jaipur,2012-05-16,"{""type"":""MultiPoint"",""coordinates"":[]}"
2012_05_24,45.537951227118164,45.2799789554805,26.352067895745645,-0.25797227163766223,Jaipur,2012-05-24,"{""type"":""MultiPoint"",""coordinates"":[]}"
2012_06_01,43.27331479462221,42.62682496047635,26.082217616411437,-0.6464898341458607,Jaipur,2012-06-01,"{""type"":""MultiPoint"",""coordinates"":[]}"
2012_06_09,42.989257834081066,42.32615597187021,26.251727430390154,-0.6631018622108584,Jaipur,2012-06-09,"{""type"":""MultiPoint"",""coordinates"":[]}"
2012_06_17,41.289536679235916,40.59307932250382,26.882144148759856,-0.6964573567320969,Jaipur,2012-06-17,"{""type"":""MultiPoint"",""coordinates"":[]}"
2012_06_25,42.393307710587784,41.68718092328583,26.901586897488137,-0.7061267873019546,Jaipur,2012-06-25,"{""type"":""MultiPoint"",""coordinates"":[]}"
2012_07_03,47.92380338091985,47.131633885084895,27.407979053976327,-0.7921694958349548,Jaipur,2012-07-03,"{""type"":""MultiPoint"",""coordinates"":[]}"
2012_07_11,36.06535717152454,34.60978187682127,25.402739412114244,-1.4555752947032659,Jaipur,2012-07-11,"{""type"":""MultiPoint"",""coordinates"":[]}"
2012_07_19,39.475337884113586,37.75413543141341,24.170618728843188,-1.721202452700176,Jaipur,2012-07-19,"{""type"":""MultiPoint"",""coordinates"":[]}"
2012_07_27,,,,,Jaipur,2012-07-27,"{""type"":""MultiPoint"",""coordinates"":[]}"
2012_08_04,38.04893831984837,38.580637665997344,22.79543356297785,0.5316993461489758,Jaipur,2012-08-04,"{""type"":""MultiPoint"",""coordinates"":[]}"
2012_08_12,,,,,Jaipur,2012-08-12,"{""type"":""MultiPoint"",""coordinates"":[]}"
2012_08_20,,,,,Jaipur,2012-08-20,"{""type"":""MultiPoint"",""coordinates"":[]}"
2012_08_28,,,,,Jaipur,2012-08-28,"{""type"":""MultiPoint"",""coordinates"":[]}"
2012_09_05,29.973105678514234,30.687680250783718,21.85673981191225,0.7145745722694841,Jaipur,2012-09-05,"{""type"":""MultiPoint"",""coordinates"":[]}"
2012_09_13,28.653075436409004,,,,Jaipur,2012-09-13,"{""type"":""MultiPoint"",""coordinates"":[]}"
2012_09_21,35.643247908026005,35.45971996307206,21.850577853978308,-0.1835279449539442,Jaipur,2012-09-21,"{""type"":""MultiPoint"",""coordinates"":[]}"
2012_09_29,38.16140734503793,37.60773667690111,20.662314299285576,-0.5536706681368173,Jaipur,2012-09-29,"{""type"":""MultiPoint"",""coordinates"":[]}"
2012_10_07,38.869984802652844,38.01325812645396,19.847576645724835,-0.8567266761988819,Jaipur,2012-10-07,"{""type"":""MultiPoint"",""coordinates"":[]}"
2012_10_15,35.989629380151854,35.08407610465488,19.986856758188644,-0.9055532754969704,Jaipur,2012-10-15,"{""type"":""MultiPoint"",""coordinates"":[]}"
2012_10_23,36.156303905364894,35.02382544738748,16.348495440066362,-1.1324784579774132,Jaipur,2012-10-23,"{""type"":""MultiPoint"",""coordinates"":[]}"
2012_10_31,32.28401958399608,31.164438453967197,14.990536869943277,-1.1195811300288803,Jaipur,2012-10-31,"{""type"":""MultiPoint"",""coordinates"":[]}"
2012_11_08,33.27910828369773,32.044721998898815,14.047611202876753,-1.2343862847989158,Jaipur,2012-11-08,"{""type"":""MultiPoint"",""coordinates"":[]}"
2012_11_16,30.37658961965051,29.38760458436012,12.794088856008145,-0.9889850352903906,Jaipur,2012-11-16,"{""type"":""MultiPoint"",""coordinates"":[]}"
2012_11_24,29.62081591667448,28.589025177815635,11.350754025396025,-1.0317907388588452,Jaipur,2012-11-24,"{""type"":""MultiPoint"",""coordinates"":[]}"
2012_12_02,29.347154208376192,28.348662794179347,10.352765934087898,-0.9984914141968453,Jaipur,2012-12-02,"{""type"":""MultiPoint"",""coordinates"":[]}"
2012_12_10,27.20582979860754,26.675210901619568,12.395155406494272,-0.5306188969879706,Jaipur,2012-12-10,"{""type"":""MultiPoint"",""coordinates"":[]}"
2012_12_18,25.475271748157063,25.087783509207878,7.577126914637895,-0.38748823894918516,Jaipur,2012-12-18,"{""type"":""MultiPoint"",""coordinates"":[]}"
2012_12_26,23.32508633798433,23.60133155522855,7.949304143424828,0.27624521724422024,Jaipur,2012-12-26,"{""type"":""MultiPoint"",""coordinates"":[]}"
2013_01_01,20.68827817543863,21.11322615056388,4.651289241085066,0.4249479751252494,Jaipur,2013-01-01,"{""type"":""MultiPoint"",""coordinates"":[]}"
2013_01_09,25.181206299720657,24.821177747300325,9.860167665805134,-0.3600285524203315,Jaipur,2013-01-09,"{""type"":""MultiPoint"",""coordinates"":[]}"
2013_01_17,21.978335182020334,21.41673993983892,6.638039475622363,-0.561595242181415,Jaipur,2013-01-17,"{""type"":""MultiPoint"",""coordinates"":[]}"
2013_01_25,25.240582989841215,25.495885086313073,8.63172626100698,0.2553020964718584,Jaipur,2013-01-25,"{""type"":""MultiPoint"",""coordinates"":[]}"
2013_02_02,23.134642400041006,22.22841086293668,10.247460223675908,-0.9062315371043255,Jaipur,2013-02-02,"{""type"":""MultiPoint"",""coordinates"":[]}"
2013_02_10,25.826079799632296,26.507530855087168,11.5639136611014,0.6814510554548718,Jaipur,2013-02-10,"{""type"":""MultiPoint"",""coordinates"":[]}"
2013_02_18,25.16507758702667,25.464284407603284,13.028037825734861,0.2992068205766145,Jaipur,2013-02-18,"{""type"":""MultiPoint"",""coordinates"":[]}"
2013_02_26,32.073132794877374,32.53044339847881,13.545866846296198,0.45731060360143516,Jaipur,2013-02-26,"{""type"":""MultiPoint"",""coordinates"":[]}"
2013_03_06,34.14141516200465,34.00036012727001,16.451501220563962,-0.14105503473464154,Jaipur,2013-03-06,"{""type"":""MultiPoint"",""coordinates"":[]}"
2013_03_14,36.646383613476026,36.442853672101386,17.570120500736714,-0.2035299413746401,Jaipur,2013-03-14,"{""type"":""MultiPoint"",""coordinates"":[]}"
2013_03_22,37.24584457542007,36.42945550628443,18.17415179415574,-0.8163890691356457,Jaipur,2013-03-22,"{""type"":""MultiPoint"",""coordinates"":[]}"
2013_03_30,40.377250174114565,39.56240347744639,18.845855067373122,-0.8148466966681767,Jaipur,2013-03-30,"{""type"":""MultiPoint"",""coordinates"":[]}"
2013_04_07,41.71598419974841,40.851814098981166,20.6651086988498,-0.8641701007672467,Jaipur,2013-04-07,"{""type"":""MultiPoint"",""coordinates"":[]}"
2013_04_15,42.7410830032952,41.63728329127294,20.770126865817662,-1.1037997120222656,Jaipur,2013-04-15,"{""type"":""MultiPoint"",""coordinates"":[]}"
2013_04_23,43.4426401630353,41.694238127457574,23.632366271487324,-1.748402035577726,Jaipur,2013-04-23,"{""type"":""MultiPoint"",""coordinates"":[]}"
2013_05_01,48.54086286005341,47.75756277738837,23.54720090710897,-0.7833000826650363,Jaipur,2013-05-01,"{""type"":""MultiPoint"",""coordinates"":[]}"
2013_05_09,45.10612692175765,43.76705068763816,23.43755785746428,-1.3390762341194886,Jaipur,2013-05-09,"{""type"":""MultiPoint"",""coordinates"":[]}"
2013_05_17,47.913449049386216,47.166412223016074,28.095278429885823,-0.7470368263701417,Jaipur,2013-05-17,"{""type"":""MultiPoint"",""coordinates"":[]}"
2013_05_25,46.4809631292812,45.508297721730145,26.985112701391046,-0.9726654075510552,Jaipur,2013-05-25,"{""type"":""MultiPoint"",""coordinates"":[]}"
2013_06_02,44.66496890528771,43.891994110825934,27.793373376242688,-0.7729747944617742,Jaipur,2013-06-02,"{""type"":""MultiPoint"",""coordinates"":[]}"
2013_06_10,36.558592086567714,35.88007412257867,22.518705539405566,-0.6785179639890444,Jaipur,2013-06-10,"{""type"":""MultiPoint"",""coordinates"":[]}"
2013_06_18,37.85874922956808,36.81713292460433,25.051068941523305,-1.0416163049637532,Jaipur,2013-06-18,"{""type"":""MultiPoint"",""coordinates"":[]}"
2013_06_26,37.07644956311049,34.07532759131233,22.418338609210686,-3.001121971798156,Jaipur,2013-06-26,"{""type"":""MultiPoint"",""coordinates"":[]}"
2013_07_04,38.05660639620297,39.1924528301887,26.071239892183304,1.1358464339857264,Jaipur,2013-07-04,"{""type"":""MultiPoint"",""coordinates"":[]}"
2013_07_12,34.86952250345147,32.827029468702975,25.721650063856988,-2.042493034748496,Jaipur,2013-07-12,"{""type"":""MultiPoint"",""coordinates"":[]}"
2013_07_20,33.86266959163013,,,,Jaipur,2013-07-20,"{""type"":""MultiPoint"",""coordinates"":[]}"
2013_07_28,,,,,Jaipur,2013-07-28,"{""type"":""MultiPoint"",""coordinates"":[]}"
2013_08_05,,,,,Jaipur,2013-08-05,"{""type"":""MultiPoint"",""coordinates"":[]}"
2013_08_13,29.3255903866249,,,,Jaipur,2013-08-13,"{""type"":""MultiPoint"",""coordinates"":[]}"
2013_08_21,29.486996951515533,30.38678140251737,,0.8997844510018389,Jaipur,2013-08-21,"{""type"":""MultiPoint"",""coordinates"":[]}"
2013_08_29,31.970482577258725,32.28062523231022,22.298342821370614,0.3101426550514965,Jaipur,2013-08-29,"{""type"":""MultiPoint"",""coordinates"":[]}"
2013_09_06,36.17256307106995,36.246925015753064,23.184201921620957,0.07436194468311186,Jaipur,2013-09-06,"{""type"":""MultiPoint"",""coordinates"":[]}"
2013_09_14,35.03955358052406,35.05455478289114,24.245152490489335,0.015001202367081135,Jaipur,2013-09-14,"{""type"":""MultiPoint"",""coordinates"":[]}"
2013_09_22,37.20730801346805,36.30254483611629,23.611708548684163,-0.9047631773517608,Jaipur,2013-09-22,"{""type"":""MultiPoint"",""coordinates"":[]}"
2013_09_30,33.89918886686166,33.13500143543659,22.64782125694318,-0.7641874314250643,Jaipur,2013-09-30,"{""type"":""MultiPoint"",""coordinates"":[]}"
2013_10_08,34.79724403195114,33.763237646093884,22.89512754948197,-1.0340063858572535,Jaipur,2013-10-08,"{""type"":""MultiPoint"",""coordinates"":[]}"
2013_10_16,36.582845853993284,35.56317046417222,19.72729938838375,-1.0196753898210673,Jaipur,2013-10-16,"{""type"":""MultiPoint"",""coordinates"":[]}"
2013_10_24,35.834226380183196,34.525184787030064,17.628273529009196,-1.3090415931531325,Jaipur,2013-10-24,"{""type"":""MultiPoint"",""coordinates"":[]}"
2013_11_01,32.171572208189154,31.02933836303419,15.043272602894826,-1.1422338451549656,Jaipur,2013-11-01,"{""type"":""MultiPoint"",""coordinates"":[]}"
2013_11_09,29.932352075342287,28.937197357765257,12.632220459249083,-0.9951547175770301,Jaipur,2013-11-09,"{""type"":""MultiPoint"",""coordinates"":[]}"
2013_11_17,31.31986031330226,30.222829486116574,12.18431039723867,-1.0970308271856872,Jaipur,2013-11-17,"{""type"":""MultiPoint"",""coordinates"":[]}"
2013_11_25,31.696511429195105,30.706880442701166,12.592441692526933,-0.989630986493939,Jaipur,2013-11-25,"{""type"":""MultiPoint"",""coordinates"":[]}"
2013_12_03,28.3125944220954,27.622936590716556,11.133384947714692,-0.6896578313788453,Jaipur,2013-12-03,"{""type"":""MultiPoint"",""coordinates"":[]}"
2013_12_11,27.39796449101374,26.99073315185047,11.596810996529571,-0.40723133916327114,Jaipur,2013-12-11,"{""type"":""MultiPoint"",""coordinates"":[]}"
2013_12_19,21.251968794156994,21.77844518927447,8.696647476340729,0.5264763951174771,Jaipur,2013-12-19,"{""type"":""MultiPoint"",""coordinates"":[]}"
2013_12_27,23.049792859205883,22.75571967691085,6.561015996703282,-0.2940731822950333,Jaipur,2013-12-27,"{""type"":""MultiPoint"",""coordinates"":[]}"
2014_01_01,20.81088931522848,21.03165306998713,6.922370652640645,0.22076375475865007,Jaipur,2014-01-01,"{""type"":""MultiPoint"",""coordinates"":[]}"
2014_01_09,21.454907435683694,21.145909398658237,8.18464270326832,-0.30899803702545725,Jaipur,2014-01-09,"{""type"":""MultiPoint"",""coordinates"":[]}"
2014_01_17,20.24460228034879,20.18345126835785,9.393217623498023,-0.06115101199094042,Jaipur,2014-01-17,"{""type"":""MultiPoint"",""coordinates"":[]}"
2014_01_25,22.621406844518468,23.41502500720108,10.929331997398661,0.7936181626826126,Jaipur,2014-01-25,"{""type"":""MultiPoint"",""coordinates"":[]}"
2014_02_02,25.34482350760214,25.54054342174976,12.101691069067824,0.19571991414762024,Jaipur,2014-02-02,"{""type"":""MultiPoint"",""coordinates"":[]}"
2014_02_10,24.88278523738431,25.460878102377837,9.343910218329617,0.5780928649935255,Jaipur,2014-02-10,"{""type"":""MultiPoint"",""coordinates"":[]}"
2014_02_18,27.163372017486978,27.602495483219837,12.485508352258428,0.4391234657328589,Jaipur,2014-02-18,"{""type"":""MultiPoint"",""coordinates"":[]}"
2014_02_26,25.149989390294806,24.844789702980325,12.78492046479081,-0.3051996873144809,Jaipur,2014-02-26,"{""type"":""MultiPoint"",""coordinates"":[]}"
2014_03_06,29.637234373863098,29.7337149614576,14.879913668924754,0.09648058759450251,Jaipur,2014-03-06,"{""type"":""MultiPoint"",""coordinates"":[]}"
2014_03_14,35.33422646334225,35.54709184708578,16.989392903032616,0.2128653837435337,Jaipur,2014-03-14,"{""type"":""MultiPoint"",""coordinates"":[]}"
2014_03_22,33.578436939325,32.619952059747064,19.3427688467596,-0.9584848795779379,Jaipur,2014-03-22,"{""type"":""MultiPoint"",""coordinates"":[]}"
2014_03_30,39.42359649068092,38.07656029245632,19.961504802354412,-1.3470361982246004,Jaipur,2014-03-30,"{""type"":""MultiPoint"",""coordinates"":[]}"
2014_04_07,41.962549952703206,40.352279268994735,20.449948384704708,-1.610270683708471,Jaipur,2014-04-07,"{""type"":""MultiPoint"",""coordinates"":[]}"
2014_04_15,42.2488750341387,40.445374849329134,19.62975981583579,-1.8035001848095646,Jaipur,2014-04-15,"{""type"":""MultiPoint"",""coordinates"":[]}"
2014_04_23,46.68400120580865,44.97365414825005,23.2953599898526,-1.7103470575586002,Jaipur,2014-04-23,"{""type"":""MultiPoint"",""coordinates"":[]}"
2014_05_01,46.36534601511418,45.246524110176374,23.947751369426953,-1.1188219049378034,Jaipur,2014-05-01,"{""type"":""MultiPoint"",""coordinates"":[]}"
2014_05_09,42.86292473185601,41.26511484855556,23.46874055905942,-1.5978098833004495,Jaipur,2014-05-09,"{""type"":""MultiPoint"",""coordinates"":[]}"
2014_05_17,46.18804363779989,45.3138685098403,24.919638563656598,-0.874175127959596,Jaipur,2014-05-17,"{""type"":""MultiPoint"",""coordinates"":[]}"
2014_05_25,45.05287159177131,44.242737289007074,25.73212542786209,-0.8101343027642329,Jaipur,2014-05-25,"{""type"":""MultiPoint"",""coordinates"":[]}"
2014_06_02,46.31542803089375,46.357830076099944,27.81107752802396,0.04240204520619528,Jaipur,2014-06-02,"{""type"":""MultiPoint"",""coordinates"":[]}"
2014_06_10,44.91406295763203,44.46825561767606,28.96887870893462,-0.44580733995596944,Jaipur,2014-06-10,"{""type"":""MultiPoint"",""coordinates"":[]}"
2014_06_18,40.35644456936288,39.873194909752016,26.40668172964552,-0.48324965961086264,Jaipur,2014-06-18,"{""type"":""MultiPoint"",""coordinates"":[]}"
2014_06_26,37.48361605822522,37.68447766207594,25.347212630164613,0.2008616038507185,Jaipur,2014-06-26,"{""type"":""MultiPoint"",""coordinates"":[]}"
2014_07_04,38.05779935798529,36.780325055649435,27.295635824005853,-1.277474302335854,Jaipur,2014-07-04,"{""type"":""MultiPoint"",""coordinates"":[]}"
2014_07_12,40.391000000000034,39.710000000000036,,-0.6809999999999974,Jaipur,2014-07-12,"{""type"":""MultiPoint"",""coordinates"":[]}"
2014_07_20,,,,,Jaipur,2014-07-20,"{""type"":""MultiPoint"",""coordinates"":[]}"
2014_07_28,36.67240988079853,37.35547945205483,,0.6830695712562971,Jaipur,2014-07-28,"{""type"":""MultiPoint"",""coordinates"":[]}"
2014_08_05,,,,,Jaipur,2014-08-05,"{""type"":""MultiPoint"",""coordinates"":[]}"
2014_08_13,32.452630582797056,32.283726158825594,23.609256617732076,-0.16890442397146188,Jaipur,2014-08-13,"{""type"":""MultiPoint"",""coordinates"":[]}"
2014_08_21,37.27299296265123,37.01506548607269,25.328229885727083,-0.2579274765785371,Jaipur,2014-08-21,"{""type"":""MultiPoint"",""coordinates"":[]}"
2014_08_29,,,,,Jaipur,2014-08-29,"{""type"":""MultiPoint"",""coordinates"":[]}"
2014_09_06,29.937270548662564,30.087230979036523,22.47756029740678,0.1499604303739588,Jaipur,2014-09-06,"{""type"":""MultiPoint"",""coordinates"":[]}"
2014_09_14,32.12257793578033,32.028820287833874,24.1190227981483,-0.09375764794645391,Jaipur,2014-09-14,"{""type"":""MultiPoint"",""coordinates"":[]}"
2014_09_22,36.89003694348294,36.43208079105898,23.451631123249506,-0.4579561524239608,Jaipur,2014-09-22,"{""type"":""MultiPoint"",""coordinates"":[]}"
2014_09_30,37.62184925312625,36.963073561473195,23.154091041812674,-0.6587756916530552,Jaipur,2014-09-30,"{""type"":""MultiPoint"",""coordinates"":[]}"
2014_10_08,37.86824575628119,37.095517768212595,20.792452047616987,-0.7727279880685956,Jaipur,2014-10-08,"{""type"":""MultiPoint"",""coordinates"":[]}"
2014_10_16,34.631122524713966,33.748591556167014,19.283176145732757,-0.882530968546952,Jaipur,2014-10-16,"{""type"":""MultiPoint"",""coordinates"":[]}"
2014_10_24,34.70024064198916,33.88181960990934,19.088428319136735,-0.8184210320798186,Jaipur,2014-10-24,"{""type"":""MultiPoint"",""coordinates"":[]}"
2014_11_01,34.616455982786086,33.3127772860715,18.165410107224247,-1.3036786967145844,Jaipur,2014-11-01,"{""type"":""MultiPoint"",""coordinates"":[]}"
2014_11_09,32.42334663880834,31.261863742802074,14.393660329008425,-1.161482896006266,Jaipur,2014-11-09,"{""type"":""MultiPoint"",""coordinates"":[]}"
2014_11_17,32.05630386378514,30.84168328399675,12.384658344511537,-1.214620579788388,Jaipur,2014-11-17,"{""type"":""MultiPoint"",""coordinates"":[]}"
2014_11_25,31.572850885125924,30.741673624141256,13.21002715112026,-0.831177260984667,Jaipur,2014-11-25,"{""type"":""MultiPoint"",""coordinates"":[]}"
2014_12_03,29.366099416845973,28.786473201997616,11.42185758575267,-0.5796262148483571,Jaipur,2014-12-03,"{""type"":""MultiPoint"",""coordinates"":[]}"
2014_12_11,24.23639978163188,24.223721800084153,8.586737685842078,-0.012677981547728479,Jaipur,2014-12-11,"{""type"":""MultiPoint"",""coordinates"":[]}"
2014_12_19,22.81568638992474,22.490935328562163,7.7841225928585684,-0.32475106136257637,Jaipur,2014-12-19,"{""type"":""MultiPoint"",""coordinates"":[]}"
2014_12_27,23.411779457513383,23.090284996634555,6.642195656472473,-0.32149446087882794,Jaipur,2014-12-27,"{""type"":""MultiPoint"",""coordinates"":[]}"
2015_01_01,23.106335683163664,23.38901115202709,8.60163002047013,0.2826754688634274,Jaipur,2015-01-01,"{""type"":""MultiPoint"",""coordinates"":[]}"
2015_01_09,22.69280190940185,23.22450007990858,8.5194340519182,0.5316981705067292,Jaipur,2015-01-09,"{""type"":""MultiPoint"",""coordinates"":[]}"
2015_01_17,23.6848269921099,23.69707286009945,9.58775713830806,0.012245867989548742,Jaipur,2015-01-17,"{""type"":""MultiPoint"",""coordinates"":[]}"
2015_01_25,21.561534265051357,21.586616464361782,8.583703618477855,0.025082199310425324,Jaipur,2015-01-25,"{""type"":""MultiPoint"",""coordinates"":[]}"
2015_02_02,24.986840977323844,25.121828089584145,11.350225317035676,0.13498711226030125,Jaipur,2015-02-02,"{""type"":""MultiPoint"",""coordinates"":[]}"
2015_02_10,28.462524984147784,28.584991574176314,13.855146455074689,0.12246659002853022,Jaipur,2015-02-10,"{""type"":""MultiPoint"",""coordinates"":[]}"
2015_02_18,31.32117537239736,31.696245355724475,16.45945135952854,0.3750699833271156,Jaipur,2015-02-18,"{""type"":""MultiPoint"",""coordinates"":[]}"
2015_02_26,26.63866370289474,26.538273055382756,12.687139514623544,-0.10039064751198268,Jaipur,2015-02-26,"{""type"":""MultiPoint"",""coordinates"":[]}"
2015_03_06,30.296620741988068,30.03378667760828,14.506341300195905,-0.2628340643797884,Jaipur,2015-03-06,"{""type"":""MultiPoint"",""coordinates"":[]}"
2015_03_14,29.716907933351504,29.02805508292734,16.696276626360056,-0.688852850424162,Jaipur,2015-03-14,"{""type"":""MultiPoint"",""coordinates"":[]}"
2015_03_22,37.24873672830844,36.12512590182829,20.69213918318901,-1.1236108264801459,Jaipur,2015-03-22,"{""type"":""MultiPoint"",""coordinates"":[]}"
2015_03_30,33.20118733603568,32.24250585411115,19.388687991831286,-0.9586814819245291,Jaipur,2015-03-30,"{""type"":""MultiPoint"",""coordinates"":[]}"
2015_04_07,37.451914928119166,37.087703000275276,20.220395285281725,-0.3642119278438898,Jaipur,2015-04-07,"{""type"":""MultiPoint"",""coordinates"":[]}"
2015_04_15,39.90080701863804,39.104147963908396,22.44279438359685,-0.7966590547296448,Jaipur,2015-04-15,"{""type"":""MultiPoint"",""coordinates"":[]}"
2015_04_23,43.41872350599269,42.28323735642203,23.93732378406652,-1.13548614957066,Jaipur,2015-04-23,"{""type"":""MultiPoint"",""coordinates"":[]}"
2015_05_01,45.10289258947404,44.104825488593015,24.43180448493345,-0.9980671008810234,Jaipur,2015-05-01,"{""type"":""MultiPoint"",""coordinates"":[]}"
2015_05_09,45.9501838650326,45.322098927045865,25.044031117123154,-0.6280849379867348,Jaipur,2015-05-09,"{""type"":""MultiPoint"",""coordinates"":[]}"
2015_05_17,43.45559457801893,42.46429539414972,26.378886731582046,-0.9912991838692093,Jaipur,2015-05-17,"{""type"":""MultiPoint"",""coordinates"":[]}"
2015_05_25,45.96276936830168,45.36330513518523,26.331577632721565,-0.5994642331164499,Jaipur,2015-05-25,"{""type"":""MultiPoint"",""coordinates"":[]}"
2015_06_02,45.52183274602146,45.31369495471175,25.28884793708552,-0.20813779130971,Jaipur,2015-06-02,"{""type"":""MultiPoint"",""coordinates"":[]}"
2015_06_10,40.098240700898536,39.601082860539016,24.12571981352378,-0.49715784035952026,Jaipur,2015-06-10,"{""type"":""MultiPoint"",""coordinates"":[]}"
2015_06_18,41.7453068532931,39.68749761059533,26.900018430311924,-2.057809242697772,Jaipur,2015-06-18,"{""type"":""MultiPoint"",""coordinates"":[]}"
2015_06_26,33.35220725011086,32.787958933805825,23.87762024330059,-0.5642483163050329,Jaipur,2015-06-26,"{""type"":""MultiPoint"",""coordinates"":[]}"
2015_07_04,36.71014013122104,36.67224882842918,24.229727637319886,-0.03789130279185571,Jaipur,2015-07-04,"{""type"":""MultiPoint"",""coordinates"":[]}"
2015_07_12,35.02298780469566,34.1372385656522,24.389988862255183,-0.8857492390434629,Jaipur,2015-07-12,"{""type"":""MultiPoint"",""coordinates"":[]}"
2015_07_20,33.08466180958947,36.95633258539021,23.950052219321165,3.8716707758007374,Jaipur,2015-07-20,"{""type"":""MultiPoint"",""coordinates"":[]}"
2015_07_28,30.803403490075958,,,,Jaipur,2015-07-28,"{""type"":""MultiPoint"",""coordinates"":[]}"
2015_08_05,,,,,Jaipur,2015-08-05,"{""type"":""MultiPoint"",""coordinates"":[]}"
2015_08_13,31.774922929076133,32.731302750744206,22.23444065704158,0.9563798216680723,Jaipur,2015-08-13,"{""type"":""MultiPoint"",""coordinates"":[]}"
2015_08_21,32.13617705754256,32.454433173526674,23.211062324602466,0.31825611598411285,Jaipur,2015-08-21,"{""type"":""MultiPoint"",""coordinates"":[]}"
2015_08_29,36.18533688838996,36.63980014075289,24.881323520003207,0.4544632523629275,Jaipur,2015-08-29,"{""type"":""MultiPoint"",""coordinates"":[]}"
2015_09_06,38.33114996548365,38.236847310332855,24.883939457142052,-0.09430265515079128,Jaipur,2015-09-06,"{""type"":""MultiPoint"",""coordinates"":[]}"
2015_09_14,38.7962041451373,39.349636854460094,25.603078403755898,0.5534327093227915,Jaipur,2015-09-14,"{""type"":""MultiPoint"",""coordinates"":[]}"
2015_09_22,37.12661787299515,36.7211523635626,22.465471215063467,-0.40546550943254545,Jaipur,2015-09-22,"{""type"":""MultiPoint"",""coordinates"":[]}"
2015_09_30,42.805766177066786,41.88258121257304,22.918870990532756,-0.9231849644937498,Jaipur,2015-09-30,"{""type"":""MultiPoint"",""coordinates"":[]}"
2015_10_08,40.466720533050704,39.49002695718368,22.32237460788448,-0.9766935758670243,Jaipur,2015-10-08,"{""type"":""MultiPoint"",""coordinates"":[]}"
2015_10_16,39.44876656167815,37.469266429183214,21.455335396714165,-1.979500132494934,Jaipur,2015-10-16,"{""type"":""MultiPoint"",""coordinates"":[]}"
2015_10_24,34.108211473893235,32.84078928566221,18.445746635365506,-1.2674221882310235,Jaipur,2015-10-24,"{""type"":""MultiPoint"",""coordinates"":[]}"
2015_11_01,34.203853993201704,33.09900045427239,18.754116879881632,-1.1048535389293122,Jaipur,2015-11-01,"{""type"":""MultiPoint"",""coordinates"":[]}"
2015_11_09,33.35803405370018,32.37918589110349,17.797572684835476,-0.9788481625966909,Jaipur,2015-11-09,"{""type"":""MultiPoint"",""coordinates"":[]}"
2015_11_17,32.11772280953418,30.94642106900359,13.04854517529151,-1.1713017405305877,Jaipur,2015-11-17,"{""type"":""MultiPoint"",""coordinates"":[]}"
2015_11_25,28.925290257560775,28.115871776276776,14.290311655881998,-0.8094184812839984,Jaipur,2015-11-25,"{""type"":""MultiPoint"",""coordinates"":[]}"
2015_12_03,29.787838546376896,28.81449693839621,12.926081873387693,-0.9733416079806858,Jaipur,2015-12-03,"{""type"":""MultiPoint"",""coordinates"":[]}"
2015_12_11,24.951829512565418,24.093583197118544,7.337653585222292,-0.8582463154468734,Jaipur,2015-12-11,"{""type"":""MultiPoint"",""coordinates"":[]}"
2015_12_19,24.21741715158066,24.234575462047353,5.590839187069528,0.01715831046669436,Jaipur,2015-12-19,"{""type"":""MultiPoint"",""coordinates"":[]}"
2015_12_27,26.291034025510978,26.054389061274136,11.000713191272064,-0.23664496423684156,Jaipur,2015-12-27,"{""type"":""MultiPoint"",""coordinates"":[]}"
2016_01_01,26.8675291863774,25.922017645815746,11.472540680473399,-0.9455115405616539,Jaipur,2016-01-01,"{""type"":""MultiPoint"",""coordinates"":[]}"
2016_01_09,25.778849694621766,25.571587677212232,9.996348646066583,-0.20726201740953343,Jaipur,2016-01-09,"{""type"":""MultiPoint"",""coordinates"":[]}"
2016_01_17,24.201318440745844,24.220671643391896,7.13438962348971,0.01935320264605167,Jaipur,2016-01-17,"{""type"":""MultiPoint"",""coordinates"":[]}"
2016_01_25,26.60391473208142,26.67041996905067,12.649513691717717,0.06650523696924893,Jaipur,2016-01-25,"{""type"":""MultiPoint"",""coordinates"":[]}"
2016_02_02,27.05045722399554,26.817043688361778,10.44855631018284,-0.23341353563376188,Jaipur,2016-02-02,"{""type"":""MultiPoint"",""coordinates"":[]}"
2016_02_10,27.075373703525422,27.069464897800565,12.401549726643562,-0.005908805724857302,Jaipur,2016-02-10,"{""type"":""MultiPoint"",""coordinates"":[]}"
2016_02_18,,,,,Jaipur,2016-02-18,"{""type"":""MultiPoint"",""coordinates"":[]}"
2016_02_26,34.59363607446913,34.18499463795154,16.210588293327817,-0.4086414365175912,Jaipur,2016-02-26,"{""type"":""MultiPoint"",""coordinates"":[]}"
2016_03_05,32.42490973240665,32.83060195238381,18.282176225807746,0.405692219977162,Jaipur,2016-03-05,"{""type"":""MultiPoint"",""coordinates"":[]}"
2016_03_13,35.048903323401966,34.49221967267774,18.02239961168481,-0.5566836507242243,Jaipur,2016-03-13,"{""type"":""MultiPoint"",""coordinates"":[]}"
2016_03_21,39.77311626698258,39.279865462497106,19.21326292668102,-0.4932508044854771,Jaipur,2016-03-21,"{""type"":""MultiPoint"",""coordinates"":[]}"
2016_03_29,41.525372106084255,40.58135597101827,21.859165679983235,-0.9440161350659864,Jaipur,2016-03-29,"{""type"":""MultiPoint"",""coordinates"":[]}"
2016_04_06,44.619685990790074,43.74379631930537,21.31546656726745,-0.8758896714847069,Jaipur,2016-04-06,"{""type"":""MultiPoint"",""coordinates"":[]}"
2016_04_14,46.24377659906385,45.13795016621071,23.76602163190462,-1.1058264328531422,Jaipur,2016-04-14,"{""type"":""MultiPoint"",""coordinates"":[]}"
2016_04_22,46.46313501938644,45.34242895562099,21.489376304624326,-1.1207060637654536,Jaipur,2016-04-22,"{""type"":""MultiPoint"",""coordinates"":[]}"
2016_04_30,48.04376054302971,46.40998813481211,24.397514194098836,-1.6337724082176024,Jaipur,2016-04-30,"{""type"":""MultiPoint"",""coordinates"":[]}"
2016_05_08,46.29824158753954,44.42540286142742,24.79947367906888,-1.8728387261121213,Jaipur,2016-05-08,"{""type"":""MultiPoint"",""coordinates"":[]}"
2016_05_16,48.387952557665756,46.85007249558494,27.74925035857508,-1.5378800620808164,Jaipur,2016-05-16,"{""type"":""MultiPoint"",""coordinates"":[]}"
2016_05_24,44.39378802542486,44.06328105284864,25.05721480744198,-0.33050697257622375,Jaipur,2016-05-24,"{""type"":""MultiPoint"",""coordinates"":[]}"
2016_06_01,46.92750564945783,45.74931459488708,29.429396185580988,-1.1781910545707461,Jaipur,2016-06-01,"{""type"":""MultiPoint"",""coordinates"":[]}"
2016_06_09,42.2241021436798,41.39391324943347,25.987566605640833,-0.8301888942463336,Jaipur,2016-06-09,"{""type"":""MultiPoint"",""coordinates"":[]}"
2016_06_17,40.290840508168166,40.42539991612251,25.907258948726245,0.13455940795434174,Jaipur,2016-06-17,"{""type"":""MultiPoint"",""coordinates"":[]}"
2016_06_25,41.66823567778044,40.53620733652316,28.61295347063315,-1.132028341257275,Jaipur,2016-06-25,"{""type"":""MultiPoint"",""coordinates"":[]}"
2016_07_03,35.34396105311121,35.50345247189788,23.323138844771414,0.15949141878667206,Jaipur,2016-07-03,"{""type"":""MultiPoint"",""coordinates"":[]}"
2016_07_11,,,,,Jaipur,2016-07-11,"{""type"":""MultiPoint"",""coordinates"":[]}"
2016_07_19,37.71445847416377,36.59795236926101,26.144944103445482,-1.1165061049027614,Jaipur,2016-07-19,"{""type"":""MultiPoint"",""coordinates"":[]}"
2016_07_27,28.870000000000005,,,,Jaipur,2016-07-27,"{""type"":""MultiPoint"",""coordinates"":[]}"
2016_08_04,,,,,Jaipur,2016-08-04,"{""type"":""MultiPoint"",""coordinates"":[]}"
2016_08_12,30.849649020320296,29.411811860534446,22.603679679480845,-1.4378371597858504,Jaipur,2016-08-12,"{""type"":""MultiPoint"",""coordinates"":[]}"
2016_08_20,,29.436666666666707,24.236666666666697,,Jaipur,2016-08-20,"{""type"":""MultiPoint"",""coordinates"":[]}"
2016_08_28,28.941823080875565,30.056362243953366,22.989877131267594,1.1145391630778008,Jaipur,2016-08-28,"{""type"":""MultiPoint"",""coordinates"":[]}"
2016_09_05,32.45654854645268,32.886865223042314,23.182679640718586,0.4303166765896336,Jaipur,2016-09-05,"{""type"":""MultiPoint"",""coordinates"":[]}"
2016_09_13,34.88649690744596,35.082208185248305,23.939281326842487,0.19571127780234576,Jaipur,2016-09-13,"{""type"":""MultiPoint"",""coordinates"":[]}"
2016_09_21,35.51959935967403,34.910407829236625,24.39560801518587,-0.6091915304374069,Jaipur,2016-09-21,"{""type"":""MultiPoint"",""coordinates"":[]}"
2016_09_29,37.66289695526624,36.89964885259216,24.20629104281589,-0.7632481026740834,Jaipur,2016-09-29,"{""type"":""MultiPoint"",""coordinates"":[]}"
2016_10_07,34.76546356066981,34.29225582860749,22.037528904910566,-0.4732077320623205,Jaipur,2016-10-07,"{""type"":""MultiPoint"",""coordinates"":[]}"
2016_10_15,39.04390091579089,37.60348076012717,19.81738612101366,-1.4404201556637233,Jaipur,2016-10-15,"{""type"":""MultiPoint"",""coordinates"":[]}"
2016_10_23,37.124942297897256,35.72646043850826,18.46435382977797,-1.398481859388994,Jaipur,2016-10-23,"{""type"":""MultiPoint"",""coordinates"":[]}"
2016_10_31,33.225089344185626,32.08710900314271,16.173984734073564,-1.137980341042919,Jaipur,2016-10-31,"{""type"":""MultiPoint"",""coordinates"":[]}"
2016_11_08,33.58823725325106,32.33689994998973,14.82084993399149,-1.2513373032613302,Jaipur,2016-11-08,"{""type"":""MultiPoint"",""coordinates"":[]}"
2016_11_16,32.5556896082161,31.45664377010701,13.254899853396669,-1.0990458381090882,Jaipur,2016-11-16,"{""type"":""MultiPoint"",""coordinates"":[]}"
2016_11_24,31.623184041746015,30.8654551168672,13.531026540566105,-0.7577289248788155,Jaipur,2016-11-24,"{""type"":""MultiPoint"",""coordinates"":[]}"
2016_12_02,29.256660741572283,28.678120112122663,12.258242229106997,-0.5785406294496198,Jaipur,2016-12-02,"{""type"":""MultiPoint"",""coordinates"":[]}"
2016_12_10,27.648330495524966,27.432428754963805,13.01503671979562,-0.2159017405611614,Jaipur,2016-12-10,"{""type"":""MultiPoint"",""coordinates"":[]}"
2016_12_18,26.44754694857638,26.397677396407637,10.45999174815571,-0.04986955216874378,Jaipur,2016-12-18,"{""type"":""MultiPoint"",""coordinates"":[]}"
2016_12_26,25.273835559454138,25.428040171019074,11.219560857087993,0.1542046115649356,Jaipur,2016-12-26,"{""type"":""MultiPoint"",""coordinates"":[]}"
2017_01_01,23.906880634395254,24.025498170862942,10.474269421131938,0.11861753646768847,Jaipur,2017-01-01,"{""type"":""MultiPoint"",""coordinates"":[]}"
2017_01_09,20.520678695964975,19.71393855576414,6.850809048701009,-0.8067401402008336,Jaipur,2017-01-09,"{""type"":""MultiPoint"",""coordinates"":[]}"
2017_01_17,23.260455042091607,24.750178740201285,10.334133818869216,1.4897236981096782,Jaipur,2017-01-17,"{""type"":""MultiPoint"",""coordinates"":[]}"
2017_01_25,21.996345298517966,22.45047011682378,12.45551460767165,0.4541248183058144,Jaipur,2017-01-25,"{""type"":""MultiPoint"",""coordinates"":[]}"
2017_02_02,24.470440832397014,25.108044055253142,11.093070693763709,0.6376032228561286,Jaipur,2017-02-02,"{""type"":""MultiPoint"",""coordinates"":[]}"
2017_02_10,27.1683755886113,27.790114491678178,11.677094041687512,0.621738903066877,Jaipur,2017-02-10,"{""type"":""MultiPoint"",""coordinates"":[]}"
2017_02_18,31.41324165029464,31.760284760046222,12.591981572636673,0.34704310975158137,Jaipur,2017-02-18,"{""type"":""MultiPoint"",""coordinates"":[]}"
2017_02_26,32.64635552644978,32.310200336479994,14.438819362627463,-0.3361551899697872,Jaipur,2017-02-26,"{""type"":""MultiPoint"",""coordinates"":[]}"
2017_03_06,30.94493762019101,30.401076678701777,12.638545896615094,-0.5438609414892319,Jaipur,2017-03-06,"{""type"":""MultiPoint"",""coordinates"":[]}"
2017_03_14,34.80167153796962,34.09297028255689,17.17942617678593,-0.708701255412727,Jaipur,2017-03-14,"{""type"":""MultiPoint"",""coordinates"":[]}"
2017_03_22,42.33517420816831,41.60832192767791,22.099886138831543,-0.7268522804903981,Jaipur,2017-03-22,"{""type"":""MultiPoint"",""coordinates"":[]}"
2017_03_30,44.29913994657023,43.640361762004034,23.191902664975263,-0.6587781845661951,Jaipur,2017-03-30,"{""type"":""MultiPoint"",""coordinates"":[]}"
2017_04_07,44.11607286826523,42.8576091076971,20.64442467829251,-1.2584637605681266,Jaipur,2017-04-07,"{""type"":""MultiPoint"",""coordinates"":[]}"
2017_04_15,45.947651562873595,44.921168866605285,26.413472443515463,-1.0264826962683102,Jaipur,2017-04-15,"{""type"":""MultiPoint"",""coordinates"":[]}"
2017_04_23,42.33615361586674,41.74544695107464,23.0887378607827,-0.5907066647921013,Jaipur,2017-04-23,"{""type"":""MultiPoint"",""coordinates"":[]}"
2017_05_01,44.587567592852444,43.58873120319327,24.752258284427068,-0.998836389659175,Jaipur,2017-05-01,"{""type"":""MultiPoint"",""coordinates"":[]}"
2017_05_09,45.720369975364136,45.33771311523039,27.40132876208187,-0.3826568601337428,Jaipur,2017-05-09,"{""type"":""MultiPoint"",""coordinates"":[]}"
2017_05_17,42.51205661069257,41.4461855145458,24.258723905458965,-1.0658710961467648,Jaipur,2017-05-17,"{""type"":""MultiPoint"",""coordinates"":[]}"
2017_05_25,44.08748403663531,43.74134451950316,26.923726302026616,-0.3461395171321513,Jaipur,2017-05-25,"{""type"":""MultiPoint"",""coordinates"":[]}"
2017_06_02,42.622627538624904,41.98758582045533,28.221829951633858,-0.6350417181695747,Jaipur,2017-06-02,"{""type"":""MultiPoint"",""coordinates"":[]}"
2017_06_10,39.19916177936101,37.863977993338466,25.827478838668394,-1.3351837860225473,Jaipur,2017-06-10,"{""type"":""MultiPoint"",""coordinates"":[]}"
2017_06_18,40.89268275971819,40.528432776065834,26.400952976002706,-0.36424998365235695,Jaipur,2017-06-18,"{""type"":""MultiPoint"",""coordinates"":[]}"
2017_06_26,41.26689030768139,41.312112445923184,,0.04522213824179033,Jaipur,2017-06-26,"{""type"":""MultiPoint"",""coordinates"":[]}"
2017_07_04,36.64291827230016,35.63680920944237,25.256192317409457,-1.0061090628577887,Jaipur,2017-07-04,"{""type"":""MultiPoint"",""coordinates"":[]}"
2017_07_12,37.780323487427275,36.25399673643937,25.469082264235894,-1.5263267509879057,Jaipur,2017-07-12,"{""type"":""MultiPoint"",""coordinates"":[]}"
2017_07_20,,,,,Jaipur,2017-07-20,"{""type"":""MultiPoint"",""coordinates"":[]}"
2017_07_28,,,,,Jaipur,2017-07-28,"{""type"":""MultiPoint"",""coordinates"":[]}"
2017_08_05,,,,,Jaipur,2017-08-05,"{""type"":""MultiPoint"",""coordinates"":[]}"
2017_08_13,33.474147556303095,35.009366030160514,24.87116610948771,1.5352184738574195,Jaipur,2017-08-13,"{""type"":""MultiPoint"",""coordinates"":[]}"
2017_08_21,33.03346220931301,34.024740768481806,26.869604575752152,0.9912785591687978,Jaipur,2017-08-21,"{""type"":""MultiPoint"",""coordinates"":[]}"
2017_08_29,35.02968006613062,34.387917282204164,23.83700350269101,-0.6417627839264526,Jaipur,2017-08-29,"{""type"":""MultiPoint"",""coordinates"":[]}"
2017_09_06,34.80719903132901,34.18623768919209,24.935579513962924,-0.6209613421369227,Jaipur,2017-09-06,"{""type"":""MultiPoint"",""coordinates"":[]}"
2017_09_14,38.47665212817876,37.19870428694271,21.539805183638407,-1.277947841236056,Jaipur,2017-09-14,"{""type"":""MultiPoint"",""coordinates"":[]}"
2017_09_22,39.46584644650263,38.13042293761014,24.017284754101556,-1.3354235088924895,Jaipur,2017-09-22,"{""type"":""MultiPoint"",""coordinates"":[]}"
2017_09_30,43.46814066381844,41.777272233616024,23.432493830392747,-1.6908684302024142,Jaipur,2017-09-30,"{""type"":""MultiPoint"",""coordinates"":[]}"
2017_10_08,41.55247506782681,39.57764463131667,21.578984368916966,-1.974830436510139,Jaipur,2017-10-08,"{""type"":""MultiPoint"",""coordinates"":[]}"
2017_10_16,41.428544173137524,39.74827523133208,20.008203728700842,-1.6802689418054442,Jaipur,2017-10-16,"{""type"":""MultiPoint"",""coordinates"":[]}"
2017_10_24,36.86683695595672,35.26407064166092,18.068027899996654,-1.602766314295799,Jaipur,2017-10-24,"{""type"":""MultiPoint"",""coordinates"":[]}"
2017_11_01,35.29991746447542,33.78276509917431,17.69626958153339,-1.5171523653011079,Jaipur,2017-11-01,"{""type"":""MultiPoint"",""coordinates"":[]}"
2017_11_09,32.44464764399539,31.321036070232847,15.849026999143517,-1.1236115737625418,Jaipur,2017-11-09,"{""type"":""MultiPoint"",""coordinates"":[]}"
2017_11_17,30.195810688038538,29.043289697604433,11.47922100527026,-1.1525209904341054,Jaipur,2017-11-17,"{""type"":""MultiPoint"",""coordinates"":[]}"
2017_11_25,30.76205451086792,29.467126363671397,11.795304812421298,-1.2949281471965222,Jaipur,2017-11-25,"{""type"":""MultiPoint"",""coordinates"":[]}"
2017_12_03,29.549872233572984,28.50373400629326,11.952220863385094,-1.046138227279723,Jaipur,2017-12-03,"{""type"":""MultiPoint"",""coordinates"":[]}"
2017_12_11,24.51162711007442,23.260026233453694,9.64580397111916,-1.2516008766207278,Jaipur,2017-12-11,"{""type"":""MultiPoint"",""coordinates"":[]}"
2017_12_19,26.15010387969757,25.397043344884437,9.332369709708605,-0.7530605348131338,Jaipur,2017-12-19,"{""type"":""MultiPoint"",""coordinates"":[]}"
2017_12_27,25.551428476391706,25.298186577582804,9.08679331364297,-0.253241898808902,Jaipur,2017-12-27,"{""type"":""MultiPoint"",""coordinates"":[]}"
2018_01_01,25.29901037298232,23.933578168362672,8.119514338575431,-1.3654322046196476,Jaipur,2018-01-01,"{""type"":""MultiPoint"",""coordinates"":[]}"
2018_01_09,26.333861032248254,25.850767640545676,8.278541054786563,-0.48309339170257815,Jaipur,2018-01-09,"{""type"":""MultiPoint"",""coordinates"":[]}"
2018_01_17,27.02417056144037,26.489947015646315,10.875573334533074,-0.5342235457940561,Jaipur,2018-01-17,"{""type"":""MultiPoint"",""coordinates"":[]}"
2018_01_25,27.243011945900907,26.718511181967866,11.128788789946437,-0.524500763933041,Jaipur,2018-01-25,"{""type"":""MultiPoint"",""coordinates"":[]}"
2018_02_02,26.73937300138352,26.31234947537888,10.356803957739418,-0.4270235260046391,Jaipur,2018-02-02,"{""type"":""MultiPoint"",""coordinates"":[]}"
2018_02_10,28.118020773697594,27.885733275982137,12.679516304125235,-0.23228749771545765,Jaipur,2018-02-10,"{""type"":""MultiPoint"",""coordinates"":[]}"
2018_02_18,32.87970569952493,32.030817309582815,14.668879222209155,-0.8488883899421182,Jaipur,2018-02-18,"{""type"":""MultiPoint"",""coordinates"":[]}"
2018_02_26,34.95530204467738,34.30603731188839,17.425216864263998,-0.6492647327889927,Jaipur,2018-02-26,"{""type"":""MultiPoint"",""coordinates"":[]}"
2018_03_06,37.82805095581126,36.95758922785327,18.047397884355853,-0.8704617279579878,Jaipur,2018-03-06,"{""type"":""MultiPoint"",""coordinates"":[]}"
2018_03_14,37.52105926133816,36.375185423396786,18.325109850755034,-1.145873837941373,Jaipur,2018-03-14,"{""type"":""MultiPoint"",""coordinates"":[]}"
2018_03_22,42.08985120736789,40.669561761461765,19.521833726560935,-1.4202894459061284,Jaipur,2018-03-22,"{""type"":""MultiPoint"",""coordinates"":[]}"
2018_03_30,43.900262907869966,43.17582212653853,22.34616875073728,-0.7244407813314382,Jaipur,2018-03-30,"{""type"":""MultiPoint"",""coordinates"":[]}"
2018_04_07,42.34025130715901,41.17629886960556,21.429469788802496,-1.1639524375534478,Jaipur,2018-04-07,"{""type"":""MultiPoint"",""coordinates"":[]}"
2018_04_15,44.849982702882635,43.67821162393664,22.665570193893515,-1.1717710789459943,Jaipur,2018-04-15,"{""type"":""MultiPoint"",""coordinates"":[]}"
2018_04_23,45.22806182887925,44.13776356487039,22.398307037828456,-1.090298264008858,Jaipur,2018-04-23,"{""type"":""MultiPoint"",""coordinates"":[]}"
2018_05_01,44.484910364757155,44.37154906837722,25.518458252728507,-0.11336129637993508,Jaipur,2018-05-01,"{""type"":""MultiPoint"",""coordinates"":[]}"
2018_05_09,43.724975769482576,42.92820649966819,24.72685941817965,-0.7967692698143836,Jaipur,2018-05-09,"{""type"":""MultiPoint"",""coordinates"":[]}"
2018_05_17,44.020409455203215,42.92410217574932,25.14500800978654,-1.096307279453896,Jaipur,2018-05-17,"{""type"":""MultiPoint"",""coordinates"":[]}"
2018_05_25,46.94900475047038,45.589872203216565,26.529360327946232,-1.3591325472538145,Jaipur,2018-05-25,"{""type"":""MultiPoint"",""coordinates"":[]}"
2018_06_02,43.09279035284907,42.050830280563645,25.256863463396826,-1.041960072285427,Jaipur,2018-06-02,"{""type"":""MultiPoint"",""coordinates"":[]}"
2018_06_10,37.541137231317485,37.11158543863139,26.158845996325745,-0.4295517926860981,Jaipur,2018-06-10,"{""type"":""MultiPoint"",""coordinates"":[]}"
2018_06_18,43.11512766181681,42.17621589801376,26.375898646681303,-0.9389117638030484,Jaipur,2018-06-18,"{""type"":""MultiPoint"",""coordinates"":[]}"
2018_06_26,39.495000000000026,,,,Jaipur,2018-06-26,"{""type"":""MultiPoint"",""coordinates"":[]}"
2018_07_04,39.55686097859661,38.511833832083695,25.723347903567486,-1.0450271465129148,Jaipur,2018-07-04,"{""type"":""MultiPoint"",""coordinates"":[]}"
2018_07_12,,,,,Jaipur,2018-07-12,"{""type"":""MultiPoint"",""coordinates"":[]}"
2018_07_20,,,,,Jaipur,2018-07-20,"{""type"":""MultiPoint"",""coordinates"":[]}"
2018_07_28,30.48989023148357,30.952877884480767,21.304628951305652,0.4629876529971959,Jaipur,2018-07-28,"{""type"":""MultiPoint"",""coordinates"":[]}"
2018_08_05,,,,,Jaipur,2018-08-05,"{""type"":""MultiPoint"",""coordinates"":[]}"
2018_08_13,31.079983551343336,,,,Jaipur,2018-08-13,"{""type"":""MultiPoint"",""coordinates"":[]}"
2018_08_21,,,,,Jaipur,2018-08-21,"{""type"":""MultiPoint"",""coordinates"":[]}"
2018_08_29,30.711739130434808,,,,Jaipur,2018-08-29,"{""type"":""MultiPoint"",""coordinates"":[]}"
2018_09_06,28.777434185732126,28.936762276492694,22.770894984363462,0.15932809076056742,Jaipur,2018-09-06,"{""type"":""MultiPoint"",""coordinates"":[]}"
2018_09_14,32.972405421981065,32.96722045119555,22.963247834369053,-0.005184970785514054,Jaipur,2018-09-14,"{""type"":""MultiPoint"",""coordinates"":[]}"
2018_09_22,32.713781894159034,32.397883678619586,21.967209441086148,-0.3158982155394483,Jaipur,2018-09-22,"{""type"":""MultiPoint"",""coordinates"":[]}"
2018_09_30,36.185480753838256,35.18786732893786,21.784327922813844,-0.9976134249003934,Jaipur,2018-09-30,"{""type"":""MultiPoint"",""coordinates"":[]}"
2018_10_08,37.076852215673426,35.287357196815606,19.863391733007948,-1.7894950188578207,Jaipur,2018-10-08,"{""type"":""MultiPoint"",""coordinates"":[]}"
2018_10_16,36.49557819565288,34.94721434188687,18.093376925989595,-1.5483638537660127,Jaipur,2018-10-16,"{""type"":""MultiPoint"",""coordinates"":[]}"
2018_10_24,35.557621376077186,33.8735422515067,18.32721128904795,-1.6840791245704878,Jaipur,2018-10-24,"{""type"":""MultiPoint"",""coordinates"":[]}"
2018_11_01,33.11218020602707,31.63060925874491,14.902535995673217,-1.481570947282158,Jaipur,2018-11-01,"{""type"":""MultiPoint"",""coordinates"":[]}"
2018_11_09,32.84173222731572,31.377486913285047,15.249977642009714,-1.46424531403067,Jaipur,2018-11-09,"{""type"":""MultiPoint"",""coordinates"":[]}"
2018_11_17,31.587099780667533,30.321086498200632,14.755512507477055,-1.2660132824669006,Jaipur,2018-11-17,"{""type"":""MultiPoint"",""coordinates"":[]}"
2018_11_25,30.171169883888886,28.878751198231583,12.72991796286012,-1.292418685657303,Jaipur,2018-11-25,"{""type"":""MultiPoint"",""coordinates"":[]}"
2018_12_03,27.02143604697485,26.245398763328947,10.703380654930921,-0.776037283645902,Jaipur,2018-12-03,"{""type"":""MultiPoint"",""coordinates"":[]}"
2018_12_11,24.16193709376599,23.190948507430384,8.796031367791725,-0.9709885863356043,Jaipur,2018-12-11,"{""type"":""MultiPoint"",""coordinates"":[]}"
2018_12_19,24.78890505364639,24.301522287866202,7.733339581081663,-0.48738276578018613,Jaipur,2018-12-19,"{""type"":""MultiPoint"",""coordinates"":[]}"
2018_12_27,24.4277270197968,23.216094826161257,6.444700121218829,-1.2116321936355448,Jaipur,2018-12-27,"{""type"":""MultiPoint"",""coordinates"":[]}"
2019_01_01,24.72517204338035,24.713556620886287,9.208055973050044,-0.011615422494063665,Jaipur,2019-01-01,"{""type"":""MultiPoint"",""coordinates"":[]}"
2019_01_09,23.11110489135737,22.900599662547314,7.659094577956159,-0.21050522881005662,Jaipur,2019-01-09,"{""type"":""MultiPoint"",""coordinates"":[]}"
2019_01_17,24.682767922909054,24.731164933261304,9.558109156833467,0.04839701035225019,Jaipur,2019-01-17,"{""type"":""MultiPoint"",""coordinates"":[]}"
2019_01_25,20.853732987875826,19.894852167516856,7.499221740729515,-0.9588808203589707,Jaipur,2019-01-25,"{""type"":""MultiPoint"",""coordinates"":[]}"
2019_02_02,24.980962932417803,24.93263637475101,9.501960847770926,-0.048326557666793946,Jaipur,2019-02-02,"{""type"":""MultiPoint"",""coordinates"":[]}"
2019_02_10,27.088898344749754,27.260727835015548,12.44856005497932,0.17182949026579308,Jaipur,2019-02-10,"{""type"":""MultiPoint"",""coordinates"":[]}"
2019_02_18,29.694476248811846,29.195580007613437,12.91542259534762,-0.49889624119840903,Jaipur,2019-02-18,"{""type"":""MultiPoint"",""coordinates"":[]}"
2019_02_26,28.832275687051922,28.372467127369564,12.031727762632382,-0.459808559682358,Jaipur,2019-02-26,"{""type"":""MultiPoint"",""coordinates"":[]}"
2019_03_06,32.33365189551047,31.84763804312656,14.67667500171607,-0.48601385238390904,Jaipur,2019-03-06,"{""type"":""MultiPoint"",""coordinates"":[]}"
2019_03_14,35.11103387698672,34.126047446963156,15.890336986928752,-0.9849864300235609,Jaipur,2019-03-14,"{""type"":""MultiPoint"",""coordinates"":[]}"
2019_03_22,40.122918930156644,38.572816675469966,18.84551734256708,-1.5501022546866778,Jaipur,2019-03-22,"{""type"":""MultiPoint"",""coordinates"":[]}"
2019_03_30,43.837944657540014,42.263570349372195,21.589078708420068,-1.574374308167819,Jaipur,2019-03-30,"{""type"":""MultiPoint"",""coordinates"":[]}"
2019_04_07,44.746011018596356,43.22242104030677,23.8143320746617,-1.5235899782895856,Jaipur,2019-04-07,"{""type"":""MultiPoint"",""coordinates"":[]}"
2019_04_15,43.273406451076376,41.60493138295782,22.170580983838637,-1.6684750681185534,Jaipur,2019-04-15,"{""type"":""MultiPoint"",""coordinates"":[]}"
2019_04_23,46.68702739056766,45.28019631316667,25.483519037608083,-1.4068310774009873,Jaipur,2019-04-23,"{""type"":""MultiPoint"",""coordinates"":[]}"
2019_05_01,44.854481990831694,43.09615191663269,22.395903790652195,-1.7583300741990016,Jaipur,2019-05-01,"{""type"":""MultiPoint"",""coordinates"":[]}"
2019_05_09,44.85056733297998,43.57147608821427,23.886525755302632,-1.2790912447657092,Jaipur,2019-05-09,"{""type"":""MultiPoint"",""coordinates"":[]}"
2019_05_17,44.88228546389735,43.77070778091243,25.283373482821993,-1.1115776829849153,Jaipur,2019-05-17,"{""type"":""MultiPoint"",""coordinates"":[]}"
2019_05_25,47.95339578590658,46.69498180644408,27.711769567854144,-1.258413979462496,Jaipur,2019-05-25,"{""type"":""MultiPoint"",""coordinates"":[]}"
2019_06_02,49.681934117109115,48.76292367437512,28.441449525033097,-0.9190104427339918,Jaipur,2019-06-02,"{""type"":""MultiPoint"",""coordinates"":[]}"
2019_06_10,48.3858562758212,47.78831946790104,24.618410375096488,-0.5975368079201573,Jaipur,2019-06-10,"{""type"":""MultiPoint"",""coordinates"":[]}"
2019_06_18,39.62665092765628,38.41305963727034,25.746965456227166,-1.213591290385942,Jaipur,2019-06-18,"{""type"":""MultiPoint"",""coordinates"":[]}"
2019_06_26,38.894743052202735,35.98522625752575,25.61107205282582,-2.909516794676982,Jaipur,2019-06-26,"{""type"":""MultiPoint"",""coordinates"":[]}"
2019_07_04,35.241666666666696,,,,Jaipur,2019-07-04,"{""type"":""MultiPoint"",""coordinates"":[]}"
2019_07_12,37.108947473040836,36.47428221482718,25.009113052320235,-0.6346652582136585,Jaipur,2019-07-12,"{""type"":""MultiPoint"",""coordinates"":[]}"
2019_07_20,38.205414781113916,38.45994198778289,,0.25452720666897477,Jaipur,2019-07-20,"{""type"":""MultiPoint"",""coordinates"":[]}"
2019_07_28,33.18073825503359,,,,Jaipur,2019-07-28,"{""type"":""MultiPoint"",""coordinates"":[]}"
2019_08_05,,,,,Jaipur,2019-08-05,"{""type"":""MultiPoint"",""coordinates"":[]}"
2019_08_13,29.76162441113099,30.03462976795143,23.615140797729346,0.2730053568204376,Jaipur,2019-08-13,"{""type"":""MultiPoint"",""coordinates"":[]}"
2019_08_21,31.40069445682609,31.890011404162497,24.558492721396874,0.4893169473364054,Jaipur,2019-08-21,"{""type"":""MultiPoint"",""coordinates"":[]}"
2019_08_29,32.294923228815605,32.4318006629586,25.52827171678459,0.13687743414299547,Jaipur,2019-08-29,"{""type"":""MultiPoint"",""coordinates"":[]}"
2019_09_06,33.5907179112409,34.519834422548016,26.611961696651566,0.9291165113071145,Jaipur,2019-09-06,"{""type"":""MultiPoint"",""coordinates"":[]}"
2019_09_14,31.988729225531138,32.03856632323309,24.19890349281179,0.049837097701953326,Jaipur,2019-09-14,"{""type"":""MultiPoint"",""coordinates"":[]}"
2019_09_22,32.739273444753984,32.04569237234715,22.511357428031125,-0.6935810724068361,Jaipur,2019-09-22,"{""type"":""MultiPoint"",""coordinates"":[]}"
2019_09_30,34.44837121730202,33.809984354281205,21.643964192386917,-0.6383868630208127,Jaipur,2019-09-30,"{""type"":""MultiPoint"",""coordinates"":[]}"
2019_10_08,37.42316298167384,35.091654500506145,20.454475979132603,-2.3315084811676954,Jaipur,2019-10-08,"{""type"":""MultiPoint"",""coordinates"":[]}"
2019_10_16,36.498267211359504,34.444070583120926,19.697986049360786,-2.0541966282385786,Jaipur,2019-10-16,"{""type"":""MultiPoint"",""coordinates"":[]}"
2019_10_24,35.83184010561221,34.18128096644193,18.996365314646987,-1.6505591391702765,Jaipur,2019-10-24,"{""type"":""MultiPoint"",""coordinates"":[]}"
2019_11_01,33.76736665675324,32.09599717587043,19.05352348127116,-1.6713694808828095,Jaipur,2019-11-01,"{""type"":""MultiPoint"",""coordinates"":[]}"
2019_11_09,30.85546153044417,30.422070012976338,17.748808239406213,-0.43339151746783244,Jaipur,2019-11-09,"{""type"":""MultiPoint"",""coordinates"":[]}"
2019_11_17,30.803693350594674,30.125495781063893,15.425618187527125,-0.6781975695307807,Jaipur,2019-11-17,"{""type"":""MultiPoint"",""coordinates"":[]}"
2019_11_25,27.373354143206384,26.79980607508847,15.389342171775201,-0.5735480681179155,Jaipur,2019-11-25,"{""type"":""MultiPoint"",""coordinates"":[]}"
2019_12_03,26.862734108793042,26.12567855252681,10.173443387593824,-0.7370555562662311,Jaipur,2019-12-03,"{""type"":""MultiPoint"",""coordinates"":[]}"
2019_12_11,19.903480638534035,19.74289277759323,8.64612889331909,-0.16058786094080446,Jaipur,2019-12-11,"{""type"":""MultiPoint"",""coordinates"":[]}"
2019_12_19,22.347653867938487,22.200538365007446,8.41924728386828,-0.14711550293104025,Jaipur,2019-12-19,"{""type"":""MultiPoint"",""coordinates"":[]}"
2019_12_27,20.50198369342238,20.490814197425866,4.680730431381526,-0.011169495996512069,Jaipur,2019-12-27,"{""type"":""MultiPoint"",""coordinates"":[]}"
2020_01_01,21.41299225051403,,,,Jaipur,2020-01-01,"{""type"":""MultiPoint"",""coordinates"":[]}"
2020_01_09,20.976080629200155,20.855662808616717,8.114664415226752,-0.12041782058343742,Jaipur,2020-01-09,"{""type"":""MultiPoint"",""coordinates"":[]}"
2020_01_17,23.110612585415225,24.660803568150993,8.515428581916993,1.5501909827357672,Jaipur,2020-01-17,"{""type"":""MultiPoint"",""coordinates"":[]}"
2020_01_25,25.03841176955408,24.965184600564083,9.903857054979785,-0.07322716898999815,Jaipur,2020-01-25,"{""type"":""MultiPoint"",""coordinates"":[]}"
2020_02_02,25.214077571072057,25.568873153713263,9.492954710952207,0.3547955826412057,Jaipur,2020-02-02,"{""type"":""MultiPoint"",""coordinates"":[]}"
2020_02_10,28.550100955291523,28.834968277782743,11.345791976779559,0.2848673224912197,Jaipur,2020-02-10,"{""type"":""MultiPoint"",""coordinates"":[]}"
2020_02_18,30.212832105640373,29.9664637475485,14.140259093910476,-0.24636835809187474,Jaipur,2020-02-18,"{""type"":""MultiPoint"",""coordinates"":[]}"
2020_02_26,30.57151741397987,30.38379268545081,16.75314312745768,-0.18772472852905864,Jaipur,2020-02-26,"{""type"":""MultiPoint"",""coordinates"":[]}"
2020_03_05,30.204347397636266,29.906275913984846,13.576386057706634,-0.29807148365141956,Jaipur,2020-03-05,"{""type"":""MultiPoint"",""coordinates"":[]}"
2020_03_13,33.136442822839626,32.292040727495774,14.242321823388915,-0.8444020953438525,Jaipur,2020-03-13,"{""type"":""MultiPoint"",""coordinates"":[]}"
2020_03_21,35.94361025353174,35.04078193757385,17.81722446269374,-0.9028283159578905,Jaipur,2020-03-21,"{""type"":""MultiPoint"",""coordinates"":[]}"
2020_03_29,40.467909418820916,39.05323759286631,19.61686452385787,-1.4146718259546063,Jaipur,2020-03-29,"{""type"":""MultiPoint"",""coordinates"":[]}"
2020_04_06,43.402913379278914,41.71573106794218,21.99551714693746,-1.6871823113367341,Jaipur,2020-04-06,"{""type"":""MultiPoint"",""coordinates"":[]}"
2020_04_14,44.54313350954013,43.22261594008956,21.8917495578612,-1.3205175694505655,Jaipur,2020-04-14,"{""type"":""MultiPoint"",""coordinates"":[]}"
2020_04_22,43.16796686266247,41.958875928564815,23.225597831675774,-1.2090909340976523,Jaipur,2020-04-22,"{""type"":""MultiPoint"",""coordinates"":[]}"
2020_04_30,41.88905424708258,40.888345199153385,23.451762851349187,-1.000709047929199,Jaipur,2020-04-30,"{""type"":""MultiPoint"",""coordinates"":[]}"
2020_05_08,44.48194642467339,43.89692854842961,24.73468245372676,-0.5850178762437821,Jaipur,2020-05-08,"{""type"":""MultiPoint"",""coordinates"":[]}"
2020_05_16,46.36305535285483,45.925915139391435,25.37175349826922,-0.43714021346339393,Jaipur,2020-05-16,"{""type"":""MultiPoint"",""coordinates"":[]}"
2020_05_24,47.05116412511286,46.50306710205037,25.36680914698127,-0.5480970230624891,Jaipur,2020-05-24,"{""type"":""MultiPoint"",""coordinates"":[]}"
2020_06_01,40.03435461190015,39.437308053464406,20.570007082799002,-0.5970465584357427,Jaipur,2020-06-01,"{""type"":""MultiPoint"",""coordinates"":[]}"
2020_06_09,41.303779955849144,40.843232874095904,27.967550677798272,-0.46054708175324066,Jaipur,2020-06-09,"{""type"":""MultiPoint"",""coordinates"":[]}"
2020_06_17,40.23043214877724,38.941077530564236,25.860677990852672,-1.2893546182130038,Jaipur,2020-06-17,"{""type"":""MultiPoint"",""coordinates"":[]}"
2020_06_25,39.65277256996449,39.820280600959094,29.478463094809758,0.16750803099460398,Jaipur,2020-06-25,"{""type"":""MultiPoint"",""coordinates"":[]}"
2020_07_03,38.575472346287484,37.600236165465546,25.402922081423593,-0.9752361808219376,Jaipur,2020-07-03,"{""type"":""MultiPoint"",""coordinates"":[]}"
2020_07_11,39.044826721078465,38.00755095934476,24.988818865242955,-1.037275761733703,Jaipur,2020-07-11,"{""type"":""MultiPoint"",""coordinates"":[]}"
2020_07_19,35.41503434690739,34.55140042223788,24.44619455855215,-0.8636339246695073,Jaipur,2020-07-19,"{""type"":""MultiPoint"",""coordinates"":[]}"
2020_07_27,37.72224534054291,37.43393957340227,22.345987886788087,-0.28830576714064193,Jaipur,2020-07-27,"{""type"":""MultiPoint"",""coordinates"":[]}"
2020_08_04,,,,,Jaipur,2020-08-04,"{""type"":""MultiPoint"",""coordinates"":[]}"
2020_08_12,31.553042671614143,,,,Jaipur,2020-08-12,"{""type"":""MultiPoint"",""coordinates"":[]}"
2020_08_20,,,,,Jaipur,2020-08-20,"{""type"":""MultiPoint"",""coordinates"":[]}"
2020_08_28,30.29175252473736,30.78050354961204,21.57235099884434,0.4887510248746807,Jaipur,2020-08-28,"{""type"":""MultiPoint"",""coordinates"":[]}"
2020_09_05,33.354694682505524,33.71466949129076,24.306180388247366,0.359974808785239,Jaipur,2020-09-05,"{""type"":""MultiPoint"",""coordinates"":[]}"
2020_09_13,35.845375050788704,35.631255752828096,24.720794547375508,-0.21411929796060747,Jaipur,2020-09-13,"{""type"":""MultiPoint"",""coordinates"":[]}"
2020_09_21,35.751545865791506,35.444827390937384,24.3552927035142,-0.3067184748541223,Jaipur,2020-09-21,"{""type"":""MultiPoint"",""coordinates"":[]}"
2020_09_29,39.56918811654765,38.64073820842379,22.294009918422464,-0.9284499081238593,Jaipur,2020-09-29,"{""type"":""MultiPoint"",""coordinates"":[]}"
2020_10_07,40.34388114468665,38.446383416756916,20.83743718838122,-1.897497727929732,Jaipur,2020-10-07,"{""type"":""MultiPoint"",""coordinates"":[]}"
2020_10_15,35.791571517265254,34.55025307473982,21.130155609429224,-1.2413184425254329,Jaipur,2020-10-15,"{""type"":""MultiPoint"",""coordinates"":[]}"
2020_10_23,35.962540160705146,34.280875898572525,17.25751277078686,-1.681664262132621,Jaipur,2020-10-23,"{""type"":""MultiPoint"",""coordinates"":[]}"
2020_10_31,34.25934401929295,32.41832249712734,14.478345769516096,-1.8410215221656117,Jaipur,2020-10-31,"{""type"":""MultiPoint"",""coordinates"":[]}"
2020_11_08,30.41345503684994,29.183947297010647,15.431283482087807,-1.229507739839292,Jaipur,2020-11-08,"{""type"":""MultiPoint"",""coordinates"":[]}"
2020_11_16,28.214788613498925,26.948515829033717,13.147542943966997,-1.2662727844652082,Jaipur,2020-11-16,"{""type"":""MultiPoint"",""coordinates"":[]}"
2020_11_24,27.88712758881861,26.3797578369087,12.149229840067848,-1.5073697519099127,Jaipur,2020-11-24,"{""type"":""MultiPoint"",""coordinates"":[]}"
2020_12_02,30.701410796145524,29.349394611850826,13.830679163746794,-1.3520161842946976,Jaipur,2020-12-02,"{""type"":""MultiPoint"",""coordinates"":[]}"
2020_12_10,25.943147250255667,25.468053548469623,10.658390162480012,-0.4750937017860437,Jaipur,2020-12-10,"{""type"":""MultiPoint"",""coordinates"":[]}"
2020_12_18,25.158837752709182,24.39915264718188,8.386686127227222,-0.7596851055273035,Jaipur,2020-12-18,"{""type"":""MultiPoint"",""coordinates"":[]}"
2020_12_26,21.452904207388734,20.821308167589248,6.605882372516638,-0.6315960397994864,Jaipur,2020-12-26,"{""type"":""MultiPoint"",""coordinates"":[]}"
2021_01_01,21.29000000000002,18.380000000000024,10.640000000000043,-2.9099999999999966,Jaipur,2021-01-01,"{""type"":""MultiPoint"",""coordinates"":[]}"
2021_01_09,23.701855352643115,23.271957575510722,8.130100613047153,-0.42989777713239263,Jaipur,2021-01-09,"{""type"":""MultiPoint"",""coordinates"":[]}"
2021_01_17,25.17607886165505,24.918201734202075,10.853985758229015,-0.257877127452975,Jaipur,2021-01-17,"{""type"":""MultiPoint"",""coordinates"":[]}"
2021_01_25,24.151518367727387,23.500350982950227,8.010104368167738,-0.6511673847771604,Jaipur,2021-01-25,"{""type"":""MultiPoint"",""coordinates"":[]}"
2021_02_02,27.41767644826991,27.003260957921444,11.613907880497344,-0.41441549034846403,Jaipur,2021-02-02,"{""type"":""MultiPoint"",""coordinates"":[]}"
2021_02_10,29.085696759908952,28.760217289153424,13.79169607217583,-0.3254794707555284,Jaipur,2021-02-10,"{""type"":""MultiPoint"",""coordinates"":[]}"
2021_02_18,32.95502194363883,32.34199787822165,14.868417036517965,-0.6130240654171857,Jaipur,2021-02-18,"{""type"":""MultiPoint"",""coordinates"":[]}"
2021_02_26,34.30772821488334,33.67713206309102,16.114079759858615,-0.630596151792318,Jaipur,2021-02-26,"{""type"":""MultiPoint"",""coordinates"":[]}"
2021_03_06,36.44797885676866,35.377096017240795,19.341363013799526,-1.0708828395278616,Jaipur,2021-03-06,"{""type"":""MultiPoint"",""coordinates"":[]}"
2021_03_14,35.261262502468774,34.45977338997349,19.26871197880437,-0.8014891124952825,Jaipur,2021-03-14,"{""type"":""MultiPoint"",""coordinates"":[]}"
2021_03_22,38.52593725636949,37.28376003650527,19.40211419528347,-1.2421772198642174,Jaipur,2021-03-22,"{""type"":""MultiPoint"",""coordinates"":[]}"
2021_03_30,42.00223889564543,40.646819765631136,21.464999318695074,-1.3554191300142904,Jaipur,2021-03-30,"{""type"":""MultiPoint"",""coordinates"":[]}"
2021_04_07,43.79332283448195,41.99570427470218,20.677180565288506,-1.797618559779771,Jaipur,2021-04-07,"{""type"":""MultiPoint"",""coordinates"":[]}"
2021_04_15,41.605827132773925,40.098073243734966,21.14667957822253,-1.507753889038959,Jaipur,2021-04-15,"{""type"":""MultiPoint"",""coordinates"":[]}"
2021_04_23,48.15279427448777,46.25353091926364,22.45060048516149,-1.8992633552241287,Jaipur,2021-04-23,"{""type"":""MultiPoint"",""coordinates"":[]}"
2021_05_01,46.59219723354713,45.19326841800768,24.80584434050151,-1.398928815539449,Jaipur,2021-05-01,"{""type"":""MultiPoint"",""coordinates"":[]}"
2021_05_09,44.573971916044435,42.20148517408827,20.54421751586813,-2.372486741956166,Jaipur,2021-05-09,"{""type"":""MultiPoint"",""coordinates"":[]}"
2021_05_17,36.49381509547713,34.50031628102364,22.661952833829105,-1.9934988144534884,Jaipur,2021-05-17,"{""type"":""MultiPoint"",""coordinates"":[]}"
2021_05_25,40.93869779412868,39.10702285229567,25.017446424852547,-1.8316749418330076,Jaipur,2021-05-25,"{""type"":""MultiPoint"",""coordinates"":[]}"
2021_06_02,39.23006055247022,37.569068305005786,25.89632153631083,-1.660992247464435,Jaipur,2021-06-02,"{""type"":""MultiPoint"",""coordinates"":[]}"
2021_06_10,41.26428507436669,38.47202525321338,26.721135713312467,-2.7922598211533085,Jaipur,2021-06-10,"{""type"":""MultiPoint"",""coordinates"":[]}"
2021_06_18,36.13737662925403,34.229157693678694,25.43432546001419,-1.9082189355753343,Jaipur,2021-06-18,"{""type"":""MultiPoint"",""coordinates"":[]}"
2021_06_26,40.249000968940386,38.523924252277375,26.420371882703442,-1.7250767166630112,Jaipur,2021-06-26,"{""type"":""MultiPoint"",""coordinates"":[]}"
2021_07_04,40.251949507167026,38.590880300195536,27.542640795476057,-1.66106920697149,Jaipur,2021-07-04,"{""type"":""MultiPoint"",""coordinates"":[]}"
2021_07_12,38.13926420445506,36.84608382865792,27.306470954091836,-1.2931803757971423,Jaipur,2021-07-12,"{""type"":""MultiPoint"",""coordinates"":[]}"
2021_07_20,31.021111111111136,,,,Jaipur,2021-07-20,"{""type"":""MultiPoint"",""coordinates"":[]}"
2021_07_28,,,,,Jaipur,2021-07-28,"{""type"":""MultiPoint"",""coordinates"":[]}"
2021_08_05,29.426014391784868,30.807377381434964,23.005973517092308,1.3813629896500963,Jaipur,2021-08-05,"{""type"":""MultiPoint"",""coordinates"":[]}"
2021_08_13,33.84744800915015,33.674797075027804,24.626104925343952,-0.17265093412234478,Jaipur,2021-08-13,"{""type"":""MultiPoint"",""coordinates"":[]}"
2021_08_21,32.60955926749565,33.05588233750385,24.560064624489083,0.44632307000820504,Jaipur,2021-08-21,"{""type"":""MultiPoint"",""coordinates"":[]}"
2021_08_29,,,,,Jaipur,2021-08-29,"{""type"":""MultiPoint"",""coordinates"":[]}"
2021_09_06,,,,,Jaipur,2021-09-06,"{""type"":""MultiPoint"",""coordinates"":[]}"
2021_09_14,32.186351248738774,31.573974408988082,21.919794803776263,-0.6123768397506915,Jaipur,2021-09-14,"{""type"":""MultiPoint"",""coordinates"":[]}"
2021_09_22,33.184874101907596,32.079997290354754,23.639615989074738,-1.1048768115528418,Jaipur,2021-09-22,"{""type"":""MultiPoint"",""coordinates"":[]}"
2021_09_30,34.47699551305624,33.764649236066305,24.39017841422623,-0.7123462769899334,Jaipur,2021-09-30,"{""type"":""MultiPoint"",""coordinates"":[]}"
2021_10_08,37.69268094926235,35.86014773790108,21.457024332437264,-1.8325332113612731,Jaipur,2021-10-08,"{""type"":""MultiPoint"",""coordinates"":[]}"
2021_10_16,34.28750751031693,33.42733849099132,20.01904706362922,-0.8601690193256104,Jaipur,2021-10-16,"{""type"":""MultiPoint"",""coordinates"":[]}"
2021_10_24,33.906449932952896,31.892467172559872,16.622689407679314,-2.0139827603930236,Jaipur,2021-10-24,"{""type"":""MultiPoint"",""coordinates"":[]}"
2021_11_01,33.37080983202585,31.983028053289566,16.020987244947886,-1.387781778736283,Jaipur,2021-11-01,"{""type"":""MultiPoint"",""coordinates"":[]}"
2021_11_09,30.339303749441246,28.505745225523963,13.34310516695517,-1.833558523917283,Jaipur,2021-11-09,"{""type"":""MultiPoint"",""coordinates"":[]}"
2021_11_17,30.264932048523473,28.989403916473517,12.853689398749014,-1.2755281320499563,Jaipur,2021-11-17,"{""type"":""MultiPoint"",""coordinates"":[]}"
2021_11_25,29.449575846404883,28.12473578883123,13.846743213360181,-1.3248400575736525,Jaipur,2021-11-25,"{""type"":""MultiPoint"",""coordinates"":[]}"
2021_12_03,26.034817103433067,25.20671286821195,11.784672735851702,-0.8281042352211152,Jaipur,2021-12-03,"{""type"":""MultiPoint"",""coordinates"":[]}"
2021_12_11,23.09971274622211,22.671122104709923,8.896535169651063,-0.4285906415121872,Jaipur,2021-12-11,"{""type"":""MultiPoint"",""coordinates"":[]}"
2021_12_19,23.829084253379968,22.975266692053847,8.702342726580381,-0.853817561326121,Jaipur,2021-12-19,"{""type"":""MultiPoint"",""coordinates"":[]}"
2021_12_27,17.739760143101083,,,,Jaipur,2021-12-27,"{""type"":""MultiPoint"",""coordinates"":[]}"
2022_01_01,20.912694600101883,20.527553579013798,8.50791373296094,-0.385141021088085,Jaipur,2022-01-01,"{""type"":""MultiPoint"",""coordinates"":[]}"
2022_01_09,17.58779035723093,17.269079188975034,8.078937897442867,-0.31871116825589496,Jaipur,2022-01-09,"{""type"":""MultiPoint"",""coordinates"":[]}"
2022_01_17,18.709751381262176,18.62106542678556,8.681786043652044,-0.08868595447661676,Jaipur,2022-01-17,"{""type"":""MultiPoint"",""coordinates"":[]}"
2022_01_25,22.78727108959446,22.804643433179752,9.36238375576039,0.017372343585293493,Jaipur,2022-01-25,"{""type"":""MultiPoint"",""coordinates"":[]}"
2022_02_02,23.718463646406207,24.10689133183921,11.059391363141252,0.38842768543300465,Jaipur,2022-02-02,"{""type"":""MultiPoint"",""coordinates"":[]}"
2022_02_10,26.242020062161565,26.343022677302685,11.618992767355678,0.10100261514111963,Jaipur,2022-02-10,"{""type"":""MultiPoint"",""coordinates"":[]}"
2022_02_18,27.91091031022607,27.963177222761562,13.710528638249075,0.05226691253549376,Jaipur,2022-02-18,"{""type"":""MultiPoint"",""coordinates"":[]}"
2022_02_26,30.241077223729576,29.906784535178225,15.033597650513947,-0.33429268855135064,Jaipur,2022-02-26,"{""type"":""MultiPoint"",""coordinates"":[]}"
2022_03_06,35.26858159478591,34.21785805113761,18.66545082849154,-1.0507235436482958,Jaipur,2022-03-06,"{""type"":""MultiPoint"",""coordinates"":[]}"
2022_03_14,39.982211432313576,38.9812755515226,22.28106909034142,-1.0009358807909763,Jaipur,2022-03-14,"{""type"":""MultiPoint"",""coordinates"":[]}"
2022_03_22,42.02558694816063,40.827637990418495,20.76285533081606,-1.1979489577421347,Jaipur,2022-03-22,"{""type"":""MultiPoint"",""coordinates"":[]}"
2022_03_30,44.962780428477814,43.293265565685104,21.98034544024701,-1.6695148627927097,Jaipur,2022-03-30,"{""type"":""MultiPoint"",""coordinates"":[]}"
2022_04_07,45.13029430047512,43.42430391309239,22.849725678111437,-1.7059903873827338,Jaipur,2022-04-07,"{""type"":""MultiPoint"",""coordinates"":[]}"
2022_04_15,43.96526803255691,42.08397081525066,23.485701997106762,-1.8812972173062477,Jaipur,2022-04-15,"{""type"":""MultiPoint"",""coordinates"":[]}"
2022_04_23,47.250507354393335,45.426442022281414,24.655721733934698,-1.8240653321119211,Jaipur,2022-04-23,"{""type"":""MultiPoint"",""coordinates"":[]}"
2022_05_01,44.700791883660216,42.894205440768374,24.83284199219412,-1.8065864428918417,Jaipur,2022-05-01,"{""type"":""MultiPoint"",""coordinates"":[]}"
2022_05_09,47.46359172981561,45.72285273375046,26.554841574196953,-1.7407389960651543,Jaipur,2022-05-09,"{""type"":""MultiPoint"",""coordinates"":[]}"
2022_05_17,44.53657922474805,42.978223809384424,25.734448867683398,-1.5583554153636285,Jaipur,2022-05-17,"{""type"":""MultiPoint"",""coordinates"":[]}"
2022_05_25,39.440113797353426,38.266670972881634,25.867734069696123,-1.1734428244717918,Jaipur,2022-05-25,"{""type"":""MultiPoint"",""coordinates"":[]}"
2022_06_02,44.34361528678713,43.65870608222208,26.492016354351122,-0.6849092045650451,Jaipur,2022-06-02,"{""type"":""MultiPoint"",""coordinates"":[]}"
2022_06_10,42.355073750414185,40.85834011538069,27.701059802204625,-1.4967336350334932,Jaipur,2022-06-10,"{""type"":""MultiPoint"",""coordinates"":[]}"
2022_06_18,37.12139665592427,35.98353296576317,23.27990603849583,-1.1378636901611046,Jaipur,2022-06-18,"{""type"":""MultiPoint"",""coordinates"":[]}"
2022_06_26,41.29450920955654,39.53679438836839,27.043894759636242,-1.757714821188145,Jaipur,2022-06-26,"{""type"":""MultiPoint"",""coordinates"":[]}"
2022_07_04,38.340118340058766,36.79258586328305,25.385691370480572,-1.5475324767757144,Jaipur,2022-07-04,"{""type"":""MultiPoint"",""coordinates"":[]}"
2022_07_12,34.5313039365234,33.53165092138425,27.20740249504833,-0.9996530151391525,Jaipur,2022-07-12,"{""type"":""MultiPoint"",""coordinates"":[]}"
2022_07_20,,,,,Jaipur,2022-07-20,"{""type"":""MultiPoint"",""coordinates"":[]}"
2022_07_28,,,,,Jaipur,2022-07-28,"{""type"":""MultiPoint"",""coordinates"":[]}"
2022_08_05,,,,,Jaipur,2022-08-05,"{""type"":""MultiPoint"",""coordinates"":[]}"
2022_08_13,28.12333333333336,28.930000000000007,21.690000000000055,0.8066666666666471,Jaipur,2022-08-13,"{""type"":""MultiPoint"",""coordinates"":[]}"
2022_08_21,29.457307621641597,29.16713253012051,21.902244897959196,-0.29017509152108545,Jaipur,2022-08-21,"{""type"":""MultiPoint"",""coordinates"":[]}"
2022_08_29,33.39599588518634,33.33564678478327,25.315076276914173,-0.06034910040306585,Jaipur,2022-08-29,"{""type"":""MultiPoint"",""coordinates"":[]}"
2022_09_06,33.963473909403234,33.306613470316954,24.321231302813988,-0.6568604390862802,Jaipur,2022-09-06,"{""type"":""MultiPoint"",""coordinates"":[]}"
2022_09_14,33.92192443237124,32.73614073375014,24.674692894498897,-1.1857836986211012,Jaipur,2022-09-14,"{""type"":""MultiPoint"",""coordinates"":[]}"
2022_09_22,33.52037415411477,32.840877020738,23.397483865378817,-0.6794971333767705,Jaipur,2022-09-22,"{""type"":""MultiPoint"",""coordinates"":[]}"
2022_09_30,36.36611284705975,35.25531772199509,23.25847291217891,-1.1107951250646622,Jaipur,2022-09-30,"{""type"":""MultiPoint"",""coordinates"":[]}"
2022_10_08,30.052838727278957,29.617642988929923,,-0.4351957383490337,Jaipur,2022-10-08,"{""type"":""MultiPoint"",""coordinates"":[]}"
2022_10_16,,,,,Jaipur,2022-10-16,"{""type"":""MultiPoint"",""coordinates"":[]}"
2022_10_24,35.20217378197726,32.870869751875865,17.973734156836375,-2.3313040301013928,Jaipur,2022-10-24,"{""type"":""MultiPoint"",""coordinates"":[]}"
2022_11_01,34.74178732029814,32.945685299122914,18.71045303583465,-1.7961020211752228,Jaipur,2022-11-01,"{""type"":""MultiPoint"",""coordinates"":[]}"
2022_11_09,29.32747880564024,28.03634911488495,15.422990109981471,-1.291129690755291,Jaipur,2022-11-09,"{""type"":""MultiPoint"",""coordinates"":[]}"
2022_11_17,29.21594091537521,27.705183190391217,12.365000731785893,-1.5107577249839927,Jaipur,2022-11-17,"{""type"":""MultiPoint"",""coordinates"":[]}"
2022_11_25,27.358184218459286,26.646461730361754,11.693959263211193,-0.7117224880975321,Jaipur,2022-11-25,"{""type"":""MultiPoint"",""coordinates"":[]}"
2022_12_03,25.891189883680997,25.372556435063053,11.196204571417029,-0.518633448617944,Jaipur,2022-12-03,"{""type"":""MultiPoint"",""coordinates"":[]}"
2022_12_11,25.390150481044223,25.145190678796936,11.157265132424062,-0.24495980224728697,Jaipur,2022-12-11,"{""type"":""MultiPoint"",""coordinates"":[]}"
2022_12_19,22.49172229940785,22.91163349375972,9.204286374636338,0.41991119435186874,Jaipur,2022-12-19,"{""type"":""MultiPoint"",""coordinates"":[]}"
2022_12_27,23.00207158808006,22.851299310413506,9.233941845701946,-0.15077227766655454,Jaipur,2022-12-27,"{""type"":""MultiPoint"",""coordinates"":[]}"
2023_01_01,20.163755710515872,20.083927485103537,6.933159962422099,-0.07982822541233503,Jaipur,2023-01-01,"{""type"":""MultiPoint"",""coordinates"":[]}"
2023_01_09,21.326985714589444,20.477781566517653,8.44680356646715,-0.8492041480717916,Jaipur,2023-01-09,"{""type"":""MultiPoint"",""coordinates"":[]}"
2023_01_17,20.005594352123197,20.07131848452629,8.522151771223927,0.06572413240309416,Jaipur,2023-01-17,"{""type"":""MultiPoint"",""coordinates"":[]}"
2023_01_25,20.961270426501173,20.494631906788644,9.82515789604302,-0.4666385197125287,Jaipur,2023-01-25,"{""type"":""MultiPoint"",""coordinates"":[]}"
2023_02_02,24.520714899013576,24.60532536955219,12.815696930026856,0.08461047053861392,Jaipur,2023-02-02,"{""type"":""MultiPoint"",""coordinates"":[]}"
2023_02_10,26.73474013783647,27.122675004188494,13.401088706895727,0.38793486635202257,Jaipur,2023-02-10,"{""type"":""MultiPoint"",""coordinates"":[]}"
2023_02_18,30.936430640014127,30.79944341309638,16.65405100544264,-0.13698722691774634,Jaipur,2023-02-18,"{""type"":""MultiPoint"",""coordinates"":[]}"
2023_02_26,31.339188449184466,31.042606141807166,18.336419188535853,-0.2965823073772995,Jaipur,2023-02-26,"{""type"":""MultiPoint"",""coordinates"":[]}"
2023_03_06,33.33181127015305,31.73273270398577,17.786782570703483,-1.5990785661672753,Jaipur,2023-03-06,"{""type"":""MultiPoint"",""coordinates"":[]}"
2023_03_14,32.097214203668365,30.356373533538182,19.42115352236932,-1.7408406701301828,Jaipur,2023-03-14,"{""type"":""MultiPoint"",""coordinates"":[]}"
2023_03_22,33.638082297614964,31.804663825960343,18.40948931523278,-1.8334184716546211,Jaipur,2023-03-22,"{""type"":""MultiPoint"",""coordinates"":[]}"
2023_03_30,33.33567653142903,31.53963438402133,19.137468042183894,-1.7960421474077002,Jaipur,2023-03-30,"{""type"":""MultiPoint"",""coordinates"":[]}"
2023_04_07,41.23838777143688,38.72271568173935,20.916696156663228,-2.5156720896975244,Jaipur,2023-04-07,"{""type"":""MultiPoint"",""coordinates"":[]}"
2023_04_15,43.24346023430115,40.99700880443717,23.370052462437204,-2.2464514298639813,Jaipur,2023-04-15,"{""type"":""MultiPoint"",""coordinates"":[]}"
2023_04_23,39.81715063905737,37.82160437592463,19.373790099665197,-1.9955462631327379,Jaipur,2023-04-23,"{""type"":""MultiPoint"",""coordinates"":[]}"
2023_05_01,40.14387189322357,38.5170618347718,22.708078379078103,-1.6268100584517668,Jaipur,2023-05-01,"{""type"":""MultiPoint"",""coordinates"":[]}"
2023_05_09,45.42335297969868,42.85929765393737,24.46256800341675,-2.5640553257613092,Jaipur,2023-05-09,"{""type"":""MultiPoint"",""coordinates"":[]}"
2023_05_17,43.95311747279132,41.96031490451048,27.167462339941746,-1.9928025682808368,Jaipur,2023-05-17,"{""type"":""MultiPoint"",""coordinates"":[]}"
2023_05_25,32.12170607899095,31.396842087488476,22.17955966286013,-0.7248639915024704,Jaipur,2023-05-25,"{""type"":""MultiPoint"",""coordinates"":[]}"
2023_06_02,40.83003145497443,39.20288138239225,24.931523480568675,-1.6271500725821824,Jaipur,2023-06-02,"{""type"":""MultiPoint"",""coordinates"":[]}"
2023_06_10,40.95572069461934,39.352562684474265,27.240033438256937,-1.6031580101450729,Jaipur,2023-06-10,"{""type"":""MultiPoint"",""coordinates"":[]}"
2023_06_18,32.729869994274395,29.12673993082675,22.625044070065854,-3.6031300634476437,Jaipur,2023-06-18,"{""type"":""MultiPoint"",""coordinates"":[]}"
2023_06_26,30.995490473141544,32.42780832034138,23.915017282305442,1.4323178471998332,Jaipur,2023-06-26,"{""type"":""MultiPoint"",""coordinates"":[]}"
2023_07_04,31.396379159536057,30.964659809278942,,-0.43171935025711505,Jaipur,2023-07-04,"{""type"":""MultiPoint"",""coordinates"":[]}"
2023_07_12,,,,,Jaipur,2023-07-12,"{""type"":""MultiPoint"",""coordinates"":[]}"
2023_07_20,,,,,Jaipur,2023-07-20,"{""type"":""MultiPoint"",""coordinates"":[]}"
2023_07_28,,,,,Jaipur,2023-07-28,"{""type"":""MultiPoint"",""coordinates"":[]}"
2023_08_05,27.54121672057729,28.598000000000035,20.970000000000017,1.0567832794227456,Jaipur,2023-08-05,"{""type"":""MultiPoint"",""coordinates"":[]}"
2023_08_13,33.01600799450886,31.525673158340414,23.69027095681629,-1.4903348361684472,Jaipur,2023-08-13,"{""type"":""MultiPoint"",""coordinates"":[]}"
2023_08_21,31.065600216520373,30.903893313366478,22.035890983897957,-0.16170690315389535,Jaipur,2023-08-21,"{""type"":""MultiPoint"",""coordinates"":[]}"
2023_08_29,35.34469412008695,35.11447416413374,24.822244112594188,-0.23021995595320988,Jaipur,2023-08-29,"{""type"":""MultiPoint"",""coordinates"":[]}"
2023_09_06,36.91284153740813,36.18960525484749,24.081450451588495,-0.7232362825606344,Jaipur,2023-09-06,"{""type"":""MultiPoint"",""coordinates"":[]}"
2023_09_14,34.66580073444239,34.46337636851891,24.894400421335856,-0.20242436592348412,Jaipur,2023-09-14,"{""type"":""MultiPoint"",""coordinates"":[]}"
2023_09_22,34.35441091465301,33.40032841417687,23.17521380186285,-0.9540825004761402,Jaipur,2023-09-22,"{""type"":""MultiPoint"",""coordinates"":[]}"
2023_09_30,36.77338809367886,35.069673378924186,23.29335321250303,-1.7037147147546747,Jaipur,2023-09-30,"{""type"":""MultiPoint"",""coordinates"":[]}"
2023_10_08,36.817868546065014,35.00522754115577,23.500314615807127,-1.8126410049092456,Jaipur,2023-10-08,"{""type"":""MultiPoint"",""coordinates"":[]}"
2023_10_16,35.45134033949744,33.156100404889806,20.408585513509326,-2.295239934607636,Jaipur,2023-10-16,"{""type"":""MultiPoint"",""coordinates"":[]}"
2023_10_24,34.39586771447288,32.545677627938176,19.516947640268402,-1.8501900865347025,Jaipur,2023-10-24,"{""type"":""MultiPoint"",""coordinates"":[]}"
2023_11_01,32.34443583746535,30.84921688857746,18.855301039476757,-1.4952189488878886,Jaipur,2023-11-01,"{""type"":""MultiPoint"",""coordinates"":[]}"
2023_11_09,29.49005100353408,28.014479674675556,15.97395301089225,-1.4755713288585248,Jaipur,2023-11-09,"{""type"":""MultiPoint"",""coordinates"":[]}"
2023_11_17,28.07006931624003,27.261577386676944,13.64517288572237,-0.8084919295630861,Jaipur,2023-11-17,"{""type"":""MultiPoint"",""coordinates"":[]}"
2023_11_25,26.68029091283716,26.544548839032075,14.493857156853167,-0.13574207380508696,Jaipur,2023-11-25,"{""type"":""MultiPoint"",""coordinates"":[]}"
2023_12_03,25.669590065029155,24.784034300731804,12.58042887242577,-0.8855557642973508,Jaipur,2023-12-03,"{""type"":""MultiPoint"",""coordinates"":[]}"
2023_12_11,24.863907850772186,24.072371793798794,11.113942351149165,-0.791536056973392,Jaipur,2023-12-11,"{""type"":""MultiPoint"",""coordinates"":[]}"
2023_12_19,22.505968437498485,21.278318668777402,9.714087177410477,-1.2276497687210828,Jaipur,2023-12-19,"{""type"":""MultiPoint"",""coordinates"":[]}"
2023_12_27,23.84724331442294,23.18875252420408,10.35449715345908,-0.6584907902188597,Jaipur,2023-12-27,"{""type"":""MultiPoint"",""coordinates"":[]}"
2024_01_01,,,,,Jaipur,2024-01-01,"{""type"":""MultiPoint"",""coordinates"":[]}"
2024_01_09,20.195596883384116,20.18804349581266,8.177712396233222,-0.0075533875714555165,Jaipur,2024-01-09,"{""type"":""MultiPoint"",""coordinates"":[]}"
2024_01_17,19.887233354382925,20.68363689678288,9.208740834881251,0.796403542399954,Jaipur,2024-01-17,"{""type"":""MultiPoint"",""coordinates"":[]}"
2024_01_25,22.160275244889153,21.659615876612722,12.418091078542485,-0.5006593682764304,Jaipur,2024-01-25,"{""type"":""MultiPoint"",""coordinates"":[]}"
2024_02_02,21.59994502807094,21.669626536536367,10.589363234214792,0.06968150846542542,Jaipur,2024-02-02,"{""type"":""MultiPoint"",""coordinates"":[]}"
2024_02_10,24.567011618135115,24.322108930691858,12.502330979128182,-0.2449026874432576,Jaipur,2024-02-10,"{""type"":""MultiPoint"",""coordinates"":[]}"
2024_02_18,26.152800217819035,25.367323838027442,14.077091050650386,-0.7854763797915929,Jaipur,2024-02-18,"{""type"":""MultiPoint"",""coordinates"":[]}"
2024_02_26,27.756113696581533,27.644015498699492,14.432074068489422,-0.112098197882041,Jaipur,2024-02-26,"{""type"":""MultiPoint"",""coordinates"":[]}"
2024_03_05,30.173966403675667,29.370477140677288,16.147219613827133,-0.8034892629983794,Jaipur,2024-03-05,"{""type"":""MultiPoint"",""coordinates"":[]}"
2024_03_13,33.43596187149826,32.32349256993429,17.675894583809033,-1.1124693015639693,Jaipur,2024-03-13,"{""type"":""MultiPoint"",""coordinates"":[]}"
2024_03_21,36.78063918254482,35.64653791644213,21.005951154759803,-1.1341012661026895,Jaipur,2024-03-21,"{""type"":""MultiPoint"",""coordinates"":[]}"
2024_03_29,38.92478984625941,37.965927502295045,21.508036749581514,-0.9588623439643627,Jaipur,2024-03-29,"{""type"":""MultiPoint"",""coordinates"":[]}"
2024_04_06,41.87596825396823,40.043018461719946,21.38570258739338,-1.8329497922482858,Jaipur,2024-04-06,"{""type"":""MultiPoint"",""coordinates"":[]}"
2024_04_14,43.79155174506669,42.2415702270161,24.56930152642034,-1.5499815180505934,Jaipur,2024-04-14,"{""type"":""MultiPoint"",""coordinates"":[]}"
2024_04_22,45.10047375806902,42.98344737694851,24.13416312396323,-2.1170263811205103,Jaipur,2024-04-22,"{""type"":""MultiPoint"",""coordinates"":[]}"
2024_04_30,44.09871392189293,42.80565995721941,23.778225090506915,-1.2930539646735184,Jaipur,2024-04-30,"{""type"":""MultiPoint"",""coordinates"":[]}"
2024_05_08,45.80239390442926,43.88471913921004,27.39424535611214,-1.9176747652192176,Jaipur,2024-05-08,"{""type"":""MultiPoint"",""coordinates"":[]}"
2024_05_16,45.7665300568601,43.7751107899808,28.879025991899685,-1.9914192668792978,Jaipur,2024-05-16,"{""type"":""MultiPoint"",""coordinates"":[]}"
2024_05_24,46.1696369268511,44.518346416024684,29.950026603908768,-1.6512905108264135,Jaipur,2024-05-24,"{""type"":""MultiPoint"",""coordinates"":[]}"
2024_06_01,41.6846225692463,39.46175424559667,28.861025929974446,-2.222868323649628,Jaipur,2024-06-01,"{""type"":""MultiPoint"",""coordinates"":[]}"
2024_06_09,41.82607900113956,40.53917272258988,28.096880849546334,-1.2869062785496794,Jaipur,2024-06-09,"{""type"":""MultiPoint"",""coordinates"":[]}"
2024_06_17,40.516328745066474,38.892617381706955,30.972684109802703,-1.6237113633595186,Jaipur,2024-06-17,"{""type"":""MultiPoint"",""coordinates"":[]}"
2024_06_25,38.748361523197595,37.55892278360347,24.622855517633703,-1.1894387395941237,Jaipur,2024-06-25,"{""type"":""MultiPoint"",""coordinates"":[]}"
2024_07_03,34.426061822389215,34.365136169747366,,-0.060925652641849126,Jaipur,2024-07-03,"{""type"":""MultiPoint"",""coordinates"":[]}"
2024_07_11,33.67005802818138,33.685672608425406,26.94601668237328,0.0156145802440264,Jaipur,2024-07-11,"{""type"":""MultiPoint"",""coordinates"":[]}"
2024_07_19,35.18950449875555,34.697275876120635,27.54676756201143,-0.4922286226349115,Jaipur,2024-07-19,"{""type"":""MultiPoint"",""coordinates"":[]}"
2024_07_27,33.048478768082155,,,,Jaipur,2024-07-27,"{""type"":""MultiPoint"",""coordinates"":[]}"
2024_08_04,,,,,Jaipur,2024-08-04,"{""type"":""MultiPoint"",""coordinates"":[]}"
2024_08_12,29.20085325832164,30.012010178117087,,0.8111569197954474,Jaipur,2024-08-12,"{""type"":""MultiPoint"",""coordinates"":[]}"
2024_08_20,,,,,Jaipur,2024-08-20,"{""type"":""MultiPoint"",""coordinates"":[]}"
2024_08_28,28.493671852181123,29.354635178882745,24.478440185436476,0.8609633267016221,Jaipur,2024-08-28,"{""type"":""MultiPoint"",""coordinates"":[]}"
2024_09_05,28.483569321533956,28.43002352941179,,-0.053545792122164926,Jaipur,2024-09-05,"{""type"":""MultiPoint"",""coordinates"":[]}"
2024_09_13,29.110606781722495,28.999439379321814,22.70319698752889,-0.11116740240068168,Jaipur,2024-09-13,"{""type"":""MultiPoint"",""coordinates"":[]}"
2024_09_21,32.40906803334283,32.184215757780365,24.75911518454003,-0.224852275562462,Jaipur,2024-09-21,"{""type"":""MultiPoint"",""coordinates"":[]}"
2024_09_29,34.345757175081374,33.84450160724937,24.903822441370554,-0.5012555678320041,Jaipur,2024-09-29,"{""type"":""MultiPoint"",""coordinates"":[]}"
2024_10_07,34.471610835646175,32.73349773935582,23.550482074392644,-1.7381130962903555,Jaipur,2024-10-07,"{""type"":""MultiPoint"",""coordinates"":[]}"
2024_10_15,35.54709766010747,34.06485868794845,21.573072068660895,-1.482238972159017,Jaipur,2024-10-15,"{""type"":""MultiPoint"",""coordinates"":[]}"
2024_10_23,33.829869876612534,32.33561153823583,22.041257800731685,-1.494258338376703,Jaipur,2024-10-23,"{""type"":""MultiPoint"",""coordinates"":[]}"
2024_10_31,32.65557692747477,31.267318512300253,20.646499881798437,-1.3882584151745156,Jaipur,2024-10-31,"{""type"":""MultiPoint"",""coordinates"":[]}"
2024_11_08,31.281608569557537,30.04120256808056,19.07724282605942,-1.2404060014769769,Jaipur,2024-11-08,"{""type"":""MultiPoint"",""coordinates"":[]}"
2024_11_16,27.35525438905926,26.66987320867295,14.154691279100748,-0.6853811803863117,Jaipur,2024-11-16,"{""type"":""MultiPoint"",""coordinates"":[]}"
2024_11_24,26.39169101783894,25.468940295772477,13.47163808256926,-0.9227507220664641,Jaipur,2024-11-24,"{""type"":""MultiPoint"",""coordinates"":[]}"
2024_12_02,24.7021360152857,23.7953157108632,12.187284756262624,-0.9068203044224994,Jaipur,2024-12-02,"{""type"":""MultiPoint"",""coordinates"":[]}"
2024_12_10,20.75923507659518,20.152270325410626,8.232386344316392,-0.6069647511845524,Jaipur,2024-12-10,"{""type"":""MultiPoint"",""coordinates"":[]}"
2024_12_18,18.00553727842279,18.206363636363665,11.166363636363677,0.20082635794087622,Jaipur,2024-12-18,"{""type"":""MultiPoint"",""coordinates"":[]}"
2024_12_26,,,,,Jaipur,2024-12-26,"{""type"":""MultiPoint"",""coordinates"":[]}"
