system:index,LST_Day_Rural,LST_Day_Urban,LST_Night_Urban,UHI_Index,city,date,.geo
2000_02_18,,,,,Kochi,2000-02-18,"{""type"":""MultiPoint"",""coordinates"":[]}"
2000_02_26,32.03016651825282,31.684126757355557,23.45861620547159,-0.34603976089726274,Kochi,2000-02-26,"{""type"":""MultiPoint"",""coordinates"":[]}"
2000_03_05,29.894995817000833,28.72305268662573,23.689510413849103,-1.1719431303751016,Kochi,2000-03-05,"{""type"":""MultiPoint"",""coordinates"":[]}"
2000_03_13,31.921345783532992,32.32248966427211,24.504655599457482,0.4011438807391201,Kochi,2000-03-13,"{""type"":""MultiPoint"",""coordinates"":[]}"
2000_03_21,32.61648271964627,32.90358464194689,23.44232803122511,0.2871019223006215,Kochi,2000-03-21,"{""type"":""MultiPoint"",""coordinates"":[]}"
2000_03_29,32.138898964455656,31.697058762673326,24.042125028888403,-0.4418402017823304,Kochi,2000-03-29,"{""type"":""MultiPoint"",""coordinates"":[]}"
2000_04_06,31.706949164807344,32.042592499052944,24.51130903828447,0.33564333424559933,Kochi,2000-04-06,"{""type"":""MultiPoint"",""coordinates"":[]}"
2000_04_14,31.00906959831077,31.452184576485493,25.17309518158085,0.443114978174723,Kochi,2000-04-14,"{""type"":""MultiPoint"",""coordinates"":[]}"
2000_04_22,27.55679832290213,28.4014285714286,24.867500000000028,0.844630248526471,Kochi,2000-04-22,"{""type"":""MultiPoint"",""coordinates"":[]}"
2000_04_30,29.506859291698426,30.27703096539166,20.33000000000004,0.770171673693234,Kochi,2000-04-30,"{""type"":""MultiPoint"",""coordinates"":[]}"
2000_05_08,30.380542694497176,29.816564885496213,24.074241316270587,-0.5639778090009635,Kochi,2000-05-08,"{""type"":""MultiPoint"",""coordinates"":[]}"
2000_05_16,28.554177292698423,30.489173378409756,22.30862937216051,1.934996085711333,Kochi,2000-05-16,"{""type"":""MultiPoint"",""coordinates"":[]}"
2000_05_24,,,,,Kochi,2000-05-24,"{""type"":""MultiPoint"",""coordinates"":[]}"
2000_06_01,,,,,Kochi,2000-06-01,"{""type"":""MultiPoint"",""coordinates"":[]}"
2000_06_09,,,,,Kochi,2000-06-09,"{""type"":""MultiPoint"",""coordinates"":[]}"
2000_06_17,27.775898110499902,26.872580645161324,23.849344262295112,-0.9033174653385778,Kochi,2000-06-17,"{""type"":""MultiPoint"",""coordinates"":[]}"
2000_06_25,28.15582119356184,28.86724106910351,,0.7114198755416687,Kochi,2000-06-25,"{""type"":""MultiPoint"",""coordinates"":[]}"
2000_07_03,,,,,Kochi,2000-07-03,"{""type"":""MultiPoint"",""coordinates"":[]}"
2000_07_11,27.23974151150058,28.44682559212552,14.982252024291531,1.2070840806249414,Kochi,2000-07-11,"{""type"":""MultiPoint"",""coordinates"":[]}"
2000_07_19,27.981371531438032,29.08959100507542,23.925333333333356,1.1082194736373872,Kochi,2000-07-19,"{""type"":""MultiPoint"",""coordinates"":[]}"
2000_07_27,28.207534963605177,29.24950795947903,23.33000000000004,1.0419729958738522,Kochi,2000-07-27,"{""type"":""MultiPoint"",""coordinates"":[]}"
2000_08_04,,,,,Kochi,2000-08-04,"{""type"":""MultiPoint"",""coordinates"":[]}"
2000_08_12,,,,,Kochi,2000-08-12,"{""type"":""MultiPoint"",""coordinates"":[]}"
2000_08_20,,,,,Kochi,2000-08-20,"{""type"":""MultiPoint"",""coordinates"":[]}"
2000_08_28,25.558000000000032,,,,Kochi,2000-08-28,"{""type"":""MultiPoint"",""coordinates"":[]}"
2000_09_05,29.01277188655983,28.39804274843332,20.852889132821108,-0.6147291381265099,Kochi,2000-09-05,"{""type"":""MultiPoint"",""coordinates"":[]}"
2000_09_13,28.917911449790715,28.937925391518593,,0.020013941727878404,Kochi,2000-09-13,"{""type"":""MultiPoint"",""coordinates"":[]}"
2000_09_21,27.55314192520673,,,,Kochi,2000-09-21,"{""type"":""MultiPoint"",""coordinates"":[]}"
2000_09_29,26.21800000000003,25.710000000000008,,-0.5080000000000204,Kochi,2000-09-29,"{""type"":""MultiPoint"",""coordinates"":[]}"
2000_10_07,30.92482022200222,31.291589023612023,20.95697458563537,0.3667688016098012,Kochi,2000-10-07,"{""type"":""MultiPoint"",""coordinates"":[]}"
2000_10_15,29.093247839322608,28.92089408528201,22.210000000000036,-0.17235375404059639,Kochi,2000-10-15,"{""type"":""MultiPoint"",""coordinates"":[]}"
2000_10_23,31.10022784482486,31.686293494705026,23.328361871523636,0.5860656498801653,Kochi,2000-10-23,"{""type"":""MultiPoint"",""coordinates"":[]}"
2000_10_31,31.116788766992848,31.52199399126859,23.611121567244368,0.40520522427574335,Kochi,2000-10-31,"{""type"":""MultiPoint"",""coordinates"":[]}"
2000_11_08,30.340317824943547,31.921285117499362,24.286084091914447,1.5809672925558154,Kochi,2000-11-08,"{""type"":""MultiPoint"",""coordinates"":[]}"
2000_11_16,29.304941480507566,29.157132048536795,,-0.1478094319707708,Kochi,2000-11-16,"{""type"":""MultiPoint"",""coordinates"":[]}"
2000_11_24,29.574757565166916,30.10603105836045,24.36483588894791,0.5312734931935346,Kochi,2000-11-24,"{""type"":""MultiPoint"",""coordinates"":[]}"
2000_12_02,29.00310279666626,29.119651959734476,22.410600697986613,0.11654916306821761,Kochi,2000-12-02,"{""type"":""MultiPoint"",""coordinates"":[]}"
2000_12_10,30.195498033374953,30.692491987343086,21.995034194141095,0.49699395396813273,Kochi,2000-12-10,"{""type"":""MultiPoint"",""coordinates"":[]}"
2000_12_18,30.73224339998272,30.860042595365172,23.077908444290287,0.1277991953824511,Kochi,2000-12-18,"{""type"":""MultiPoint"",""coordinates"":[]}"
2000_12_26,29.149938704116337,29.094468830259203,21.095301189076217,-0.055469873857134644,Kochi,2000-12-26,"{""type"":""MultiPoint"",""coordinates"":[]}"
2001_01_01,30.687554581445028,31.18857653706128,23.35979899606217,0.5010219556162525,Kochi,2001-01-01,"{""type"":""MultiPoint"",""coordinates"":[]}"
2001_01_09,31.316401717350598,31.299774174188364,23.28261559979267,-0.016627543162233138,Kochi,2001-01-09,"{""type"":""MultiPoint"",""coordinates"":[]}"
2001_01_17,30.731235650593213,30.87624468002787,23.039766681719485,0.14500902943465732,Kochi,2001-01-17,"{""type"":""MultiPoint"",""coordinates"":[]}"
2001_01_25,30.96863306126111,31.347917418859232,,0.37928435759812373,Kochi,2001-01-25,"{""type"":""MultiPoint"",""coordinates"":[]}"
2001_02_02,30.01730736690772,30.05262156276083,24.268843709508257,0.03531419585311113,Kochi,2001-02-02,"{""type"":""MultiPoint"",""coordinates"":[]}"
2001_02_10,30.54159597149133,30.684977954463335,23.842208529092915,0.14338198297200577,Kochi,2001-02-10,"{""type"":""MultiPoint"",""coordinates"":[]}"
2001_02_18,31.773657641001606,32.61686000459926,23.97650075376246,0.8432023635976549,Kochi,2001-02-18,"{""type"":""MultiPoint"",""coordinates"":[]}"
2001_02_26,32.562331778440544,33.62670824475582,24.662276720538927,1.0643764663152737,Kochi,2001-02-26,"{""type"":""MultiPoint"",""coordinates"":[]}"
2001_03_06,32.40801484945133,32.58051551060463,23.718551271860107,0.17250066115330043,Kochi,2001-03-06,"{""type"":""MultiPoint"",""coordinates"":[]}"
2001_03_14,33.47912659504342,33.693285494259314,24.959723694835557,0.21415889921589581,Kochi,2001-03-14,"{""type"":""MultiPoint"",""coordinates"":[]}"
2001_03_22,32.334586466165455,33.641411855471276,24.52462646264629,1.3068253893058213,Kochi,2001-03-22,"{""type"":""MultiPoint"",""coordinates"":[]}"
2001_03_30,33.70025833005852,33.373951168741094,25.527988630812324,-0.3263071613174233,Kochi,2001-03-30,"{""type"":""MultiPoint"",""coordinates"":[]}"
2001_04_07,28.23086956521741,,,,Kochi,2001-04-07,"{""type"":""MultiPoint"",""coordinates"":[]}"
2001_04_15,32.36788773918304,31.525293793103472,,-0.8425939460795675,Kochi,2001-04-15,"{""type"":""MultiPoint"",""coordinates"":[]}"
2001_04_23,29.15973068135001,27.141633172940875,,-2.0180975084091344,Kochi,2001-04-23,"{""type"":""MultiPoint"",""coordinates"":[]}"
2001_05_01,30.131443904456688,32.23478990980424,25.667801429459328,2.1033460053475537,Kochi,2001-05-01,"{""type"":""MultiPoint"",""coordinates"":[]}"
2001_05_09,29.71318101014329,30.210000000000022,23.843333333333362,0.496818989856731,Kochi,2001-05-09,"{""type"":""MultiPoint"",""coordinates"":[]}"
2001_05_17,,,,,Kochi,2001-05-17,"{""type"":""MultiPoint"",""coordinates"":[]}"
2001_05_25,30.128357794791256,30.552126018002618,,0.4237682232113613,Kochi,2001-05-25,"{""type"":""MultiPoint"",""coordinates"":[]}"
2001_06_02,28.716773139745943,28.71169594660911,,-0.005077193136830971,Kochi,2001-06-02,"{""type"":""MultiPoint"",""coordinates"":[]}"
2001_06_10,,,,,Kochi,2001-06-10,"{""type"":""MultiPoint"",""coordinates"":[]}"
2001_06_26,,,,,Kochi,2001-06-26,"{""type"":""MultiPoint"",""coordinates"":[]}"
2001_07_04,,,,,Kochi,2001-07-04,"{""type"":""MultiPoint"",""coordinates"":[]}"
2001_07_12,26.30171216281702,28.706684919099207,20.015265643447492,2.404972756282188,Kochi,2001-07-12,"{""type"":""MultiPoint"",""coordinates"":[]}"
2001_07_20,25.013979848866533,24.369961977186335,24.20125221350876,-0.6440178716801981,Kochi,2001-07-20,"{""type"":""MultiPoint"",""coordinates"":[]}"
2001_07_28,26.235000000000042,,,,Kochi,2001-07-28,"{""type"":""MultiPoint"",""coordinates"":[]}"
2001_08_05,27.057820585888543,27.472729257641955,23.179006550218375,0.4149086717534125,Kochi,2001-08-05,"{""type"":""MultiPoint"",""coordinates"":[]}"
2001_08_13,26.75476190476193,,,,Kochi,2001-08-13,"{""type"":""MultiPoint"",""coordinates"":[]}"
2001_08_21,25.1791054967566,26.581578947368456,,1.4024734506118577,Kochi,2001-08-21,"{""type"":""MultiPoint"",""coordinates"":[]}"
2001_08_29,27.874605473609407,29.22323325201729,22.84360165118682,1.3486277784078844,Kochi,2001-08-29,"{""type"":""MultiPoint"",""coordinates"":[]}"
2001_09_06,28.199728860583924,29.66880655115122,23.773592992918402,1.4690776905672962,Kochi,2001-09-06,"{""type"":""MultiPoint"",""coordinates"":[]}"
2001_09_14,29.203936506287533,27.53007511365886,,-1.6738613926286732,Kochi,2001-09-14,"{""type"":""MultiPoint"",""coordinates"":[]}"
2001_09_22,,,,,Kochi,2001-09-22,"{""type"":""MultiPoint"",""coordinates"":[]}"
2001_09_30,27.48347511525392,26.772711707542847,21.7071878279119,-0.7107634077110738,Kochi,2001-09-30,"{""type"":""MultiPoint"",""coordinates"":[]}"
2001_10_08,28.7736774158106,27.55611492591257,,-1.2175624898980288,Kochi,2001-10-08,"{""type"":""MultiPoint"",""coordinates"":[]}"
2001_10_16,29.6413502981457,28.90732178714863,,-0.7340285109970708,Kochi,2001-10-16,"{""type"":""MultiPoint"",""coordinates"":[]}"
2001_10_24,28.0315384615385,28.690000000000037,24.29000000000002,0.6584615384615375,Kochi,2001-10-24,"{""type"":""MultiPoint"",""coordinates"":[]}"
2001_11_01,28.353479301268244,28.664267078007935,25.190000000000055,0.3107877767396907,Kochi,2001-11-01,"{""type"":""MultiPoint"",""coordinates"":[]}"
2001_11_09,29.712745119212197,29.978761442330676,24.56666666666669,0.2660163231184782,Kochi,2001-11-09,"{""type"":""MultiPoint"",""coordinates"":[]}"
2001_11_17,27.962229704382484,28.28676189736825,25.21183250515091,0.3245321929857674,Kochi,2001-11-17,"{""type"":""MultiPoint"",""coordinates"":[]}"
2001_11_25,29.34134581264285,30.23403163274303,23.43142135706343,0.8926858201001799,Kochi,2001-11-25,"{""type"":""MultiPoint"",""coordinates"":[]}"
2001_12_03,29.86901783021751,30.579522980793453,23.16254549085982,0.7105051505759441,Kochi,2001-12-03,"{""type"":""MultiPoint"",""coordinates"":[]}"
2001_12_11,29.47333643429081,30.41939433956287,22.414418901930173,0.9460579052720597,Kochi,2001-12-11,"{""type"":""MultiPoint"",""coordinates"":[]}"
2001_12_19,28.786813762628096,29.811374468470138,23.669481430400985,1.0245607058420418,Kochi,2001-12-19,"{""type"":""MultiPoint"",""coordinates"":[]}"
2001_12_27,29.805019486031796,31.001387201683507,24.376372983791864,1.1963677156517107,Kochi,2001-12-27,"{""type"":""MultiPoint"",""coordinates"":[]}"
2002_01_01,30.267831607554808,30.9653206710666,22.604050336760007,0.6974890635117923,Kochi,2002-01-01,"{""type"":""MultiPoint"",""coordinates"":[]}"
2002_01_09,30.333269692364354,31.720662951134535,22.919939257311075,1.3873932587701816,Kochi,2002-01-09,"{""type"":""MultiPoint"",""coordinates"":[]}"
2002_01_17,30.084892700798314,30.679301301874172,20.640677643113076,0.5944086010758589,Kochi,2002-01-17,"{""type"":""MultiPoint"",""coordinates"":[]}"
2002_01_25,30.15452246352244,30.825323840875768,23.092439440221668,0.6708013773533281,Kochi,2002-01-25,"{""type"":""MultiPoint"",""coordinates"":[]}"
2002_02_02,30.61941569764708,29.369583547557863,,-1.2498321500892189,Kochi,2002-02-02,"{""type"":""MultiPoint"",""coordinates"":[]}"
2002_02_10,32.69242324598483,33.24696120667177,25.236174888128485,0.5545379606869432,Kochi,2002-02-10,"{""type"":""MultiPoint"",""coordinates"":[]}"
2002_02_18,33.3459098646792,33.49844563736048,24.22319184794487,0.15253577268128282,Kochi,2002-02-18,"{""type"":""MultiPoint"",""coordinates"":[]}"
2002_02_26,33.55651502565765,33.521947094355404,25.050617710356452,-0.03456793130224867,Kochi,2002-02-26,"{""type"":""MultiPoint"",""coordinates"":[]}"
2002_03_06,33.42882458588742,33.72291346007605,24.605544030418272,0.29408887418863117,Kochi,2002-03-06,"{""type"":""MultiPoint"",""coordinates"":[]}"
2002_03_14,32.87842775543857,33.00498341336679,24.985478777791016,0.12655565792821477,Kochi,2002-03-14,"{""type"":""MultiPoint"",""coordinates"":[]}"
2002_03_22,,,,,Kochi,2002-03-22,"{""type"":""MultiPoint"",""coordinates"":[]}"
2002_03_30,33.34320176637424,34.28280209772647,24.08811020788697,0.9396003313522243,Kochi,2002-03-30,"{""type"":""MultiPoint"",""coordinates"":[]}"
2002_04_07,32.212142573184,34.24002561576361,24.69311247312362,2.027883042579603,Kochi,2002-04-07,"{""type"":""MultiPoint"",""coordinates"":[]}"
2002_04_15,31.842346927627204,32.2389543568465,22.943579605806708,0.39660742921929426,Kochi,2002-04-15,"{""type"":""MultiPoint"",""coordinates"":[]}"
2002_04_23,30.846735007189242,31.68309377344338,25.922873237217388,0.8363587662541399,Kochi,2002-04-23,"{""type"":""MultiPoint"",""coordinates"":[]}"
2002_05_01,33.22146555506806,32.63275862068967,,-0.5887069343783864,Kochi,2002-05-01,"{""type"":""MultiPoint"",""coordinates"":[]}"
2002_05_09,30.33017428550333,31.705016181229798,,1.374841895726469,Kochi,2002-05-09,"{""type"":""MultiPoint"",""coordinates"":[]}"
2002_05_17,29.190000000000055,,,,Kochi,2002-05-17,"{""type"":""MultiPoint"",""coordinates"":[]}"
2002_05_25,31.499732943703396,31.979585253456257,,0.47985230975286086,Kochi,2002-05-25,"{""type"":""MultiPoint"",""coordinates"":[]}"
2002_06_02,29.495715077276248,29.6531201737452,24.915274479049998,0.15740509646895262,Kochi,2002-06-02,"{""type"":""MultiPoint"",""coordinates"":[]}"
2002_06_10,,,,,Kochi,2002-06-10,"{""type"":""MultiPoint"",""coordinates"":[]}"
2002_06_18,23.950000000000045,23.950000000000045,,0.0,Kochi,2002-06-18,"{""type"":""MultiPoint"",""coordinates"":[]}"
2002_06_26,27.485454545454573,,,,Kochi,2002-06-26,"{""type"":""MultiPoint"",""coordinates"":[]}"
2002_07_04,25.794173722169994,26.976601904271767,22.900848251170512,1.1824281821017735,Kochi,2002-07-04,"{""type"":""MultiPoint"",""coordinates"":[]}"
2002_07_12,25.57123114061561,25.825470479704833,,0.25423933908922436,Kochi,2002-07-12,"{""type"":""MultiPoint"",""coordinates"":[]}"
2002_07_20,28.425555555555587,29.635000000000034,,1.209444444444447,Kochi,2002-07-20,"{""type"":""MultiPoint"",""coordinates"":[]}"
2002_07_28,,,,,Kochi,2002-07-28,"{""type"":""MultiPoint"",""coordinates"":[]}"
2002_08_05,,,,,Kochi,2002-08-05,"{""type"":""MultiPoint"",""coordinates"":[]}"
2002_08_13,27.65492441471575,27.18490741378127,16.744541062801964,-0.4700170009344795,Kochi,2002-08-13,"{""type"":""MultiPoint"",""coordinates"":[]}"
2002_08_21,25.908373360242212,25.10913902611153,,-0.7992343341306807,Kochi,2002-08-21,"{""type"":""MultiPoint"",""coordinates"":[]}"
2002_08_29,28.6649559383706,30.186201556360306,24.27041666666669,1.521245617989706,Kochi,2002-08-29,"{""type"":""MultiPoint"",""coordinates"":[]}"
2002_09_06,27.620277107603258,27.303230646129258,24.165418053244615,-0.31704646147399984,Kochi,2002-09-06,"{""type"":""MultiPoint"",""coordinates"":[]}"
2002_09_14,29.764483368816908,30.25810814233256,22.769634777465644,0.49362477351565204,Kochi,2002-09-14,"{""type"":""MultiPoint"",""coordinates"":[]}"
2002_09_22,31.70804441564729,31.26437195052766,23.475861182519314,-0.4436724651196293,Kochi,2002-09-22,"{""type"":""MultiPoint"",""coordinates"":[]}"
2002_09_30,28.447846198745104,29.892054715898247,,1.4442085171531431,Kochi,2002-09-30,"{""type"":""MultiPoint"",""coordinates"":[]}"
2002_10_08,,,,,Kochi,2002-10-08,"{""type"":""MultiPoint"",""coordinates"":[]}"
2002_10_16,31.062543298192843,29.64415868263476,,-1.4183846155580824,Kochi,2002-10-16,"{""type"":""MultiPoint"",""coordinates"":[]}"
2002_10_24,,,,,Kochi,2002-10-24,"{""type"":""MultiPoint"",""coordinates"":[]}"
2002_11_01,30.568218731592417,,,,Kochi,2002-11-01,"{""type"":""MultiPoint"",""coordinates"":[]}"
2002_11_09,,,,,Kochi,2002-11-09,"{""type"":""MultiPoint"",""coordinates"":[]}"
2002_11_17,28.52303393956754,27.661002865329536,24.960000000000008,-0.8620310742380042,Kochi,2002-11-17,"{""type"":""MultiPoint"",""coordinates"":[]}"
2002_11_25,29.538864934925513,30.088523539888918,23.621782970465524,0.5496586049634047,Kochi,2002-11-25,"{""type"":""MultiPoint"",""coordinates"":[]}"
2002_12_03,29.328268468783538,30.091730667058588,23.578085735402826,0.7634621982750502,Kochi,2002-12-03,"{""type"":""MultiPoint"",""coordinates"":[]}"
2002_12_11,29.44623920811042,29.958051709027195,22.583823950644497,0.5118125009167755,Kochi,2002-12-11,"{""type"":""MultiPoint"",""coordinates"":[]}"
2002_12_19,27.93620945445757,27.898251985118566,19.23761207928698,-0.037957469339001904,Kochi,2002-12-19,"{""type"":""MultiPoint"",""coordinates"":[]}"
2002_12_27,28.75492473349734,30.22663303615928,21.975796756996907,1.4717083026619413,Kochi,2002-12-27,"{""type"":""MultiPoint"",""coordinates"":[]}"
2003_01_01,29.76421398808651,30.087954412750626,23.146329491363723,0.32374042466411623,Kochi,2003-01-01,"{""type"":""MultiPoint"",""coordinates"":[]}"
2003_01_09,29.53912579198599,29.55508961681095,22.534734617191212,0.01596382482495784,Kochi,2003-01-09,"{""type"":""MultiPoint"",""coordinates"":[]}"
2003_01_17,30.677162268455223,31.12421645891555,24.335211466608104,0.447054190460328,Kochi,2003-01-17,"{""type"":""MultiPoint"",""coordinates"":[]}"
2003_01_25,31.108937014858665,31.661594533029653,23.845206100715576,0.5526575181709887,Kochi,2003-01-25,"{""type"":""MultiPoint"",""coordinates"":[]}"
2003_02_02,31.34390808719655,31.89454237581246,24.126393196019492,0.5506342886159104,Kochi,2003-02-02,"{""type"":""MultiPoint"",""coordinates"":[]}"
2003_02_10,31.74344596929086,31.72418490498066,24.391486624002198,-0.019261064310200027,Kochi,2003-02-10,"{""type"":""MultiPoint"",""coordinates"":[]}"
2003_02_18,31.687754394811588,32.02654724565978,24.316067754522912,0.3387928508481899,Kochi,2003-02-18,"{""type"":""MultiPoint"",""coordinates"":[]}"
2003_02_26,31.45794173930801,32.410522885609424,24.204097808604764,0.9525811463014158,Kochi,2003-02-26,"{""type"":""MultiPoint"",""coordinates"":[]}"
2003_03_06,32.251428214816535,32.082548195903094,24.004946686180237,-0.16888001891344118,Kochi,2003-03-06,"{""type"":""MultiPoint"",""coordinates"":[]}"
2003_03_14,33.35315286437084,35.33495410908327,23.240728979850225,1.981801244712429,Kochi,2003-03-14,"{""type"":""MultiPoint"",""coordinates"":[]}"
2003_03_22,32.59952588011796,33.37185700575816,24.72707320324164,0.7723311256401999,Kochi,2003-03-22,"{""type"":""MultiPoint"",""coordinates"":[]}"
2003_03_30,30.334174664107525,30.33203193033384,22.932930658525983,-0.0021427337736845686,Kochi,2003-03-30,"{""type"":""MultiPoint"",""coordinates"":[]}"
2003_04_07,29.29211649092084,29.034308646479413,25.77502371397303,-0.2578078444414267,Kochi,2003-04-07,"{""type"":""MultiPoint"",""coordinates"":[]}"
2003_04_15,31.028300400718535,29.95064516129036,,-1.077655239428175,Kochi,2003-04-15,"{""type"":""MultiPoint"",""coordinates"":[]}"
2003_04_23,31.357350606112398,32.188181108509006,24.44714285714289,0.8308305023966085,Kochi,2003-04-23,"{""type"":""MultiPoint"",""coordinates"":[]}"
2003_05_01,30.968563449252127,28.92333333333336,,-2.0452301159187662,Kochi,2003-05-01,"{""type"":""MultiPoint"",""coordinates"":[]}"
2003_05_09,27.69378378378381,,,,Kochi,2003-05-09,"{""type"":""MultiPoint"",""coordinates"":[]}"
2003_05_17,29.264154091074953,30.19782507093977,24.704668669671204,0.933670979864818,Kochi,2003-05-17,"{""type"":""MultiPoint"",""coordinates"":[]}"
2003_05_25,29.444690228516567,30.403745788667713,23.533127536231916,0.9590555601511461,Kochi,2003-05-25,"{""type"":""MultiPoint"",""coordinates"":[]}"
2003_06_02,28.18096802168025,,,,Kochi,2003-06-02,"{""type"":""MultiPoint"",""coordinates"":[]}"
2003_06_10,30.227654228516982,,,,Kochi,2003-06-10,"{""type"":""MultiPoint"",""coordinates"":[]}"
2003_06_18,,,,,Kochi,2003-06-18,"{""type"":""MultiPoint"",""coordinates"":[]}"
2003_06_26,29.0202589877603,28.639807073955026,,-0.380451913805274,Kochi,2003-06-26,"{""type"":""MultiPoint"",""coordinates"":[]}"
2003_07_04,27.586923076923107,,,,Kochi,2003-07-04,"{""type"":""MultiPoint"",""coordinates"":[]}"
2003_07_12,,,,,Kochi,2003-07-12,"{""type"":""MultiPoint"",""coordinates"":[]}"
2003_07_20,26.750444444444476,,,,Kochi,2003-07-20,"{""type"":""MultiPoint"",""coordinates"":[]}"
2003_07_28,25.499489995197724,24.80838359469244,,-0.6911064005052836,Kochi,2003-07-28,"{""type"":""MultiPoint"",""coordinates"":[]}"
2003_08_05,26.602327758037994,25.872341013824922,,-0.7299867442130719,Kochi,2003-08-05,"{""type"":""MultiPoint"",""coordinates"":[]}"
2003_08_13,29.332500000000024,28.636666666666695,,-0.6958333333333293,Kochi,2003-08-13,"{""type"":""MultiPoint"",""coordinates"":[]}"
2003_08_21,,,,,Kochi,2003-08-21,"{""type"":""MultiPoint"",""coordinates"":[]}"
2003_08_29,27.80548648648653,27.398498312710938,,-0.4069881737755914,Kochi,2003-08-29,"{""type"":""MultiPoint"",""coordinates"":[]}"
2003_09_06,27.476313919223458,27.84885956544782,23.94123585434177,0.3725456462243635,Kochi,2003-09-06,"{""type"":""MultiPoint"",""coordinates"":[]}"
2003_09_14,28.798534731849085,28.82369564284185,21.93431734317347,0.02516091099276707,Kochi,2003-09-14,"{""type"":""MultiPoint"",""coordinates"":[]}"
2003_09_22,30.33337432124028,29.505145536869364,24.368047042052773,-0.8282287843709177,Kochi,2003-09-22,"{""type"":""MultiPoint"",""coordinates"":[]}"
2003_09_30,,,,,Kochi,2003-09-30,"{""type"":""MultiPoint"",""coordinates"":[]}"
2003_10_08,30.55358502266599,30.15938777854355,21.73970229380189,-0.3941972441224415,Kochi,2003-10-08,"{""type"":""MultiPoint"",""coordinates"":[]}"
2003_10_16,29.210362874399138,29.628688956166936,,0.4183260817677983,Kochi,2003-10-16,"{""type"":""MultiPoint"",""coordinates"":[]}"
2003_10_24,29.76051027459544,30.698429301319653,23.956922161882613,0.937919026724213,Kochi,2003-10-24,"{""type"":""MultiPoint"",""coordinates"":[]}"
2003_11_01,29.29944892769478,28.653543202873927,,-0.6459057248208531,Kochi,2003-11-01,"{""type"":""MultiPoint"",""coordinates"":[]}"
2003_11_09,29.08346172047444,27.67454278494847,21.734410240780296,-1.4089189355259677,Kochi,2003-11-09,"{""type"":""MultiPoint"",""coordinates"":[]}"
2003_11_17,30.373373757821778,31.584773053788258,24.115945217639457,1.2113992959664799,Kochi,2003-11-17,"{""type"":""MultiPoint"",""coordinates"":[]}"
2003_11_25,30.083629000815634,30.72275318099194,23.328518316702443,0.6391241801763066,Kochi,2003-11-25,"{""type"":""MultiPoint"",""coordinates"":[]}"
2003_12_03,30.13118092134959,30.36414682133054,23.022134073861526,0.2329658999809503,Kochi,2003-12-03,"{""type"":""MultiPoint"",""coordinates"":[]}"
2003_12_11,28.77336108607152,29.474974379876574,21.57131448047168,0.7016132938050532,Kochi,2003-12-11,"{""type"":""MultiPoint"",""coordinates"":[]}"
2003_12_19,28.16565869657438,27.249155923463192,23.941371963631454,-0.916502773111187,Kochi,2003-12-19,"{""type"":""MultiPoint"",""coordinates"":[]}"
2003_12_27,30.8967190405355,30.856027745567868,23.945999378654,-0.04069129496763324,Kochi,2003-12-27,"{""type"":""MultiPoint"",""coordinates"":[]}"
2004_01_01,28.618310711774242,28.53453241811228,23.175869930055374,-0.0837782936619611,Kochi,2004-01-01,"{""type"":""MultiPoint"",""coordinates"":[]}"
2004_01_09,31.72368711650008,31.70185260982129,23.43248917903959,-0.021834506678789722,Kochi,2004-01-09,"{""type"":""MultiPoint"",""coordinates"":[]}"
2004_01_17,29.78604478760126,30.018545062991315,23.258309874404528,0.23250027539005558,Kochi,2004-01-17,"{""type"":""MultiPoint"",""coordinates"":[]}"
2004_01_25,30.1936040183837,30.490149313212374,22.871727559953804,0.2965452948286753,Kochi,2004-01-25,"{""type"":""MultiPoint"",""coordinates"":[]}"
2004_02_02,31.379136556775553,31.392883030113715,23.943828669221723,0.013746473338162701,Kochi,2004-02-02,"{""type"":""MultiPoint"",""coordinates"":[]}"
2004_02_10,31.30528029039789,31.823263652138433,24.27486250831502,0.5179833617405443,Kochi,2004-02-10,"{""type"":""MultiPoint"",""coordinates"":[]}"
2004_02_18,32.4192075808191,32.38208511173801,24.805789993901307,-0.037122469081090514,Kochi,2004-02-18,"{""type"":""MultiPoint"",""coordinates"":[]}"
2004_02_26,32.84389388372605,32.79287778446725,23.71896400499278,-0.05101609925879558,Kochi,2004-02-26,"{""type"":""MultiPoint"",""coordinates"":[]}"
2004_03_05,33.200448667502975,34.077613062359816,25.783004717791528,0.8771643948568411,Kochi,2004-03-05,"{""type"":""MultiPoint"",""coordinates"":[]}"
2004_03_13,33.5621351553255,34.29493737652726,23.81768898654643,0.7328022212017586,Kochi,2004-03-13,"{""type"":""MultiPoint"",""coordinates"":[]}"
2004_03_21,31.72095094489259,28.860276325616162,24.9649514563107,-2.860674619276427,Kochi,2004-03-21,"{""type"":""MultiPoint"",""coordinates"":[]}"
2004_03_29,32.84533350631597,34.254135866005456,,1.4088023596894885,Kochi,2004-03-29,"{""type"":""MultiPoint"",""coordinates"":[]}"
2004_04_06,32.802303272819174,34.08803158665415,24.428167749263515,1.2857283138349729,Kochi,2004-04-06,"{""type"":""MultiPoint"",""coordinates"":[]}"
2004_04_14,31.421159297667675,30.792926519445018,25.040963323241883,-0.6282327782226567,Kochi,2004-04-14,"{""type"":""MultiPoint"",""coordinates"":[]}"
2004_04_22,31.022351324124546,33.234804521902994,25.32604804521906,2.212453197778448,Kochi,2004-04-22,"{""type"":""MultiPoint"",""coordinates"":[]}"
2004_04_30,29.851939708088967,29.07000000000005,,-0.7819397080889168,Kochi,2004-04-30,"{""type"":""MultiPoint"",""coordinates"":[]}"
2004_05_08,30.46010713423474,31.55138172318891,25.166648443182638,1.091274588954171,Kochi,2004-05-08,"{""type"":""MultiPoint"",""coordinates"":[]}"
2004_05_16,27.187037489812585,28.1830805243446,,0.9960430345320148,Kochi,2004-05-16,"{""type"":""MultiPoint"",""coordinates"":[]}"
2004_05_24,24.960909090909123,,,,Kochi,2004-05-24,"{""type"":""MultiPoint"",""coordinates"":[]}"
2004_06_01,27.295420194642265,,,,Kochi,2004-06-01,"{""type"":""MultiPoint"",""coordinates"":[]}"
2004_06_09,,,,,Kochi,2004-06-09,"{""type"":""MultiPoint"",""coordinates"":[]}"
2004_06_17,28.470373442411866,29.582636175863108,22.967471086665707,1.1122627334512423,Kochi,2004-06-17,"{""type"":""MultiPoint"",""coordinates"":[]}"
2004_06_25,25.8640425351276,25.393809523809555,22.418000000000028,-0.47023301131804374,Kochi,2004-06-25,"{""type"":""MultiPoint"",""coordinates"":[]}"
2004_07_03,,,,,Kochi,2004-07-03,"{""type"":""MultiPoint"",""coordinates"":[]}"
2004_07_11,27.018078025021506,28.365645402815247,,1.347567377793741,Kochi,2004-07-11,"{""type"":""MultiPoint"",""coordinates"":[]}"
2004_07_19,,,,,Kochi,2004-07-19,"{""type"":""MultiPoint"",""coordinates"":[]}"
2004_07_27,,25.935000000000016,,,Kochi,2004-07-27,"{""type"":""MultiPoint"",""coordinates"":[]}"
2004_08_04,28.218455561227415,28.48888779527562,,0.2704322340482044,Kochi,2004-08-04,"{""type"":""MultiPoint"",""coordinates"":[]}"
2004_08_12,,,,,Kochi,2004-08-12,"{""type"":""MultiPoint"",""coordinates"":[]}"
2004_08_20,27.385721958273106,27.792339503741662,,0.40661754546855633,Kochi,2004-08-20,"{""type"":""MultiPoint"",""coordinates"":[]}"
2004_08_28,27.841580867450368,,,,Kochi,2004-08-28,"{""type"":""MultiPoint"",""coordinates"":[]}"
2004_09_05,,,,,Kochi,2004-09-05,"{""type"":""MultiPoint"",""coordinates"":[]}"
2004_09_13,,,,,Kochi,2004-09-13,"{""type"":""MultiPoint"",""coordinates"":[]}"
2004_09_21,28.402676562125958,26.47666666666669,,-1.9260098954592664,Kochi,2004-09-21,"{""type"":""MultiPoint"",""coordinates"":[]}"
2004_09_29,26.340000000000032,,,,Kochi,2004-09-29,"{""type"":""MultiPoint"",""coordinates"":[]}"
2004_10_07,29.945454560905574,30.026505085479354,22.277298783124355,0.08105052457377937,Kochi,2004-10-07,"{""type"":""MultiPoint"",""coordinates"":[]}"
2004_10_15,30.479254358655062,29.782302341137164,,-0.6969520175178978,Kochi,2004-10-15,"{""type"":""MultiPoint"",""coordinates"":[]}"
2004_10_23,31.566610970254033,32.059666873327224,,0.49305590307319136,Kochi,2004-10-23,"{""type"":""MultiPoint"",""coordinates"":[]}"
2004_10_31,28.673464850231426,28.69350945857799,24.026829745596896,0.020044608346562853,Kochi,2004-10-31,"{""type"":""MultiPoint"",""coordinates"":[]}"
2004_11_08,29.683028696473894,29.865346279561667,,0.18231758308777302,Kochi,2004-11-08,"{""type"":""MultiPoint"",""coordinates"":[]}"
2004_11_16,29.470556765488645,30.307862568214745,23.368624413941166,0.8373058027260996,Kochi,2004-11-16,"{""type"":""MultiPoint"",""coordinates"":[]}"
2004_11_24,28.534073502211157,29.104089725819033,22.967813849861344,0.5700162236078761,Kochi,2004-11-24,"{""type"":""MultiPoint"",""coordinates"":[]}"
2004_12_02,29.234672379519665,30.161316849763793,23.34002434853187,0.9266444702441277,Kochi,2004-12-02,"{""type"":""MultiPoint"",""coordinates"":[]}"
2004_12_10,30.646964052405647,30.943761151683923,22.37011089458557,0.296797099278276,Kochi,2004-12-10,"{""type"":""MultiPoint"",""coordinates"":[]}"
2004_12_18,28.539514989468707,29.26311551330397,23.036811588028566,0.7236005238352625,Kochi,2004-12-18,"{""type"":""MultiPoint"",""coordinates"":[]}"
2004_12_26,30.747444811388124,30.83843224707518,22.946727338585585,0.09098743568705459,Kochi,2004-12-26,"{""type"":""MultiPoint"",""coordinates"":[]}"
2005_01_01,30.616282817757515,30.214578721345212,23.03955561682293,-0.40170409641230265,Kochi,2005-01-01,"{""type"":""MultiPoint"",""coordinates"":[]}"
2005_01_09,30.507908765600188,30.47920510691306,23.11744818950226,-0.028703658687128097,Kochi,2005-01-09,"{""type"":""MultiPoint"",""coordinates"":[]}"
2005_01_17,30.722381598439547,30.873648843177,23.94093556439907,0.15126724473745412,Kochi,2005-01-17,"{""type"":""MultiPoint"",""coordinates"":[]}"
2005_01_25,30.15184149737363,30.66393684006591,23.580495406584337,0.5120953426922803,Kochi,2005-01-25,"{""type"":""MultiPoint"",""coordinates"":[]}"
2005_02_02,31.60039262429031,31.62716477806872,24.374959818856365,0.026772153778409802,Kochi,2005-02-02,"{""type"":""MultiPoint"",""coordinates"":[]}"
2005_02_10,32.3944495506386,32.074801226824036,24.426002385491138,-0.31964832381456176,Kochi,2005-02-10,"{""type"":""MultiPoint"",""coordinates"":[]}"
2005_02_18,31.41469164954579,31.03852649450454,23.968277187025315,-0.3761651550412495,Kochi,2005-02-18,"{""type"":""MultiPoint"",""coordinates"":[]}"
2005_02_26,33.234260311717804,33.40132361994669,24.473609070387877,0.16706330822888305,Kochi,2005-02-26,"{""type"":""MultiPoint"",""coordinates"":[]}"
2005_03_06,32.5462754270944,30.640643519904266,23.672391499551075,-1.9056319071901342,Kochi,2005-03-06,"{""type"":""MultiPoint"",""coordinates"":[]}"
2005_03_14,33.98195528562549,34.000565150876916,24.169206039509614,0.018609865251427493,Kochi,2005-03-14,"{""type"":""MultiPoint"",""coordinates"":[]}"
2005_03_22,30.752891919780456,30.385037464876714,24.605076490789898,-0.3678544549037426,Kochi,2005-03-22,"{""type"":""MultiPoint"",""coordinates"":[]}"
2005_03_30,31.571047665527917,32.562119684491876,,0.9910720189639584,Kochi,2005-03-30,"{""type"":""MultiPoint"",""coordinates"":[]}"
2005_04_07,30.295672658167735,,,,Kochi,2005-04-07,"{""type"":""MultiPoint"",""coordinates"":[]}"
2005_04_15,31.292336792702944,31.186243563336802,22.561165610361012,-0.10609322936614163,Kochi,2005-04-15,"{""type"":""MultiPoint"",""coordinates"":[]}"
2005_04_23,31.222302924115883,32.28241826604902,23.757080461827652,1.0601153419331375,Kochi,2005-04-23,"{""type"":""MultiPoint"",""coordinates"":[]}"
2005_05_01,30.454936131386887,,,,Kochi,2005-05-01,"{""type"":""MultiPoint"",""coordinates"":[]}"
2005_05_09,28.55528915782167,,,,Kochi,2005-05-09,"{""type"":""MultiPoint"",""coordinates"":[]}"
2005_05_17,30.82694886663155,31.552268313151938,24.260806720597415,0.7253194465203876,Kochi,2005-05-17,"{""type"":""MultiPoint"",""coordinates"":[]}"
2005_05_25,29.97281617804411,,,,Kochi,2005-05-25,"{""type"":""MultiPoint"",""coordinates"":[]}"
2005_06_02,29.63000000000004,29.51400000000002,23.970000000000027,-0.11600000000002098,Kochi,2005-06-02,"{""type"":""MultiPoint"",""coordinates"":[]}"
2005_06_10,29.696486486486517,28.30000000000001,,-1.3964864864865056,Kochi,2005-06-10,"{""type"":""MultiPoint"",""coordinates"":[]}"
2005_06_18,27.56949274153181,27.72573928786967,,0.15624654633785795,Kochi,2005-06-18,"{""type"":""MultiPoint"",""coordinates"":[]}"
2005_06_26,25.573397913561887,,,,Kochi,2005-06-26,"{""type"":""MultiPoint"",""coordinates"":[]}"
2005_07_04,26.210000000000036,,,,Kochi,2005-07-04,"{""type"":""MultiPoint"",""coordinates"":[]}"
2005_07_12,25.13397691118992,26.344537177541763,,1.2105602663518447,Kochi,2005-07-12,"{""type"":""MultiPoint"",""coordinates"":[]}"
2005_07_20,,,,,Kochi,2005-07-20,"{""type"":""MultiPoint"",""coordinates"":[]}"
2005_07_28,27.395617779584665,27.434294163023953,,0.03867638343928803,Kochi,2005-07-28,"{""type"":""MultiPoint"",""coordinates"":[]}"
2005_08_05,27.52643631564064,28.226027713625893,23.541711145996903,0.6995913979852517,Kochi,2005-08-05,"{""type"":""MultiPoint"",""coordinates"":[]}"
2005_08_13,25.86471743486975,26.206785986290978,23.632817749603834,0.34206855142122805,Kochi,2005-08-13,"{""type"":""MultiPoint"",""coordinates"":[]}"
2005_08_21,28.338200228351674,28.765660424469434,,0.4274601961177602,Kochi,2005-08-21,"{""type"":""MultiPoint"",""coordinates"":[]}"
2005_08_29,28.01329322101888,,,,Kochi,2005-08-29,"{""type"":""MultiPoint"",""coordinates"":[]}"
2005_09_06,,,,,Kochi,2005-09-06,"{""type"":""MultiPoint"",""coordinates"":[]}"
2005_09_14,26.86570698466784,28.10676463989234,23.680303030303055,1.2410576552245018,Kochi,2005-09-14,"{""type"":""MultiPoint"",""coordinates"":[]}"
2005_09_22,27.193103658536614,28.215854394568108,24.20559084539937,1.0227507360314938,Kochi,2005-09-22,"{""type"":""MultiPoint"",""coordinates"":[]}"
2005_09_30,29.7463070864828,28.45702085402188,24.410000000000025,-1.2892862324609204,Kochi,2005-09-30,"{""type"":""MultiPoint"",""coordinates"":[]}"
2005_10_08,28.591536604987954,29.318869659275318,24.1679664683613,0.7273330542873637,Kochi,2005-10-08,"{""type"":""MultiPoint"",""coordinates"":[]}"
2005_10_16,30.17836598935658,30.828263260025896,,0.6498972706693174,Kochi,2005-10-16,"{""type"":""MultiPoint"",""coordinates"":[]}"
2005_10_24,28.021308805579793,27.945534953111707,,-0.07577385246808532,Kochi,2005-10-24,"{""type"":""MultiPoint"",""coordinates"":[]}"
2005_11_01,29.885269635104635,31.058775193798486,,1.1735055586938508,Kochi,2005-11-01,"{""type"":""MultiPoint"",""coordinates"":[]}"
2005_11_09,29.85495466623993,30.930496353496363,23.587371967158838,1.0755416872564325,Kochi,2005-11-09,"{""type"":""MultiPoint"",""coordinates"":[]}"
2005_11_17,28.94592295572668,29.047840631988265,23.2046105368154,0.10191767626158565,Kochi,2005-11-17,"{""type"":""MultiPoint"",""coordinates"":[]}"
2005_11_25,28.554248392858895,29.050209686179148,22.6368711656442,0.49596129332025285,Kochi,2005-11-25,"{""type"":""MultiPoint"",""coordinates"":[]}"
2005_12_03,29.114576937390066,29.44784744563855,23.635925239346726,0.3332705082484857,Kochi,2005-12-03,"{""type"":""MultiPoint"",""coordinates"":[]}"
2005_12_11,28.4747801428321,28.104667805380416,21.238026030368786,-0.37011233745168326,Kochi,2005-12-11,"{""type"":""MultiPoint"",""coordinates"":[]}"
2005_12_19,29.281011346726824,29.573414203646692,23.35350145699778,0.29240285691986756,Kochi,2005-12-19,"{""type"":""MultiPoint"",""coordinates"":[]}"
2005_12_27,29.3037599902102,29.42335306606987,22.508542845488513,0.11959307585966883,Kochi,2005-12-27,"{""type"":""MultiPoint"",""coordinates"":[]}"
2006_01_01,29.91013471098506,30.559413927881028,22.643956914615,0.6492792168959696,Kochi,2006-01-01,"{""type"":""MultiPoint"",""coordinates"":[]}"
2006_01_09,30.57894064534455,30.77749082875343,20.249554479418915,0.1985501834088801,Kochi,2006-01-09,"{""type"":""MultiPoint"",""coordinates"":[]}"
2006_01_17,30.781641392465428,30.932438690685995,23.96180953170676,0.1507972982205672,Kochi,2006-01-17,"{""type"":""MultiPoint"",""coordinates"":[]}"
2006_01_25,31.015133007361595,31.382140017215264,23.625285874266723,0.3670070098536691,Kochi,2006-01-25,"{""type"":""MultiPoint"",""coordinates"":[]}"
2006_02_02,31.41287596757708,31.627824947954558,23.856814595857763,0.21494898037747845,Kochi,2006-02-02,"{""type"":""MultiPoint"",""coordinates"":[]}"
2006_02_10,30.825495349403912,31.024019602833125,23.80749907775547,0.19852425342921265,Kochi,2006-02-10,"{""type"":""MultiPoint"",""coordinates"":[]}"
2006_02_18,32.60024916256739,32.304436970602936,24.481371336685257,-0.2958121919644512,Kochi,2006-02-18,"{""type"":""MultiPoint"",""coordinates"":[]}"
2006_02_26,32.99396019886703,32.856705899694994,23.314406670098297,-0.13725429917203513,Kochi,2006-02-26,"{""type"":""MultiPoint"",""coordinates"":[]}"
2006_03_06,31.7051904398097,31.525416014658504,22.733073887897973,-0.1797744251511979,Kochi,2006-03-06,"{""type"":""MultiPoint"",""coordinates"":[]}"
2006_03_14,32.328433273675245,32.23243389969776,24.466298914564323,-0.09599937397748448,Kochi,2006-03-14,"{""type"":""MultiPoint"",""coordinates"":[]}"
2006_03_22,31.988133140243637,31.10768863955122,23.666275931520676,-0.8804445006924162,Kochi,2006-03-22,"{""type"":""MultiPoint"",""coordinates"":[]}"
2006_03_30,31.79936544605556,31.41877539503389,24.138024830699802,-0.3805900510216702,Kochi,2006-03-30,"{""type"":""MultiPoint"",""coordinates"":[]}"
2006_04_07,31.43716054293246,31.15391318432138,26.215831180017254,-0.2832473586110815,Kochi,2006-04-07,"{""type"":""MultiPoint"",""coordinates"":[]}"
2006_04_15,29.154000000000032,,,,Kochi,2006-04-15,"{""type"":""MultiPoint"",""coordinates"":[]}"
2006_04_23,29.43837698293928,30.461442684875813,23.901221850937127,1.0230657019365346,Kochi,2006-04-23,"{""type"":""MultiPoint"",""coordinates"":[]}"
2006_05_01,33.32554863574876,33.89626901282436,23.692289416846684,0.5707203770756024,Kochi,2006-05-01,"{""type"":""MultiPoint"",""coordinates"":[]}"
2006_05_09,30.482032092712323,31.550335062586278,24.784861055175217,1.0683029698739546,Kochi,2006-05-09,"{""type"":""MultiPoint"",""coordinates"":[]}"
2006_05_17,27.72771428571432,,,,Kochi,2006-05-17,"{""type"":""MultiPoint"",""coordinates"":[]}"
2006_05_25,27.902704989787022,,,,Kochi,2006-05-25,"{""type"":""MultiPoint"",""coordinates"":[]}"
2006_06_02,26.430000000000028,,,,Kochi,2006-06-02,"{""type"":""MultiPoint"",""coordinates"":[]}"
2006_06_10,29.063761619500138,31.25561359345503,25.446879503105624,2.1918519739548934,Kochi,2006-06-10,"{""type"":""MultiPoint"",""coordinates"":[]}"
2006_06_18,,,,,Kochi,2006-06-18,"{""type"":""MultiPoint"",""coordinates"":[]}"
2006_06_26,26.769761715647377,26.470000000000027,,-0.29976171564734955,Kochi,2006-06-26,"{""type"":""MultiPoint"",""coordinates"":[]}"
2006_07_04,26.089147741408137,27.34567189839724,23.085983105987136,1.2565241569891015,Kochi,2006-07-04,"{""type"":""MultiPoint"",""coordinates"":[]}"
2006_07_12,25.17488644988035,,,,Kochi,2006-07-12,"{""type"":""MultiPoint"",""coordinates"":[]}"
2006_07_20,26.401223435948395,24.856102003643027,21.95522243713735,-1.5451214323053684,Kochi,2006-07-20,"{""type"":""MultiPoint"",""coordinates"":[]}"
2006_07_28,27.150000000000034,,,,Kochi,2006-07-28,"{""type"":""MultiPoint"",""coordinates"":[]}"
2006_08_05,30.13474757019442,30.783485242249878,,0.6487376720554572,Kochi,2006-08-05,"{""type"":""MultiPoint"",""coordinates"":[]}"
2006_08_13,,,,,Kochi,2006-08-13,"{""type"":""MultiPoint"",""coordinates"":[]}"
2006_08_21,27.490005239259542,26.610000000000014,,-0.8800052392595283,Kochi,2006-08-21,"{""type"":""MultiPoint"",""coordinates"":[]}"
2006_08_29,29.244000000000028,,,,Kochi,2006-08-29,"{""type"":""MultiPoint"",""coordinates"":[]}"
2006_09_06,,,,,Kochi,2006-09-06,"{""type"":""MultiPoint"",""coordinates"":[]}"
2006_09_14,29.504302585381456,30.34500000000004,,0.8406974146185853,Kochi,2006-09-14,"{""type"":""MultiPoint"",""coordinates"":[]}"
2006_09_22,28.428798401543368,28.981986193912807,,0.5531877923694388,Kochi,2006-09-22,"{""type"":""MultiPoint"",""coordinates"":[]}"
2006_09_30,27.50403964456599,29.267687253613698,23.147106424718036,1.763647609047709,Kochi,2006-09-30,"{""type"":""MultiPoint"",""coordinates"":[]}"
2006_10_08,28.70196961153814,26.890000000000043,,-1.811969611538096,Kochi,2006-10-08,"{""type"":""MultiPoint"",""coordinates"":[]}"
2006_10_16,30.506546168632752,30.35277744594435,,-0.15376872268840103,Kochi,2006-10-16,"{""type"":""MultiPoint"",""coordinates"":[]}"
2006_10_24,,,,,Kochi,2006-10-24,"{""type"":""MultiPoint"",""coordinates"":[]}"
2006_11_01,29.957504824924218,30.743401814216643,,0.785896989292425,Kochi,2006-11-01,"{""type"":""MultiPoint"",""coordinates"":[]}"
2006_11_09,30.10100540212835,30.5340465522894,,0.43304115016104916,Kochi,2006-11-09,"{""type"":""MultiPoint"",""coordinates"":[]}"
2006_11_17,30.14422693329995,29.95398312865835,,-0.19024380464160018,Kochi,2006-11-17,"{""type"":""MultiPoint"",""coordinates"":[]}"
2006_11_25,28.971779883247738,29.95079572459329,23.817068138303895,0.9790158413455536,Kochi,2006-11-25,"{""type"":""MultiPoint"",""coordinates"":[]}"
2006_12_03,29.34889263488202,29.89397939391416,23.149632023557192,0.5450867590321415,Kochi,2006-12-03,"{""type"":""MultiPoint"",""coordinates"":[]}"
2006_12_11,28.98089480075065,29.493622617399673,21.13850953565509,0.5127278166490221,Kochi,2006-12-11,"{""type"":""MultiPoint"",""coordinates"":[]}"
2006_12_19,29.689792628432464,30.189887923913314,21.33712797831363,0.5000952954808504,Kochi,2006-12-19,"{""type"":""MultiPoint"",""coordinates"":[]}"
2006_12_27,28.283602636293818,29.421169619915258,22.982478498827238,1.13756698362144,Kochi,2006-12-27,"{""type"":""MultiPoint"",""coordinates"":[]}"
2007_01_01,30.13018048676614,31.030140078486742,22.704623338572947,0.8999595917206022,Kochi,2007-01-01,"{""type"":""MultiPoint"",""coordinates"":[]}"
2007_01_09,29.844551942145856,30.322423124754238,23.3036704111867,0.47787118260838213,Kochi,2007-01-09,"{""type"":""MultiPoint"",""coordinates"":[]}"
2007_01_17,31.4099042043414,32.254343743450036,22.8210593193552,0.8444395391086346,Kochi,2007-01-17,"{""type"":""MultiPoint"",""coordinates"":[]}"
2007_01_25,31.27346278310353,31.78594669435795,23.89229633701875,0.5124839112544208,Kochi,2007-01-25,"{""type"":""MultiPoint"",""coordinates"":[]}"
2007_02_02,31.30902300729652,31.74369710673728,23.727397399660866,0.43467409944075897,Kochi,2007-02-02,"{""type"":""MultiPoint"",""coordinates"":[]}"
2007_02_10,31.288746214313726,31.920038101733137,23.137541178040376,0.6312918874194118,Kochi,2007-02-10,"{""type"":""MultiPoint"",""coordinates"":[]}"
2007_02_18,32.218259960721866,32.7031789552847,24.240852212786876,0.4849189945628325,Kochi,2007-02-18,"{""type"":""MultiPoint"",""coordinates"":[]}"
2007_02_26,31.635887280985116,32.748437587099374,24.915961377662768,1.112550306114258,Kochi,2007-02-26,"{""type"":""MultiPoint"",""coordinates"":[]}"
2007_03_06,32.82586267103463,33.91807048114046,23.972838773640202,1.0922078101058332,Kochi,2007-03-06,"{""type"":""MultiPoint"",""coordinates"":[]}"
2007_03_14,33.34864256571235,33.48457476018973,24.966111685625673,0.1359321944773768,Kochi,2007-03-14,"{""type"":""MultiPoint"",""coordinates"":[]}"
2007_03_22,33.25110030418148,33.15708448264806,25.42633716081855,-0.09401582153341792,Kochi,2007-03-22,"{""type"":""MultiPoint"",""coordinates"":[]}"
2007_03_30,34.00025912525567,35.16938072394247,25.252228978937513,1.1691215986868002,Kochi,2007-03-30,"{""type"":""MultiPoint"",""coordinates"":[]}"
2007_04_07,32.42363234519323,32.979334828792034,,0.5557024835988074,Kochi,2007-04-07,"{""type"":""MultiPoint"",""coordinates"":[]}"
2007_04_15,31.816658864781154,32.479295942153115,24.723109409611876,0.6626370773719614,Kochi,2007-04-15,"{""type"":""MultiPoint"",""coordinates"":[]}"
2007_04_23,31.312242416110674,31.396897753679344,23.890000000000043,0.08465533756866961,Kochi,2007-04-23,"{""type"":""MultiPoint"",""coordinates"":[]}"
2007_05_01,29.947780034750803,30.09825057413166,25.006130319755535,0.15047053938085853,Kochi,2007-05-01,"{""type"":""MultiPoint"",""coordinates"":[]}"
2007_05_09,30.546697476572767,31.62493876498649,24.01933087298453,1.0782412884137216,Kochi,2007-05-09,"{""type"":""MultiPoint"",""coordinates"":[]}"
2007_05_17,31.58770614780516,32.260161140788526,25.60623770728353,0.672454992983365,Kochi,2007-05-17,"{""type"":""MultiPoint"",""coordinates"":[]}"
2007_05_25,32.609571770334895,33.13371930475661,24.997899838449154,0.524147534421715,Kochi,2007-05-25,"{""type"":""MultiPoint"",""coordinates"":[]}"
2007_06_02,29.894221194564086,29.589322095672017,25.45600000000004,-0.30489909889206857,Kochi,2007-06-02,"{""type"":""MultiPoint"",""coordinates"":[]}"
2007_06_10,,,,,Kochi,2007-06-10,"{""type"":""MultiPoint"",""coordinates"":[]}"
2007_06_18,29.314000000000032,,,,Kochi,2007-06-18,"{""type"":""MultiPoint"",""coordinates"":[]}"
2007_06_26,26.78206272617615,25.954639498432652,,-0.8274232277434983,Kochi,2007-06-26,"{""type"":""MultiPoint"",""coordinates"":[]}"
2007_07_04,26.921427417182894,27.13631133671747,,0.21488391953457509,Kochi,2007-07-04,"{""type"":""MultiPoint"",""coordinates"":[]}"
2007_07_12,,,,,Kochi,2007-07-12,"{""type"":""MultiPoint"",""coordinates"":[]}"
2007_07_20,,,,,Kochi,2007-07-20,"{""type"":""MultiPoint"",""coordinates"":[]}"
2007_07_28,27.917368421052657,,,,Kochi,2007-07-28,"{""type"":""MultiPoint"",""coordinates"":[]}"
2007_08_05,,,,,Kochi,2007-08-05,"{""type"":""MultiPoint"",""coordinates"":[]}"
2007_08_13,28.038891667373086,28.763333333333364,20.410000000000025,0.7244416659602777,Kochi,2007-08-13,"{""type"":""MultiPoint"",""coordinates"":[]}"
2007_08_21,28.46956005652382,,,,Kochi,2007-08-21,"{""type"":""MultiPoint"",""coordinates"":[]}"
2007_08_29,,,,,Kochi,2007-08-29,"{""type"":""MultiPoint"",""coordinates"":[]}"
2007_09_06,28.470243299752926,,,,Kochi,2007-09-06,"{""type"":""MultiPoint"",""coordinates"":[]}"
2007_09_14,,,,,Kochi,2007-09-14,"{""type"":""MultiPoint"",""coordinates"":[]}"
2007_09_22,28.740200577307412,27.262333974975963,,-1.4778666023314493,Kochi,2007-09-22,"{""type"":""MultiPoint"",""coordinates"":[]}"
2007_09_30,27.924451635783342,29.378543689320423,23.425644599303173,1.4540920535370816,Kochi,2007-09-30,"{""type"":""MultiPoint"",""coordinates"":[]}"
2007_10_08,28.952028985507273,26.930000000000007,,-2.0220289855072657,Kochi,2007-10-08,"{""type"":""MultiPoint"",""coordinates"":[]}"
2007_10_16,29.590290925374173,29.63825352835517,,0.04796260298099497,Kochi,2007-10-16,"{""type"":""MultiPoint"",""coordinates"":[]}"
2007_10_24,28.92730808773136,29.78856942496498,,0.8612613372336178,Kochi,2007-10-24,"{""type"":""MultiPoint"",""coordinates"":[]}"
2007_11_01,29.86622427062828,,,,Kochi,2007-11-01,"{""type"":""MultiPoint"",""coordinates"":[]}"
2007_11_09,29.735848255297388,30.163988639670098,23.389415422885584,0.4281403843727105,Kochi,2007-11-09,"{""type"":""MultiPoint"",""coordinates"":[]}"
2007_11_17,29.356632805909825,30.029469661654577,22.745633326400387,0.6728368557447517,Kochi,2007-11-17,"{""type"":""MultiPoint"",""coordinates"":[]}"
2007_11_25,30.06470985926134,30.665097303610047,23.426044491943117,0.600387444348705,Kochi,2007-11-25,"{""type"":""MultiPoint"",""coordinates"":[]}"
2007_12_03,30.917968123619236,31.070179411883018,23.58853976427051,0.15221128826378205,Kochi,2007-12-03,"{""type"":""MultiPoint"",""coordinates"":[]}"
2007_12_11,30.00668755071537,30.83271192650949,23.320384635945707,0.8260243757941197,Kochi,2007-12-11,"{""type"":""MultiPoint"",""coordinates"":[]}"
2007_12_19,31.15283583887304,31.958216337537507,22.386754295885563,0.8053804986644657,Kochi,2007-12-19,"{""type"":""MultiPoint"",""coordinates"":[]}"
2007_12_27,29.46868003135343,29.760927377606905,23.445797625584632,0.29224734625347537,Kochi,2007-12-27,"{""type"":""MultiPoint"",""coordinates"":[]}"
2008_01_01,30.352201536356965,30.910345377777325,23.012722862011717,0.5581438414203603,Kochi,2008-01-01,"{""type"":""MultiPoint"",""coordinates"":[]}"
2008_01_09,31.68152111502138,32.03493385560585,23.901509934987647,0.3534127405844707,Kochi,2008-01-09,"{""type"":""MultiPoint"",""coordinates"":[]}"
2008_01_17,30.768365299312766,31.35688921121561,23.515030551602923,0.5885239119028434,Kochi,2008-01-17,"{""type"":""MultiPoint"",""coordinates"":[]}"
2008_01_25,29.282512105268776,29.40715665208933,23.165582800374143,0.12464454682055504,Kochi,2008-01-25,"{""type"":""MultiPoint"",""coordinates"":[]}"
2008_02_02,30.51513931428535,30.020614944306967,22.652880149972358,-0.49452436997838234,Kochi,2008-02-02,"{""type"":""MultiPoint"",""coordinates"":[]}"
2008_02_10,30.87536365338603,30.946620005090384,23.671930501930525,0.07125635170435274,Kochi,2008-02-10,"{""type"":""MultiPoint"",""coordinates"":[]}"
2008_02_18,31.731608985080697,32.00186317698891,24.127125421093595,0.2702541919082151,Kochi,2008-02-18,"{""type"":""MultiPoint"",""coordinates"":[]}"
2008_02_26,32.859812462305776,33.36482175732219,24.702254480375856,0.5050092950164142,Kochi,2008-02-26,"{""type"":""MultiPoint"",""coordinates"":[]}"
2008_03_05,34.31665110741997,34.73261824678263,24.461667661691585,0.4159671393626567,Kochi,2008-03-05,"{""type"":""MultiPoint"",""coordinates"":[]}"
2008_03_13,31.40986534653469,30.001713325867904,,-1.4081520206667868,Kochi,2008-03-13,"{""type"":""MultiPoint"",""coordinates"":[]}"
2008_03_21,30.62601937316631,30.384225122349147,24.905403655202214,-0.24179425081716488,Kochi,2008-03-21,"{""type"":""MultiPoint"",""coordinates"":[]}"
2008_03_29,29.911697605094723,30.19657492354744,21.562850136239813,0.28487731845271824,Kochi,2008-03-29,"{""type"":""MultiPoint"",""coordinates"":[]}"
2008_04_06,31.37559937715494,30.88476093360528,25.4165909897127,-0.4908384435496629,Kochi,2008-04-06,"{""type"":""MultiPoint"",""coordinates"":[]}"
2008_04_14,30.587585319842244,32.22737984496128,21.517849694044667,1.639794525119033,Kochi,2008-04-14,"{""type"":""MultiPoint"",""coordinates"":[]}"
2008_04_22,29.83000000000004,30.810000000000002,26.02000000000004,0.9799999999999613,Kochi,2008-04-22,"{""type"":""MultiPoint"",""coordinates"":[]}"
2008_04_30,30.72100008462388,29.46662127346341,24.94233143785543,-1.2543788111604712,Kochi,2008-04-30,"{""type"":""MultiPoint"",""coordinates"":[]}"
2008_05_08,30.853937242440825,31.220207944669454,23.1913728632479,0.3662707022286291,Kochi,2008-05-08,"{""type"":""MultiPoint"",""coordinates"":[]}"
2008_05_16,28.010420972062793,30.251119118270477,23.64140313692245,2.2406981462076843,Kochi,2008-05-16,"{""type"":""MultiPoint"",""coordinates"":[]}"
2008_05_24,30.748181818181845,,,,Kochi,2008-05-24,"{""type"":""MultiPoint"",""coordinates"":[]}"
2008_06_01,31.334994513934625,,,,Kochi,2008-06-01,"{""type"":""MultiPoint"",""coordinates"":[]}"
2008_06_09,25.037648902821346,28.337111111111152,,3.299462208289807,Kochi,2008-06-09,"{""type"":""MultiPoint"",""coordinates"":[]}"
2008_06_17,,,,,Kochi,2008-06-17,"{""type"":""MultiPoint"",""coordinates"":[]}"
2008_06_25,,24.990000000000023,,,Kochi,2008-06-25,"{""type"":""MultiPoint"",""coordinates"":[]}"
2008_07_03,27.470456103873136,28.240265486725704,,0.7698093828525678,Kochi,2008-07-03,"{""type"":""MultiPoint"",""coordinates"":[]}"
2008_07_11,26.459131126210817,27.71800000000003,,1.2588688737892113,Kochi,2008-07-11,"{""type"":""MultiPoint"",""coordinates"":[]}"
2008_07_19,,,,,Kochi,2008-07-19,"{""type"":""MultiPoint"",""coordinates"":[]}"
2008_07_27,26.64146793349173,,,,Kochi,2008-07-27,"{""type"":""MultiPoint"",""coordinates"":[]}"
2008_08_04,27.45508351488747,,,,Kochi,2008-08-04,"{""type"":""MultiPoint"",""coordinates"":[]}"
2008_08_12,,,,,Kochi,2008-08-12,"{""type"":""MultiPoint"",""coordinates"":[]}"
2008_08_20,29.235804826470986,29.83296440129452,,0.5971595748235359,Kochi,2008-08-20,"{""type"":""MultiPoint"",""coordinates"":[]}"
2008_08_28,27.41000000000003,,,,Kochi,2008-08-28,"{""type"":""MultiPoint"",""coordinates"":[]}"
2008_09_05,26.576250000000037,,,,Kochi,2008-09-05,"{""type"":""MultiPoint"",""coordinates"":[]}"
2008_09_13,27.976575915787723,30.184891140006084,24.20574038387423,2.20831522421836,Kochi,2008-09-13,"{""type"":""MultiPoint"",""coordinates"":[]}"
2008_09_21,29.54853938445491,31.686169196347613,24.04283895588464,2.1376298118927046,Kochi,2008-09-21,"{""type"":""MultiPoint"",""coordinates"":[]}"
2008_09_29,30.359202959517003,30.032071129707145,24.227405857740614,-0.3271318298098578,Kochi,2008-09-29,"{""type"":""MultiPoint"",""coordinates"":[]}"
2008_10_07,29.983721783177536,31.689050288725692,,1.705328505548156,Kochi,2008-10-07,"{""type"":""MultiPoint"",""coordinates"":[]}"
2008_10_15,31.01889125799576,,,,Kochi,2008-10-15,"{""type"":""MultiPoint"",""coordinates"":[]}"
2008_10_23,28.74910846741474,28.391172066234745,20.922850915431596,-0.3579364011799946,Kochi,2008-10-23,"{""type"":""MultiPoint"",""coordinates"":[]}"
2008_10_31,29.609607389889604,30.392868159572924,23.136339025681806,0.78326076968332,Kochi,2008-10-31,"{""type"":""MultiPoint"",""coordinates"":[]}"
2008_11_08,30.230241967401895,31.44283977453683,24.00307530489432,1.2125978071349337,Kochi,2008-11-08,"{""type"":""MultiPoint"",""coordinates"":[]}"
2008_11_16,30.0501562058129,30.358841215060824,21.519806878033677,0.30868500924792386,Kochi,2008-11-16,"{""type"":""MultiPoint"",""coordinates"":[]}"
2008_11_24,29.714023717252292,29.391353328456503,,-0.3226703887957889,Kochi,2008-11-24,"{""type"":""MultiPoint"",""coordinates"":[]}"
2008_12_02,30.23924406432366,31.280147563706194,23.56851015250933,1.0409034993825337,Kochi,2008-12-02,"{""type"":""MultiPoint"",""coordinates"":[]}"
2008_12_10,30.422931525212555,31.67365712254829,23.470801932146003,1.2507255973357339,Kochi,2008-12-10,"{""type"":""MultiPoint"",""coordinates"":[]}"
2008_12_18,30.133915016822826,30.953210138012924,23.12090256023746,0.8192951211900983,Kochi,2008-12-18,"{""type"":""MultiPoint"",""coordinates"":[]}"
2008_12_26,30.531805288866458,31.40839576815417,22.94451691915036,0.8765904792877102,Kochi,2008-12-26,"{""type"":""MultiPoint"",""coordinates"":[]}"
2009_01_01,30.167356594140994,30.669399768399437,22.900609805990428,0.5020431742584428,Kochi,2009-01-01,"{""type"":""MultiPoint"",""coordinates"":[]}"
2009_01_09,31.354111869478604,31.896494357850326,23.424484021609768,0.5423824883717216,Kochi,2009-01-09,"{""type"":""MultiPoint"",""coordinates"":[]}"
2009_01_17,31.72016411132785,31.87507007632488,22.987325971003035,0.15490596499703102,Kochi,2009-01-17,"{""type"":""MultiPoint"",""coordinates"":[]}"
2009_01_25,31.943394688370407,32.25907467425101,23.562426194010712,0.3156799858806032,Kochi,2009-01-25,"{""type"":""MultiPoint"",""coordinates"":[]}"
2009_02_02,31.928102387523165,32.53306574373427,23.991767084553747,0.6049633562111048,Kochi,2009-02-02,"{""type"":""MultiPoint"",""coordinates"":[]}"
2009_02_10,31.108584647955436,31.535980218702722,23.860219768507704,0.4273955707472865,Kochi,2009-02-10,"{""type"":""MultiPoint"",""coordinates"":[]}"
2009_02_18,32.40275945711306,32.77403204697799,24.358232295068948,0.3712725898649296,Kochi,2009-02-18,"{""type"":""MultiPoint"",""coordinates"":[]}"
2009_02_26,32.202665705973295,32.38345758217648,24.772425443074653,0.18079187620318748,Kochi,2009-02-26,"{""type"":""MultiPoint"",""coordinates"":[]}"
2009_03_06,33.71594305843464,34.63410036786915,25.086860433081736,0.9181573094345126,Kochi,2009-03-06,"{""type"":""MultiPoint"",""coordinates"":[]}"
2009_03_14,33.03546099015474,33.74563032703052,24.39585875009838,0.7101693368757793,Kochi,2009-03-14,"{""type"":""MultiPoint"",""coordinates"":[]}"
2009_03_22,31.714461313748455,32.45780880898356,23.98539318268416,0.7433474952351027,Kochi,2009-03-22,"{""type"":""MultiPoint"",""coordinates"":[]}"
2009_03_30,32.394214351356176,33.071478284822355,25.766895571955736,0.677263933466179,Kochi,2009-03-30,"{""type"":""MultiPoint"",""coordinates"":[]}"
2009_04_07,31.74562591152168,,,,Kochi,2009-04-07,"{""type"":""MultiPoint"",""coordinates"":[]}"
2009_04_15,31.80547769126193,33.415205665862594,24.438443491084623,1.6097279746006627,Kochi,2009-04-15,"{""type"":""MultiPoint"",""coordinates"":[]}"
2009_04_23,32.25449012821525,32.720679104206766,23.742380261518182,0.4661889759915141,Kochi,2009-04-23,"{""type"":""MultiPoint"",""coordinates"":[]}"
2009_05_01,31.504758103787818,33.14666116630976,23.427488326370145,1.6419030625219442,Kochi,2009-05-01,"{""type"":""MultiPoint"",""coordinates"":[]}"
2009_05_09,30.6268566875077,,,,Kochi,2009-05-09,"{""type"":""MultiPoint"",""coordinates"":[]}"
2009_05_17,,,,,Kochi,2009-05-17,"{""type"":""MultiPoint"",""coordinates"":[]}"
2009_05_25,25.872857142857168,27.73800000000002,18.838000000000022,1.8651428571428532,Kochi,2009-05-25,"{""type"":""MultiPoint"",""coordinates"":[]}"
2009_06_02,29.885701013513522,30.55361025187807,23.078220282810456,0.6679092383645475,Kochi,2009-06-02,"{""type"":""MultiPoint"",""coordinates"":[]}"
2009_06_10,28.14629855603014,29.969502830951765,23.52000000000001,1.8232042749216255,Kochi,2009-06-10,"{""type"":""MultiPoint"",""coordinates"":[]}"
2009_06_18,30.373082553883727,29.957932798395216,,-0.4151497554885104,Kochi,2009-06-18,"{""type"":""MultiPoint"",""coordinates"":[]}"
2009_06_26,,,,,Kochi,2009-06-26,"{""type"":""MultiPoint"",""coordinates"":[]}"
2009_07_04,24.999176287051508,25.375714285714317,18.140000000000015,0.37653799866280835,Kochi,2009-07-04,"{""type"":""MultiPoint"",""coordinates"":[]}"
2009_07_12,,,,,Kochi,2009-07-12,"{""type"":""MultiPoint"",""coordinates"":[]}"
2009_07_20,28.030938999314625,29.326743041673108,,1.2958040423584833,Kochi,2009-07-20,"{""type"":""MultiPoint"",""coordinates"":[]}"
2009_07_28,25.08391304347828,,,,Kochi,2009-07-28,"{""type"":""MultiPoint"",""coordinates"":[]}"
2009_08_05,28.814705882352968,,,,Kochi,2009-08-05,"{""type"":""MultiPoint"",""coordinates"":[]}"
2009_08_13,27.179040171366577,27.426442556718165,,0.2474023853515881,Kochi,2009-08-13,"{""type"":""MultiPoint"",""coordinates"":[]}"
2009_08_21,,,,,Kochi,2009-08-21,"{""type"":""MultiPoint"",""coordinates"":[]}"
2009_08_29,26.399941324392316,26.790764740917243,24.322063730084377,0.3908234165249276,Kochi,2009-08-29,"{""type"":""MultiPoint"",""coordinates"":[]}"
2009_09_06,28.839617611019584,30.60395930430832,23.771176470588255,1.7643416932887348,Kochi,2009-09-06,"{""type"":""MultiPoint"",""coordinates"":[]}"
2009_09_14,29.182000000000038,,,,Kochi,2009-09-14,"{""type"":""MultiPoint"",""coordinates"":[]}"
2009_09_22,30.713157894736863,,,,Kochi,2009-09-22,"{""type"":""MultiPoint"",""coordinates"":[]}"
2009_09_30,28.281781876902084,28.218571428571455,,-0.06321044833062928,Kochi,2009-09-30,"{""type"":""MultiPoint"",""coordinates"":[]}"
2009_10_08,30.66604088084074,31.388528606246407,22.474460052677816,0.7224877254056672,Kochi,2009-10-08,"{""type"":""MultiPoint"",""coordinates"":[]}"
2009_10_16,30.11801645578834,30.318462017230665,23.672806114949314,0.20044556144232573,Kochi,2009-10-16,"{""type"":""MultiPoint"",""coordinates"":[]}"
2009_10_24,30.97029954617761,31.117404879713387,24.741858736059513,0.1471053335357766,Kochi,2009-10-24,"{""type"":""MultiPoint"",""coordinates"":[]}"
2009_11_01,32.151837615030665,33.86709229622705,25.075693839823515,1.7152546811963845,Kochi,2009-11-01,"{""type"":""MultiPoint"",""coordinates"":[]}"
2009_11_09,,,,,Kochi,2009-11-09,"{""type"":""MultiPoint"",""coordinates"":[]}"
2009_11_17,28.7922725684573,29.384490279465407,21.69363753905832,0.5922177110081073,Kochi,2009-11-17,"{""type"":""MultiPoint"",""coordinates"":[]}"
2009_11_25,30.413805198491605,31.888037305233077,24.297525877978988,1.4742321067414714,Kochi,2009-11-25,"{""type"":""MultiPoint"",""coordinates"":[]}"
2009_12_03,28.962747827533576,29.849954990884257,23.743261451686436,0.8872071633506806,Kochi,2009-12-03,"{""type"":""MultiPoint"",""coordinates"":[]}"
2009_12_11,29.630703690318047,30.421475127378386,23.439947079528427,0.7907714370603394,Kochi,2009-12-11,"{""type"":""MultiPoint"",""coordinates"":[]}"
2009_12_19,30.501867008456813,31.579167334360573,24.445389689000223,1.0773003259037601,Kochi,2009-12-19,"{""type"":""MultiPoint"",""coordinates"":[]}"
2009_12_27,29.97488581593511,30.160206023900972,24.420316406852923,0.18532020796586224,Kochi,2009-12-27,"{""type"":""MultiPoint"",""coordinates"":[]}"
2010_01_01,29.553725566294894,30.077293347541506,23.386886987086456,0.5235677812466122,Kochi,2010-01-01,"{""type"":""MultiPoint"",""coordinates"":[]}"
2010_01_09,29.89723046799265,31.36013212503289,24.132911300317968,1.4629016570402413,Kochi,2010-01-09,"{""type"":""MultiPoint"",""coordinates"":[]}"
2010_01_17,30.37637094481174,30.86470921851493,23.802299131465148,0.4883382737031887,Kochi,2010-01-17,"{""type"":""MultiPoint"",""coordinates"":[]}"
2010_01_25,30.362483076067058,31.192522308785705,24.093313401487435,0.8300392327186472,Kochi,2010-01-25,"{""type"":""MultiPoint"",""coordinates"":[]}"
2010_02_02,31.280848236924854,31.931328059695467,23.86830054270621,0.6504798227706132,Kochi,2010-02-02,"{""type"":""MultiPoint"",""coordinates"":[]}"
2010_02_10,32.221039351870424,32.89040560923876,25.20129128630708,0.6693662573683383,Kochi,2010-02-10,"{""type"":""MultiPoint"",""coordinates"":[]}"
2010_02_18,32.5396356047365,32.79092713860495,24.974923514947612,0.2512915338684465,Kochi,2010-02-18,"{""type"":""MultiPoint"",""coordinates"":[]}"
2010_02_26,32.692671023270705,33.40329463195346,23.81232491696728,0.7106236086827522,Kochi,2010-02-26,"{""type"":""MultiPoint"",""coordinates"":[]}"
2010_03_06,33.80951439391199,34.67038188976377,26.09195500562433,0.8608674958517781,Kochi,2010-03-06,"{""type"":""MultiPoint"",""coordinates"":[]}"
2010_03_14,32.11426806686455,33.30937308630447,24.37271817778128,1.1951050194399215,Kochi,2010-03-14,"{""type"":""MultiPoint"",""coordinates"":[]}"
2010_03_22,31.923017376454652,32.364777708202915,25.69213924669822,0.441760331748263,Kochi,2010-03-22,"{""type"":""MultiPoint"",""coordinates"":[]}"
2010_03_30,32.3919383993605,32.36998011928432,23.966666666666693,-0.02195828007617706,Kochi,2010-03-30,"{""type"":""MultiPoint"",""coordinates"":[]}"
2010_04_07,31.66096199965086,32.34179437519317,25.70899605380409,0.6808323755423089,Kochi,2010-04-07,"{""type"":""MultiPoint"",""coordinates"":[]}"
2010_04_15,31.41734128927255,32.37091793076627,25.685021582733828,0.9535766414937186,Kochi,2010-04-15,"{""type"":""MultiPoint"",""coordinates"":[]}"
2010_04_23,32.71549768424476,,,,Kochi,2010-04-23,"{""type"":""MultiPoint"",""coordinates"":[]}"
2010_05_01,30.540780211264757,30.30230995586075,25.710101265822818,-0.2384702554040068,Kochi,2010-05-01,"{""type"":""MultiPoint"",""coordinates"":[]}"
2010_05_09,31.637471910112403,32.959973890339455,,1.3225019802270523,Kochi,2010-05-09,"{""type"":""MultiPoint"",""coordinates"":[]}"
2010_05_17,,,,,Kochi,2010-05-17,"{""type"":""MultiPoint"",""coordinates"":[]}"
2010_05_25,,,,,Kochi,2010-05-25,"{""type"":""MultiPoint"",""coordinates"":[]}"
2010_06_02,29.405396178846747,30.265414252312706,,0.8600180734659588,Kochi,2010-06-02,"{""type"":""MultiPoint"",""coordinates"":[]}"
2010_06_10,,,,,Kochi,2010-06-10,"{""type"":""MultiPoint"",""coordinates"":[]}"
2010_06_18,29.142783669246587,29.108947368421084,,-0.033836300825502263,Kochi,2010-06-18,"{""type"":""MultiPoint"",""coordinates"":[]}"
2010_06_26,26.78937690660092,,,,Kochi,2010-06-26,"{""type"":""MultiPoint"",""coordinates"":[]}"
2010_07_04,30.21380184552951,28.90312853955727,,-1.3106733059722409,Kochi,2010-07-04,"{""type"":""MultiPoint"",""coordinates"":[]}"
2010_07_12,,,,,Kochi,2010-07-12,"{""type"":""MultiPoint"",""coordinates"":[]}"
2010_07_20,27.70869866556329,27.490121169425876,,-0.21857749613741362,Kochi,2010-07-20,"{""type"":""MultiPoint"",""coordinates"":[]}"
2010_07_28,28.84786634589687,29.51000000000003,,0.6621336541031617,Kochi,2010-07-28,"{""type"":""MultiPoint"",""coordinates"":[]}"
2010_08_05,28.188185151563715,28.60776678445232,23.1069810677128,0.4195816328886046,Kochi,2010-08-05,"{""type"":""MultiPoint"",""coordinates"":[]}"
2010_08_13,,,,,Kochi,2010-08-13,"{""type"":""MultiPoint"",""coordinates"":[]}"
2010_08_21,,,,,Kochi,2010-08-21,"{""type"":""MultiPoint"",""coordinates"":[]}"
2010_08_29,27.366159219499295,27.182239732569283,24.661010959241505,-0.18391948693001225,Kochi,2010-08-29,"{""type"":""MultiPoint"",""coordinates"":[]}"
2010_09_06,25.67000000000003,,,,Kochi,2010-09-06,"{""type"":""MultiPoint"",""coordinates"":[]}"
2010_09_14,29.000865785922784,28.72210932712344,,-0.27875645879934297,Kochi,2010-09-14,"{""type"":""MultiPoint"",""coordinates"":[]}"
2010_09_22,27.530154019534212,28.450884413310007,,0.9207303937757949,Kochi,2010-09-22,"{""type"":""MultiPoint"",""coordinates"":[]}"
2010_09_30,29.610353228874214,28.508697591436245,,-1.1016556374379682,Kochi,2010-09-30,"{""type"":""MultiPoint"",""coordinates"":[]}"
2010_10_08,28.745895547474277,30.468397695315204,,1.7225021478409275,Kochi,2010-10-08,"{""type"":""MultiPoint"",""coordinates"":[]}"
2010_10_16,26.95545454545457,,,,Kochi,2010-10-16,"{""type"":""MultiPoint"",""coordinates"":[]}"
2010_10_24,28.236770336797708,28.809471744471775,24.297739346455224,0.5727014076740673,Kochi,2010-10-24,"{""type"":""MultiPoint"",""coordinates"":[]}"
2010_11_01,25.950000000000028,,,,Kochi,2010-11-01,"{""type"":""MultiPoint"",""coordinates"":[]}"
2010_11_09,29.20130715544745,29.411915700953777,23.470000000000027,0.21060854550632868,Kochi,2010-11-09,"{""type"":""MultiPoint"",""coordinates"":[]}"
2010_11_17,29.537358949296507,29.070489993506143,,-0.466868955790364,Kochi,2010-11-17,"{""type"":""MultiPoint"",""coordinates"":[]}"
2010_11_25,30.387901357782905,31.137958521621368,,0.7500571638384628,Kochi,2010-11-25,"{""type"":""MultiPoint"",""coordinates"":[]}"
2010_12_03,29.453939999696004,30.179464256502566,22.350770489121572,0.7255242568065619,Kochi,2010-12-03,"{""type"":""MultiPoint"",""coordinates"":[]}"
2010_12_11,28.681581588118142,29.244263910587723,22.89391284777561,0.5626823224695805,Kochi,2010-12-11,"{""type"":""MultiPoint"",""coordinates"":[]}"
2010_12_19,28.84964988911091,29.43200134424547,23.00535905423758,0.5823514551345603,Kochi,2010-12-19,"{""type"":""MultiPoint"",""coordinates"":[]}"
2010_12_27,29.529360774725298,30.12888836907477,22.000709082455078,0.5995275943494711,Kochi,2010-12-27,"{""type"":""MultiPoint"",""coordinates"":[]}"
2011_01_01,29.26014874277531,30.125470200752822,20.884164016356234,0.8653214579775117,Kochi,2011-01-01,"{""type"":""MultiPoint"",""coordinates"":[]}"
2011_01_09,29.53277655503631,30.412916390216516,22.926626489553232,0.8801398351802057,Kochi,2011-01-09,"{""type"":""MultiPoint"",""coordinates"":[]}"
2011_01_17,30.813954178027537,31.20512545673544,23.865781579801958,0.3911712787079047,Kochi,2011-01-17,"{""type"":""MultiPoint"",""coordinates"":[]}"
2011_01_25,30.506749146382127,31.094587560563657,23.958909013467483,0.5878384141815296,Kochi,2011-01-25,"{""type"":""MultiPoint"",""coordinates"":[]}"
2011_02_02,30.813918872275476,31.462190735694843,23.615165134240566,0.6482718634193674,Kochi,2011-02-02,"{""type"":""MultiPoint"",""coordinates"":[]}"
2011_02_10,31.501765043596833,31.713406131966035,23.118347998565156,0.21164108836920192,Kochi,2011-02-10,"{""type"":""MultiPoint"",""coordinates"":[]}"
2011_02_18,30.522936341422568,30.67861742220311,23.696913850120545,0.15568108078054266,Kochi,2011-02-18,"{""type"":""MultiPoint"",""coordinates"":[]}"
2011_02_26,32.03252518023808,32.35521391190339,24.95670331912582,0.3226887316653091,Kochi,2011-02-26,"{""type"":""MultiPoint"",""coordinates"":[]}"
2011_03_06,32.271962978906615,33.034570518466744,25.1575655983734,0.762607539560129,Kochi,2011-03-06,"{""type"":""MultiPoint"",""coordinates"":[]}"
2011_03_14,33.376003034593104,33.93317186421535,24.368725607077906,0.557168829622249,Kochi,2011-03-14,"{""type"":""MultiPoint"",""coordinates"":[]}"
2011_03_22,31.47065045423646,31.902363233665604,23.17303869141243,0.43171277942914443,Kochi,2011-03-22,"{""type"":""MultiPoint"",""coordinates"":[]}"
2011_03_30,31.338107851752685,30.22791497975712,25.695317139001382,-1.1101928719955652,Kochi,2011-03-30,"{""type"":""MultiPoint"",""coordinates"":[]}"
2011_04_07,32.97208638086182,32.71671658403325,24.253898336605058,-0.25536979682856753,Kochi,2011-04-07,"{""type"":""MultiPoint"",""coordinates"":[]}"
2011_04_15,33.4310972459128,33.85174298428848,21.884877507763612,0.42064573837567565,Kochi,2011-04-15,"{""type"":""MultiPoint"",""coordinates"":[]}"
2011_04_23,29.940840371036984,28.845213675213696,,-1.095626695823288,Kochi,2011-04-23,"{""type"":""MultiPoint"",""coordinates"":[]}"
2011_05_01,28.93607783641163,30.732814563043362,24.916196483430312,1.7967367266317318,Kochi,2011-05-01,"{""type"":""MultiPoint"",""coordinates"":[]}"
2011_05_09,31.795281990831707,31.642009722011252,24.522432039087295,-0.15327226882045508,Kochi,2011-05-09,"{""type"":""MultiPoint"",""coordinates"":[]}"
2011_05_17,30.07071547798135,29.431262250098033,24.709968639749157,-0.6394532278833154,Kochi,2011-05-17,"{""type"":""MultiPoint"",""coordinates"":[]}"
2011_05_25,30.000000000000032,,,,Kochi,2011-05-25,"{""type"":""MultiPoint"",""coordinates"":[]}"
2011_06_02,27.495251514353477,26.968283665695747,,-0.5269678486577298,Kochi,2011-06-02,"{""type"":""MultiPoint"",""coordinates"":[]}"
2011_06_10,28.757779986087687,28.51612415232136,,-0.24165583376632682,Kochi,2011-06-10,"{""type"":""MultiPoint"",""coordinates"":[]}"
2011_06_18,27.99051854676183,26.78938542007194,23.570934946060834,-1.2011331266898893,Kochi,2011-06-18,"{""type"":""MultiPoint"",""coordinates"":[]}"
2011_06_26,24.782500000000027,,,,Kochi,2011-06-26,"{""type"":""MultiPoint"",""coordinates"":[]}"
2011_07_04,26.510000000000048,,,,Kochi,2011-07-04,"{""type"":""MultiPoint"",""coordinates"":[]}"
2011_07_12,,,,,Kochi,2011-07-12,"{""type"":""MultiPoint"",""coordinates"":[]}"
2011_07_20,25.773477325685647,,,,Kochi,2011-07-20,"{""type"":""MultiPoint"",""coordinates"":[]}"
2011_07_28,,,,,Kochi,2011-07-28,"{""type"":""MultiPoint"",""coordinates"":[]}"
2011_08_05,25.50000000000003,25.610000000000014,,0.10999999999998522,Kochi,2011-08-05,"{""type"":""MultiPoint"",""coordinates"":[]}"
2011_08_13,,27.83000000000004,,,Kochi,2011-08-13,"{""type"":""MultiPoint"",""coordinates"":[]}"
2011_08_21,27.907536870026565,29.029229757655486,22.569573669849962,1.121692887628921,Kochi,2011-08-21,"{""type"":""MultiPoint"",""coordinates"":[]}"
2011_08_29,27.070000000000025,,,,Kochi,2011-08-29,"{""type"":""MultiPoint"",""coordinates"":[]}"
2011_09_06,,,,,Kochi,2011-09-06,"{""type"":""MultiPoint"",""coordinates"":[]}"
2011_09_14,28.03236490781946,28.2844402379665,23.70285266457684,0.25207533014704,Kochi,2011-09-14,"{""type"":""MultiPoint"",""coordinates"":[]}"
2011_09_22,28.98479945590237,28.50000000000003,24.957272727272755,-0.4847994559023405,Kochi,2011-09-22,"{""type"":""MultiPoint"",""coordinates"":[]}"
2011_09_30,29.319695064648926,30.349446516873464,24.777796348675786,1.029751452224538,Kochi,2011-09-30,"{""type"":""MultiPoint"",""coordinates"":[]}"
2011_10_08,31.225368941807822,33.494878316309084,23.872725357059274,2.2695093745012613,Kochi,2011-10-08,"{""type"":""MultiPoint"",""coordinates"":[]}"
2011_10_16,29.584257526195238,29.77517303316971,,0.19091550697447346,Kochi,2011-10-16,"{""type"":""MultiPoint"",""coordinates"":[]}"
2011_10_24,32.014567108400115,31.72306358381506,,-0.2915035245850568,Kochi,2011-10-24,"{""type"":""MultiPoint"",""coordinates"":[]}"
2011_11_01,29.82039372575803,29.97510009548318,21.764275092936835,0.15470636972515095,Kochi,2011-11-01,"{""type"":""MultiPoint"",""coordinates"":[]}"
2011_11_09,30.025434132465282,30.92818928448577,23.334230306157586,0.9027551520204895,Kochi,2011-11-09,"{""type"":""MultiPoint"",""coordinates"":[]}"
2011_11_17,29.308692863047938,29.533674958683015,22.408932661609235,0.22498209563507743,Kochi,2011-11-17,"{""type"":""MultiPoint"",""coordinates"":[]}"
2011_11_25,,,,,Kochi,2011-11-25,"{""type"":""MultiPoint"",""coordinates"":[]}"
2011_12_03,29.969912253145228,30.779863944017457,23.41215301177016,0.8099516908722286,Kochi,2011-12-03,"{""type"":""MultiPoint"",""coordinates"":[]}"
2011_12_11,29.073448046729002,29.87514816027952,23.68663113479906,0.8017001135505168,Kochi,2011-12-11,"{""type"":""MultiPoint"",""coordinates"":[]}"
2011_12_19,30.125171796714923,31.380746728091335,22.738339503867735,1.2555749313764117,Kochi,2011-12-19,"{""type"":""MultiPoint"",""coordinates"":[]}"
2011_12_27,26.970000000000027,28.520000000000028,22.17909090909094,1.5500000000000007,Kochi,2011-12-27,"{""type"":""MultiPoint"",""coordinates"":[]}"
2012_01_01,30.397736130676872,30.893487787098195,23.747628420250784,0.4957516564213229,Kochi,2012-01-01,"{""type"":""MultiPoint"",""coordinates"":[]}"
2012_01_09,30.478443431787415,31.151825269531045,23.19853173296515,0.67338183774363,Kochi,2012-01-09,"{""type"":""MultiPoint"",""coordinates"":[]}"
2012_01_17,30.363353891489414,31.05702785754404,22.452885951677718,0.6936739660546252,Kochi,2012-01-17,"{""type"":""MultiPoint"",""coordinates"":[]}"
2012_01_25,30.552763147642356,30.989134783542507,22.646218774705623,0.4363716359001515,Kochi,2012-01-25,"{""type"":""MultiPoint"",""coordinates"":[]}"
2012_02_02,30.845794172984107,31.337344858298756,23.66533798179356,0.4915506853146496,Kochi,2012-02-02,"{""type"":""MultiPoint"",""coordinates"":[]}"
2012_02_10,32.49972284812981,33.58890032190662,24.168251925690992,1.0891774737768145,Kochi,2012-02-10,"{""type"":""MultiPoint"",""coordinates"":[]}"
2012_02_18,31.648707770252464,31.854301553522035,24.19911080034427,0.20559378326957045,Kochi,2012-02-18,"{""type"":""MultiPoint"",""coordinates"":[]}"
2012_02_26,32.587025069929155,33.08796975865713,24.180641717092033,0.5009446887279765,Kochi,2012-02-26,"{""type"":""MultiPoint"",""coordinates"":[]}"
2012_03_05,28.943282803425557,29.843333333333344,22.996666666666687,0.9000505299077872,Kochi,2012-03-05,"{""type"":""MultiPoint"",""coordinates"":[]}"
2012_03_13,31.725773933433842,32.08691361362717,22.74960871170176,0.3611396801933253,Kochi,2012-03-13,"{""type"":""MultiPoint"",""coordinates"":[]}"
2012_03_21,33.421794276739,34.63513883605939,24.696070173749856,1.2133445593203902,Kochi,2012-03-21,"{""type"":""MultiPoint"",""coordinates"":[]}"
2012_03_29,31.72213478178491,31.205585616674753,24.57836082545382,-0.5165491651101561,Kochi,2012-03-29,"{""type"":""MultiPoint"",""coordinates"":[]}"
2012_04_06,32.32653373635522,34.56655608686993,21.76471508268583,2.2400223505147068,Kochi,2012-04-06,"{""type"":""MultiPoint"",""coordinates"":[]}"
2012_04_14,31.19337716858552,33.62931538223464,,2.4359382136491163,Kochi,2012-04-14,"{""type"":""MultiPoint"",""coordinates"":[]}"
2012_04_22,,,,,Kochi,2012-04-22,"{""type"":""MultiPoint"",""coordinates"":[]}"
2012_04_30,29.81880266863537,30.77497682204485,22.885576078591175,0.9561741534094779,Kochi,2012-04-30,"{""type"":""MultiPoint"",""coordinates"":[]}"
2012_05_08,29.393869893712406,28.977796135536302,23.692779519331292,-0.41607375817610404,Kochi,2012-05-08,"{""type"":""MultiPoint"",""coordinates"":[]}"
2012_05_16,,,,,Kochi,2012-05-16,"{""type"":""MultiPoint"",""coordinates"":[]}"
2012_05_24,,,,,Kochi,2012-05-24,"{""type"":""MultiPoint"",""coordinates"":[]}"
2012_06_01,28.994098507999315,,,,Kochi,2012-06-01,"{""type"":""MultiPoint"",""coordinates"":[]}"
2012_06_09,27.725000000000037,,,,Kochi,2012-06-09,"{""type"":""MultiPoint"",""coordinates"":[]}"
2012_06_17,27.84232000524817,28.873448979591863,21.710428571428608,1.0311289743436944,Kochi,2012-06-17,"{""type"":""MultiPoint"",""coordinates"":[]}"
2012_06_25,24.810000000000024,,,,Kochi,2012-06-25,"{""type"":""MultiPoint"",""coordinates"":[]}"
2012_07_03,28.167306115327612,29.46878449053204,24.354710439666892,1.3014783752044288,Kochi,2012-07-03,"{""type"":""MultiPoint"",""coordinates"":[]}"
2012_07_11,26.08827879874498,27.411672473867643,,1.323393675122663,Kochi,2012-07-11,"{""type"":""MultiPoint"",""coordinates"":[]}"
2012_07_19,,,,,Kochi,2012-07-19,"{""type"":""MultiPoint"",""coordinates"":[]}"
2012_07_27,30.179779274816756,28.087988527724708,23.77357515960536,-2.0917907470920483,Kochi,2012-07-27,"{""type"":""MultiPoint"",""coordinates"":[]}"
2012_08_04,,,,,Kochi,2012-08-04,"{""type"":""MultiPoint"",""coordinates"":[]}"
2012_08_12,27.29000000000002,,,,Kochi,2012-08-12,"{""type"":""MultiPoint"",""coordinates"":[]}"
2012_08_20,27.272380952380985,27.46600000000003,21.138000000000023,0.1936190476190447,Kochi,2012-08-20,"{""type"":""MultiPoint"",""coordinates"":[]}"
2012_08_28,30.33170359337182,29.993113117870752,23.738504211443544,-0.3385904755010678,Kochi,2012-08-28,"{""type"":""MultiPoint"",""coordinates"":[]}"
2012_09_05,26.61127671832694,24.836344692326577,22.234158674803865,-1.7749320260003643,Kochi,2012-09-05,"{""type"":""MultiPoint"",""coordinates"":[]}"
2012_09_13,29.131077018121935,28.349579030977008,23.105908141962434,-0.7814979871449275,Kochi,2012-09-13,"{""type"":""MultiPoint"",""coordinates"":[]}"
2012_09_21,28.818494510787033,,,,Kochi,2012-09-21,"{""type"":""MultiPoint"",""coordinates"":[]}"
2012_09_29,29.36175342439996,29.220086316493827,24.928890598862523,-0.1416671079061338,Kochi,2012-09-29,"{""type"":""MultiPoint"",""coordinates"":[]}"
2012_10_07,29.723773836289467,29.089997291440987,,-0.6337765448484802,Kochi,2012-10-07,"{""type"":""MultiPoint"",""coordinates"":[]}"
2012_10_15,31.19326766063187,31.68626023265836,,0.4929925720264876,Kochi,2012-10-15,"{""type"":""MultiPoint"",""coordinates"":[]}"
2012_10_23,29.834669445892004,,,,Kochi,2012-10-23,"{""type"":""MultiPoint"",""coordinates"":[]}"
2012_10_31,29.322586502137245,29.153653658536623,22.560351574442105,-0.1689328436006221,Kochi,2012-10-31,"{""type"":""MultiPoint"",""coordinates"":[]}"
2012_11_08,29.801581017931802,30.669361248572542,23.819344984980322,0.8677802306407401,Kochi,2012-11-08,"{""type"":""MultiPoint"",""coordinates"":[]}"
2012_11_16,30.36531462045907,31.29290442508761,24.0731546625007,0.9275898046285391,Kochi,2012-11-16,"{""type"":""MultiPoint"",""coordinates"":[]}"
2012_11_24,31.07031733764209,32.01624634828552,23.64345983701981,0.9459290106434288,Kochi,2012-11-24,"{""type"":""MultiPoint"",""coordinates"":[]}"
2012_12_02,31.19276689473794,32.27858521371457,24.083499045187473,1.0858183189766315,Kochi,2012-12-02,"{""type"":""MultiPoint"",""coordinates"":[]}"
2012_12_10,30.795279485201295,31.77277967646391,23.927956796753833,0.9775001912626138,Kochi,2012-12-10,"{""type"":""MultiPoint"",""coordinates"":[]}"
2012_12_18,29.951077506590835,30.560762466029537,23.588719862667286,0.6096849594387024,Kochi,2012-12-18,"{""type"":""MultiPoint"",""coordinates"":[]}"
2012_12_26,31.406632743141763,31.4654055464927,23.70901777907319,0.05877280335093715,Kochi,2012-12-26,"{""type"":""MultiPoint"",""coordinates"":[]}"
2013_01_01,31.557821364345298,32.000937992303975,24.465482224152023,0.4431166279586769,Kochi,2013-01-01,"{""type"":""MultiPoint"",""coordinates"":[]}"
2013_01_09,30.895043754737713,31.455512857735414,23.5428552467856,0.5604691029977005,Kochi,2013-01-09,"{""type"":""MultiPoint"",""coordinates"":[]}"
2013_01_17,31.49788055295041,31.864442554412417,23.748716030659526,0.36656200146200746,Kochi,2013-01-17,"{""type"":""MultiPoint"",""coordinates"":[]}"
2013_01_25,32.11928467000175,32.542654427732685,24.052577213866353,0.42336975773093855,Kochi,2013-01-25,"{""type"":""MultiPoint"",""coordinates"":[]}"
2013_02_02,31.184328120503956,31.67754934531954,23.75104604195926,0.49322122481558495,Kochi,2013-02-02,"{""type"":""MultiPoint"",""coordinates"":[]}"
2013_02_10,31.851034849867506,32.616741757072965,24.94269789772791,0.765706907205459,Kochi,2013-02-10,"{""type"":""MultiPoint"",""coordinates"":[]}"
2013_02_18,32.10433757128974,32.59948342187214,25.148923693484154,0.49514585058239646,Kochi,2013-02-18,"{""type"":""MultiPoint"",""coordinates"":[]}"
2013_02_26,33.23626284418606,33.694196041354104,25.070828842567355,0.45793319716804604,Kochi,2013-02-26,"{""type"":""MultiPoint"",""coordinates"":[]}"
2013_03_06,33.19392085900068,33.58688171471124,24.674522923093313,0.3929608557105624,Kochi,2013-03-06,"{""type"":""MultiPoint"",""coordinates"":[]}"
2013_03_14,31.027519039100433,32.946097560975645,24.198780487804903,1.9185785218752116,Kochi,2013-03-14,"{""type"":""MultiPoint"",""coordinates"":[]}"
2013_03_22,33.267764081460534,34.30769632952046,24.992823588736464,1.0399322480599267,Kochi,2013-03-22,"{""type"":""MultiPoint"",""coordinates"":[]}"
2013_03_30,31.880385183725753,31.191939420353048,23.763056925145705,-0.6884457633727052,Kochi,2013-03-30,"{""type"":""MultiPoint"",""coordinates"":[]}"
2013_04_07,34.20481294411322,35.434386071365694,25.671779588591892,1.229573127252472,Kochi,2013-04-07,"{""type"":""MultiPoint"",""coordinates"":[]}"
2013_04_15,34.47119264906118,35.56141977739852,23.9589771296378,1.0902271283373395,Kochi,2013-04-15,"{""type"":""MultiPoint"",""coordinates"":[]}"
2013_04_23,32.695982194648344,32.226043755697404,24.968577939835935,-0.46993843895094045,Kochi,2013-04-23,"{""type"":""MultiPoint"",""coordinates"":[]}"
2013_05_01,29.88692307692311,,,,Kochi,2013-05-01,"{""type"":""MultiPoint"",""coordinates"":[]}"
2013_05_09,29.05130520354965,27.1869230769231,23.870000000000005,-1.8643821266265483,Kochi,2013-05-09,"{""type"":""MultiPoint"",""coordinates"":[]}"
2013_05_17,31.190960569350334,32.59071835768359,25.237786121958578,1.3997577883332575,Kochi,2013-05-17,"{""type"":""MultiPoint"",""coordinates"":[]}"
2013_05_25,,,,,Kochi,2013-05-25,"{""type"":""MultiPoint"",""coordinates"":[]}"
2013_06_02,,,,,Kochi,2013-06-02,"{""type"":""MultiPoint"",""coordinates"":[]}"
2013_06_10,,,,,Kochi,2013-06-10,"{""type"":""MultiPoint"",""coordinates"":[]}"
2013_06_18,,,,,Kochi,2013-06-18,"{""type"":""MultiPoint"",""coordinates"":[]}"
2013_06_26,,,,,Kochi,2013-06-26,"{""type"":""MultiPoint"",""coordinates"":[]}"
2013_07_04,25.676666666666694,,,,Kochi,2013-07-04,"{""type"":""MultiPoint"",""coordinates"":[]}"
2013_07_12,,,,,Kochi,2013-07-12,"{""type"":""MultiPoint"",""coordinates"":[]}"
2013_07_20,,,,,Kochi,2013-07-20,"{""type"":""MultiPoint"",""coordinates"":[]}"
2013_07_28,27.19727399953352,26.867657347670292,,-0.32961665186322975,Kochi,2013-07-28,"{""type"":""MultiPoint"",""coordinates"":[]}"
2013_08_05,24.80500000000002,,,,Kochi,2013-08-05,"{""type"":""MultiPoint"",""coordinates"":[]}"
2013_08_13,,,,,Kochi,2013-08-13,"{""type"":""MultiPoint"",""coordinates"":[]}"
2013_08_21,27.277689643424967,28.01290777856547,22.078269126424345,0.7352181351405029,Kochi,2013-08-21,"{""type"":""MultiPoint"",""coordinates"":[]}"
2013_08_29,27.914071119215894,,,,Kochi,2013-08-29,"{""type"":""MultiPoint"",""coordinates"":[]}"
2013_09_06,29.922475305055226,,,,Kochi,2013-09-06,"{""type"":""MultiPoint"",""coordinates"":[]}"
2013_09_14,26.57000000000002,,,,Kochi,2013-09-14,"{""type"":""MultiPoint"",""coordinates"":[]}"
2013_09_22,27.803482230192394,30.276906196213456,24.179171551819522,2.4734239660210626,Kochi,2013-09-22,"{""type"":""MultiPoint"",""coordinates"":[]}"
2013_09_30,30.393401564807718,25.806802507837006,24.872570532915397,-4.586599056970712,Kochi,2013-09-30,"{""type"":""MultiPoint"",""coordinates"":[]}"
2013_10_08,29.885196345135544,31.636556955928423,24.164157241882553,1.7513606107928794,Kochi,2013-10-08,"{""type"":""MultiPoint"",""coordinates"":[]}"
2013_10_16,27.876666666666697,,,,Kochi,2013-10-16,"{""type"":""MultiPoint"",""coordinates"":[]}"
2013_10_24,29.42333034306533,27.990794283036585,24.69175781752673,-1.4325360600287453,Kochi,2013-10-24,"{""type"":""MultiPoint"",""coordinates"":[]}"
2013_11_01,30.70713782117951,31.91647060832739,24.102156637814183,1.2093327871478792,Kochi,2013-11-01,"{""type"":""MultiPoint"",""coordinates"":[]}"
2013_11_09,29.002811896662674,28.60379666289596,24.504155968576388,-0.39901523376671477,Kochi,2013-11-09,"{""type"":""MultiPoint"",""coordinates"":[]}"
2013_11_17,29.216188986698885,29.957362428842526,22.693772296015215,0.7411734421436407,Kochi,2013-11-17,"{""type"":""MultiPoint"",""coordinates"":[]}"
2013_11_25,29.103627448075635,28.178025949953696,,-0.9256014981219387,Kochi,2013-11-25,"{""type"":""MultiPoint"",""coordinates"":[]}"
2013_12_03,29.230466362792292,30.140397622520037,22.52994914974414,0.9099312597277454,Kochi,2013-12-03,"{""type"":""MultiPoint"",""coordinates"":[]}"
2013_12_11,29.24610746846768,29.13900588521321,19.852338333205807,-0.10710158325447239,Kochi,2013-12-11,"{""type"":""MultiPoint"",""coordinates"":[]}"
2013_12_19,29.842115322758172,30.326970148126573,22.916979534151118,0.4848548253684015,Kochi,2013-12-19,"{""type"":""MultiPoint"",""coordinates"":[]}"
2013_12_27,29.562185231858216,30.112270506263275,22.985671696724353,0.5500852744050597,Kochi,2013-12-27,"{""type"":""MultiPoint"",""coordinates"":[]}"
2014_01_01,29.583720063084613,30.75255104771436,22.70350993068363,1.1688309846297464,Kochi,2014-01-01,"{""type"":""MultiPoint"",""coordinates"":[]}"
2014_01_09,30.784199539491745,31.448482285208154,23.982023421962005,0.6642827457164096,Kochi,2014-01-09,"{""type"":""MultiPoint"",""coordinates"":[]}"
2014_01_17,30.540318950214605,30.99118433795124,23.9201397596257,0.4508653877366342,Kochi,2014-01-17,"{""type"":""MultiPoint"",""coordinates"":[]}"
2014_01_25,30.902351050086917,31.698909081370324,22.458438842617536,0.7965580312834071,Kochi,2014-01-25,"{""type"":""MultiPoint"",""coordinates"":[]}"
2014_02_02,31.972915461246103,32.32268350450642,24.437693355690673,0.34976804326031896,Kochi,2014-02-02,"{""type"":""MultiPoint"",""coordinates"":[]}"
2014_02_10,31.924970883115115,32.677752524613446,22.89037599347873,0.7527816414983306,Kochi,2014-02-10,"{""type"":""MultiPoint"",""coordinates"":[]}"
2014_02_18,32.12923284286476,33.14838400991354,24.445202354163083,1.0191511670487827,Kochi,2014-02-18,"{""type"":""MultiPoint"",""coordinates"":[]}"
2014_02_26,33.531518186415106,34.40109260484689,22.56148456228142,0.8695744184317817,Kochi,2014-02-26,"{""type"":""MultiPoint"",""coordinates"":[]}"
2014_03_06,34.52734409172508,35.04313904333523,25.868844631967885,0.5157949516101539,Kochi,2014-03-06,"{""type"":""MultiPoint"",""coordinates"":[]}"
2014_03_14,33.70915366410953,34.290948443222554,25.503072960549495,0.5817947791130251,Kochi,2014-03-14,"{""type"":""MultiPoint"",""coordinates"":[]}"
2014_03_22,34.76864863889779,35.22464682258448,25.829114000760086,0.4559981836866953,Kochi,2014-03-22,"{""type"":""MultiPoint"",""coordinates"":[]}"
2014_03_30,34.652005545353425,34.77963493250706,25.118561848849634,0.12762938715363248,Kochi,2014-03-30,"{""type"":""MultiPoint"",""coordinates"":[]}"
2014_04_07,31.617063948100117,32.16006631762656,24.89127375310318,0.543002369526441,Kochi,2014-04-07,"{""type"":""MultiPoint"",""coordinates"":[]}"
2014_04_15,30.9162863894544,31.150295530994754,22.44555429721911,0.2340091415403549,Kochi,2014-04-15,"{""type"":""MultiPoint"",""coordinates"":[]}"
2014_04_23,30.088098915543892,30.037472240365805,25.767779229261954,-0.050626675178087055,Kochi,2014-04-23,"{""type"":""MultiPoint"",""coordinates"":[]}"
2014_05_01,33.84892312858813,35.79048900936689,,1.9415658807787537,Kochi,2014-05-01,"{""type"":""MultiPoint"",""coordinates"":[]}"
2014_05_09,29.689222605912597,30.949956803455756,27.166191686331487,1.260734197543158,Kochi,2014-05-09,"{""type"":""MultiPoint"",""coordinates"":[]}"
2014_05_17,30.96439446366786,33.67650931582743,23.281427266499236,2.712114852159573,Kochi,2014-05-17,"{""type"":""MultiPoint"",""coordinates"":[]}"
2014_05_25,29.981728798288124,31.774537131230947,25.76502739853259,1.7928083329428226,Kochi,2014-05-25,"{""type"":""MultiPoint"",""coordinates"":[]}"
2014_06_02,31.886222027972064,31.62946779964225,,-0.25675422832981454,Kochi,2014-06-02,"{""type"":""MultiPoint"",""coordinates"":[]}"
2014_06_10,27.992968030089365,27.565143320713933,24.111550972988706,-0.4278247093754324,Kochi,2014-06-10,"{""type"":""MultiPoint"",""coordinates"":[]}"
2014_06_18,26.926744051353847,27.88021329987457,19.08182559598498,0.9534692485207223,Kochi,2014-06-18,"{""type"":""MultiPoint"",""coordinates"":[]}"
2014_06_26,27.036296018031578,,,,Kochi,2014-06-26,"{""type"":""MultiPoint"",""coordinates"":[]}"
2014_07_04,29.00494840820438,29.376666666666697,,0.371718258462316,Kochi,2014-07-04,"{""type"":""MultiPoint"",""coordinates"":[]}"
2014_07_12,25.24338891204671,26.088911946158188,20.82616845582167,0.8455230341114763,Kochi,2014-07-12,"{""type"":""MultiPoint"",""coordinates"":[]}"
2014_07_20,,,,,Kochi,2014-07-20,"{""type"":""MultiPoint"",""coordinates"":[]}"
2014_07_28,,,,,Kochi,2014-07-28,"{""type"":""MultiPoint"",""coordinates"":[]}"
2014_08_05,,,,,Kochi,2014-08-05,"{""type"":""MultiPoint"",""coordinates"":[]}"
2014_08_13,27.9789703725433,28.79620186652031,,0.8172314939770082,Kochi,2014-08-13,"{""type"":""MultiPoint"",""coordinates"":[]}"
2014_08_21,30.496310913247534,30.810000000000002,,0.3136890867524684,Kochi,2014-08-21,"{""type"":""MultiPoint"",""coordinates"":[]}"
2014_08_29,,,,,Kochi,2014-08-29,"{""type"":""MultiPoint"",""coordinates"":[]}"
2014_09_06,28.030478885502866,28.125118883867202,22.118744267307303,0.09463999836433601,Kochi,2014-09-06,"{""type"":""MultiPoint"",""coordinates"":[]}"
2014_09_14,27.89989287749291,26.117543554006993,24.720000000000027,-1.7823493234859171,Kochi,2014-09-14,"{""type"":""MultiPoint"",""coordinates"":[]}"
2014_09_22,30.23394118004502,29.76068307435607,,-0.47325810568894866,Kochi,2014-09-22,"{""type"":""MultiPoint"",""coordinates"":[]}"
2014_09_30,30.66909440804672,30.074448445331157,22.787081733406506,-0.594645962715564,Kochi,2014-09-30,"{""type"":""MultiPoint"",""coordinates"":[]}"
2014_10_08,31.052696261682232,29.730000000000018,,-1.3226962616822142,Kochi,2014-10-08,"{""type"":""MultiPoint"",""coordinates"":[]}"
2014_10_16,31.530000000000026,30.670000000000016,,-0.8600000000000101,Kochi,2014-10-16,"{""type"":""MultiPoint"",""coordinates"":[]}"
2014_10_24,28.239479355806456,,,,Kochi,2014-10-24,"{""type"":""MultiPoint"",""coordinates"":[]}"
2014_11_01,30.190063669883774,31.130965989253486,23.50860805091111,0.9409023193697124,Kochi,2014-11-01,"{""type"":""MultiPoint"",""coordinates"":[]}"
2014_11_09,29.71357352770137,29.806427735517882,,0.09285420781651155,Kochi,2014-11-09,"{""type"":""MultiPoint"",""coordinates"":[]}"
2014_11_17,31.132109821416684,31.732463953320227,24.473012801719992,0.6003541319035435,Kochi,2014-11-17,"{""type"":""MultiPoint"",""coordinates"":[]}"
2014_11_25,28.16565217391308,,,,Kochi,2014-11-25,"{""type"":""MultiPoint"",""coordinates"":[]}"
2014_12_03,30.060441743967946,31.000162862430635,22.496720894763623,0.939721118462689,Kochi,2014-12-03,"{""type"":""MultiPoint"",""coordinates"":[]}"
2014_12_11,30.07225579132668,29.935081456450693,23.783751849889487,-0.1371743348759864,Kochi,2014-12-11,"{""type"":""MultiPoint"",""coordinates"":[]}"
2014_12_19,29.45779926409946,30.720622363160103,23.91346699209672,1.2628230990606433,Kochi,2014-12-19,"{""type"":""MultiPoint"",""coordinates"":[]}"
2014_12_27,30.787987040406794,31.74702985525557,22.49767994493163,0.9590428148487753,Kochi,2014-12-27,"{""type"":""MultiPoint"",""coordinates"":[]}"
2015_01_01,29.836730549772287,30.4515186446599,23.000423325473786,0.6147880948876114,Kochi,2015-01-01,"{""type"":""MultiPoint"",""coordinates"":[]}"
2015_01_09,29.92156339749535,30.72137143488836,22.716217775812545,0.7998080373930101,Kochi,2015-01-09,"{""type"":""MultiPoint"",""coordinates"":[]}"
2015_01_17,30.413878687264216,31.11734029452252,23.88521623495567,0.7034616072583049,Kochi,2015-01-17,"{""type"":""MultiPoint"",""coordinates"":[]}"
2015_01_25,30.759256995177044,31.590211968246702,24.328112575808674,0.8309549730696588,Kochi,2015-01-25,"{""type"":""MultiPoint"",""coordinates"":[]}"
2015_02_02,31.491888118113284,32.34539706017365,24.098814941065378,0.853508942060369,Kochi,2015-02-02,"{""type"":""MultiPoint"",""coordinates"":[]}"
2015_02_10,30.887157133934203,31.917369003853512,24.468045390765948,1.0302118699193095,Kochi,2015-02-10,"{""type"":""MultiPoint"",""coordinates"":[]}"
2015_02_18,33.299973176903954,33.76941036561764,24.78292615742023,0.4694371887136839,Kochi,2015-02-18,"{""type"":""MultiPoint"",""coordinates"":[]}"
2015_02_26,32.78734562995842,33.5921388492918,23.740543159310455,0.8047932193333764,Kochi,2015-02-26,"{""type"":""MultiPoint"",""coordinates"":[]}"
2015_03_06,32.833350777988194,33.80726057599563,24.343420605392538,0.9739097980074334,Kochi,2015-03-06,"{""type"":""MultiPoint"",""coordinates"":[]}"
2015_03_14,33.07012568749947,33.66154522131463,24.9387128070538,0.5914195338151629,Kochi,2015-03-14,"{""type"":""MultiPoint"",""coordinates"":[]}"
2015_03_22,32.8170574682361,33.20318535144329,24.93377370323308,0.3861278832071875,Kochi,2015-03-22,"{""type"":""MultiPoint"",""coordinates"":[]}"
2015_03_30,30.766848620694734,30.814552946023934,24.600532915360525,0.04770432532919955,Kochi,2015-03-30,"{""type"":""MultiPoint"",""coordinates"":[]}"
2015_04_07,31.01030642212004,31.27112048692767,25.2766666666667,0.2608140648076329,Kochi,2015-04-07,"{""type"":""MultiPoint"",""coordinates"":[]}"
2015_04_15,33.48299906957511,34.395268505079855,25.861755485893443,0.9122694355047472,Kochi,2015-04-15,"{""type"":""MultiPoint"",""coordinates"":[]}"
2015_04_23,32.25045636377722,33.42113817656191,22.15068459657706,1.170681812784693,Kochi,2015-04-23,"{""type"":""MultiPoint"",""coordinates"":[]}"
2015_05_01,30.386900084023182,29.647250396196554,,-0.7396496878266277,Kochi,2015-05-01,"{""type"":""MultiPoint"",""coordinates"":[]}"
2015_05_09,,,,,Kochi,2015-05-09,"{""type"":""MultiPoint"",""coordinates"":[]}"
2015_05_17,30.065068044917098,28.810000000000002,24.910000000000025,-1.2550680449170954,Kochi,2015-05-17,"{""type"":""MultiPoint"",""coordinates"":[]}"
2015_05_25,30.30884938033811,30.987654723127072,24.379844342385134,0.6788053427889622,Kochi,2015-05-25,"{""type"":""MultiPoint"",""coordinates"":[]}"
2015_06_02,,,,,Kochi,2015-06-02,"{""type"":""MultiPoint"",""coordinates"":[]}"
2015_06_10,28.70477332424645,,,,Kochi,2015-06-10,"{""type"":""MultiPoint"",""coordinates"":[]}"
2015_06_18,25.994734593106102,27.573903002309514,24.938568129330278,1.5791684092034117,Kochi,2015-06-18,"{""type"":""MultiPoint"",""coordinates"":[]}"
2015_06_26,28.756166742824842,29.158121756207063,24.151297643293606,0.4019550133822207,Kochi,2015-06-26,"{""type"":""MultiPoint"",""coordinates"":[]}"
2015_07_04,,25.660000000000036,23.463333333333367,,Kochi,2015-07-04,"{""type"":""MultiPoint"",""coordinates"":[]}"
2015_07_12,,,,,Kochi,2015-07-12,"{""type"":""MultiPoint"",""coordinates"":[]}"
2015_07_20,28.590000000000032,31.055765765765788,,2.465765765765756,Kochi,2015-07-20,"{""type"":""MultiPoint"",""coordinates"":[]}"
2015_07_28,28.58948665381937,28.919864804635292,,0.33037815081592115,Kochi,2015-07-28,"{""type"":""MultiPoint"",""coordinates"":[]}"
2015_08_05,28.734583506821163,29.731428571428605,21.950000000000045,0.9968450646074416,Kochi,2015-08-05,"{""type"":""MultiPoint"",""coordinates"":[]}"
2015_08_13,29.351597619751907,28.061401165396713,,-1.2901964543551934,Kochi,2015-08-13,"{""type"":""MultiPoint"",""coordinates"":[]}"
2015_08_21,29.762549019607878,,,,Kochi,2015-08-21,"{""type"":""MultiPoint"",""coordinates"":[]}"
2015_08_29,27.681673453744096,29.652804917502454,24.926129576514292,1.9711314637583577,Kochi,2015-08-29,"{""type"":""MultiPoint"",""coordinates"":[]}"
2015_09_06,29.907847197847243,28.978896641953803,,-0.9289505558934401,Kochi,2015-09-06,"{""type"":""MultiPoint"",""coordinates"":[]}"
2015_09_14,29.471959241040082,,,,Kochi,2015-09-14,"{""type"":""MultiPoint"",""coordinates"":[]}"
2015_09_22,30.80639925110748,31.162185774602182,25.12404059040593,0.35578652349470374,Kochi,2015-09-22,"{""type"":""MultiPoint"",""coordinates"":[]}"
2015_09_30,29.43766444232603,27.38661410788385,25.269146171693766,-2.0510503344421807,Kochi,2015-09-30,"{""type"":""MultiPoint"",""coordinates"":[]}"
2015_10_08,31.30379207337049,29.838355029585845,22.750048995590426,-1.4654370437846467,Kochi,2015-10-08,"{""type"":""MultiPoint"",""coordinates"":[]}"
2015_10_16,27.122000000000035,,,,Kochi,2015-10-16,"{""type"":""MultiPoint"",""coordinates"":[]}"
2015_10_24,32.1654266399667,33.76258144200778,,1.5971548020410822,Kochi,2015-10-24,"{""type"":""MultiPoint"",""coordinates"":[]}"
2015_11_01,,,,,Kochi,2015-11-01,"{""type"":""MultiPoint"",""coordinates"":[]}"
2015_11_09,29.199820557491336,28.83558409279208,,-0.36423646469925686,Kochi,2015-11-09,"{""type"":""MultiPoint"",""coordinates"":[]}"
2015_11_17,30.890683654290555,31.165611302549994,,0.27492764825943894,Kochi,2015-11-17,"{""type"":""MultiPoint"",""coordinates"":[]}"
2015_11_25,28.842300591852336,30.206735859836247,24.57055237767905,1.364435267983911,Kochi,2015-11-25,"{""type"":""MultiPoint"",""coordinates"":[]}"
2015_12_03,29.96639419810091,29.610254343136162,21.536987242394524,-0.35613985496474854,Kochi,2015-12-03,"{""type"":""MultiPoint"",""coordinates"":[]}"
2015_12_11,27.424468308882854,29.099247599247636,23.134041404603206,1.674779290364782,Kochi,2015-12-11,"{""type"":""MultiPoint"",""coordinates"":[]}"
2015_12_19,29.724135449562077,30.7006402840556,24.28487224873831,0.9765048344935217,Kochi,2015-12-19,"{""type"":""MultiPoint"",""coordinates"":[]}"
2015_12_27,30.326615916416674,31.316374517130022,24.151158133927936,0.9897586007133476,Kochi,2015-12-27,"{""type"":""MultiPoint"",""coordinates"":[]}"
2016_01_01,29.985573364448676,30.608480206841882,22.847122549676055,0.6229068423932063,Kochi,2016-01-01,"{""type"":""MultiPoint"",""coordinates"":[]}"
2016_01_09,29.745067596154495,29.981688954928202,24.139313020439086,0.23662135877370716,Kochi,2016-01-09,"{""type"":""MultiPoint"",""coordinates"":[]}"
2016_01_17,30.86856429758841,32.02540364427528,23.98621092112525,1.1568393466868692,Kochi,2016-01-17,"{""type"":""MultiPoint"",""coordinates"":[]}"
2016_01_25,30.791559357096382,31.88951691121614,24.00650557543266,1.097957554119759,Kochi,2016-01-25,"{""type"":""MultiPoint"",""coordinates"":[]}"
2016_02_02,30.264365413688317,31.006971136520033,23.743271631228936,0.7426057228317156,Kochi,2016-02-02,"{""type"":""MultiPoint"",""coordinates"":[]}"
2016_02_10,30.803362858389946,31.403733347265067,23.416279555314567,0.6003704888751216,Kochi,2016-02-10,"{""type"":""MultiPoint"",""coordinates"":[]}"
2016_02_18,33.20307692307695,32.765555555555586,,-0.43752136752136295,Kochi,2016-02-18,"{""type"":""MultiPoint"",""coordinates"":[]}"
2016_02_26,32.545151639282075,32.373578637090354,26.04736883123414,-0.171573002191721,Kochi,2016-02-26,"{""type"":""MultiPoint"",""coordinates"":[]}"
2016_03_05,33.02231253430928,33.683677948442195,24.363951534299087,0.6613654141329164,Kochi,2016-03-05,"{""type"":""MultiPoint"",""coordinates"":[]}"
2016_03_13,32.552990254953414,33.28002381292569,25.7028594561128,0.7270335579722769,Kochi,2016-03-13,"{""type"":""MultiPoint"",""coordinates"":[]}"
2016_03_21,33.83881457130168,34.10620408739878,26.046531361838426,0.26738951609709716,Kochi,2016-03-21,"{""type"":""MultiPoint"",""coordinates"":[]}"
2016_03_29,32.64894450003198,33.56815810121619,24.548134562573576,0.9192136011842109,Kochi,2016-03-29,"{""type"":""MultiPoint"",""coordinates"":[]}"
2016_04_06,31.769629098878916,32.44428571428574,24.512857142857154,0.6746566154068248,Kochi,2016-04-06,"{""type"":""MultiPoint"",""coordinates"":[]}"
2016_04_14,32.850869520688285,32.693413037670354,22.973985134362533,-0.15745648301793125,Kochi,2016-04-14,"{""type"":""MultiPoint"",""coordinates"":[]}"
2016_04_22,33.150008186943005,34.36686800339358,25.339520144018906,1.2168598164505724,Kochi,2016-04-22,"{""type"":""MultiPoint"",""coordinates"":[]}"
2016_04_30,32.76364902421773,32.435253831524825,25.381935797665403,-0.32839519269290207,Kochi,2016-04-30,"{""type"":""MultiPoint"",""coordinates"":[]}"
2016_05_08,33.5417321610465,35.03181818181821,,1.490086020771713,Kochi,2016-05-08,"{""type"":""MultiPoint"",""coordinates"":[]}"
2016_05_16,32.043510661056864,33.1920130881895,26.504930349895833,1.1485024271326338,Kochi,2016-05-16,"{""type"":""MultiPoint"",""coordinates"":[]}"
2016_05_24,30.525514068189363,32.41744666207848,,1.8919325938891198,Kochi,2016-05-24,"{""type"":""MultiPoint"",""coordinates"":[]}"
2016_06_01,28.316760299625507,27.5239753639418,,-0.7927849356837058,Kochi,2016-06-01,"{""type"":""MultiPoint"",""coordinates"":[]}"
2016_06_09,29.265605994216166,,,,Kochi,2016-06-09,"{""type"":""MultiPoint"",""coordinates"":[]}"
2016_06_17,,,,,Kochi,2016-06-17,"{""type"":""MultiPoint"",""coordinates"":[]}"
2016_06_25,,,,,Kochi,2016-06-25,"{""type"":""MultiPoint"",""coordinates"":[]}"
2016_07_03,,,,,Kochi,2016-07-03,"{""type"":""MultiPoint"",""coordinates"":[]}"
2016_07_11,,,,,Kochi,2016-07-11,"{""type"":""MultiPoint"",""coordinates"":[]}"
2016_07_19,,,,,Kochi,2016-07-19,"{""type"":""MultiPoint"",""coordinates"":[]}"
2016_07_27,27.808406480313412,28.536856023506388,24.10922675026126,0.7284495431929763,Kochi,2016-07-27,"{""type"":""MultiPoint"",""coordinates"":[]}"
2016_08_04,28.210839632957747,28.483125275500345,23.8972273567468,0.2722856425425988,Kochi,2016-08-04,"{""type"":""MultiPoint"",""coordinates"":[]}"
2016_08_12,27.59116347966607,27.77933815302524,22.750169317598797,0.18817467335917115,Kochi,2016-08-12,"{""type"":""MultiPoint"",""coordinates"":[]}"
2016_08_20,27.650000000000034,,,,Kochi,2016-08-20,"{""type"":""MultiPoint"",""coordinates"":[]}"
2016_08_28,,,,,Kochi,2016-08-28,"{""type"":""MultiPoint"",""coordinates"":[]}"
2016_09_05,27.68751269035536,28.570000000000025,24.62500000000003,0.8824873096446666,Kochi,2016-09-05,"{""type"":""MultiPoint"",""coordinates"":[]}"
2016_09_13,28.17642222728311,29.231322150962036,23.79000000000002,1.0548999236789278,Kochi,2016-09-13,"{""type"":""MultiPoint"",""coordinates"":[]}"
2016_09_21,28.355397274363618,29.28714285714289,24.090000000000025,0.9317455827792713,Kochi,2016-09-21,"{""type"":""MultiPoint"",""coordinates"":[]}"
2016_09_29,29.10166003399662,32.320761360932714,23.613790149892967,3.2191013269360944,Kochi,2016-09-29,"{""type"":""MultiPoint"",""coordinates"":[]}"
2016_10_07,28.303764185879857,29.958605535878284,25.08345122646893,1.6548413499984278,Kochi,2016-10-07,"{""type"":""MultiPoint"",""coordinates"":[]}"
2016_10_15,29.02918149466195,28.31973474801064,,-0.709446746651313,Kochi,2016-10-15,"{""type"":""MultiPoint"",""coordinates"":[]}"
2016_10_23,29.50516208393634,29.588232819074385,22.755021037868204,0.08307073513804397,Kochi,2016-10-23,"{""type"":""MultiPoint"",""coordinates"":[]}"
2016_10_31,31.886473223439626,32.99876113552681,22.90180332888001,1.1122879120871865,Kochi,2016-10-31,"{""type"":""MultiPoint"",""coordinates"":[]}"
2016_11_08,29.68676044211097,30.250086097746294,23.973271174625328,0.5633256556353246,Kochi,2016-11-08,"{""type"":""MultiPoint"",""coordinates"":[]}"
2016_11_16,30.95811183081142,30.547856491548046,,-0.4102553392633723,Kochi,2016-11-16,"{""type"":""MultiPoint"",""coordinates"":[]}"
2016_11_24,29.865644026735907,28.895389274963826,23.065905762189285,-0.9702547517720816,Kochi,2016-11-24,"{""type"":""MultiPoint"",""coordinates"":[]}"
2016_12_02,29.51730903408175,30.412179415690872,24.09109391440113,0.8948703816091204,Kochi,2016-12-02,"{""type"":""MultiPoint"",""coordinates"":[]}"
2016_12_10,29.365547192115883,30.662457777711438,24.357901726825794,1.2969105855955547,Kochi,2016-12-10,"{""type"":""MultiPoint"",""coordinates"":[]}"
2016_12_18,29.877366584023004,30.53577057737605,24.060518810872786,0.6584039933530441,Kochi,2016-12-18,"{""type"":""MultiPoint"",""coordinates"":[]}"
2016_12_26,30.053074005638322,30.98587696814355,23.99197832178927,0.9328029625052281,Kochi,2016-12-26,"{""type"":""MultiPoint"",""coordinates"":[]}"
2017_01_01,29.905959179128445,30.94907259579267,23.562133734034585,1.0431134166642266,Kochi,2017-01-01,"{""type"":""MultiPoint"",""coordinates"":[]}"
2017_01_09,30.483067743637687,30.900765452399046,23.52346319251204,0.41769770876135937,Kochi,2017-01-09,"{""type"":""MultiPoint"",""coordinates"":[]}"
2017_01_17,31.830469891805027,32.170406118311455,23.17392170711872,0.33993622650642763,Kochi,2017-01-17,"{""type"":""MultiPoint"",""coordinates"":[]}"
2017_01_25,31.411984142064988,31.686506428172212,24.983817480967538,0.2745222861072243,Kochi,2017-01-25,"{""type"":""MultiPoint"",""coordinates"":[]}"
2017_02_02,32.0426102028832,32.26922036068728,24.086710958093523,0.22661015780407467,Kochi,2017-02-02,"{""type"":""MultiPoint"",""coordinates"":[]}"
2017_02_10,33.17695466751571,33.55125223250535,24.679345875953892,0.3742975649896394,Kochi,2017-02-10,"{""type"":""MultiPoint"",""coordinates"":[]}"
2017_02_18,32.030607152808955,32.97381885844685,24.44958633676511,0.9432117056378928,Kochi,2017-02-18,"{""type"":""MultiPoint"",""coordinates"":[]}"
2017_02_26,35.017535761705595,33.44175162454876,25.05753823088459,-1.5757841371568375,Kochi,2017-02-26,"{""type"":""MultiPoint"",""coordinates"":[]}"
2017_03_06,32.09548792249978,34.176211533576144,,2.0807236110763654,Kochi,2017-03-06,"{""type"":""MultiPoint"",""coordinates"":[]}"
2017_03_14,30.388071952072515,31.674501751357955,23.46800000000003,1.2864297992854397,Kochi,2017-03-14,"{""type"":""MultiPoint"",""coordinates"":[]}"
2017_03_22,32.6795173828793,33.20174023894936,24.592300850849398,0.5222228560700657,Kochi,2017-03-22,"{""type"":""MultiPoint"",""coordinates"":[]}"
2017_03_30,33.087355854354215,32.21244807626834,24.37542390194079,-0.8749077780858769,Kochi,2017-03-30,"{""type"":""MultiPoint"",""coordinates"":[]}"
2017_04_07,32.05534099992265,31.493802027429954,20.889337487700914,-0.5615389724926949,Kochi,2017-04-07,"{""type"":""MultiPoint"",""coordinates"":[]}"
2017_04_15,31.872449330197387,32.1739138695377,24.877812149851426,0.30146453934031214,Kochi,2017-04-15,"{""type"":""MultiPoint"",""coordinates"":[]}"
2017_04_23,33.01921159118877,33.195952369098045,23.696624822359098,0.17674077790927356,Kochi,2017-04-23,"{""type"":""MultiPoint"",""coordinates"":[]}"
2017_05_01,33.87134748772987,34.401734626150734,23.907834142394833,0.5303871384208634,Kochi,2017-05-01,"{""type"":""MultiPoint"",""coordinates"":[]}"
2017_05_09,31.989002685974565,31.675742801267816,,-0.31325988470674915,Kochi,2017-05-09,"{""type"":""MultiPoint"",""coordinates"":[]}"
2017_05_17,,,,,Kochi,2017-05-17,"{""type"":""MultiPoint"",""coordinates"":[]}"
2017_05_25,31.816929082324382,32.49548306148059,,0.6785539791562094,Kochi,2017-05-25,"{""type"":""MultiPoint"",""coordinates"":[]}"
2017_06_02,,,,,Kochi,2017-06-02,"{""type"":""MultiPoint"",""coordinates"":[]}"
2017_06_10,,,,,Kochi,2017-06-10,"{""type"":""MultiPoint"",""coordinates"":[]}"
2017_06_18,30.747589433131587,,,,Kochi,2017-06-18,"{""type"":""MultiPoint"",""coordinates"":[]}"
2017_06_26,,,,,Kochi,2017-06-26,"{""type"":""MultiPoint"",""coordinates"":[]}"
2017_07_04,,,,,Kochi,2017-07-04,"{""type"":""MultiPoint"",""coordinates"":[]}"
2017_07_12,27.50200000000003,,,,Kochi,2017-07-12,"{""type"":""MultiPoint"",""coordinates"":[]}"
2017_07_20,28.204737902031667,27.379010989011014,22.37554579673779,-0.8257269130206524,Kochi,2017-07-20,"{""type"":""MultiPoint"",""coordinates"":[]}"
2017_07_28,27.93522079847508,29.79167289021661,,1.8564520917415308,Kochi,2017-07-28,"{""type"":""MultiPoint"",""coordinates"":[]}"
2017_08_05,27.303271560940857,28.305000000000028,,1.0017284390591712,Kochi,2017-08-05,"{""type"":""MultiPoint"",""coordinates"":[]}"
2017_08_13,,31.55000000000001,,,Kochi,2017-08-13,"{""type"":""MultiPoint"",""coordinates"":[]}"
2017_08_21,,,,,Kochi,2017-08-21,"{""type"":""MultiPoint"",""coordinates"":[]}"
2017_08_29,30.47652603883146,,,,Kochi,2017-08-29,"{""type"":""MultiPoint"",""coordinates"":[]}"
2017_09_06,28.79259895444365,,,,Kochi,2017-09-06,"{""type"":""MultiPoint"",""coordinates"":[]}"
2017_09_14,29.12816745283022,,,,Kochi,2017-09-14,"{""type"":""MultiPoint"",""coordinates"":[]}"
2017_09_22,31.910634356096526,32.71176170798901,24.76100061766526,0.801127351892486,Kochi,2017-09-22,"{""type"":""MultiPoint"",""coordinates"":[]}"
2017_09_30,29.035454545454574,,,,Kochi,2017-09-30,"{""type"":""MultiPoint"",""coordinates"":[]}"
2017_10_08,30.177393955461326,30.07000000000005,,-0.10739395546127639,Kochi,2017-10-08,"{""type"":""MultiPoint"",""coordinates"":[]}"
2017_10_16,29.423389066220818,29.320684263376883,24.372575938058404,-0.10270480284393457,Kochi,2017-10-16,"{""type"":""MultiPoint"",""coordinates"":[]}"
2017_10_24,30.92766512362475,32.67744042949222,,1.7497753058674732,Kochi,2017-10-24,"{""type"":""MultiPoint"",""coordinates"":[]}"
2017_11_01,30.977228371597427,32.38291585675513,,1.4056874851577064,Kochi,2017-11-01,"{""type"":""MultiPoint"",""coordinates"":[]}"
2017_11_09,29.7605303763097,30.048203164880075,23.041433251433293,0.2876727885703758,Kochi,2017-11-09,"{""type"":""MultiPoint"",""coordinates"":[]}"
2017_11_17,30.066638014063276,31.50980853322775,23.882000000000026,1.4431705191644753,Kochi,2017-11-17,"{""type"":""MultiPoint"",""coordinates"":[]}"
2017_11_25,26.802151898734216,31.00333333333337,,4.201181434599153,Kochi,2017-11-25,"{""type"":""MultiPoint"",""coordinates"":[]}"
2017_12_03,29.612846333303704,30.229431653184,23.976564602180506,0.6165853198802971,Kochi,2017-12-03,"{""type"":""MultiPoint"",""coordinates"":[]}"
2017_12_11,29.873323326258294,30.6168763227172,23.59408767818535,0.7435529964589058,Kochi,2017-12-11,"{""type"":""MultiPoint"",""coordinates"":[]}"
2017_12_19,30.887638357668774,31.88406766246913,23.954485300040286,0.9964293048003547,Kochi,2017-12-19,"{""type"":""MultiPoint"",""coordinates"":[]}"
2017_12_27,30.44229365039383,31.060786594222442,23.2672486954651,0.6184929438286133,Kochi,2017-12-27,"{""type"":""MultiPoint"",""coordinates"":[]}"
2018_01_01,29.843290714206976,30.730386268604384,23.27779964326446,0.8870955543974084,Kochi,2018-01-01,"{""type"":""MultiPoint"",""coordinates"":[]}"
2018_01_09,30.951437385817737,31.649875881523297,22.75206101265824,0.6984384957055596,Kochi,2018-01-09,"{""type"":""MultiPoint"",""coordinates"":[]}"
2018_01_17,30.65688811928309,31.226299586460417,22.89184780268416,0.5694114671773285,Kochi,2018-01-17,"{""type"":""MultiPoint"",""coordinates"":[]}"
2018_01_25,30.719663643527156,31.208933876411724,22.45805332042101,0.48927023288456795,Kochi,2018-01-25,"{""type"":""MultiPoint"",""coordinates"":[]}"
2018_02_02,31.943476107701148,32.67659321296269,23.326722993035734,0.7331171052615453,Kochi,2018-02-02,"{""type"":""MultiPoint"",""coordinates"":[]}"
2018_02_10,31.45058974205303,32.13055843070301,25.10826637500224,0.6799686886499821,Kochi,2018-02-10,"{""type"":""MultiPoint"",""coordinates"":[]}"
2018_02_18,33.20065650077229,33.949446009952645,24.974199400915694,0.7487895091803551,Kochi,2018-02-18,"{""type"":""MultiPoint"",""coordinates"":[]}"
2018_02_26,33.816207771054344,33.658019421955665,25.22801530902728,-0.15818834909867974,Kochi,2018-02-26,"{""type"":""MultiPoint"",""coordinates"":[]}"
2018_03_06,32.55727600765209,33.54439168004899,25.18896449096883,0.9871156723968966,Kochi,2018-03-06,"{""type"":""MultiPoint"",""coordinates"":[]}"
2018_03_14,33.477676097575454,33.76981634694066,25.406925757784233,0.2921402493652039,Kochi,2018-03-14,"{""type"":""MultiPoint"",""coordinates"":[]}"
2018_03_22,34.09299353425297,33.69942858351313,24.629642007331377,-0.39356495073983666,Kochi,2018-03-22,"{""type"":""MultiPoint"",""coordinates"":[]}"
2018_03_30,32.70277985490187,33.595186348957014,24.397392860260137,0.8924064940551446,Kochi,2018-03-30,"{""type"":""MultiPoint"",""coordinates"":[]}"
2018_04_07,32.395443039833225,32.14456167979006,24.73032545931762,-0.2508813600431665,Kochi,2018-04-07,"{""type"":""MultiPoint"",""coordinates"":[]}"
2018_04_15,32.20826773738095,32.322918438345624,,0.114650700964674,Kochi,2018-04-15,"{""type"":""MultiPoint"",""coordinates"":[]}"
2018_04_23,28.059863361609196,30.08937282229969,,2.0295094606904946,Kochi,2018-04-23,"{""type"":""MultiPoint"",""coordinates"":[]}"
2018_05_01,30.464067436489657,,,,Kochi,2018-05-01,"{""type"":""MultiPoint"",""coordinates"":[]}"
2018_05_09,31.41819841989385,32.19719645868468,,0.778998038790828,Kochi,2018-05-09,"{""type"":""MultiPoint"",""coordinates"":[]}"
2018_05_17,,,,,Kochi,2018-05-17,"{""type"":""MultiPoint"",""coordinates"":[]}"
2018_05_25,,,,,Kochi,2018-05-25,"{""type"":""MultiPoint"",""coordinates"":[]}"
2018_06_02,30.524268357506287,30.51107301587305,,-0.013195341633238655,Kochi,2018-06-02,"{""type"":""MultiPoint"",""coordinates"":[]}"
2018_06_10,,,,,Kochi,2018-06-10,"{""type"":""MultiPoint"",""coordinates"":[]}"
2018_06_18,27.54833333333336,,,,Kochi,2018-06-18,"{""type"":""MultiPoint"",""coordinates"":[]}"
2018_06_26,,,,,Kochi,2018-06-26,"{""type"":""MultiPoint"",""coordinates"":[]}"
2018_07_04,27.286767005473052,27.002727272727302,22.43363636363639,-0.28403973274575023,Kochi,2018-07-04,"{""type"":""MultiPoint"",""coordinates"":[]}"
2018_07_12,24.490000000000023,,,,Kochi,2018-07-12,"{""type"":""MultiPoint"",""coordinates"":[]}"
2018_07_20,,,,,Kochi,2018-07-20,"{""type"":""MultiPoint"",""coordinates"":[]}"
2018_07_28,27.195244673378635,27.68809630459129,,0.4928516312126554,Kochi,2018-07-28,"{""type"":""MultiPoint"",""coordinates"":[]}"
2018_08_05,,,,,Kochi,2018-08-05,"{""type"":""MultiPoint"",""coordinates"":[]}"
2018_08_13,,,,,Kochi,2018-08-13,"{""type"":""MultiPoint"",""coordinates"":[]}"
2018_08_21,26.553346162553776,27.533480876665266,20.195000000000036,0.9801347141114896,Kochi,2018-08-21,"{""type"":""MultiPoint"",""coordinates"":[]}"
2018_08_29,29.52702962840233,30.530152647137882,,1.0031230187355504,Kochi,2018-08-29,"{""type"":""MultiPoint"",""coordinates"":[]}"
2018_09_06,31.676771339214486,33.991119375232465,23.83924111340986,2.3143480360179787,Kochi,2018-09-06,"{""type"":""MultiPoint"",""coordinates"":[]}"
2018_09_14,,,,,Kochi,2018-09-14,"{""type"":""MultiPoint"",""coordinates"":[]}"
2018_09_22,32.19437438145061,33.898779121003315,,1.7044047395527073,Kochi,2018-09-22,"{""type"":""MultiPoint"",""coordinates"":[]}"
2018_09_30,31.05293106119291,29.69500000000002,,-1.3579310611928896,Kochi,2018-09-30,"{""type"":""MultiPoint"",""coordinates"":[]}"
2018_10_08,30.71628330768608,32.117543993879146,27.710000000000036,1.4012606861930657,Kochi,2018-10-08,"{""type"":""MultiPoint"",""coordinates"":[]}"
2018_10_16,30.13402286459249,,,,Kochi,2018-10-16,"{""type"":""MultiPoint"",""coordinates"":[]}"
2018_10_24,31.293410179544914,32.75908915894601,24.4538242261104,1.4656789794010976,Kochi,2018-10-24,"{""type"":""MultiPoint"",""coordinates"":[]}"
2018_11_01,31.59685963496596,32.71273949087256,24.260387866733,1.1158798559065986,Kochi,2018-11-01,"{""type"":""MultiPoint"",""coordinates"":[]}"
2018_11_09,30.991883840852047,31.646532646498205,24.42466215126595,0.6546488056461577,Kochi,2018-11-09,"{""type"":""MultiPoint"",""coordinates"":[]}"
2018_11_17,29.813959409134355,28.93831229755392,,-0.8756471115804345,Kochi,2018-11-17,"{""type"":""MultiPoint"",""coordinates"":[]}"
2018_11_25,30.34297457517819,31.183625300997626,23.30331377046233,0.8406507258194367,Kochi,2018-11-25,"{""type"":""MultiPoint"",""coordinates"":[]}"
2018_12_03,29.27176634658378,29.888139140489503,22.351852841057884,0.6163727939057217,Kochi,2018-12-03,"{""type"":""MultiPoint"",""coordinates"":[]}"
2018_12_11,28.637388472773175,30.191327262662035,22.52814731647134,1.5539387898888606,Kochi,2018-12-11,"{""type"":""MultiPoint"",""coordinates"":[]}"
2018_12_19,29.40073404830793,,,,Kochi,2018-12-19,"{""type"":""MultiPoint"",""coordinates"":[]}"
2018_12_27,29.72433838503945,30.23781546749453,23.687705841279342,0.5134770824550827,Kochi,2018-12-27,"{""type"":""MultiPoint"",""coordinates"":[]}"
2019_01_01,30.010485856191142,31.31965293170986,23.05145234616013,1.3091670755187188,Kochi,2019-01-01,"{""type"":""MultiPoint"",""coordinates"":[]}"
2019_01_09,30.329906121617892,31.617917040477117,23.587376114834576,1.288010918859225,Kochi,2019-01-09,"{""type"":""MultiPoint"",""coordinates"":[]}"
2019_01_17,29.288192534694183,30.09838179192621,22.925026402569156,0.8101892572320288,Kochi,2019-01-17,"{""type"":""MultiPoint"",""coordinates"":[]}"
2019_01_25,30.864493011729312,31.94345208937998,23.685827713820274,1.0789590776506692,Kochi,2019-01-25,"{""type"":""MultiPoint"",""coordinates"":[]}"
2019_02_02,31.623552629558013,32.30779084407738,24.319673724796203,0.6842382145193682,Kochi,2019-02-02,"{""type"":""MultiPoint"",""coordinates"":[]}"
2019_02_10,32.74269749277683,33.32270934565188,24.7492865594461,0.5800118528750531,Kochi,2019-02-10,"{""type"":""MultiPoint"",""coordinates"":[]}"
2019_02_18,32.34813484488126,32.712216118346646,25.344273392901478,0.36408127346538777,Kochi,2019-02-18,"{""type"":""MultiPoint"",""coordinates"":[]}"
2019_02_26,32.2036561738303,32.81322710230319,24.490102622269042,0.6095709284728841,Kochi,2019-02-26,"{""type"":""MultiPoint"",""coordinates"":[]}"
2019_03_06,31.96759993324808,33.050417670193,25.759679582939583,1.082817736944918,Kochi,2019-03-06,"{""type"":""MultiPoint"",""coordinates"":[]}"
2019_03_14,33.4811349059943,33.77796305406998,25.082596311182453,0.2968281480756758,Kochi,2019-03-14,"{""type"":""MultiPoint"",""coordinates"":[]}"
2019_03_22,33.99236514575579,33.69854427529054,25.240714625472847,-0.29382087046525385,Kochi,2019-03-22,"{""type"":""MultiPoint"",""coordinates"":[]}"
2019_03_30,32.809570576987994,34.340000000000046,25.309661016949182,1.5304294230120519,Kochi,2019-03-30,"{""type"":""MultiPoint"",""coordinates"":[]}"
2019_04_07,33.70141788057675,33.45945469430721,25.051887664103425,-0.24196318626953683,Kochi,2019-04-07,"{""type"":""MultiPoint"",""coordinates"":[]}"
2019_04_15,33.20031470266116,32.733599257885004,25.74566808827795,-0.4667154447761561,Kochi,2019-04-15,"{""type"":""MultiPoint"",""coordinates"":[]}"
2019_04_23,30.945723270440276,,,,Kochi,2019-04-23,"{""type"":""MultiPoint"",""coordinates"":[]}"
2019_05_01,32.86982785989145,33.68252018159995,25.78893347516344,0.8126923217084965,Kochi,2019-05-01,"{""type"":""MultiPoint"",""coordinates"":[]}"
2019_05_09,32.0984253384095,31.810249576611135,25.14533017147029,-0.2881757617983638,Kochi,2019-05-09,"{""type"":""MultiPoint"",""coordinates"":[]}"
2019_05_17,31.19256338590539,30.417500000000018,22.261428571428603,-0.7750633859053728,Kochi,2019-05-17,"{""type"":""MultiPoint"",""coordinates"":[]}"
2019_05_25,28.828074176457072,29.024653465346557,26.024649947753428,0.19657928888948462,Kochi,2019-05-25,"{""type"":""MultiPoint"",""coordinates"":[]}"
2019_06_02,29.938930125783173,30.07754484304936,,0.13861471726618646,Kochi,2019-06-02,"{""type"":""MultiPoint"",""coordinates"":[]}"
2019_06_10,,27.27000000000004,25.99000000000001,,Kochi,2019-06-10,"{""type"":""MultiPoint"",""coordinates"":[]}"
2019_06_18,,31.03545454545457,,,Kochi,2019-06-18,"{""type"":""MultiPoint"",""coordinates"":[]}"
2019_06_26,27.6235430440532,26.977119456652044,25.675013983220158,-0.6464235874011557,Kochi,2019-06-26,"{""type"":""MultiPoint"",""coordinates"":[]}"
2019_07_04,27.75305309734516,,,,Kochi,2019-07-04,"{""type"":""MultiPoint"",""coordinates"":[]}"
2019_07_12,,,,,Kochi,2019-07-12,"{""type"":""MultiPoint"",""coordinates"":[]}"
2019_07_20,,,,,Kochi,2019-07-20,"{""type"":""MultiPoint"",""coordinates"":[]}"
2019_07_28,29.368204338833053,29.368016793282727,25.07666666666671,-1.8754555032529652E-4,Kochi,2019-07-28,"{""type"":""MultiPoint"",""coordinates"":[]}"
2019_08_05,27.531975259902644,,,,Kochi,2019-08-05,"{""type"":""MultiPoint"",""coordinates"":[]}"
2019_08_13,27.676624316500497,27.7344165824065,,0.05779226590600217,Kochi,2019-08-13,"{""type"":""MultiPoint"",""coordinates"":[]}"
2019_08_21,,,,,Kochi,2019-08-21,"{""type"":""MultiPoint"",""coordinates"":[]}"
2019_08_29,29.27329634859796,29.665433526011586,,0.39213717741362686,Kochi,2019-08-29,"{""type"":""MultiPoint"",""coordinates"":[]}"
2019_09_06,27.400000000000023,,,,Kochi,2019-09-06,"{""type"":""MultiPoint"",""coordinates"":[]}"
2019_09_14,28.624000000000024,,,,Kochi,2019-09-14,"{""type"":""MultiPoint"",""coordinates"":[]}"
2019_09_22,30.94637659468324,29.99000000000001,,-0.9563765946832312,Kochi,2019-09-22,"{""type"":""MultiPoint"",""coordinates"":[]}"
2019_09_30,28.977305205574826,28.34135386721429,,-0.6359513383605346,Kochi,2019-09-30,"{""type"":""MultiPoint"",""coordinates"":[]}"
2019_10_08,30.670295898462268,30.09851381628085,,-0.5717820821814179,Kochi,2019-10-08,"{""type"":""MultiPoint"",""coordinates"":[]}"
2019_10_16,,,,,Kochi,2019-10-16,"{""type"":""MultiPoint"",""coordinates"":[]}"
2019_10_24,30.957500000000024,,,,Kochi,2019-10-24,"{""type"":""MultiPoint"",""coordinates"":[]}"
2019_11_01,30.451362561404522,31.52002861503247,24.265790110999028,1.0686660536279469,Kochi,2019-11-01,"{""type"":""MultiPoint"",""coordinates"":[]}"
2019_11_09,30.51775729809649,33.02787283161816,24.39511726793339,2.5101155335216703,Kochi,2019-11-09,"{""type"":""MultiPoint"",""coordinates"":[]}"
2019_11_17,30.16407331161267,32.83169122976568,25.464285714285754,2.667617918153013,Kochi,2019-11-17,"{""type"":""MultiPoint"",""coordinates"":[]}"
2019_11_25,29.99379457740518,30.569037050793987,24.43913225642395,0.5752424733888084,Kochi,2019-11-25,"{""type"":""MultiPoint"",""coordinates"":[]}"
2019_12_03,30.90077237237242,32.66473809667493,23.450897838796365,1.763965724302512,Kochi,2019-12-03,"{""type"":""MultiPoint"",""coordinates"":[]}"
2019_12_11,29.393053469426864,31.115335724113056,23.689811126567875,1.722282254686192,Kochi,2019-12-11,"{""type"":""MultiPoint"",""coordinates"":[]}"
2019_12_19,30.843310660500148,30.843312735586764,24.470447074293265,2.0750866163155024E-6,Kochi,2019-12-19,"{""type"":""MultiPoint"",""coordinates"":[]}"
2019_12_27,30.634051454611722,31.76400173187088,23.183263327948332,1.1299502772591588,Kochi,2019-12-27,"{""type"":""MultiPoint"",""coordinates"":[]}"
2020_01_01,31.12858163615574,31.878143876819532,24.64034878284451,0.7495622406637921,Kochi,2020-01-01,"{""type"":""MultiPoint"",""coordinates"":[]}"
2020_01_09,31.102551140510183,31.572278287276035,24.00262389709923,0.4697271467658517,Kochi,2020-01-09,"{""type"":""MultiPoint"",""coordinates"":[]}"
2020_01_17,32.331025582817865,32.759167928900325,25.06487738309447,0.4281423460824598,Kochi,2020-01-17,"{""type"":""MultiPoint"",""coordinates"":[]}"
2020_01_25,31.617861164537153,32.111969551596985,24.384723304301342,0.49410838705983195,Kochi,2020-01-25,"{""type"":""MultiPoint"",""coordinates"":[]}"
2020_02_02,31.121344474311524,32.04550532582176,23.38249007789003,0.9241608515102335,Kochi,2020-02-02,"{""type"":""MultiPoint"",""coordinates"":[]}"
2020_02_10,32.84127923463069,33.31470174480147,25.20376833862579,0.47342251017077785,Kochi,2020-02-10,"{""type"":""MultiPoint"",""coordinates"":[]}"
2020_02_18,33.745609303893524,34.05908435239408,24.884761930462762,0.31347504850055685,Kochi,2020-02-18,"{""type"":""MultiPoint"",""coordinates"":[]}"
2020_02_26,32.301419817523666,32.68452391656182,24.81807767956055,0.3831040990381567,Kochi,2020-02-26,"{""type"":""MultiPoint"",""coordinates"":[]}"
2020_03_05,32.081406442842614,30.464254814033268,23.526594566077588,-1.6171516288093457,Kochi,2020-03-05,"{""type"":""MultiPoint"",""coordinates"":[]}"
2020_03_13,32.96061308919956,33.824775323686254,25.935632839579114,0.8641622344866917,Kochi,2020-03-13,"{""type"":""MultiPoint"",""coordinates"":[]}"
2020_03_21,33.67815504275435,34.47687336939233,26.01343812034237,0.7987183266379816,Kochi,2020-03-21,"{""type"":""MultiPoint"",""coordinates"":[]}"
2020_03_29,34.739566711055474,35.57781792457966,25.33726397126845,0.8382512135241882,Kochi,2020-03-29,"{""type"":""MultiPoint"",""coordinates"":[]}"
2020_04_06,33.8295489426179,34.319026848798906,24.33463073095609,0.4894779061810084,Kochi,2020-04-06,"{""type"":""MultiPoint"",""coordinates"":[]}"
2020_04_14,33.00889432117339,33.09090597388901,24.731615798922835,0.0820116527156145,Kochi,2020-04-14,"{""type"":""MultiPoint"",""coordinates"":[]}"
2020_04_22,30.638710771716003,28.390000000000043,,-2.2487107717159596,Kochi,2020-04-22,"{""type"":""MultiPoint"",""coordinates"":[]}"
2020_04_30,31.799949647199167,30.716407766990326,27.730000000000018,-1.0835418802088412,Kochi,2020-04-30,"{""type"":""MultiPoint"",""coordinates"":[]}"
2020_05_08,31.93539460247997,,,,Kochi,2020-05-08,"{""type"":""MultiPoint"",""coordinates"":[]}"
2020_05_16,,,,,Kochi,2020-05-16,"{""type"":""MultiPoint"",""coordinates"":[]}"
2020_05_24,30.460924339106676,30.529006744328658,,0.06808240522198261,Kochi,2020-05-24,"{""type"":""MultiPoint"",""coordinates"":[]}"
2020_06_01,26.930000000000007,,,,Kochi,2020-06-01,"{""type"":""MultiPoint"",""coordinates"":[]}"
2020_06_09,,,,,Kochi,2020-06-09,"{""type"":""MultiPoint"",""coordinates"":[]}"
2020_06_17,30.226256982230385,29.693874643874686,,-0.5323823383556991,Kochi,2020-06-17,"{""type"":""MultiPoint"",""coordinates"":[]}"
2020_06_25,28.68375000000004,,,,Kochi,2020-06-25,"{""type"":""MultiPoint"",""coordinates"":[]}"
2020_07_03,29.592178500142605,31.011250000000025,,1.41907149985742,Kochi,2020-07-03,"{""type"":""MultiPoint"",""coordinates"":[]}"
2020_07_11,,,,,Kochi,2020-07-11,"{""type"":""MultiPoint"",""coordinates"":[]}"
2020_07_19,29.9148644793153,31.57000000000005,,1.6551355206847518,Kochi,2020-07-19,"{""type"":""MultiPoint"",""coordinates"":[]}"
2020_07_27,28.87337886494831,28.822836676217793,,-0.05054218873051752,Kochi,2020-07-27,"{""type"":""MultiPoint"",""coordinates"":[]}"
2020_08_04,,,,,Kochi,2020-08-04,"{""type"":""MultiPoint"",""coordinates"":[]}"
2020_08_12,,,,,Kochi,2020-08-12,"{""type"":""MultiPoint"",""coordinates"":[]}"
2020_08_20,31.635000000000048,,,,Kochi,2020-08-20,"{""type"":""MultiPoint"",""coordinates"":[]}"
2020_08_28,31.43803276742254,33.64542766712989,22.572352941176504,2.207394899707346,Kochi,2020-08-28,"{""type"":""MultiPoint"",""coordinates"":[]}"
2020_09_05,,,,,Kochi,2020-09-05,"{""type"":""MultiPoint"",""coordinates"":[]}"
2020_09_13,30.428000000000026,30.00333333333337,,-0.4246666666666563,Kochi,2020-09-13,"{""type"":""MultiPoint"",""coordinates"":[]}"
2020_09_21,28.803909440662952,29.870000000000033,,1.0660905593370806,Kochi,2020-09-21,"{""type"":""MultiPoint"",""coordinates"":[]}"
2020_09_29,30.693700777880807,31.558075980392204,23.366707961377337,0.8643752025113969,Kochi,2020-09-29,"{""type"":""MultiPoint"",""coordinates"":[]}"
2020_10_07,,,,,Kochi,2020-10-07,"{""type"":""MultiPoint"",""coordinates"":[]}"
2020_10_15,29.847010250569504,30.95054134003847,,1.1035310894689658,Kochi,2020-10-15,"{""type"":""MultiPoint"",""coordinates"":[]}"
2020_10_23,30.765407275100493,31.23979146526726,24.520226166618983,0.4743841901667665,Kochi,2020-10-23,"{""type"":""MultiPoint"",""coordinates"":[]}"
2020_10_31,31.020324631959177,32.562022115838495,23.92491877555534,1.541697483879318,Kochi,2020-10-31,"{""type"":""MultiPoint"",""coordinates"":[]}"
2020_11_08,31.494470199681466,32.975173329820684,23.72759896564058,1.4807031301392186,Kochi,2020-11-08,"{""type"":""MultiPoint"",""coordinates"":[]}"
2020_11_16,30.369001544825306,31.028883619901777,23.50127367071246,0.6598820750764709,Kochi,2020-11-16,"{""type"":""MultiPoint"",""coordinates"":[]}"
2020_11_24,30.041291577726366,31.099178860013136,23.311235998455032,1.0578872822867709,Kochi,2020-11-24,"{""type"":""MultiPoint"",""coordinates"":[]}"
2020_12_02,30.061222043966563,30.683386903440656,23.910000000000025,0.6221648594740934,Kochi,2020-12-02,"{""type"":""MultiPoint"",""coordinates"":[]}"
2020_12_10,29.989039096397402,31.11412784874237,23.842811365033292,1.1250887523449684,Kochi,2020-12-10,"{""type"":""MultiPoint"",""coordinates"":[]}"
2020_12_18,29.434081500677383,31.2415730764657,24.003040962312735,1.8074915757883154,Kochi,2020-12-18,"{""type"":""MultiPoint"",""coordinates"":[]}"
2020_12_26,30.332665290236857,31.73280571866227,22.197294818965123,1.4001404284254129,Kochi,2020-12-26,"{""type"":""MultiPoint"",""coordinates"":[]}"
2021_01_01,30.315526225395573,32.04632177852706,23.87918135762767,1.730795553131486,Kochi,2021-01-01,"{""type"":""MultiPoint"",""coordinates"":[]}"
2021_01_09,30.26230120611679,29.953187230145268,,-0.30911397597152046,Kochi,2021-01-09,"{""type"":""MultiPoint"",""coordinates"":[]}"
2021_01_17,29.8946692595395,30.291554626447482,23.9359223343476,0.3968853669079806,Kochi,2021-01-17,"{""type"":""MultiPoint"",""coordinates"":[]}"
2021_01_25,30.131773293648386,31.097133740806004,23.532034600642344,0.965360447157618,Kochi,2021-01-25,"{""type"":""MultiPoint"",""coordinates"":[]}"
2021_02_02,31.009633796658907,32.048403544450956,24.38411284967216,1.038769747792049,Kochi,2021-02-02,"{""type"":""MultiPoint"",""coordinates"":[]}"
2021_02_10,31.95015815113294,33.02557325845212,24.183484913397407,1.0754151073191807,Kochi,2021-02-10,"{""type"":""MultiPoint"",""coordinates"":[]}"
2021_02_18,31.884001079116107,33.69664690479723,24.249738485296135,1.8126458256811198,Kochi,2021-02-18,"{""type"":""MultiPoint"",""coordinates"":[]}"
2021_02_26,33.13137163289322,34.48890891712724,25.054710870391038,1.35753728423402,Kochi,2021-02-26,"{""type"":""MultiPoint"",""coordinates"":[]}"
2021_03_06,33.013791873841,34.079027134992984,25.314494189728087,1.065235261151983,Kochi,2021-03-06,"{""type"":""MultiPoint"",""coordinates"":[]}"
2021_03_14,33.398411399019004,34.041378879794195,24.973636915680952,0.6429674807751908,Kochi,2021-03-14,"{""type"":""MultiPoint"",""coordinates"":[]}"
2021_03_22,34.71730071941471,37.89854744193835,22.577843235147313,3.181246722523639,Kochi,2021-03-22,"{""type"":""MultiPoint"",""coordinates"":[]}"
2021_03_30,31.032981232078885,31.890654354402187,24.272689062251263,0.8576731223233018,Kochi,2021-03-30,"{""type"":""MultiPoint"",""coordinates"":[]}"
2021_04_07,31.26916127572952,,,,Kochi,2021-04-07,"{""type"":""MultiPoint"",""coordinates"":[]}"
2021_04_15,30.201775210084072,,,,Kochi,2021-04-15,"{""type"":""MultiPoint"",""coordinates"":[]}"
2021_04_23,32.03881026708293,,,,Kochi,2021-04-23,"{""type"":""MultiPoint"",""coordinates"":[]}"
2021_05_01,30.369462082811417,30.334805339265888,,-0.03465674354552917,Kochi,2021-05-01,"{""type"":""MultiPoint"",""coordinates"":[]}"
2021_05_09,30.550505937016037,30.74092911218172,,0.19042317516568374,Kochi,2021-05-09,"{""type"":""MultiPoint"",""coordinates"":[]}"
2021_05_17,28.13854709418839,,,,Kochi,2021-05-17,"{""type"":""MultiPoint"",""coordinates"":[]}"
2021_05_25,29.318870240235363,30.438435703479602,23.668723146747386,1.1195654632442391,Kochi,2021-05-25,"{""type"":""MultiPoint"",""coordinates"":[]}"
2021_06_02,27.89846683649403,29.463647391831817,24.93811475409839,1.5651805553377862,Kochi,2021-06-02,"{""type"":""MultiPoint"",""coordinates"":[]}"
2021_06_10,27.279739916773394,28.580977080820283,,1.3012371640468885,Kochi,2021-06-10,"{""type"":""MultiPoint"",""coordinates"":[]}"
2021_06_18,29.0901240723121,29.731763727121486,23.027730838865452,0.641639654809385,Kochi,2021-06-18,"{""type"":""MultiPoint"",""coordinates"":[]}"
2021_06_26,29.166787215722056,29.757573921028502,,0.5907867053064457,Kochi,2021-06-26,"{""type"":""MultiPoint"",""coordinates"":[]}"
2021_07_04,,,,,Kochi,2021-07-04,"{""type"":""MultiPoint"",""coordinates"":[]}"
2021_07_12,27.47767970882623,27.13363302752298,,-0.3440466813032508,Kochi,2021-07-12,"{""type"":""MultiPoint"",""coordinates"":[]}"
2021_07_20,,,,,Kochi,2021-07-20,"{""type"":""MultiPoint"",""coordinates"":[]}"
2021_07_28,27.2910769398352,,,,Kochi,2021-07-28,"{""type"":""MultiPoint"",""coordinates"":[]}"
2021_08_05,26.363551980198057,,,,Kochi,2021-08-05,"{""type"":""MultiPoint"",""coordinates"":[]}"
2021_08_13,27.27000000000004,,,,Kochi,2021-08-13,"{""type"":""MultiPoint"",""coordinates"":[]}"
2021_08_21,,,,,Kochi,2021-08-21,"{""type"":""MultiPoint"",""coordinates"":[]}"
2021_08_29,,,,,Kochi,2021-08-29,"{""type"":""MultiPoint"",""coordinates"":[]}"
2021_09_06,28.875454545454577,,,,Kochi,2021-09-06,"{""type"":""MultiPoint"",""coordinates"":[]}"
2021_09_14,24.230000000000018,,,,Kochi,2021-09-14,"{""type"":""MultiPoint"",""coordinates"":[]}"
2021_09_22,28.795591451790933,28.77500000000002,,-0.020591451790913595,Kochi,2021-09-22,"{""type"":""MultiPoint"",""coordinates"":[]}"
2021_09_30,28.648369958275406,27.64672593500923,,-1.0016440232661772,Kochi,2021-09-30,"{""type"":""MultiPoint"",""coordinates"":[]}"
2021_10_08,29.851665375677808,28.675000000000026,,-1.176665375677782,Kochi,2021-10-08,"{""type"":""MultiPoint"",""coordinates"":[]}"
2021_10_16,31.056219939294923,,,,Kochi,2021-10-16,"{""type"":""MultiPoint"",""coordinates"":[]}"
2021_10_24,29.77634360936851,28.942191813998573,,-0.8341517953699373,Kochi,2021-10-24,"{""type"":""MultiPoint"",""coordinates"":[]}"
2021_11_01,29.709384395132464,,,,Kochi,2021-11-01,"{""type"":""MultiPoint"",""coordinates"":[]}"
2021_11_09,,,,,Kochi,2021-11-09,"{""type"":""MultiPoint"",""coordinates"":[]}"
2021_11_17,30.381874760620406,29.83166376699534,23.907115064294782,-0.5502109936250648,Kochi,2021-11-17,"{""type"":""MultiPoint"",""coordinates"":[]}"
2021_11_25,30.45190497914498,31.101382716049425,,0.6494777369044442,Kochi,2021-11-25,"{""type"":""MultiPoint"",""coordinates"":[]}"
2021_12_03,30.00866479107618,31.57332201860731,24.365455902591535,1.5646572275311321,Kochi,2021-12-03,"{""type"":""MultiPoint"",""coordinates"":[]}"
2021_12_11,30.22513618096645,31.310992691699717,24.489685443416654,1.0858565107332652,Kochi,2021-12-11,"{""type"":""MultiPoint"",""coordinates"":[]}"
2021_12_19,30.355826483705354,31.240878388942768,23.207272897839207,0.8850519052374146,Kochi,2021-12-19,"{""type"":""MultiPoint"",""coordinates"":[]}"
2021_12_27,30.856200116014207,31.775197405405432,24.08733795869697,0.9189972893912248,Kochi,2021-12-27,"{""type"":""MultiPoint"",""coordinates"":[]}"
2022_01_01,31.25991595493458,31.95529450372632,23.709607788950105,0.6953785487917408,Kochi,2022-01-01,"{""type"":""MultiPoint"",""coordinates"":[]}"
2022_01_09,29.99176302450387,30.60365185373287,23.556769759887953,0.6118888292289988,Kochi,2022-01-09,"{""type"":""MultiPoint"",""coordinates"":[]}"
2022_01_17,29.73983977249679,30.475638164040646,23.70493664875674,0.735798391543856,Kochi,2022-01-17,"{""type"":""MultiPoint"",""coordinates"":[]}"
2022_01_25,31.20797404291115,31.585330469045697,24.35868641736928,0.377356426134547,Kochi,2022-01-25,"{""type"":""MultiPoint"",""coordinates"":[]}"
2022_02_02,31.497831135954385,32.26329279627331,24.222293982109008,0.7654616603189268,Kochi,2022-02-02,"{""type"":""MultiPoint"",""coordinates"":[]}"
2022_02_10,31.34439187316002,31.62807825086309,24.649622162409248,0.28368637770307004,Kochi,2022-02-10,"{""type"":""MultiPoint"",""coordinates"":[]}"
2022_02_18,32.73558985914993,33.378547287213294,24.096375746968985,0.6429574280633616,Kochi,2022-02-18,"{""type"":""MultiPoint"",""coordinates"":[]}"
2022_02_26,33.015590897691276,33.100986574903175,25.465596287322853,0.08539567721189911,Kochi,2022-02-26,"{""type"":""MultiPoint"",""coordinates"":[]}"
2022_03_06,33.470734887132785,34.291104691336244,25.21345756332793,0.8203698042034588,Kochi,2022-03-06,"{""type"":""MultiPoint"",""coordinates"":[]}"
2022_03_14,32.84511570621278,32.87439884091021,25.188954919006264,0.029283134697429603,Kochi,2022-03-14,"{""type"":""MultiPoint"",""coordinates"":[]}"
2022_03_22,33.74419824692896,34.96758095011439,24.334661477598058,1.223382703185429,Kochi,2022-03-22,"{""type"":""MultiPoint"",""coordinates"":[]}"
2022_03_30,30.642595516930776,28.417500000000036,23.096594387755143,-2.2250955169307396,Kochi,2022-03-30,"{""type"":""MultiPoint"",""coordinates"":[]}"
2022_04_07,31.998928178218197,33.036015043031796,,1.037086864813599,Kochi,2022-04-07,"{""type"":""MultiPoint"",""coordinates"":[]}"
2022_04_15,31.833438958382192,32.77149411287051,26.26526433533502,0.9380551544883211,Kochi,2022-04-15,"{""type"":""MultiPoint"",""coordinates"":[]}"
2022_04_23,29.707574459801457,30.86789331075363,25.306199830652023,1.160318850952173,Kochi,2022-04-23,"{""type"":""MultiPoint"",""coordinates"":[]}"
2022_05_01,31.14534642460174,,,,Kochi,2022-05-01,"{""type"":""MultiPoint"",""coordinates"":[]}"
2022_05_09,,,,,Kochi,2022-05-09,"{""type"":""MultiPoint"",""coordinates"":[]}"
2022_05_17,28.56885533496798,28.76458272934358,,0.1957273943755986,Kochi,2022-05-17,"{""type"":""MultiPoint"",""coordinates"":[]}"
2022_05_25,29.165354310750637,29.76695761293924,,0.6016033021886038,Kochi,2022-05-25,"{""type"":""MultiPoint"",""coordinates"":[]}"
2022_06_02,29.482691000903987,,,,Kochi,2022-06-02,"{""type"":""MultiPoint"",""coordinates"":[]}"
2022_06_10,29.15886214873665,28.970000000000027,,-0.18886214873662155,Kochi,2022-06-10,"{""type"":""MultiPoint"",""coordinates"":[]}"
2022_06_18,29.017188888193733,29.67000000000002,,0.6528111118062867,Kochi,2022-06-18,"{""type"":""MultiPoint"",""coordinates"":[]}"
2022_06_26,30.119176785863875,31.109555555555588,,0.9903787696917128,Kochi,2022-06-26,"{""type"":""MultiPoint"",""coordinates"":[]}"
2022_07_04,,,,,Kochi,2022-07-04,"{""type"":""MultiPoint"",""coordinates"":[]}"
2022_07_12,26.295828788528734,,,,Kochi,2022-07-12,"{""type"":""MultiPoint"",""coordinates"":[]}"
2022_07_20,27.97577715956918,27.683183009963322,,-0.2925941496058577,Kochi,2022-07-20,"{""type"":""MultiPoint"",""coordinates"":[]}"
2022_07_28,29.641483150670936,,,,Kochi,2022-07-28,"{""type"":""MultiPoint"",""coordinates"":[]}"
2022_08_05,,,,,Kochi,2022-08-05,"{""type"":""MultiPoint"",""coordinates"":[]}"
2022_08_13,30.076657829256927,30.886672087091984,23.468190123993942,0.8100142578350571,Kochi,2022-08-13,"{""type"":""MultiPoint"",""coordinates"":[]}"
2022_08_21,,,,,Kochi,2022-08-21,"{""type"":""MultiPoint"",""coordinates"":[]}"
2022_08_29,,,,,Kochi,2022-08-29,"{""type"":""MultiPoint"",""coordinates"":[]}"
2022_09_06,,,,,Kochi,2022-09-06,"{""type"":""MultiPoint"",""coordinates"":[]}"
2022_09_14,30.08549059616754,30.36479359730414,24.32934594470402,0.27930300113660067,Kochi,2022-09-14,"{""type"":""MultiPoint"",""coordinates"":[]}"
2022_09_22,28.622105985332414,29.061119954519643,25.12242751563391,0.43901396918722924,Kochi,2022-09-22,"{""type"":""MultiPoint"",""coordinates"":[]}"
2022_09_30,,,,,Kochi,2022-09-30,"{""type"":""MultiPoint"",""coordinates"":[]}"
2022_10_08,,,,,Kochi,2022-10-08,"{""type"":""MultiPoint"",""coordinates"":[]}"
2022_10_16,,,,,Kochi,2022-10-16,"{""type"":""MultiPoint"",""coordinates"":[]}"
2022_10_24,30.28121917762019,31.058042492917885,23.512954993468743,0.776823315297694,Kochi,2022-10-24,"{""type"":""MultiPoint"",""coordinates"":[]}"
2022_11_01,29.97489374155547,29.490926980321674,,-0.4839667612337948,Kochi,2022-11-01,"{""type"":""MultiPoint"",""coordinates"":[]}"
2022_11_09,28.174933052318394,29.124177086853706,22.55000000000001,0.9492440345353117,Kochi,2022-11-09,"{""type"":""MultiPoint"",""coordinates"":[]}"
2022_11_17,29.57511301428866,30.617982266954268,23.480934579439285,1.0428692526656071,Kochi,2022-11-17,"{""type"":""MultiPoint"",""coordinates"":[]}"
2022_11_25,28.698558808836268,30.357968101959848,23.99613257980758,1.6594092931235807,Kochi,2022-11-25,"{""type"":""MultiPoint"",""coordinates"":[]}"
2022_12_03,28.727454583514067,26.978822355289456,,-1.7486322282246114,Kochi,2022-12-03,"{""type"":""MultiPoint"",""coordinates"":[]}"
2022_12_11,29.513406252654843,30.610743269726683,23.94301488157621,1.0973370170718404,Kochi,2022-12-11,"{""type"":""MultiPoint"",""coordinates"":[]}"
2022_12_19,28.9019215734422,29.654184899928048,23.999539990037864,0.7522633264858491,Kochi,2022-12-19,"{""type"":""MultiPoint"",""coordinates"":[]}"
2022_12_27,29.0598791502063,30.87945738991768,24.45812906619423,1.8195782397113796,Kochi,2022-12-27,"{""type"":""MultiPoint"",""coordinates"":[]}"
2023_01_01,29.904859569954088,30.898914731048265,23.666752147214247,0.9940551610941775,Kochi,2023-01-01,"{""type"":""MultiPoint"",""coordinates"":[]}"
2023_01_09,29.206943118038133,30.238389111897597,23.894964393251463,1.0314459938594638,Kochi,2023-01-09,"{""type"":""MultiPoint"",""coordinates"":[]}"
2023_01_17,29.770909048017373,30.704395146800866,23.45629356770499,0.9334860987834936,Kochi,2023-01-17,"{""type"":""MultiPoint"",""coordinates"":[]}"
2023_01_25,28.452855454793255,29.518575808064007,23.99452976739705,1.065720353270752,Kochi,2023-01-25,"{""type"":""MultiPoint"",""coordinates"":[]}"
2023_02_02,30.653092603073247,31.56005920331915,23.153041004837355,0.9069666002459016,Kochi,2023-02-02,"{""type"":""MultiPoint"",""coordinates"":[]}"
2023_02_10,30.924233485222857,32.06839661123315,24.785239813528186,1.144163126010291,Kochi,2023-02-10,"{""type"":""MultiPoint"",""coordinates"":[]}"
2023_02_18,32.073740164904024,32.78985853663551,24.901828434547536,0.7161183717314898,Kochi,2023-02-18,"{""type"":""MultiPoint"",""coordinates"":[]}"
2023_02_26,32.9656171524578,33.61382273342355,25.77403998431158,0.6482055809657439,Kochi,2023-02-26,"{""type"":""MultiPoint"",""coordinates"":[]}"
2023_03_06,33.67941712010736,33.97949343915463,25.797643786826164,0.30007631904727106,Kochi,2023-03-06,"{""type"":""MultiPoint"",""coordinates"":[]}"
2023_03_14,32.3573189097884,31.724150658320777,25.770082020289255,-0.6331682514676196,Kochi,2023-03-14,"{""type"":""MultiPoint"",""coordinates"":[]}"
2023_03_22,32.18128529287823,31.790939696633405,24.490533512289268,-0.3903455962448241,Kochi,2023-03-22,"{""type"":""MultiPoint"",""coordinates"":[]}"
2023_03_30,32.25318245039526,32.25862393545498,24.971250000000026,0.005441485059719753,Kochi,2023-03-30,"{""type"":""MultiPoint"",""coordinates"":[]}"
2023_04_07,33.69845752374935,33.50355339185955,26.152282521947356,-0.19490413188979971,Kochi,2023-04-07,"{""type"":""MultiPoint"",""coordinates"":[]}"
2023_04_15,33.89326725859784,34.24104943166802,25.813134322721965,0.3477821730701791,Kochi,2023-04-15,"{""type"":""MultiPoint"",""coordinates"":[]}"
2023_04_23,31.22818181818184,,,,Kochi,2023-04-23,"{""type"":""MultiPoint"",""coordinates"":[]}"
2023_05_01,,,,,Kochi,2023-05-01,"{""type"":""MultiPoint"",""coordinates"":[]}"
2023_05_09,29.52663564054836,30.47539784946239,24.46519163763069,0.9487622089140295,Kochi,2023-05-09,"{""type"":""MultiPoint"",""coordinates"":[]}"
2023_05_17,29.874467037671273,30.7491247863248,,0.8746577486535259,Kochi,2023-05-17,"{""type"":""MultiPoint"",""coordinates"":[]}"
2023_05_25,28.49233546149606,,,,Kochi,2023-05-25,"{""type"":""MultiPoint"",""coordinates"":[]}"
2023_06_02,30.687332842896875,31.220967111690065,,0.5336342687931896,Kochi,2023-06-02,"{""type"":""MultiPoint"",""coordinates"":[]}"
2023_06_10,,,,,Kochi,2023-06-10,"{""type"":""MultiPoint"",""coordinates"":[]}"
2023_06_18,,,,,Kochi,2023-06-18,"{""type"":""MultiPoint"",""coordinates"":[]}"
2023_06_26,29.37246418650257,28.566062717770073,,-0.8064014687324956,Kochi,2023-06-26,"{""type"":""MultiPoint"",""coordinates"":[]}"
2023_07_04,,,,,Kochi,2023-07-04,"{""type"":""MultiPoint"",""coordinates"":[]}"
2023_07_12,28.17176256829889,28.040750279955237,23.6658230683091,-0.13101228834365486,Kochi,2023-07-12,"{""type"":""MultiPoint"",""coordinates"":[]}"
2023_07_20,26.20143864183754,26.96416927899689,,0.7627306371593505,Kochi,2023-07-20,"{""type"":""MultiPoint"",""coordinates"":[]}"
2023_07_28,28.320779156509506,30.0192575279922,24.382912190230666,1.6984783714826932,Kochi,2023-07-28,"{""type"":""MultiPoint"",""coordinates"":[]}"
2023_08_05,27.80713248638841,29.337963676389677,23.524285714285742,1.5308311900012654,Kochi,2023-08-05,"{""type"":""MultiPoint"",""coordinates"":[]}"
2023_08_13,28.594364396932402,30.910000000000036,25.13000000000003,2.3156356030676335,Kochi,2023-08-13,"{""type"":""MultiPoint"",""coordinates"":[]}"
2023_08_21,29.98504311406754,31.8427272727273,25.410000000000025,1.8576841586597581,Kochi,2023-08-21,"{""type"":""MultiPoint"",""coordinates"":[]}"
2023_08_29,30.251602857461787,28.92118159637507,,-1.330421261086716,Kochi,2023-08-29,"{""type"":""MultiPoint"",""coordinates"":[]}"
2023_09_06,,,,,Kochi,2023-09-06,"{""type"":""MultiPoint"",""coordinates"":[]}"
2023_09_14,,,,,Kochi,2023-09-14,"{""type"":""MultiPoint"",""coordinates"":[]}"
2023_09_22,27.22375000000004,,,,Kochi,2023-09-22,"{""type"":""MultiPoint"",""coordinates"":[]}"
2023_09_30,29.4614625244533,30.55000000000001,24.03000000000003,1.0885374755467119,Kochi,2023-09-30,"{""type"":""MultiPoint"",""coordinates"":[]}"
2023_10_08,31.19182404553004,30.812617886178902,,-0.37920615935113844,Kochi,2023-10-08,"{""type"":""MultiPoint"",""coordinates"":[]}"
2023_10_16,28.960000000000036,29.390000000000043,,0.4300000000000068,Kochi,2023-10-16,"{""type"":""MultiPoint"",""coordinates"":[]}"
2023_10_24,28.946842105263183,29.77000000000004,,0.8231578947368554,Kochi,2023-10-24,"{""type"":""MultiPoint"",""coordinates"":[]}"
2023_11_01,30.37837863934104,30.40025909420667,,0.02188045486563084,Kochi,2023-11-01,"{""type"":""MultiPoint"",""coordinates"":[]}"
2023_11_09,28.908823041322265,29.24381894540367,18.751181818181866,0.33499590408140634,Kochi,2023-11-09,"{""type"":""MultiPoint"",""coordinates"":[]}"
2023_11_17,26.94813699858073,25.65689295039169,,-1.2912440481890393,Kochi,2023-11-17,"{""type"":""MultiPoint"",""coordinates"":[]}"
2023_11_25,31.1748567918218,32.693901776290694,,1.519044984468895,Kochi,2023-11-25,"{""type"":""MultiPoint"",""coordinates"":[]}"
2023_12_03,29.3655307817473,28.16366329966334,23.834202020202053,-1.2018674820839585,Kochi,2023-12-03,"{""type"":""MultiPoint"",""coordinates"":[]}"
2023_12_11,29.71190162661057,31.187407145729896,24.76926234757139,1.4755055191193271,Kochi,2023-12-11,"{""type"":""MultiPoint"",""coordinates"":[]}"
2023_12_19,29.73314517301137,31.36133345613067,24.95667602597209,1.6281882831193002,Kochi,2023-12-19,"{""type"":""MultiPoint"",""coordinates"":[]}"
2023_12_27,30.008955000507367,31.33144898530141,23.905068994649426,1.3224939847940433,Kochi,2023-12-27,"{""type"":""MultiPoint"",""coordinates"":[]}"
2024_01_01,29.600367998429647,29.468347039473723,,-0.13202095895592336,Kochi,2024-01-01,"{""type"":""MultiPoint"",""coordinates"":[]}"
2024_01_09,29.41746549634314,30.81071621861415,24.315286221124882,1.3932507222710093,Kochi,2024-01-09,"{""type"":""MultiPoint"",""coordinates"":[]}"
2024_01_17,30.19122259731649,31.038490078418793,24.623268853222747,0.8472674811023033,Kochi,2024-01-17,"{""type"":""MultiPoint"",""coordinates"":[]}"
2024_01_25,29.80894092152345,30.73689683547282,25.139099779000375,0.9279559139493685,Kochi,2024-01-25,"{""type"":""MultiPoint"",""coordinates"":[]}"
2024_02_02,30.668249570044345,31.48223016462759,25.729795497598086,0.8139805945832457,Kochi,2024-02-02,"{""type"":""MultiPoint"",""coordinates"":[]}"
2024_02_10,31.89378072008325,32.79497818529908,26.024367877474962,0.9011974652158301,Kochi,2024-02-10,"{""type"":""MultiPoint"",""coordinates"":[]}"
2024_02_18,31.198518871795134,32.73134318582588,25.168114703165696,1.5328243140307443,Kochi,2024-02-18,"{""type"":""MultiPoint"",""coordinates"":[]}"
2024_02_26,32.33333874454288,33.207370251668195,26.013559077049713,0.8740315071253164,Kochi,2024-02-26,"{""type"":""MultiPoint"",""coordinates"":[]}"
2024_03_05,31.821264428137365,31.916788946542802,25.495578849144653,0.09552451840543696,Kochi,2024-03-05,"{""type"":""MultiPoint"",""coordinates"":[]}"
2024_03_13,31.565303536834193,32.01802592223332,26.008221925133714,0.45272238539912735,Kochi,2024-03-13,"{""type"":""MultiPoint"",""coordinates"":[]}"
2024_03_21,33.18975205648638,34.018302272227295,25.449754549168766,0.8285502157409184,Kochi,2024-03-21,"{""type"":""MultiPoint"",""coordinates"":[]}"
2024_03_29,32.926173408020915,32.507488151658805,26.477846563981075,-0.4186852563621102,Kochi,2024-03-29,"{""type"":""MultiPoint"",""coordinates"":[]}"
2024_04_06,33.55360576473577,34.19431346107027,24.964257377296022,0.640707696334502,Kochi,2024-04-06,"{""type"":""MultiPoint"",""coordinates"":[]}"
2024_04_14,31.876733862320425,,,,Kochi,2024-04-14,"{""type"":""MultiPoint"",""coordinates"":[]}"
2024_04_22,33.7057249968504,35.08194495050376,25.32601565158221,1.3762199536533615,Kochi,2024-04-22,"{""type"":""MultiPoint"",""coordinates"":[]}"
2024_04_30,33.90262980769233,32.24757789145021,27.152888521579445,-1.6550519162421153,Kochi,2024-04-30,"{""type"":""MultiPoint"",""coordinates"":[]}"
2024_05_08,32.353715940620695,32.66334709038385,,0.3096311497631561,Kochi,2024-05-08,"{""type"":""MultiPoint"",""coordinates"":[]}"
2024_05_16,28.860000000000028,,,,Kochi,2024-05-16,"{""type"":""MultiPoint"",""coordinates"":[]}"
2024_05_24,,,,,Kochi,2024-05-24,"{""type"":""MultiPoint"",""coordinates"":[]}"
2024_06_01,,,,,Kochi,2024-06-01,"{""type"":""MultiPoint"",""coordinates"":[]}"
2024_06_09,28.4958998775677,31.26000000000002,,2.7641001224323176,Kochi,2024-06-09,"{""type"":""MultiPoint"",""coordinates"":[]}"
2024_06_17,,,,,Kochi,2024-06-17,"{""type"":""MultiPoint"",""coordinates"":[]}"
2024_06_25,24.36452471482893,,,,Kochi,2024-06-25,"{""type"":""MultiPoint"",""coordinates"":[]}"
2024_07_03,27.569614961496182,,,,Kochi,2024-07-03,"{""type"":""MultiPoint"",""coordinates"":[]}"
2024_07_11,27.994225352112714,,,,Kochi,2024-07-11,"{""type"":""MultiPoint"",""coordinates"":[]}"
2024_07_19,26.38343839120956,27.252169222032986,23.98424242424246,0.8687308308234272,Kochi,2024-07-19,"{""type"":""MultiPoint"",""coordinates"":[]}"
2024_07_27,,,,,Kochi,2024-07-27,"{""type"":""MultiPoint"",""coordinates"":[]}"
2024_08_04,,,,,Kochi,2024-08-04,"{""type"":""MultiPoint"",""coordinates"":[]}"
2024_08_12,,,,,Kochi,2024-08-12,"{""type"":""MultiPoint"",""coordinates"":[]}"
2024_08_20,27.29000000000003,28.53000000000003,,1.2399999999999984,Kochi,2024-08-20,"{""type"":""MultiPoint"",""coordinates"":[]}"
2024_08_28,,,,,Kochi,2024-08-28,"{""type"":""MultiPoint"",""coordinates"":[]}"
2024_09_05,27.617272727272766,28.82285714285717,24.76200000000002,1.2055844155844042,Kochi,2024-09-05,"{""type"":""MultiPoint"",""coordinates"":[]}"
2024_09_13,28.63642140468231,29.740592885375527,25.48416337285905,1.1041714806932177,Kochi,2024-09-13,"{""type"":""MultiPoint"",""coordinates"":[]}"
2024_09_21,29.546702297579568,28.276620209059264,,-1.2700820885203044,Kochi,2024-09-21,"{""type"":""MultiPoint"",""coordinates"":[]}"
2024_09_29,27.852289764714655,,,,Kochi,2024-09-29,"{""type"":""MultiPoint"",""coordinates"":[]}"
2024_10_07,,,,,Kochi,2024-10-07,"{""type"":""MultiPoint"",""coordinates"":[]}"
2024_10_15,28.510867754450064,30.101111111111134,24.398888888888923,1.5902433566610696,Kochi,2024-10-15,"{""type"":""MultiPoint"",""coordinates"":[]}"
2024_10_23,29.163466568699512,30.234738675958205,25.610000000000042,1.071272107258693,Kochi,2024-10-23,"{""type"":""MultiPoint"",""coordinates"":[]}"
2024_10_31,28.593824707428528,29.259741007194275,23.36478836665804,0.6659162997657475,Kochi,2024-10-31,"{""type"":""MultiPoint"",""coordinates"":[]}"
2024_11_08,29.80578482041846,30.456082153196178,24.783933230157007,0.6502973327777184,Kochi,2024-11-08,"{""type"":""MultiPoint"",""coordinates"":[]}"
2024_11_16,29.23255343441411,29.485517566639142,24.402140342642596,0.25296413222503134,Kochi,2024-11-16,"{""type"":""MultiPoint"",""coordinates"":[]}"
2024_11_24,27.661055890515026,28.008205002452208,,0.34714911193718123,Kochi,2024-11-24,"{""type"":""MultiPoint"",""coordinates"":[]}"
2024_12_02,28.67705300200239,29.0925611606035,23.642509032738527,0.41550815860111,Kochi,2024-12-02,"{""type"":""MultiPoint"",""coordinates"":[]}"
2024_12_10,29.00306786919287,29.982679984244026,23.75299071822452,0.9796121150511574,Kochi,2024-12-10,"{""type"":""MultiPoint"",""coordinates"":[]}"
2024_12_18,28.405895441808397,29.21120177029677,24.262987062349275,0.8053063284883741,Kochi,2024-12-18,"{""type"":""MultiPoint"",""coordinates"":[]}"
2024_12_26,27.827818575353827,29.105449768561012,22.851622046183905,1.2776311932071849,Kochi,2024-12-26,"{""type"":""MultiPoint"",""coordinates"":[]}"
