system:index,LST_Day_Rural,LST_Day_Urban,LST_Night_Urban,UHI_Index,city,date,.geo
2000_02_18,25.498905548817472,26.10204248030149,,0.6031369314840163,Kolkata,2000-02-18,"{""type"":""MultiPoint"",""coordinates"":[]}"
2000_02_26,27.672550585973283,27.95760811823933,16.884131626860928,0.28505753226604824,Kolkata,2000-02-26,"{""type"":""MultiPoint"",""coordinates"":[]}"
2000_03_05,29.502225699955655,29.323844609921533,21.117605847911605,-0.17838109003412228,Kolkata,2000-03-05,"{""type"":""MultiPoint"",""coordinates"":[]}"
2000_03_13,30.856809225105753,31.00082997512575,21.072146899405862,0.14402075001999748,Kolkata,2000-03-13,"{""type"":""MultiPoint"",""coordinates"":[]}"
2000_03_21,30.449001957889653,30.59277594653844,21.26042851000815,0.14377398864878543,Kolkata,2000-03-21,"{""type"":""MultiPoint"",""coordinates"":[]}"
2000_03_29,32.989824203630825,33.080610474354394,24.345088345585925,0.09078627072356937,Kolkata,2000-03-29,"{""type"":""MultiPoint"",""coordinates"":[]}"
2000_04_06,31.847163939135374,31.650279119394796,24.983614987769414,-0.19688481974057837,Kolkata,2000-04-06,"{""type"":""MultiPoint"",""coordinates"":[]}"
2000_04_14,31.276290528975256,31.604378973841335,23.24930278825665,0.32808844486607924,Kolkata,2000-04-14,"{""type"":""MultiPoint"",""coordinates"":[]}"
2000_04_22,30.27852987247071,30.402258093664475,23.28343974286157,0.12372822119376536,Kolkata,2000-04-22,"{""type"":""MultiPoint"",""coordinates"":[]}"
2000_04_30,29.913853321207682,30.157322876130046,23.4766354547088,0.24346955492236333,Kolkata,2000-04-30,"{""type"":""MultiPoint"",""coordinates"":[]}"
2000_05_08,33.95944868747604,34.1058417814092,25.787236092197546,0.14639309393315614,Kolkata,2000-05-08,"{""type"":""MultiPoint"",""coordinates"":[]}"
2000_05_16,31.42800127679948,30.819515785575437,18.53000000000003,-0.6084854912240445,Kolkata,2000-05-16,"{""type"":""MultiPoint"",""coordinates"":[]}"
2000_05_24,28.96773442661177,29.88000000000003,22.18500000000003,0.912265573388261,Kolkata,2000-05-24,"{""type"":""MultiPoint"",""coordinates"":[]}"
2000_06_01,33.41470355278819,33.5577328568238,,0.14302930403560765,Kolkata,2000-06-01,"{""type"":""MultiPoint"",""coordinates"":[]}"
2000_06_09,29.235000000000028,,,,Kolkata,2000-06-09,"{""type"":""MultiPoint"",""coordinates"":[]}"
2000_06_17,,,,,Kolkata,2000-06-17,"{""type"":""MultiPoint"",""coordinates"":[]}"
2000_06_25,32.44200000000003,,,,Kolkata,2000-06-25,"{""type"":""MultiPoint"",""coordinates"":[]}"
2000_07_03,34.842012095877614,34.886037954177304,25.673607961120148,0.04402585829969041,Kolkata,2000-07-03,"{""type"":""MultiPoint"",""coordinates"":[]}"
2000_07_11,,,,,Kolkata,2000-07-11,"{""type"":""MultiPoint"",""coordinates"":[]}"
2000_07_19,,,,,Kolkata,2000-07-19,"{""type"":""MultiPoint"",""coordinates"":[]}"
2000_07_27,,,,,Kolkata,2000-07-27,"{""type"":""MultiPoint"",""coordinates"":[]}"
2000_08_04,,,,,Kolkata,2000-08-04,"{""type"":""MultiPoint"",""coordinates"":[]}"
2000_08_12,,,,,Kolkata,2000-08-12,"{""type"":""MultiPoint"",""coordinates"":[]}"
2000_08_20,30.422500000000035,29.038888888888923,25.420000000000034,-1.3836111111111116,Kolkata,2000-08-20,"{""type"":""MultiPoint"",""coordinates"":[]}"
2000_08_28,,,,,Kolkata,2000-08-28,"{""type"":""MultiPoint"",""coordinates"":[]}"
2000_09_05,27.08205574912895,,,,Kolkata,2000-09-05,"{""type"":""MultiPoint"",""coordinates"":[]}"
2000_09_13,28.430533438790807,29.169047619047642,,0.7385141802568356,Kolkata,2000-09-13,"{""type"":""MultiPoint"",""coordinates"":[]}"
2000_09_21,26.99238289340733,28.02039168740125,24.739692502699455,1.0280087939939193,Kolkata,2000-09-21,"{""type"":""MultiPoint"",""coordinates"":[]}"
2000_09_29,28.565696192739633,28.610451979844775,24.350544538396708,0.044755787105142275,Kolkata,2000-09-29,"{""type"":""MultiPoint"",""coordinates"":[]}"
2000_10_07,28.56005545173874,29.149060319042906,24.57864531405785,0.5890048673041655,Kolkata,2000-10-07,"{""type"":""MultiPoint"",""coordinates"":[]}"
2000_10_15,31.12661871464946,31.375665305269187,25.491959516467467,0.24904659061972723,Kolkata,2000-10-15,"{""type"":""MultiPoint"",""coordinates"":[]}"
2000_10_23,30.695303593218746,31.513474345852856,23.79903855100333,0.81817075263411,Kolkata,2000-10-23,"{""type"":""MultiPoint"",""coordinates"":[]}"
2000_10_31,28.33459739320884,28.949165635598803,22.005401388666527,0.6145682423899643,Kolkata,2000-10-31,"{""type"":""MultiPoint"",""coordinates"":[]}"
2000_11_08,28.93851622290126,29.312132607255908,20.137276263364317,0.37361638435464783,Kolkata,2000-11-08,"{""type"":""MultiPoint"",""coordinates"":[]}"
2000_11_16,28.26384683503189,28.099280355327874,20.416117420347945,-0.1645664797040176,Kolkata,2000-11-16,"{""type"":""MultiPoint"",""coordinates"":[]}"
2000_11_24,27.179135854281153,27.004883671026253,18.567179078855265,-0.17425218325490022,Kolkata,2000-11-24,"{""type"":""MultiPoint"",""coordinates"":[]}"
2000_12_02,24.834645140587636,24.36978738899336,14.731012837096072,-0.4648577515942769,Kolkata,2000-12-02,"{""type"":""MultiPoint"",""coordinates"":[]}"
2000_12_10,25.167967304965153,24.78552558513437,14.482210122746842,-0.38244171983078346,Kolkata,2000-12-10,"{""type"":""MultiPoint"",""coordinates"":[]}"
2000_12_18,24.434190922187213,24.07165571269846,14.656563153236322,-0.3625352094887546,Kolkata,2000-12-18,"{""type"":""MultiPoint"",""coordinates"":[]}"
2000_12_26,25.14298640929689,24.87836359689962,14.884239545789503,-0.2646228123972669,Kolkata,2000-12-26,"{""type"":""MultiPoint"",""coordinates"":[]}"
2001_01_01,22.48169732628289,22.195562123451225,12.876331419802233,-0.28613520283166594,Kolkata,2001-01-01,"{""type"":""MultiPoint"",""coordinates"":[]}"
2001_01_09,22.76277194037894,22.790433131547836,11.865996828020661,0.027661191168895982,Kolkata,2001-01-09,"{""type"":""MultiPoint"",""coordinates"":[]}"
2001_01_17,24.610741545985043,24.406877594960957,12.333480841245482,-0.20386395102408628,Kolkata,2001-01-17,"{""type"":""MultiPoint"",""coordinates"":[]}"
2001_01_25,24.424737677293326,24.32009792430321,14.508826826357549,-0.10463975299011707,Kolkata,2001-01-25,"{""type"":""MultiPoint"",""coordinates"":[]}"
2001_02_02,25.79309618708891,25.646407371440716,14.87698378149107,-0.14668881564819358,Kolkata,2001-02-02,"{""type"":""MultiPoint"",""coordinates"":[]}"
2001_02_10,27.76660628741717,27.572430212232078,16.027185003270937,-0.19417607518509072,Kolkata,2001-02-10,"{""type"":""MultiPoint"",""coordinates"":[]}"
2001_02_18,28.60134218884754,28.612471366158974,20.368741506456757,0.011129177311435257,Kolkata,2001-02-18,"{""type"":""MultiPoint"",""coordinates"":[]}"
2001_02_26,28.45726668591985,28.51112496296465,19.674072406955826,0.05385827704479951,Kolkata,2001-02-26,"{""type"":""MultiPoint"",""coordinates"":[]}"
2001_03_06,31.105590661089032,30.866937598263927,19.446895967581227,-0.23865306282510446,Kolkata,2001-03-06,"{""type"":""MultiPoint"",""coordinates"":[]}"
2001_03_14,33.15404104925875,32.55464604327132,22.833106328874557,-0.5993950059874322,Kolkata,2001-03-14,"{""type"":""MultiPoint"",""coordinates"":[]}"
2001_03_22,31.20488194717192,31.301797180416354,24.14279022403261,0.09691523324443452,Kolkata,2001-03-22,"{""type"":""MultiPoint"",""coordinates"":[]}"
2001_03_30,31.631982849883492,31.68839116298908,22.83055657712401,0.0564083131055888,Kolkata,2001-03-30,"{""type"":""MultiPoint"",""coordinates"":[]}"
2001_04_07,32.314201280067614,32.53032641847952,26.58139481946628,0.21612513841190406,Kolkata,2001-04-07,"{""type"":""MultiPoint"",""coordinates"":[]}"
2001_04_15,33.71935607447852,34.088906170335214,24.01138822948936,0.3695500958566953,Kolkata,2001-04-15,"{""type"":""MultiPoint"",""coordinates"":[]}"
2001_04_23,33.538132485792346,33.97096856674943,24.437179834422253,0.43283608095708104,Kolkata,2001-04-23,"{""type"":""MultiPoint"",""coordinates"":[]}"
2001_05_01,31.80878820483954,31.866414895292124,23.058759565422775,0.05762669045258306,Kolkata,2001-05-01,"{""type"":""MultiPoint"",""coordinates"":[]}"
2001_05_09,31.84749805361205,32.56923966856685,22.542651077416284,0.7217416149548015,Kolkata,2001-05-09,"{""type"":""MultiPoint"",""coordinates"":[]}"
2001_05_17,33.842915586008125,33.51222819007515,25.419074030552316,-0.33068739593297636,Kolkata,2001-05-17,"{""type"":""MultiPoint"",""coordinates"":[]}"
2001_05_25,35.795000000000044,,,,Kolkata,2001-05-25,"{""type"":""MultiPoint"",""coordinates"":[]}"
2001_06_02,27.283501593444146,28.55000000000001,,1.2664984065558649,Kolkata,2001-06-02,"{""type"":""MultiPoint"",""coordinates"":[]}"
2001_06_10,,,,,Kolkata,2001-06-10,"{""type"":""MultiPoint"",""coordinates"":[]}"
2001_06_26,,,,,Kolkata,2001-06-26,"{""type"":""MultiPoint"",""coordinates"":[]}"
2001_07_04,27.249217301750793,27.289529485570917,,0.04031218382012369,Kolkata,2001-07-04,"{""type"":""MultiPoint"",""coordinates"":[]}"
2001_07_12,28.370000000000033,,,,Kolkata,2001-07-12,"{""type"":""MultiPoint"",""coordinates"":[]}"
2001_07_20,,,,,Kolkata,2001-07-20,"{""type"":""MultiPoint"",""coordinates"":[]}"
2001_07_28,,,,,Kolkata,2001-07-28,"{""type"":""MultiPoint"",""coordinates"":[]}"
2001_08_05,,,,,Kolkata,2001-08-05,"{""type"":""MultiPoint"",""coordinates"":[]}"
2001_08_13,27.059285714285746,,,,Kolkata,2001-08-13,"{""type"":""MultiPoint"",""coordinates"":[]}"
2001_08_21,,,,,Kolkata,2001-08-21,"{""type"":""MultiPoint"",""coordinates"":[]}"
2001_08_29,28.058338660637745,,,,Kolkata,2001-08-29,"{""type"":""MultiPoint"",""coordinates"":[]}"
2001_09_06,28.785647750755075,29.572753136422048,25.16187212087715,0.7871053856669725,Kolkata,2001-09-06,"{""type"":""MultiPoint"",""coordinates"":[]}"
2001_09_14,29.06422218136693,30.594400118729613,25.39561527083189,1.5301779373626836,Kolkata,2001-09-14,"{""type"":""MultiPoint"",""coordinates"":[]}"
2001_09_22,29.787415471142666,30.769107788366753,26.032914886625075,0.9816923172240877,Kolkata,2001-09-22,"{""type"":""MultiPoint"",""coordinates"":[]}"
2001_09_30,,,,,Kolkata,2001-09-30,"{""type"":""MultiPoint"",""coordinates"":[]}"
2001_10_08,29.59746494575707,29.69147938359019,26.15099958350691,0.09401443783311692,Kolkata,2001-10-08,"{""type"":""MultiPoint"",""coordinates"":[]}"
2001_10_16,28.3763448884414,29.233993165039774,24.445123199214567,0.8576482765983755,Kolkata,2001-10-16,"{""type"":""MultiPoint"",""coordinates"":[]}"
2001_10_24,29.505176453416006,30.577501855393162,23.677699041696307,1.0723254019771566,Kolkata,2001-10-24,"{""type"":""MultiPoint"",""coordinates"":[]}"
2001_11_01,28.794927031279645,29.126787224948792,23.61223725516209,0.3318601936691472,Kolkata,2001-11-01,"{""type"":""MultiPoint"",""coordinates"":[]}"
2001_11_09,28.431195546025847,28.42933900308663,21.003373065388278,-0.001856542939218997,Kolkata,2001-11-09,"{""type"":""MultiPoint"",""coordinates"":[]}"
2001_11_17,28.097327432628333,27.935862186189777,20.736076457923442,-0.16146524643855642,Kolkata,2001-11-17,"{""type"":""MultiPoint"",""coordinates"":[]}"
2001_11_25,27.21668346733876,26.844821029821773,18.241726939999747,-0.3718624375169881,Kolkata,2001-11-25,"{""type"":""MultiPoint"",""coordinates"":[]}"
2001_12_03,26.230509984314022,25.901372816108974,16.391815812851686,-0.32913716820504746,Kolkata,2001-12-03,"{""type"":""MultiPoint"",""coordinates"":[]}"
2001_12_11,24.511879553298357,24.261385889678053,15.394521020842905,-0.2504936636203041,Kolkata,2001-12-11,"{""type"":""MultiPoint"",""coordinates"":[]}"
2001_12_19,22.505490745878994,22.498902253451146,14.023141797062106,-0.006588492427848536,Kolkata,2001-12-19,"{""type"":""MultiPoint"",""coordinates"":[]}"
2001_12_27,24.140993357208735,24.107309305647345,13.872049579684898,-0.03368405156139076,Kolkata,2001-12-27,"{""type"":""MultiPoint"",""coordinates"":[]}"
2002_01_01,23.12929260010096,23.179347890778164,13.537378736416562,0.0500552906772036,Kolkata,2002-01-01,"{""type"":""MultiPoint"",""coordinates"":[]}"
2002_01_09,23.920178818546137,23.85574152844789,15.259761055125782,-0.0644372900982475,Kolkata,2002-01-09,"{""type"":""MultiPoint"",""coordinates"":[]}"
2002_01_17,26.17609055418589,26.21652303644015,17.68080515941075,0.04043248225426055,Kolkata,2002-01-17,"{""type"":""MultiPoint"",""coordinates"":[]}"
2002_01_25,23.747864765136395,24.03270901676696,14.460795174959014,0.2848442516305667,Kolkata,2002-01-25,"{""type"":""MultiPoint"",""coordinates"":[]}"
2002_02_02,24.79572539029938,24.853421269487775,14.98540289532297,0.05769587918839392,Kolkata,2002-02-02,"{""type"":""MultiPoint"",""coordinates"":[]}"
2002_02_10,26.640608060498078,26.833157932391387,16.732338997197907,0.1925498718933092,Kolkata,2002-02-10,"{""type"":""MultiPoint"",""coordinates"":[]}"
2002_02_18,29.017698024181644,28.871070957865015,19.40624082739098,-0.14662706631662914,Kolkata,2002-02-18,"{""type"":""MultiPoint"",""coordinates"":[]}"
2002_02_26,29.314440617104637,29.408833105532764,20.396371303797093,0.09439248842812731,Kolkata,2002-02-26,"{""type"":""MultiPoint"",""coordinates"":[]}"
2002_03_06,29.536771942168727,29.584768030045865,21.5232313383598,0.04799608787713794,Kolkata,2002-03-06,"{""type"":""MultiPoint"",""coordinates"":[]}"
2002_03_14,32.48912850715558,31.964410267903574,22.097386068580267,-0.5247182392520031,Kolkata,2002-03-14,"{""type"":""MultiPoint"",""coordinates"":[]}"
2002_03_22,,,,,Kolkata,2002-03-22,"{""type"":""MultiPoint"",""coordinates"":[]}"
2002_03_30,31.609014595057605,31.637220955084413,23.356540897869905,0.02820636002680743,Kolkata,2002-03-30,"{""type"":""MultiPoint"",""coordinates"":[]}"
2002_04_07,30.529415050174485,30.44024799534002,24.1444671384486,-0.08916705483446563,Kolkata,2002-04-07,"{""type"":""MultiPoint"",""coordinates"":[]}"
2002_04_15,30.60647615072403,30.301552187559654,24.47513603967611,-0.3049239631643772,Kolkata,2002-04-15,"{""type"":""MultiPoint"",""coordinates"":[]}"
2002_04_23,30.655119208156677,30.544633358887623,23.99392986917474,-0.11048584926905392,Kolkata,2002-04-23,"{""type"":""MultiPoint"",""coordinates"":[]}"
2002_05_01,31.339914986172527,31.40053656277088,22.767241281415338,0.06062157659835421,Kolkata,2002-05-01,"{""type"":""MultiPoint"",""coordinates"":[]}"
2002_05_09,32.99732013753106,33.14463232875328,25.422813456818247,0.14731219122221972,Kolkata,2002-05-09,"{""type"":""MultiPoint"",""coordinates"":[]}"
2002_05_17,35.15642598694331,34.62434765019633,25.950269740404448,-0.5320783367469843,Kolkata,2002-05-17,"{""type"":""MultiPoint"",""coordinates"":[]}"
2002_05_25,29.85234978579837,29.884914160426945,23.17656463787404,0.0325643746285742,Kolkata,2002-05-25,"{""type"":""MultiPoint"",""coordinates"":[]}"
2002_06_02,32.71233185537623,33.293784345935286,24.547709569460967,0.5814524905590588,Kolkata,2002-06-02,"{""type"":""MultiPoint"",""coordinates"":[]}"
2002_06_10,29.71041688488534,30.167941176470606,24.395123152709388,0.45752429158526553,Kolkata,2002-06-10,"{""type"":""MultiPoint"",""coordinates"":[]}"
2002_06_18,,,,,Kolkata,2002-06-18,"{""type"":""MultiPoint"",""coordinates"":[]}"
2002_06_26,29.20565825171293,,,,Kolkata,2002-06-26,"{""type"":""MultiPoint"",""coordinates"":[]}"
2002_07_04,29.616923076923097,,,,Kolkata,2002-07-04,"{""type"":""MultiPoint"",""coordinates"":[]}"
2002_07_12,,,,,Kolkata,2002-07-12,"{""type"":""MultiPoint"",""coordinates"":[]}"
2002_07_20,,,,,Kolkata,2002-07-20,"{""type"":""MultiPoint"",""coordinates"":[]}"
2002_07_28,,,,,Kolkata,2002-07-28,"{""type"":""MultiPoint"",""coordinates"":[]}"
2002_08_05,,,,,Kolkata,2002-08-05,"{""type"":""MultiPoint"",""coordinates"":[]}"
2002_08_13,29.98321671055443,,,,Kolkata,2002-08-13,"{""type"":""MultiPoint"",""coordinates"":[]}"
2002_08_21,30.69662549784772,30.877179487179518,,0.18055398933179845,Kolkata,2002-08-21,"{""type"":""MultiPoint"",""coordinates"":[]}"
2002_08_29,29.93571428571432,,,,Kolkata,2002-08-29,"{""type"":""MultiPoint"",""coordinates"":[]}"
2002_09_06,30.1016538220436,30.72971860710519,27.076308008213584,0.6280647850615928,Kolkata,2002-09-06,"{""type"":""MultiPoint"",""coordinates"":[]}"
2002_09_14,28.994302425320544,30.505186315323833,25.950296062706332,1.5108838900032886,Kolkata,2002-09-14,"{""type"":""MultiPoint"",""coordinates"":[]}"
2002_09_22,29.003219752429153,,,,Kolkata,2002-09-22,"{""type"":""MultiPoint"",""coordinates"":[]}"
2002_09_30,29.044882816158644,30.158540738201374,24.909058393326504,1.11365792204273,Kolkata,2002-09-30,"{""type"":""MultiPoint"",""coordinates"":[]}"
2002_10_08,28.756072789686435,29.89697449348772,23.85975820067539,1.1409017038012834,Kolkata,2002-10-08,"{""type"":""MultiPoint"",""coordinates"":[]}"
2002_10_16,28.157398826890116,28.954802226779993,23.72872253149724,0.7974033998898769,Kolkata,2002-10-16,"{""type"":""MultiPoint"",""coordinates"":[]}"
2002_10_24,27.759625001886008,28.604445769720172,21.672055956924794,0.8448207678341646,Kolkata,2002-10-24,"{""type"":""MultiPoint"",""coordinates"":[]}"
2002_11_01,28.076446816272124,28.605247103634383,22.10617267100463,0.5288002873622588,Kolkata,2002-11-01,"{""type"":""MultiPoint"",""coordinates"":[]}"
2002_11_09,27.219648235900742,27.58587639700407,19.385364417081743,0.36622816110332934,Kolkata,2002-11-09,"{""type"":""MultiPoint"",""coordinates"":[]}"
2002_11_17,26.073178371717116,25.80604320677021,18.65125084166733,-0.26713516494690737,Kolkata,2002-11-17,"{""type"":""MultiPoint"",""coordinates"":[]}"
2002_11_25,27.143760452754062,27.224517410635684,18.899809275400635,0.08075695788162207,Kolkata,2002-11-25,"{""type"":""MultiPoint"",""coordinates"":[]}"
2002_12_03,25.311222223099268,25.334047889314935,15.806848107772407,0.02282566621566673,Kolkata,2002-12-03,"{""type"":""MultiPoint"",""coordinates"":[]}"
2002_12_11,25.352361946968383,25.09630501314713,16.727726733910988,-0.2560569338212524,Kolkata,2002-12-11,"{""type"":""MultiPoint"",""coordinates"":[]}"
2002_12_19,25.968862741044756,25.415062271633573,16.758480416183957,-0.5538004694111827,Kolkata,2002-12-19,"{""type"":""MultiPoint"",""coordinates"":[]}"
2002_12_27,23.237360136930693,23.07979305574772,13.408970258680345,-0.1575670811829717,Kolkata,2002-12-27,"{""type"":""MultiPoint"",""coordinates"":[]}"
2003_01_01,21.713452006244687,21.461921802836407,12.652299058062194,-0.25153020340827936,Kolkata,2003-01-01,"{""type"":""MultiPoint"",""coordinates"":[]}"
2003_01_09,19.148270563133757,19.009493072886205,11.077444105534523,-0.13877749024755204,Kolkata,2003-01-09,"{""type"":""MultiPoint"",""coordinates"":[]}"
2003_01_17,21.703928126474963,21.693016583372543,12.45973015016168,-0.01091154310242004,Kolkata,2003-01-17,"{""type"":""MultiPoint"",""coordinates"":[]}"
2003_01_25,24.481894456481285,24.489637734321658,15.29091755420074,0.007743277840372542,Kolkata,2003-01-25,"{""type"":""MultiPoint"",""coordinates"":[]}"
2003_02_02,26.314658053109575,26.48994680464681,18.228407827316268,0.17528875153723433,Kolkata,2003-02-02,"{""type"":""MultiPoint"",""coordinates"":[]}"
2003_02_10,27.37947291425217,26.587561413531414,18.917190075899807,-0.7919115007207544,Kolkata,2003-02-10,"{""type"":""MultiPoint"",""coordinates"":[]}"
2003_02_18,27.969999724701374,28.223727779309183,19.482702695398903,0.2537280546078087,Kolkata,2003-02-18,"{""type"":""MultiPoint"",""coordinates"":[]}"
2003_02_26,30.38754328607384,30.613224481618747,21.45417954967893,0.22568119554490806,Kolkata,2003-02-26,"{""type"":""MultiPoint"",""coordinates"":[]}"
2003_03_06,28.443325296749464,28.652706170329164,17.127071335295827,0.20938087357970048,Kolkata,2003-03-06,"{""type"":""MultiPoint"",""coordinates"":[]}"
2003_03_14,29.32711816873072,29.947660143632547,22.137485542396064,0.6205419749018262,Kolkata,2003-03-14,"{""type"":""MultiPoint"",""coordinates"":[]}"
2003_03_22,30.043071059203257,30.409810488919923,22.502125797152125,0.3667394297166666,Kolkata,2003-03-22,"{""type"":""MultiPoint"",""coordinates"":[]}"
2003_03_30,30.47095314336135,30.534354378972914,24.08461873171225,0.06340123561156474,Kolkata,2003-03-30,"{""type"":""MultiPoint"",""coordinates"":[]}"
2003_04_07,31.303002951757733,31.346950600395218,24.70577184982524,0.04394764863748435,Kolkata,2003-04-07,"{""type"":""MultiPoint"",""coordinates"":[]}"
2003_04_15,31.66316375556335,31.572019988204243,24.340946167581023,-0.09114376735910668,Kolkata,2003-04-15,"{""type"":""MultiPoint"",""coordinates"":[]}"
2003_04_23,32.48557849054303,32.51038698622681,24.692568049313536,0.024808495683785736,Kolkata,2003-04-23,"{""type"":""MultiPoint"",""coordinates"":[]}"
2003_05_01,30.773910630173784,31.561312724065683,25.097996151511378,0.7874020938918989,Kolkata,2003-05-01,"{""type"":""MultiPoint"",""coordinates"":[]}"
2003_05_09,32.639832420982565,32.2305742272758,25.174565316852583,-0.4092581937067621,Kolkata,2003-05-09,"{""type"":""MultiPoint"",""coordinates"":[]}"
2003_05_17,31.212239550114077,30.603877150279242,25.257589232751776,-0.6083623998348351,Kolkata,2003-05-17,"{""type"":""MultiPoint"",""coordinates"":[]}"
2003_05_25,30.632543663036433,30.21142055767284,24.165131412277614,-0.4211231053635913,Kolkata,2003-05-25,"{""type"":""MultiPoint"",""coordinates"":[]}"
2003_06_02,34.96694955618097,34.487567034881096,,-0.47938252129987546,Kolkata,2003-06-02,"{""type"":""MultiPoint"",""coordinates"":[]}"
2003_06_10,34.16347902980859,34.06364874964074,23.276818856718645,-0.09983028016785056,Kolkata,2003-06-10,"{""type"":""MultiPoint"",""coordinates"":[]}"
2003_06_18,,,,,Kolkata,2003-06-18,"{""type"":""MultiPoint"",""coordinates"":[]}"
2003_06_26,,,,,Kolkata,2003-06-26,"{""type"":""MultiPoint"",""coordinates"":[]}"
2003_07_04,30.65602504248631,,,,Kolkata,2003-07-04,"{""type"":""MultiPoint"",""coordinates"":[]}"
2003_07_12,29.405537935427656,29.217985330836495,26.23644975031214,-0.1875526045911613,Kolkata,2003-07-12,"{""type"":""MultiPoint"",""coordinates"":[]}"
2003_07_20,,29.890000000000043,,,Kolkata,2003-07-20,"{""type"":""MultiPoint"",""coordinates"":[]}"
2003_07_28,,,,,Kolkata,2003-07-28,"{""type"":""MultiPoint"",""coordinates"":[]}"
2003_08_05,29.221428571428596,30.910000000000025,,1.6885714285714286,Kolkata,2003-08-05,"{""type"":""MultiPoint"",""coordinates"":[]}"
2003_08_13,,,,,Kolkata,2003-08-13,"{""type"":""MultiPoint"",""coordinates"":[]}"
2003_08_21,26.970000000000027,27.96769230769234,,0.9976923076923114,Kolkata,2003-08-21,"{""type"":""MultiPoint"",""coordinates"":[]}"
2003_08_29,27.83000000000004,,,,Kolkata,2003-08-29,"{""type"":""MultiPoint"",""coordinates"":[]}"
2003_09_06,,,,,Kolkata,2003-09-06,"{""type"":""MultiPoint"",""coordinates"":[]}"
2003_09_14,27.723333333333358,,,,Kolkata,2003-09-14,"{""type"":""MultiPoint"",""coordinates"":[]}"
2003_09_22,27.708564869122238,27.509299093655624,,-0.19926577546661406,Kolkata,2003-09-22,"{""type"":""MultiPoint"",""coordinates"":[]}"
2003_09_30,29.763623853211037,31.703333333333358,25.410000000000025,1.9397094801223211,Kolkata,2003-09-30,"{""type"":""MultiPoint"",""coordinates"":[]}"
2003_10_08,27.5614665306465,28.72482346155237,24.507210714156965,1.16335693090587,Kolkata,2003-10-08,"{""type"":""MultiPoint"",""coordinates"":[]}"
2003_10_16,28.240308329711787,28.89922322987666,23.914049179377162,0.6589149001648735,Kolkata,2003-10-16,"{""type"":""MultiPoint"",""coordinates"":[]}"
2003_10_24,28.188567912284647,28.785603028664163,,0.5970351163795158,Kolkata,2003-10-24,"{""type"":""MultiPoint"",""coordinates"":[]}"
2003_11_01,28.332283761300385,29.056931231707612,22.63865446055545,0.724647470407227,Kolkata,2003-11-01,"{""type"":""MultiPoint"",""coordinates"":[]}"
2003_11_09,27.604843773866786,27.85397206437227,20.35953473316638,0.24912829050548524,Kolkata,2003-11-09,"{""type"":""MultiPoint"",""coordinates"":[]}"
2003_11_17,27.14475602483339,27.191181620209097,18.925522539198624,0.04642559537570534,Kolkata,2003-11-17,"{""type"":""MultiPoint"",""coordinates"":[]}"
2003_11_25,26.061723815310376,25.717532997546197,17.016978518231554,-0.34419081776417926,Kolkata,2003-11-25,"{""type"":""MultiPoint"",""coordinates"":[]}"
2003_12_03,25.359978696705358,25.11130786645158,16.457241596792084,-0.24867083025377923,Kolkata,2003-12-03,"{""type"":""MultiPoint"",""coordinates"":[]}"
2003_12_11,23.76668551924076,22.96251475094912,16.899060970589602,-0.804170768291641,Kolkata,2003-12-11,"{""type"":""MultiPoint"",""coordinates"":[]}"
2003_12_19,23.156361195734974,23.19712139031942,13.819567352158694,0.04076019458444691,Kolkata,2003-12-19,"{""type"":""MultiPoint"",""coordinates"":[]}"
2003_12_27,21.12005711556631,21.10764049384774,13.726996453199963,-0.012416621718571719,Kolkata,2003-12-27,"{""type"":""MultiPoint"",""coordinates"":[]}"
2004_01_01,20.74178908934709,20.2883427823812,11.785604012211103,-0.4534463069658905,Kolkata,2004-01-01,"{""type"":""MultiPoint"",""coordinates"":[]}"
2004_01_09,21.761702204298043,21.58213147520962,14.158105972276235,-0.17957072908842164,Kolkata,2004-01-09,"{""type"":""MultiPoint"",""coordinates"":[]}"
2004_01_17,24.27743236246283,24.335078586785613,17.358753971055442,0.057646224322784434,Kolkata,2004-01-17,"{""type"":""MultiPoint"",""coordinates"":[]}"
2004_01_25,23.07704159597118,23.425045648345577,14.824340532023385,0.3480040523743959,Kolkata,2004-01-25,"{""type"":""MultiPoint"",""coordinates"":[]}"
2004_02_02,23.23390896815253,23.401541567490003,13.743327230151035,0.1676325993374732,Kolkata,2004-02-02,"{""type"":""MultiPoint"",""coordinates"":[]}"
2004_02_10,26.598995236721795,26.80911569984544,17.368790145579425,0.21012046312364419,Kolkata,2004-02-10,"{""type"":""MultiPoint"",""coordinates"":[]}"
2004_02_18,29.00818142565268,29.117699666367976,18.575708887137385,0.10951824071529614,Kolkata,2004-02-18,"{""type"":""MultiPoint"",""coordinates"":[]}"
2004_02_26,30.81960653022119,31.004523494957493,20.89218335755498,0.1849169647363027,Kolkata,2004-02-26,"{""type"":""MultiPoint"",""coordinates"":[]}"
2004_03_05,30.664544566697554,30.78017322869389,20.04839731746463,0.11562866199633604,Kolkata,2004-03-05,"{""type"":""MultiPoint"",""coordinates"":[]}"
2004_03_13,33.04968585135886,32.821867187912765,23.897695599344946,-0.2278186634460937,Kolkata,2004-03-13,"{""type"":""MultiPoint"",""coordinates"":[]}"
2004_03_21,33.27855796828912,33.305622471439136,24.230985221674885,0.027064503150015184,Kolkata,2004-03-21,"{""type"":""MultiPoint"",""coordinates"":[]}"
2004_03_29,31.236155109665354,30.811947635420296,24.391271991322537,-0.42420747424505834,Kolkata,2004-03-29,"{""type"":""MultiPoint"",""coordinates"":[]}"
2004_04_06,30.429428522633426,30.983846495965455,23.49569042929456,0.5544179733320291,Kolkata,2004-04-06,"{""type"":""MultiPoint"",""coordinates"":[]}"
2004_04_14,33.34297963467845,33.15802365353247,25.461626234909726,-0.18495598114598266,Kolkata,2004-04-14,"{""type"":""MultiPoint"",""coordinates"":[]}"
2004_04_22,31.456212406730305,31.25004849186983,24.409261367867977,-0.20616391486047547,Kolkata,2004-04-22,"{""type"":""MultiPoint"",""coordinates"":[]}"
2004_04_30,33.912358683118576,33.66082426262147,25.7961226764191,-0.2515344204971086,Kolkata,2004-04-30,"{""type"":""MultiPoint"",""coordinates"":[]}"
2004_05_08,33.271332883515214,32.89459388166332,23.96673969591504,-0.37673900185189524,Kolkata,2004-05-08,"{""type"":""MultiPoint"",""coordinates"":[]}"
2004_05_16,30.285476092234905,29.537390467708892,21.72242537313436,-0.7480856245260128,Kolkata,2004-05-16,"{""type"":""MultiPoint"",""coordinates"":[]}"
2004_05_24,32.28839843280254,31.317474385245923,21.357997518866977,-0.9709240475566148,Kolkata,2004-05-24,"{""type"":""MultiPoint"",""coordinates"":[]}"
2004_06_01,29.58045983526036,30.85285714285717,,1.2723973075968118,Kolkata,2004-06-01,"{""type"":""MultiPoint"",""coordinates"":[]}"
2004_06_09,30.782639662447288,,,,Kolkata,2004-06-09,"{""type"":""MultiPoint"",""coordinates"":[]}"
2004_06_17,29.01717330805226,,,,Kolkata,2004-06-17,"{""type"":""MultiPoint"",""coordinates"":[]}"
2004_06_25,31.217168318553338,31.590000000000032,24.57000000000005,0.3728316814466943,Kolkata,2004-06-25,"{""type"":""MultiPoint"",""coordinates"":[]}"
2004_07_03,,,,,Kolkata,2004-07-03,"{""type"":""MultiPoint"",""coordinates"":[]}"
2004_07_11,,,,,Kolkata,2004-07-11,"{""type"":""MultiPoint"",""coordinates"":[]}"
2004_07_19,,,,,Kolkata,2004-07-19,"{""type"":""MultiPoint"",""coordinates"":[]}"
2004_07_27,26.247791842475436,,,,Kolkata,2004-07-27,"{""type"":""MultiPoint"",""coordinates"":[]}"
2004_08_04,,,,,Kolkata,2004-08-04,"{""type"":""MultiPoint"",""coordinates"":[]}"
2004_08_12,28.00000000000003,,,,Kolkata,2004-08-12,"{""type"":""MultiPoint"",""coordinates"":[]}"
2004_08_20,28.730000000000018,,,,Kolkata,2004-08-20,"{""type"":""MultiPoint"",""coordinates"":[]}"
2004_08_28,,,,,Kolkata,2004-08-28,"{""type"":""MultiPoint"",""coordinates"":[]}"
2004_09_05,30.287894238261877,31.199964412811415,,0.9120701745495374,Kolkata,2004-09-05,"{""type"":""MultiPoint"",""coordinates"":[]}"
2004_09_13,24.976184771906834,,,,Kolkata,2004-09-13,"{""type"":""MultiPoint"",""coordinates"":[]}"
2004_09_21,29.08935848577239,29.67029415685405,25.83729704510112,0.5809356710816616,Kolkata,2004-09-21,"{""type"":""MultiPoint"",""coordinates"":[]}"
2004_09_29,29.858401025696253,30.788860079779102,25.874032941943938,0.9304590540828492,Kolkata,2004-09-29,"{""type"":""MultiPoint"",""coordinates"":[]}"
2004_10_07,28.704433075594007,29.689147983244208,25.06510393339834,0.9847149076502006,Kolkata,2004-10-07,"{""type"":""MultiPoint"",""coordinates"":[]}"
2004_10_15,28.80980342886621,29.97007464505684,23.734854203795116,1.1602712161906297,Kolkata,2004-10-15,"{""type"":""MultiPoint"",""coordinates"":[]}"
2004_10_23,28.371574502046673,29.10428463834421,23.36998758682256,0.7327101362975377,Kolkata,2004-10-23,"{""type"":""MultiPoint"",""coordinates"":[]}"
2004_10_31,27.56269681358842,28.24042835373869,20.07618264936159,0.677731540150269,Kolkata,2004-10-31,"{""type"":""MultiPoint"",""coordinates"":[]}"
2004_11_08,27.735048417681245,27.73713212599014,20.08177258810262,0.002083708308894927,Kolkata,2004-11-08,"{""type"":""MultiPoint"",""coordinates"":[]}"
2004_11_16,27.39775135683578,27.563997254352167,19.50366427152707,0.16624589751638652,Kolkata,2004-11-16,"{""type"":""MultiPoint"",""coordinates"":[]}"
2004_11_24,27.244949397076223,26.974377512032987,19.226579500157182,-0.2705718850432355,Kolkata,2004-11-24,"{""type"":""MultiPoint"",""coordinates"":[]}"
2004_12_02,26.448150148488654,26.198354470954055,16.676540446400942,-0.24979567753459975,Kolkata,2004-12-02,"{""type"":""MultiPoint"",""coordinates"":[]}"
2004_12_10,25.803647347687427,25.531050223872402,17.682046472147228,-0.2725971238150251,Kolkata,2004-12-10,"{""type"":""MultiPoint"",""coordinates"":[]}"
2004_12_18,25.731095764359065,25.95142678547075,17.50853343637774,0.22033102111168645,Kolkata,2004-12-18,"{""type"":""MultiPoint"",""coordinates"":[]}"
2004_12_26,22.17681835288056,22.09185128046899,13.516927788634083,-0.08496707241156898,Kolkata,2004-12-26,"{""type"":""MultiPoint"",""coordinates"":[]}"
2005_01_01,23.966990083804138,23.756920548266887,14.940162308121291,-0.21006953553725083,Kolkata,2005-01-01,"{""type"":""MultiPoint"",""coordinates"":[]}"
2005_01_09,23.15689891761596,22.70197999062061,14.83194716273257,-0.4549189269953473,Kolkata,2005-01-09,"{""type"":""MultiPoint"",""coordinates"":[]}"
2005_01_17,22.364061313572545,22.433334115255327,14.179271835170884,0.06927280168278216,Kolkata,2005-01-17,"{""type"":""MultiPoint"",""coordinates"":[]}"
2005_01_25,22.83907752489028,22.805550549660495,15.233838862871453,-0.03352697522978332,Kolkata,2005-01-25,"{""type"":""MultiPoint"",""coordinates"":[]}"
2005_02_02,24.63128802427104,24.588934420659243,16.744436969079203,-0.0423536036117973,Kolkata,2005-02-02,"{""type"":""MultiPoint"",""coordinates"":[]}"
2005_02_10,28.872054164042403,29.00045350114881,20.548848821851553,0.1283993371064085,Kolkata,2005-02-10,"{""type"":""MultiPoint"",""coordinates"":[]}"
2005_02_18,28.720939695222345,28.44312695092518,20.172823620273572,-0.2778127442971652,Kolkata,2005-02-18,"{""type"":""MultiPoint"",""coordinates"":[]}"
2005_02_26,31.20951623545505,30.952072395906338,21.951194672648295,-0.2574438395487135,Kolkata,2005-02-26,"{""type"":""MultiPoint"",""coordinates"":[]}"
2005_03_06,30.808825960366335,30.94419021098857,22.27313627705631,0.135364250622235,Kolkata,2005-03-06,"{""type"":""MultiPoint"",""coordinates"":[]}"
2005_03_14,30.73356876223196,30.859592730830798,22.964520308488993,0.1260239685988367,Kolkata,2005-03-14,"{""type"":""MultiPoint"",""coordinates"":[]}"
2005_03_22,30.415166865152557,31.423060695468973,21.781762486828285,1.0078938303164158,Kolkata,2005-03-22,"{""type"":""MultiPoint"",""coordinates"":[]}"
2005_03_30,30.47691405292889,30.898961971324038,24.09033484796007,0.42204791839514755,Kolkata,2005-03-30,"{""type"":""MultiPoint"",""coordinates"":[]}"
2005_04_07,31.839022970410166,32.61796682005332,24.77132345494181,0.7789438496431522,Kolkata,2005-04-07,"{""type"":""MultiPoint"",""coordinates"":[]}"
2005_04_15,31.36202167319936,31.78015026422781,23.54729274040375,0.4181285910284487,Kolkata,2005-04-15,"{""type"":""MultiPoint"",""coordinates"":[]}"
2005_04_23,34.350647654263156,34.329086707927466,25.971524857880606,-0.021560946335689835,Kolkata,2005-04-23,"{""type"":""MultiPoint"",""coordinates"":[]}"
2005_05_01,32.078627904033084,31.889496735247036,24.945925868438238,-0.18913116878604797,Kolkata,2005-05-01,"{""type"":""MultiPoint"",""coordinates"":[]}"
2005_05_09,32.63956124118132,32.69667256344812,24.675039083938586,0.057111322266798936,Kolkata,2005-05-09,"{""type"":""MultiPoint"",""coordinates"":[]}"
2005_05_17,31.35120157398237,30.13569100410383,22.529868249550876,-1.2155105698785391,Kolkata,2005-05-17,"{""type"":""MultiPoint"",""coordinates"":[]}"
2005_05_25,34.818389365896905,33.734361447797404,25.575995820446394,-1.0840279180995012,Kolkata,2005-05-25,"{""type"":""MultiPoint"",""coordinates"":[]}"
2005_06_02,33.91943809977636,33.25291396599454,26.19957555888234,-0.6665241337818202,Kolkata,2005-06-02,"{""type"":""MultiPoint"",""coordinates"":[]}"
2005_06_10,32.61155615663913,31.544958144373503,21.52015161200443,-1.0665980122656293,Kolkata,2005-06-10,"{""type"":""MultiPoint"",""coordinates"":[]}"
2005_06_18,,,,,Kolkata,2005-06-18,"{""type"":""MultiPoint"",""coordinates"":[]}"
2005_06_26,,,,,Kolkata,2005-06-26,"{""type"":""MultiPoint"",""coordinates"":[]}"
2005_07_04,27.255808429118797,,,,Kolkata,2005-07-04,"{""type"":""MultiPoint"",""coordinates"":[]}"
2005_07_12,30.72179871520346,30.200000000000045,,-0.5217987152034134,Kolkata,2005-07-12,"{""type"":""MultiPoint"",""coordinates"":[]}"
2005_07_20,,,,,Kolkata,2005-07-20,"{""type"":""MultiPoint"",""coordinates"":[]}"
2005_07_28,,,,,Kolkata,2005-07-28,"{""type"":""MultiPoint"",""coordinates"":[]}"
2005_08_05,,,,,Kolkata,2005-08-05,"{""type"":""MultiPoint"",""coordinates"":[]}"
2005_08_13,,,,,Kolkata,2005-08-13,"{""type"":""MultiPoint"",""coordinates"":[]}"
2005_08_21,,,,,Kolkata,2005-08-21,"{""type"":""MultiPoint"",""coordinates"":[]}"
2005_08_29,31.430734467214062,31.883058630067705,26.250000000000057,0.4523241628536425,Kolkata,2005-08-29,"{""type"":""MultiPoint"",""coordinates"":[]}"
2005_09_06,31.001559350672874,28.16142025611179,,-2.840139094561085,Kolkata,2005-09-06,"{""type"":""MultiPoint"",""coordinates"":[]}"
2005_09_14,28.731557387525616,28.976876372315076,26.927349880668306,0.2453189847894599,Kolkata,2005-09-14,"{""type"":""MultiPoint"",""coordinates"":[]}"
2005_09_22,28.72361644510098,28.82048808172535,26.599080590238398,0.09687163662437115,Kolkata,2005-09-22,"{""type"":""MultiPoint"",""coordinates"":[]}"
2005_09_30,28.980347877867928,30.244587483093564,24.32895930161074,1.2642396052256366,Kolkata,2005-09-30,"{""type"":""MultiPoint"",""coordinates"":[]}"
2005_10_08,29.03206907446532,30.448022938829826,24.89318716755323,1.415953864364507,Kolkata,2005-10-08,"{""type"":""MultiPoint"",""coordinates"":[]}"
2005_10_16,29.975665844238566,31.651130897992953,,1.6754650537543867,Kolkata,2005-10-16,"{""type"":""MultiPoint"",""coordinates"":[]}"
2005_10_24,26.117100922809623,26.850548338399303,22.40516652885285,0.73344741558968,Kolkata,2005-10-24,"{""type"":""MultiPoint"",""coordinates"":[]}"
2005_11_01,26.949020641836125,28.11168838738258,21.711353833958942,1.1626677455464538,Kolkata,2005-11-01,"{""type"":""MultiPoint"",""coordinates"":[]}"
2005_11_09,26.345013915549664,26.618939769025783,20.051558069292323,0.2739258534761184,Kolkata,2005-11-09,"{""type"":""MultiPoint"",""coordinates"":[]}"
2005_11_17,25.989829879139293,26.340139803784183,17.57608397570665,0.35030992464488975,Kolkata,2005-11-17,"{""type"":""MultiPoint"",""coordinates"":[]}"
2005_11_25,25.235036499160447,24.788005692587646,16.37191481404006,-0.44703080657280125,Kolkata,2005-11-25,"{""type"":""MultiPoint"",""coordinates"":[]}"
2005_12_03,24.344547854025507,24.189433875113448,15.036324752884191,-0.15511397891205903,Kolkata,2005-12-03,"{""type"":""MultiPoint"",""coordinates"":[]}"
2005_12_11,23.951323985693858,23.770982741331125,14.90243058121197,-0.18034124436273302,Kolkata,2005-12-11,"{""type"":""MultiPoint"",""coordinates"":[]}"
2005_12_19,23.805159045113935,23.81957706141312,16.085655384202354,0.014418016299185155,Kolkata,2005-12-19,"{""type"":""MultiPoint"",""coordinates"":[]}"
2005_12_27,23.863384061696635,23.62122450089761,13.978416109086318,-0.24215956079902412,Kolkata,2005-12-27,"{""type"":""MultiPoint"",""coordinates"":[]}"
2006_01_01,20.81021611798504,20.35266397189742,12.102670708820575,-0.4575521460876182,Kolkata,2006-01-01,"{""type"":""MultiPoint"",""coordinates"":[]}"
2006_01_09,22.91987932323984,22.722712558054,13.092911359421242,-0.1971667651858411,Kolkata,2006-01-09,"{""type"":""MultiPoint"",""coordinates"":[]}"
2006_01_17,25.687352031565524,25.711077768292917,16.433031278044112,0.023725736727392643,Kolkata,2006-01-17,"{""type"":""MultiPoint"",""coordinates"":[]}"
2006_01_25,23.996704258125217,24.264862415648388,14.4321872150283,0.26815815752317107,Kolkata,2006-01-25,"{""type"":""MultiPoint"",""coordinates"":[]}"
2006_02_02,26.15983313810861,26.1542945063088,17.580503674124742,-0.005538631799808513,Kolkata,2006-02-02,"{""type"":""MultiPoint"",""coordinates"":[]}"
2006_02_10,28.484699884633635,28.710629092143634,19.86344804358491,0.22592920750999923,Kolkata,2006-02-10,"{""type"":""MultiPoint"",""coordinates"":[]}"
2006_02_18,31.76284752244162,31.732135375516403,22.630220208131146,-0.030712146925218065,Kolkata,2006-02-18,"{""type"":""MultiPoint"",""coordinates"":[]}"
2006_02_26,31.23183730681426,31.681775140494356,21.70984991090606,0.4499378336800959,Kolkata,2006-02-26,"{""type"":""MultiPoint"",""coordinates"":[]}"
2006_03_06,31.00047294237556,30.732037402977127,22.55139415601715,-0.2684355393984319,Kolkata,2006-03-06,"{""type"":""MultiPoint"",""coordinates"":[]}"
2006_03_14,33.26019100143206,33.1637756621027,21.06998342357676,-0.09641533932936142,Kolkata,2006-03-14,"{""type"":""MultiPoint"",""coordinates"":[]}"
2006_03_22,34.42778603912058,34.22518706727841,22.732739377593635,-0.20259897184217124,Kolkata,2006-03-22,"{""type"":""MultiPoint"",""coordinates"":[]}"
2006_03_30,33.542710834057836,33.1200838094197,24.062646201787736,-0.42262702463813895,Kolkata,2006-03-30,"{""type"":""MultiPoint"",""coordinates"":[]}"
2006_04_07,31.323682186210323,31.184801471169873,24.500306361886725,-0.1388807150404503,Kolkata,2006-04-07,"{""type"":""MultiPoint"",""coordinates"":[]}"
2006_04_15,32.57421716094719,33.38299815691598,23.346810029908777,0.8087809959687888,Kolkata,2006-04-15,"{""type"":""MultiPoint"",""coordinates"":[]}"
2006_04_23,32.560051823933975,32.46514229676648,25.385369786453616,-0.0949095271674949,Kolkata,2006-04-23,"{""type"":""MultiPoint"",""coordinates"":[]}"
2006_05_01,34.34219562932273,34.1739916455753,24.9373227764464,-0.16820398374743206,Kolkata,2006-05-01,"{""type"":""MultiPoint"",""coordinates"":[]}"
2006_05_09,32.0780468528659,31.798150367241856,25.847271387879402,-0.2798964856240467,Kolkata,2006-05-09,"{""type"":""MultiPoint"",""coordinates"":[]}"
2006_05_17,35.42575672358528,35.531153153153184,26.440204954955007,0.10539642956790374,Kolkata,2006-05-17,"{""type"":""MultiPoint"",""coordinates"":[]}"
2006_05_25,,,,,Kolkata,2006-05-25,"{""type"":""MultiPoint"",""coordinates"":[]}"
2006_06_02,,,,,Kolkata,2006-06-02,"{""type"":""MultiPoint"",""coordinates"":[]}"
2006_06_10,30.68343374351322,29.539955846279668,23.59291087489782,-1.1434778972335522,Kolkata,2006-06-10,"{""type"":""MultiPoint"",""coordinates"":[]}"
2006_06_18,32.01218693472425,32.48789620073386,22.85589888880716,0.47570926600960917,Kolkata,2006-06-18,"{""type"":""MultiPoint"",""coordinates"":[]}"
2006_06_26,,,,,Kolkata,2006-06-26,"{""type"":""MultiPoint"",""coordinates"":[]}"
2006_07_04,,,,,Kolkata,2006-07-04,"{""type"":""MultiPoint"",""coordinates"":[]}"
2006_07_12,,,,,Kolkata,2006-07-12,"{""type"":""MultiPoint"",""coordinates"":[]}"
2006_07_20,,,,,Kolkata,2006-07-20,"{""type"":""MultiPoint"",""coordinates"":[]}"
2006_07_28,,,,,Kolkata,2006-07-28,"{""type"":""MultiPoint"",""coordinates"":[]}"
2006_08_05,31.014810147417393,30.96011284255779,,-0.05469730485960156,Kolkata,2006-08-05,"{""type"":""MultiPoint"",""coordinates"":[]}"
2006_08_13,,,,,Kolkata,2006-08-13,"{""type"":""MultiPoint"",""coordinates"":[]}"
2006_08_21,,,,,Kolkata,2006-08-21,"{""type"":""MultiPoint"",""coordinates"":[]}"
2006_08_29,29.68689220254741,,,,Kolkata,2006-08-29,"{""type"":""MultiPoint"",""coordinates"":[]}"
2006_09_06,30.41181866016542,30.945427486712262,25.1709525379038,0.5336088265468426,Kolkata,2006-09-06,"{""type"":""MultiPoint"",""coordinates"":[]}"
2006_09_14,27.937619827939404,,,,Kolkata,2006-09-14,"{""type"":""MultiPoint"",""coordinates"":[]}"
2006_09_22,26.954067407123734,,,,Kolkata,2006-09-22,"{""type"":""MultiPoint"",""coordinates"":[]}"
2006_09_30,29.543002969284085,30.36877370198277,25.335679240382156,0.8257707326986861,Kolkata,2006-09-30,"{""type"":""MultiPoint"",""coordinates"":[]}"
2006_10_08,30.56204770765004,31.155917030567746,25.728009461426485,0.5938693229177048,Kolkata,2006-10-08,"{""type"":""MultiPoint"",""coordinates"":[]}"
2006_10_16,27.860091274954033,28.24044163537317,23.777570740995422,0.3803503604191363,Kolkata,2006-10-16,"{""type"":""MultiPoint"",""coordinates"":[]}"
2006_10_24,29.25739197012305,30.44054133027905,23.48725585942958,1.1831493601560013,Kolkata,2006-10-24,"{""type"":""MultiPoint"",""coordinates"":[]}"
2006_11_01,29.019042775884124,30.06875336652246,22.3372076377362,1.0497105906383375,Kolkata,2006-11-01,"{""type"":""MultiPoint"",""coordinates"":[]}"
2006_11_09,26.260364686080447,26.250864095558835,20.983202871847023,-0.00950059052161123,Kolkata,2006-11-09,"{""type"":""MultiPoint"",""coordinates"":[]}"
2006_11_17,28.168795741393932,28.06066816691833,19.731361822805805,-0.10812757447560273,Kolkata,2006-11-17,"{""type"":""MultiPoint"",""coordinates"":[]}"
2006_11_25,26.434493194226093,26.133168600031837,16.283715437788054,-0.3013245941942557,Kolkata,2006-11-25,"{""type"":""MultiPoint"",""coordinates"":[]}"
2006_12_03,26.55651940982347,26.000574546461333,16.38541900902082,-0.5559448633621358,Kolkata,2006-12-03,"{""type"":""MultiPoint"",""coordinates"":[]}"
2006_12_11,24.59730258816265,24.245066269841285,15.372391402116419,-0.3522363183213635,Kolkata,2006-12-11,"{""type"":""MultiPoint"",""coordinates"":[]}"
2006_12_19,25.201559700143967,24.854123411534744,16.161872434017635,-0.3474362886092237,Kolkata,2006-12-19,"{""type"":""MultiPoint"",""coordinates"":[]}"
2006_12_27,23.750309172397788,23.65705594739656,14.398922640290012,-0.09325322500122724,Kolkata,2006-12-27,"{""type"":""MultiPoint"",""coordinates"":[]}"
2007_01_01,22.48099486053168,22.508983849955555,12.983257097954906,0.027988989423874955,Kolkata,2007-01-01,"{""type"":""MultiPoint"",""coordinates"":[]}"
2007_01_09,23.167717584926457,23.167119505954247,12.884790926659704,-5.980789722102031E-4,Kolkata,2007-01-09,"{""type"":""MultiPoint"",""coordinates"":[]}"
2007_01_17,22.921725553457126,22.802214351257128,13.51362782161868,-0.11951120219999822,Kolkata,2007-01-17,"{""type"":""MultiPoint"",""coordinates"":[]}"
2007_01_25,24.92713005372962,24.88194314641747,16.18100337487023,-0.045186907312150026,Kolkata,2007-01-25,"{""type"":""MultiPoint"",""coordinates"":[]}"
2007_02_02,25.924296272118305,25.498193587084238,19.915749381451057,-0.426102685034067,Kolkata,2007-02-02,"{""type"":""MultiPoint"",""coordinates"":[]}"
2007_02_10,25.24977823359404,25.370367731272292,18.063673677929955,0.12058949767825311,Kolkata,2007-02-10,"{""type"":""MultiPoint"",""coordinates"":[]}"
2007_02_18,27.675908287075274,27.762906722552472,17.384989069754877,0.08699843547719865,Kolkata,2007-02-18,"{""type"":""MultiPoint"",""coordinates"":[]}"
2007_02_26,27.320225971174864,27.447977496740457,18.871623518428137,0.12775152556559277,Kolkata,2007-02-26,"{""type"":""MultiPoint"",""coordinates"":[]}"
2007_03_06,29.648274856867257,29.388759597533863,18.929151520707755,-0.25951525933339425,Kolkata,2007-03-06,"{""type"":""MultiPoint"",""coordinates"":[]}"
2007_03_14,30.29667670082392,30.135525580142158,20.88607613979544,-0.16115112068176174,Kolkata,2007-03-14,"{""type"":""MultiPoint"",""coordinates"":[]}"
2007_03_22,33.1722769746003,33.071373939423175,23.394467741849073,-0.10090303517712584,Kolkata,2007-03-22,"{""type"":""MultiPoint"",""coordinates"":[]}"
2007_03_30,33.923565823598,34.27032803998488,24.799455481040965,0.3467622163868853,Kolkata,2007-03-30,"{""type"":""MultiPoint"",""coordinates"":[]}"
2007_04_07,32.022706911655064,32.301622575382254,24.528390597619246,0.2789156637271901,Kolkata,2007-04-07,"{""type"":""MultiPoint"",""coordinates"":[]}"
2007_04_15,33.35658718205306,33.89708847504887,23.399113301392326,0.5405012929958062,Kolkata,2007-04-15,"{""type"":""MultiPoint"",""coordinates"":[]}"
2007_04_23,31.71421539556406,32.015351673867706,24.534840842959195,0.30113627830364464,Kolkata,2007-04-23,"{""type"":""MultiPoint"",""coordinates"":[]}"
2007_05_01,34.63209931470748,34.8431212136582,24.44178537816928,0.21102189895071888,Kolkata,2007-05-01,"{""type"":""MultiPoint"",""coordinates"":[]}"
2007_05_09,33.166769808466036,32.83461304326935,25.262040433814484,-0.3321567651966859,Kolkata,2007-05-09,"{""type"":""MultiPoint"",""coordinates"":[]}"
2007_05_17,30.333097096172473,31.085441974983,20.186387434555016,0.7523448788105256,Kolkata,2007-05-17,"{""type"":""MultiPoint"",""coordinates"":[]}"
2007_05_25,33.58572597722775,33.2848926932907,24.411710287280282,-0.30083328393705244,Kolkata,2007-05-25,"{""type"":""MultiPoint"",""coordinates"":[]}"
2007_06_02,32.57676806818373,31.82147197284285,25.132282608695682,-0.7552960953408814,Kolkata,2007-06-02,"{""type"":""MultiPoint"",""coordinates"":[]}"
2007_06_10,,,,,Kolkata,2007-06-10,"{""type"":""MultiPoint"",""coordinates"":[]}"
2007_06_18,27.930000000000007,,,,Kolkata,2007-06-18,"{""type"":""MultiPoint"",""coordinates"":[]}"
2007_06_26,,,,,Kolkata,2007-06-26,"{""type"":""MultiPoint"",""coordinates"":[]}"
2007_07_04,,,,,Kolkata,2007-07-04,"{""type"":""MultiPoint"",""coordinates"":[]}"
2007_07_12,30.155614646905,30.02000000000004,,-0.13561464690496194,Kolkata,2007-07-12,"{""type"":""MultiPoint"",""coordinates"":[]}"
2007_07_20,,,,,Kolkata,2007-07-20,"{""type"":""MultiPoint"",""coordinates"":[]}"
2007_07_28,31.07000000000005,,,,Kolkata,2007-07-28,"{""type"":""MultiPoint"",""coordinates"":[]}"
2007_08_05,,,,,Kolkata,2007-08-05,"{""type"":""MultiPoint"",""coordinates"":[]}"
2007_08_13,,,,,Kolkata,2007-08-13,"{""type"":""MultiPoint"",""coordinates"":[]}"
2007_08_21,30.218117756464533,29.33728480914854,,-0.8808329473159944,Kolkata,2007-08-21,"{""type"":""MultiPoint"",""coordinates"":[]}"
2007_08_29,30.407064817435636,,,,Kolkata,2007-08-29,"{""type"":""MultiPoint"",""coordinates"":[]}"
2007_09_06,,,,,Kolkata,2007-09-06,"{""type"":""MultiPoint"",""coordinates"":[]}"
2007_09_14,29.55913436123351,29.55000000000003,,-0.00913436123348177,Kolkata,2007-09-14,"{""type"":""MultiPoint"",""coordinates"":[]}"
2007_09_22,26.170000000000016,,,,Kolkata,2007-09-22,"{""type"":""MultiPoint"",""coordinates"":[]}"
2007_09_30,29.387797101449323,29.528333333333364,,0.14053623188404174,Kolkata,2007-09-30,"{""type"":""MultiPoint"",""coordinates"":[]}"
2007_10_08,29.33466484768074,30.221787179306734,23.944895106718697,0.8871223316259922,Kolkata,2007-10-08,"{""type"":""MultiPoint"",""coordinates"":[]}"
2007_10_16,29.37608973590966,30.34190515610867,23.779949288670835,0.9658154201990108,Kolkata,2007-10-16,"{""type"":""MultiPoint"",""coordinates"":[]}"
2007_10_24,29.037564412898146,29.998940891260784,23.288056420702997,0.961376478362638,Kolkata,2007-10-24,"{""type"":""MultiPoint"",""coordinates"":[]}"
2007_11_01,28.11760695044884,28.55684813046827,23.17833969327204,0.4392411800194296,Kolkata,2007-11-01,"{""type"":""MultiPoint"",""coordinates"":[]}"
2007_11_09,28.206518163212277,28.66939488821271,21.70646654587891,0.4628767250004344,Kolkata,2007-11-09,"{""type"":""MultiPoint"",""coordinates"":[]}"
2007_11_17,27.21747460779273,27.256662750635435,19.990196328720724,0.03918814284270411,Kolkata,2007-11-17,"{""type"":""MultiPoint"",""coordinates"":[]}"
2007_11_25,27.150170093488594,26.7851517871765,18.28819165519293,-0.36501830631209486,Kolkata,2007-11-25,"{""type"":""MultiPoint"",""coordinates"":[]}"
2007_12_03,24.712400266072244,24.25210573630142,16.558361729452095,-0.46029452977082386,Kolkata,2007-12-03,"{""type"":""MultiPoint"",""coordinates"":[]}"
2007_12_11,23.366475410769745,23.218594911289188,14.75776169872129,-0.14788049948055715,Kolkata,2007-12-11,"{""type"":""MultiPoint"",""coordinates"":[]}"
2007_12_19,22.705331012836236,22.59985237824344,13.778579417805277,-0.10547863459279583,Kolkata,2007-12-19,"{""type"":""MultiPoint"",""coordinates"":[]}"
2007_12_27,22.370536653964788,22.407957604010928,13.280197085642268,0.03742095004614043,Kolkata,2007-12-27,"{""type"":""MultiPoint"",""coordinates"":[]}"
2008_01_01,23.597842760593295,23.628356952806637,13.788667395480859,0.030514192213342284,Kolkata,2008-01-01,"{""type"":""MultiPoint"",""coordinates"":[]}"
2008_01_09,24.612442683983286,24.503541915117548,15.06342584739012,-0.10890076886573752,Kolkata,2008-01-09,"{""type"":""MultiPoint"",""coordinates"":[]}"
2008_01_17,24.858262218897302,25.182110723944263,16.372231251300224,0.3238485050469606,Kolkata,2008-01-17,"{""type"":""MultiPoint"",""coordinates"":[]}"
2008_01_25,21.092322462270268,21.520065113504863,13.592285718343295,0.42774265123459543,Kolkata,2008-01-25,"{""type"":""MultiPoint"",""coordinates"":[]}"
2008_02_02,22.233783776100886,22.587074742631543,14.263499365392772,0.3532909665306576,Kolkata,2008-02-02,"{""type"":""MultiPoint"",""coordinates"":[]}"
2008_02_10,23.483167734675646,23.868614993500664,15.284653230723258,0.3854472588250175,Kolkata,2008-02-10,"{""type"":""MultiPoint"",""coordinates"":[]}"
2008_02_18,25.804359916183593,26.036087525198376,18.726430223229052,0.23172760901478284,Kolkata,2008-02-18,"{""type"":""MultiPoint"",""coordinates"":[]}"
2008_02_26,27.07721048731483,27.270116944901005,20.27935155551714,0.19290645758617586,Kolkata,2008-02-26,"{""type"":""MultiPoint"",""coordinates"":[]}"
2008_03_05,29.57162381916825,29.210303278581947,22.370779134641644,-0.36132054058630203,Kolkata,2008-03-05,"{""type"":""MultiPoint"",""coordinates"":[]}"
2008_03_13,30.941038838433833,31.122048305832692,23.078604001653424,0.1810094673988587,Kolkata,2008-03-13,"{""type"":""MultiPoint"",""coordinates"":[]}"
2008_03_21,31.97295118130943,32.47880934037917,23.180648227519836,0.5058581590697422,Kolkata,2008-03-21,"{""type"":""MultiPoint"",""coordinates"":[]}"
2008_03_29,30.500290914413185,31.709830484299296,22.173628490681434,1.209539569886111,Kolkata,2008-03-29,"{""type"":""MultiPoint"",""coordinates"":[]}"
2008_04_06,30.65612730447198,31.371868158937552,23.04038652672169,0.7157408544655723,Kolkata,2008-04-06,"{""type"":""MultiPoint"",""coordinates"":[]}"
2008_04_14,32.073673588694646,32.533436722118886,26.48743253255438,0.45976313342423936,Kolkata,2008-04-14,"{""type"":""MultiPoint"",""coordinates"":[]}"
2008_04_22,33.61966077605527,34.09009198534154,24.963024321726973,0.4704312092862679,Kolkata,2008-04-22,"{""type"":""MultiPoint"",""coordinates"":[]}"
2008_04_30,31.670341002459633,31.272293299822554,24.939802696716423,-0.3980477026370792,Kolkata,2008-04-30,"{""type"":""MultiPoint"",""coordinates"":[]}"
2008_05_08,32.710230261260605,32.05467725066544,24.6180270549554,-0.6555530105951632,Kolkata,2008-05-08,"{""type"":""MultiPoint"",""coordinates"":[]}"
2008_05_16,32.46527794239651,32.34136799429414,23.839218187840547,-0.12390994810237288,Kolkata,2008-05-16,"{""type"":""MultiPoint"",""coordinates"":[]}"
2008_05_24,33.19745294852852,33.79823369565222,23.08347282659015,0.6007807471237001,Kolkata,2008-05-24,"{""type"":""MultiPoint"",""coordinates"":[]}"
2008_06_01,34.4516995810711,33.89675102512434,27.388518043597756,-0.5549485559467584,Kolkata,2008-06-01,"{""type"":""MultiPoint"",""coordinates"":[]}"
2008_06_09,30.622000000000035,,,,Kolkata,2008-06-09,"{""type"":""MultiPoint"",""coordinates"":[]}"
2008_06_17,,,,,Kolkata,2008-06-17,"{""type"":""MultiPoint"",""coordinates"":[]}"
2008_06_25,29.797025703794386,,,,Kolkata,2008-06-25,"{""type"":""MultiPoint"",""coordinates"":[]}"
2008_07_03,,,,,Kolkata,2008-07-03,"{""type"":""MultiPoint"",""coordinates"":[]}"
2008_07_11,,,,,Kolkata,2008-07-11,"{""type"":""MultiPoint"",""coordinates"":[]}"
2008_07_19,,,,,Kolkata,2008-07-19,"{""type"":""MultiPoint"",""coordinates"":[]}"
2008_07_27,24.473859850660567,,,,Kolkata,2008-07-27,"{""type"":""MultiPoint"",""coordinates"":[]}"
2008_08_04,,,,,Kolkata,2008-08-04,"{""type"":""MultiPoint"",""coordinates"":[]}"
2008_08_12,,,,,Kolkata,2008-08-12,"{""type"":""MultiPoint"",""coordinates"":[]}"
2008_08_20,29.715500000000038,,,,Kolkata,2008-08-20,"{""type"":""MultiPoint"",""coordinates"":[]}"
2008_08_28,28.56065073988235,29.144770436730163,25.670000000000016,0.5841196968478108,Kolkata,2008-08-28,"{""type"":""MultiPoint"",""coordinates"":[]}"
2008_09_05,29.26684291502132,28.433615384615432,,-0.8332275304058889,Kolkata,2008-09-05,"{""type"":""MultiPoint"",""coordinates"":[]}"
2008_09_13,29.834822076808315,30.15045858680396,,0.3156365099956453,Kolkata,2008-09-13,"{""type"":""MultiPoint"",""coordinates"":[]}"
2008_09_21,,,,,Kolkata,2008-09-21,"{""type"":""MultiPoint"",""coordinates"":[]}"
2008_09_29,28.859912860859495,29.93170937450264,25.349716695845963,1.071796513643143,Kolkata,2008-09-29,"{""type"":""MultiPoint"",""coordinates"":[]}"
2008_10_07,29.915901650921253,31.063965948408807,25.019600219245714,1.1480642974875543,Kolkata,2008-10-07,"{""type"":""MultiPoint"",""coordinates"":[]}"
2008_10_15,29.799259244164254,30.82208318065233,24.656654681201953,1.0228239364880771,Kolkata,2008-10-15,"{""type"":""MultiPoint"",""coordinates"":[]}"
2008_10_23,25.260279937791633,26.56647058823532,21.567647058823557,1.3061906504436855,Kolkata,2008-10-23,"{""type"":""MultiPoint"",""coordinates"":[]}"
2008_10_31,28.926515702437253,29.76436186132688,22.241734428188558,0.8378461588896258,Kolkata,2008-10-31,"{""type"":""MultiPoint"",""coordinates"":[]}"
2008_11_08,28.622344944146683,29.138916192188635,21.609477574667878,0.5165712480419522,Kolkata,2008-11-08,"{""type"":""MultiPoint"",""coordinates"":[]}"
2008_11_16,26.588740062469775,26.912574162910694,19.196267868579117,0.3238341004409193,Kolkata,2008-11-16,"{""type"":""MultiPoint"",""coordinates"":[]}"
2008_11_24,26.843171235590223,26.64075645756459,17.875464735779463,-0.20241477802563423,Kolkata,2008-11-24,"{""type"":""MultiPoint"",""coordinates"":[]}"
2008_12_02,26.729028232222596,26.26832532740055,18.2573144128461,-0.4607029048220461,Kolkata,2008-12-02,"{""type"":""MultiPoint"",""coordinates"":[]}"
2008_12_10,26.828586325032692,25.783569255966317,17.82586102012169,-1.0450170690663754,Kolkata,2008-12-10,"{""type"":""MultiPoint"",""coordinates"":[]}"
2008_12_18,23.32273770975442,23.183614478605737,14.294429530201398,-0.13912323114868386,Kolkata,2008-12-18,"{""type"":""MultiPoint"",""coordinates"":[]}"
2008_12_26,24.29706339061684,24.65825577704901,14.740289419196897,0.3611923864321689,Kolkata,2008-12-26,"{""type"":""MultiPoint"",""coordinates"":[]}"
2009_01_01,22.58991467473936,22.9391718888299,15.172582403965338,0.3492572140905388,Kolkata,2009-01-01,"{""type"":""MultiPoint"",""coordinates"":[]}"
2009_01_09,24.629553967100627,24.89469373452322,16.577398495538034,0.2651397674225926,Kolkata,2009-01-09,"{""type"":""MultiPoint"",""coordinates"":[]}"
2009_01_17,24.529251675409007,24.8761377628597,16.239962647387927,0.3468860874506916,Kolkata,2009-01-17,"{""type"":""MultiPoint"",""coordinates"":[]}"
2009_01_25,26.014533726535227,26.48539906041331,18.1016193354272,0.47086533387808416,Kolkata,2009-01-25,"{""type"":""MultiPoint"",""coordinates"":[]}"
2009_02_02,26.467655272048816,26.77289787573663,17.371212677796397,0.3052426036878124,Kolkata,2009-02-02,"{""type"":""MultiPoint"",""coordinates"":[]}"
2009_02_10,27.596262072764347,27.64581693375147,18.55048149337025,0.04955486098712214,Kolkata,2009-02-10,"{""type"":""MultiPoint"",""coordinates"":[]}"
2009_02_18,30.296494139730797,30.60272831545832,19.527577141387066,0.30623417572752487,Kolkata,2009-02-18,"{""type"":""MultiPoint"",""coordinates"":[]}"
2009_02_26,29.91897339264094,30.15423476127575,21.072356347558873,0.2352613686348093,Kolkata,2009-02-26,"{""type"":""MultiPoint"",""coordinates"":[]}"
2009_03_06,30.276298206180183,30.346300737634387,20.802038285361146,0.07000253145420388,Kolkata,2009-03-06,"{""type"":""MultiPoint"",""coordinates"":[]}"
2009_03_14,29.20811803782818,29.149950581104935,22.255689566752174,-0.058167456723243305,Kolkata,2009-03-14,"{""type"":""MultiPoint"",""coordinates"":[]}"
2009_03_22,31.524780770818417,31.731129908427803,22.94903516551744,0.20634913760938645,Kolkata,2009-03-22,"{""type"":""MultiPoint"",""coordinates"":[]}"
2009_03_30,31.9897828189912,32.55019168196904,25.074134961287815,0.560408862977841,Kolkata,2009-03-30,"{""type"":""MultiPoint"",""coordinates"":[]}"
2009_04_07,34.7012839517228,35.26790468107679,25.630497334571036,0.5666207293539927,Kolkata,2009-04-07,"{""type"":""MultiPoint"",""coordinates"":[]}"
2009_04_15,34.63532260815251,35.150340376571556,25.000951616189482,0.5150177684190496,Kolkata,2009-04-15,"{""type"":""MultiPoint"",""coordinates"":[]}"
2009_04_23,35.240772281682645,35.2417868255193,25.405146451081066,0.0010145438366535586,Kolkata,2009-04-23,"{""type"":""MultiPoint"",""coordinates"":[]}"
2009_05_01,33.37060132818411,34.3379530387804,25.395796101602635,0.9673517105962901,Kolkata,2009-05-01,"{""type"":""MultiPoint"",""coordinates"":[]}"
2009_05_09,34.05063236221358,35.05239479265148,24.483039706671484,1.0017624304378998,Kolkata,2009-05-09,"{""type"":""MultiPoint"",""coordinates"":[]}"
2009_05_17,31.507668453342,32.083030034924356,25.857547380675232,0.5753615815823565,Kolkata,2009-05-17,"{""type"":""MultiPoint"",""coordinates"":[]}"
2009_05_25,29.367686337271184,28.618014616321595,24.505592747559298,-0.7496717209495891,Kolkata,2009-05-25,"{""type"":""MultiPoint"",""coordinates"":[]}"
2009_06_02,32.29955989236654,32.35155504737018,26.040865730153577,0.05199515500363816,Kolkata,2009-06-02,"{""type"":""MultiPoint"",""coordinates"":[]}"
2009_06_10,31.948285902918027,31.414711855800995,24.909187611068837,-0.5335740471170318,Kolkata,2009-06-10,"{""type"":""MultiPoint"",""coordinates"":[]}"
2009_06_18,30.91370828040193,,,,Kolkata,2009-06-18,"{""type"":""MultiPoint"",""coordinates"":[]}"
2009_06_26,,,,,Kolkata,2009-06-26,"{""type"":""MultiPoint"",""coordinates"":[]}"
2009_07_04,,,,,Kolkata,2009-07-04,"{""type"":""MultiPoint"",""coordinates"":[]}"
2009_07_12,,,,,Kolkata,2009-07-12,"{""type"":""MultiPoint"",""coordinates"":[]}"
2009_07_20,,,,,Kolkata,2009-07-20,"{""type"":""MultiPoint"",""coordinates"":[]}"
2009_07_28,,,,,Kolkata,2009-07-28,"{""type"":""MultiPoint"",""coordinates"":[]}"
2009_08_05,,,,,Kolkata,2009-08-05,"{""type"":""MultiPoint"",""coordinates"":[]}"
2009_08_13,,,,,Kolkata,2009-08-13,"{""type"":""MultiPoint"",""coordinates"":[]}"
2009_08_21,,,,,Kolkata,2009-08-21,"{""type"":""MultiPoint"",""coordinates"":[]}"
2009_08_29,29.461178082191818,29.33000000000004,26.49000000000001,-0.13117808219177718,Kolkata,2009-08-29,"{""type"":""MultiPoint"",""coordinates"":[]}"
2009_09_06,30.33377422695324,31.112823191889444,26.415580614952386,0.7790489649362051,Kolkata,2009-09-06,"{""type"":""MultiPoint"",""coordinates"":[]}"
2009_09_14,30.19644058953964,30.872372278987143,25.964858819215284,0.675931689447502,Kolkata,2009-09-14,"{""type"":""MultiPoint"",""coordinates"":[]}"
2009_09_22,28.892285168978713,28.693127434613274,27.931279910962743,-0.19915773436543915,Kolkata,2009-09-22,"{""type"":""MultiPoint"",""coordinates"":[]}"
2009_09_30,29.96956027854458,29.96200000000003,,-0.007560278544548993,Kolkata,2009-09-30,"{""type"":""MultiPoint"",""coordinates"":[]}"
2009_10_08,29.123844957207613,30.3877864536951,25.697520785392193,1.2639414964874867,Kolkata,2009-10-08,"{""type"":""MultiPoint"",""coordinates"":[]}"
2009_10_16,29.271875695245907,30.591334295063927,22.62157248248467,1.3194585998180202,Kolkata,2009-10-16,"{""type"":""MultiPoint"",""coordinates"":[]}"
2009_10_24,28.657900450599794,29.494291549208256,21.06064102636531,0.8363910986084626,Kolkata,2009-10-24,"{""type"":""MultiPoint"",""coordinates"":[]}"
2009_11_01,29.630483309260015,30.507041843308247,22.666535371428246,0.8765585340482325,Kolkata,2009-11-01,"{""type"":""MultiPoint"",""coordinates"":[]}"
2009_11_09,28.94216071323155,29.030263375977675,21.663182006526156,0.08810266274612388,Kolkata,2009-11-09,"{""type"":""MultiPoint"",""coordinates"":[]}"
2009_11_17,25.619453741776347,25.745164316590255,17.413363723880195,0.12571057481390824,Kolkata,2009-11-17,"{""type"":""MultiPoint"",""coordinates"":[]}"
2009_11_25,26.212458776574618,25.76347141526595,17.05811349625231,-0.44898736130866723,Kolkata,2009-11-25,"{""type"":""MultiPoint"",""coordinates"":[]}"
2009_12_03,25.756720236130263,25.580675514464687,15.990767223382065,-0.17604472166557628,Kolkata,2009-12-03,"{""type"":""MultiPoint"",""coordinates"":[]}"
2009_12_11,25.44715507257475,25.117571478037217,17.473678769291688,-0.3295835945375316,Kolkata,2009-12-11,"{""type"":""MultiPoint"",""coordinates"":[]}"
2009_12_19,23.66849681979151,23.550687048393986,14.629328435241995,-0.1178097713975248,Kolkata,2009-12-19,"{""type"":""MultiPoint"",""coordinates"":[]}"
2009_12_27,22.33235612722492,22.239956468806636,12.661561956231283,-0.09239965841828379,Kolkata,2009-12-27,"{""type"":""MultiPoint"",""coordinates"":[]}"
2010_01_01,21.682918000740482,21.73147972597668,12.50355526754308,0.04856172523619762,Kolkata,2010-01-01,"{""type"":""MultiPoint"",""coordinates"":[]}"
2010_01_09,22.699492998810534,22.142918054911245,13.803406435831509,-0.5565749438992889,Kolkata,2010-01-09,"{""type"":""MultiPoint"",""coordinates"":[]}"
2010_01_17,23.727146438076048,23.768237157549855,12.504366463351879,0.04109071947380727,Kolkata,2010-01-17,"{""type"":""MultiPoint"",""coordinates"":[]}"
2010_01_25,25.3060979495906,25.316174781838892,14.03041520172003,0.010076832248291367,Kolkata,2010-01-25,"{""type"":""MultiPoint"",""coordinates"":[]}"
2010_02_02,25.570235271383332,25.65685903328819,15.23281957615642,0.08662376190485688,Kolkata,2010-02-02,"{""type"":""MultiPoint"",""coordinates"":[]}"
2010_02_10,26.182649802899,26.325736176702122,19.871426357733178,0.14308637380312206,Kolkata,2010-02-10,"{""type"":""MultiPoint"",""coordinates"":[]}"
2010_02_18,26.553523407881187,26.66593361489508,19.194219856046686,0.11241020701389459,Kolkata,2010-02-18,"{""type"":""MultiPoint"",""coordinates"":[]}"
2010_02_26,31.334124542163106,31.21644527058772,22.26410559038635,-0.11767927157538693,Kolkata,2010-02-26,"{""type"":""MultiPoint"",""coordinates"":[]}"
2010_03_06,31.09058195516684,31.210688574356315,22.27108595946149,0.12010661918947463,Kolkata,2010-03-06,"{""type"":""MultiPoint"",""coordinates"":[]}"
2010_03_14,32.39228545519924,32.08266269648446,24.499314070039468,-0.30962275871478084,Kolkata,2010-03-14,"{""type"":""MultiPoint"",""coordinates"":[]}"
2010_03_22,32.93860176216969,33.30882883078057,23.992863580233532,0.3702270686108804,Kolkata,2010-03-22,"{""type"":""MultiPoint"",""coordinates"":[]}"
2010_03_30,32.145644594038345,31.88270495682974,25.458920226106756,-0.26293963720860347,Kolkata,2010-03-30,"{""type"":""MultiPoint"",""coordinates"":[]}"
2010_04_07,33.67506704284238,33.90252139933017,25.771547976094144,0.22745435648779022,Kolkata,2010-04-07,"{""type"":""MultiPoint"",""coordinates"":[]}"
2010_04_15,32.36700609738938,32.52459434736853,25.163425137623822,0.157588249979149,Kolkata,2010-04-15,"{""type"":""MultiPoint"",""coordinates"":[]}"
2010_04_23,32.07425618741475,31.692719962157067,24.616087735896052,-0.3815362252576797,Kolkata,2010-04-23,"{""type"":""MultiPoint"",""coordinates"":[]}"
2010_05_01,32.900993782699715,33.35568424050121,25.79784598486701,0.4546904578014974,Kolkata,2010-05-01,"{""type"":""MultiPoint"",""coordinates"":[]}"
2010_05_09,31.51068196428353,32.575474258383515,25.739789069217597,1.064792294099984,Kolkata,2010-05-09,"{""type"":""MultiPoint"",""coordinates"":[]}"
2010_05_17,,,,,Kolkata,2010-05-17,"{""type"":""MultiPoint"",""coordinates"":[]}"
2010_05_25,29.02394881376641,29.18883954794816,20.310622942066416,0.16489073418174982,Kolkata,2010-05-25,"{""type"":""MultiPoint"",""coordinates"":[]}"
2010_06_02,28.923591570604522,28.528575655947947,,-0.39501591465657526,Kolkata,2010-06-02,"{""type"":""MultiPoint"",""coordinates"":[]}"
2010_06_10,35.33368421052635,,,,Kolkata,2010-06-10,"{""type"":""MultiPoint"",""coordinates"":[]}"
2010_06_18,,,,,Kolkata,2010-06-18,"{""type"":""MultiPoint"",""coordinates"":[]}"
2010_06_26,30.368649016100214,,,,Kolkata,2010-06-26,"{""type"":""MultiPoint"",""coordinates"":[]}"
2010_07_04,30.791268786677048,30.61829596412559,25.03343796711512,-0.17297282255145774,Kolkata,2010-07-04,"{""type"":""MultiPoint"",""coordinates"":[]}"
2010_07_12,,,,,Kolkata,2010-07-12,"{""type"":""MultiPoint"",""coordinates"":[]}"
2010_07_20,,,,,Kolkata,2010-07-20,"{""type"":""MultiPoint"",""coordinates"":[]}"
2010_07_28,,29.470000000000027,,,Kolkata,2010-07-28,"{""type"":""MultiPoint"",""coordinates"":[]}"
2010_08_05,32.967250704582185,32.30153443415226,,-0.6657162704299253,Kolkata,2010-08-05,"{""type"":""MultiPoint"",""coordinates"":[]}"
2010_08_13,30.35730680948741,,,,Kolkata,2010-08-13,"{""type"":""MultiPoint"",""coordinates"":[]}"
2010_08_21,,,,,Kolkata,2010-08-21,"{""type"":""MultiPoint"",""coordinates"":[]}"
2010_08_29,30.984545454545483,32.170000000000016,25.710000000000036,1.185454545454533,Kolkata,2010-08-29,"{""type"":""MultiPoint"",""coordinates"":[]}"
2010_09_06,28.94351338873503,,,,Kolkata,2010-09-06,"{""type"":""MultiPoint"",""coordinates"":[]}"
2010_09_14,28.966895283773013,,,,Kolkata,2010-09-14,"{""type"":""MultiPoint"",""coordinates"":[]}"
2010_09_22,28.330587382065186,28.715509719594042,25.808691209358372,0.38492233752885596,Kolkata,2010-09-22,"{""type"":""MultiPoint"",""coordinates"":[]}"
2010_09_30,29.628530835477488,30.654396249209007,25.44803946384402,1.0258654137315197,Kolkata,2010-09-30,"{""type"":""MultiPoint"",""coordinates"":[]}"
2010_10_08,28.79555398389121,29.991407928139054,24.147419644600692,1.195853944247844,Kolkata,2010-10-08,"{""type"":""MultiPoint"",""coordinates"":[]}"
2010_10_16,29.984614051443163,31.186743980561108,26.117285177821984,1.2021299291179446,Kolkata,2010-10-16,"{""type"":""MultiPoint"",""coordinates"":[]}"
2010_10_24,28.65817398615966,29.505246573864273,23.601611709753524,0.8470725877046128,Kolkata,2010-10-24,"{""type"":""MultiPoint"",""coordinates"":[]}"
2010_11_01,27.342959723368867,28.459550966337236,22.25231002800317,1.1165912429683686,Kolkata,2010-11-01,"{""type"":""MultiPoint"",""coordinates"":[]}"
2010_11_09,29.240818766080277,29.272922287135234,22.16629857889604,0.03210352105495673,Kolkata,2010-11-09,"{""type"":""MultiPoint"",""coordinates"":[]}"
2010_11_17,27.71643197959796,27.776013371439422,19.14818773226225,0.05958139184146205,Kolkata,2010-11-17,"{""type"":""MultiPoint"",""coordinates"":[]}"
2010_11_25,26.78036079225002,26.025985642332014,19.70817036222238,-0.7543751499180047,Kolkata,2010-11-25,"{""type"":""MultiPoint"",""coordinates"":[]}"
2010_12_03,24.502037936864763,24.757512119748935,16.852615934331276,0.25547418288417134,Kolkata,2010-12-03,"{""type"":""MultiPoint"",""coordinates"":[]}"
2010_12_11,23.688027575768512,23.513203322970835,15.923072441808852,-0.1748242527976771,Kolkata,2010-12-11,"{""type"":""MultiPoint"",""coordinates"":[]}"
2010_12_19,23.28262408043765,23.285544425025257,13.241668158631397,0.002920344587607815,Kolkata,2010-12-19,"{""type"":""MultiPoint"",""coordinates"":[]}"
2010_12_27,23.375489796165823,23.362234582985064,13.05271172271883,-0.013255213180759284,Kolkata,2010-12-27,"{""type"":""MultiPoint"",""coordinates"":[]}"
2011_01_01,21.385678421909667,21.398038256151406,13.432760693006427,0.01235983424173881,Kolkata,2011-01-01,"{""type"":""MultiPoint"",""coordinates"":[]}"
2011_01_09,21.69019381004753,21.731243560389267,12.42892291547417,0.04104975034173819,Kolkata,2011-01-09,"{""type"":""MultiPoint"",""coordinates"":[]}"
2011_01_17,22.42437372290958,22.523518493639866,13.326266908016171,0.09914477073028749,Kolkata,2011-01-17,"{""type"":""MultiPoint"",""coordinates"":[]}"
2011_01_25,24.36133499050949,24.903853280541536,15.774186626942155,0.5425182900320458,Kolkata,2011-01-25,"{""type"":""MultiPoint"",""coordinates"":[]}"
2011_02_02,26.051319655664784,26.422447946553024,17.293019099926262,0.3711282908882403,Kolkata,2011-02-02,"{""type"":""MultiPoint"",""coordinates"":[]}"
2011_02_10,27.737754493989417,28.319346788265946,18.49701280742769,0.581592294276529,Kolkata,2011-02-10,"{""type"":""MultiPoint"",""coordinates"":[]}"
2011_02_18,25.998118548485273,26.251305260515124,17.02526072432336,0.25318671202985144,Kolkata,2011-02-18,"{""type"":""MultiPoint"",""coordinates"":[]}"
2011_02_26,29.625713132737175,29.7257703768524,18.17433165754422,0.10005724411522365,Kolkata,2011-02-26,"{""type"":""MultiPoint"",""coordinates"":[]}"
2011_03_06,31.397694245414442,31.88367646189008,22.050078827799492,0.48598221647563733,Kolkata,2011-03-06,"{""type"":""MultiPoint"",""coordinates"":[]}"
2011_03_14,31.387822494094042,31.44370594401876,22.677479944612944,0.05588344992471761,Kolkata,2011-03-14,"{""type"":""MultiPoint"",""coordinates"":[]}"
2011_03_22,31.4437379163145,31.330150497543194,22.092213387984913,-0.1135874187713064,Kolkata,2011-03-22,"{""type"":""MultiPoint"",""coordinates"":[]}"
2011_03_30,30.51345299212017,30.95972257374825,23.750175666695615,0.4462695816280835,Kolkata,2011-03-30,"{""type"":""MultiPoint"",""coordinates"":[]}"
2011_04_07,32.27291079402487,32.924650634661184,23.671824883983767,0.6517398406363171,Kolkata,2011-04-07,"{""type"":""MultiPoint"",""coordinates"":[]}"
2011_04_15,33.030254727099155,33.50491994282669,23.684724472756535,0.4746652157275335,Kolkata,2011-04-15,"{""type"":""MultiPoint"",""coordinates"":[]}"
2011_04_23,31.72235912126953,32.18412232242287,23.876807141661427,0.46176320115334235,Kolkata,2011-04-23,"{""type"":""MultiPoint"",""coordinates"":[]}"
2011_05_01,29.32924801991312,30.59429173379602,23.362111166191625,1.2650437138828998,Kolkata,2011-05-01,"{""type"":""MultiPoint"",""coordinates"":[]}"
2011_05_09,31.610819346628716,32.02170823461326,26.20895498363207,0.41088888798454093,Kolkata,2011-05-09,"{""type"":""MultiPoint"",""coordinates"":[]}"
2011_05_17,31.63886516409651,34.53363636363639,24.851818181818214,2.8947711995398784,Kolkata,2011-05-17,"{""type"":""MultiPoint"",""coordinates"":[]}"
2011_05_25,32.68480572774743,31.920944252590065,26.195726689689224,-0.7638614751573662,Kolkata,2011-05-25,"{""type"":""MultiPoint"",""coordinates"":[]}"
2011_06_02,34.26521165592131,,,,Kolkata,2011-06-02,"{""type"":""MultiPoint"",""coordinates"":[]}"
2011_06_10,37.79088101196708,37.848017073334724,,0.057136061367643265,Kolkata,2011-06-10,"{""type"":""MultiPoint"",""coordinates"":[]}"
2011_06_18,,,,,Kolkata,2011-06-18,"{""type"":""MultiPoint"",""coordinates"":[]}"
2011_06_26,,,,,Kolkata,2011-06-26,"{""type"":""MultiPoint"",""coordinates"":[]}"
2011_07_04,27.23447230360431,26.122000000000025,,-1.1124723036042852,Kolkata,2011-07-04,"{""type"":""MultiPoint"",""coordinates"":[]}"
2011_07_12,,,,,Kolkata,2011-07-12,"{""type"":""MultiPoint"",""coordinates"":[]}"
2011_07_20,28.215000000000046,,,,Kolkata,2011-07-20,"{""type"":""MultiPoint"",""coordinates"":[]}"
2011_07_28,,,,,Kolkata,2011-07-28,"{""type"":""MultiPoint"",""coordinates"":[]}"
2011_08_05,,,,,Kolkata,2011-08-05,"{""type"":""MultiPoint"",""coordinates"":[]}"
2011_08_13,29.2911167607626,29.365902844359255,,0.07478608359665628,Kolkata,2011-08-13,"{""type"":""MultiPoint"",""coordinates"":[]}"
2011_08_21,30.337332699016848,28.57000000000005,,-1.767332699016798,Kolkata,2011-08-21,"{""type"":""MultiPoint"",""coordinates"":[]}"
2011_08_29,27.07000000000005,,,,Kolkata,2011-08-29,"{""type"":""MultiPoint"",""coordinates"":[]}"
2011_09_06,27.99884516680927,,,,Kolkata,2011-09-06,"{""type"":""MultiPoint"",""coordinates"":[]}"
2011_09_14,,,,,Kolkata,2011-09-14,"{""type"":""MultiPoint"",""coordinates"":[]}"
2011_09_22,30.072911728136486,30.931179210487514,24.718005353341685,0.8582674823510281,Kolkata,2011-09-22,"{""type"":""MultiPoint"",""coordinates"":[]}"
2011_09_30,29.732313343042232,31.028397619149235,25.31106370269236,1.2960842761070026,Kolkata,2011-09-30,"{""type"":""MultiPoint"",""coordinates"":[]}"
2011_10_08,30.661224694778607,31.654687030357703,24.898525510970867,0.9934623355790961,Kolkata,2011-10-08,"{""type"":""MultiPoint"",""coordinates"":[]}"
2011_10_16,30.27950905959796,31.21576630980393,24.62662132440286,0.9362572502059692,Kolkata,2011-10-16,"{""type"":""MultiPoint"",""coordinates"":[]}"
2011_10_24,29.279195626044835,29.96637206929344,22.35571763178041,0.6871764432486032,Kolkata,2011-10-24,"{""type"":""MultiPoint"",""coordinates"":[]}"
2011_11_01,28.611699488381376,29.21187381858068,21.414387528879164,0.6001743301993052,Kolkata,2011-11-01,"{""type"":""MultiPoint"",""coordinates"":[]}"
2011_11_09,29.315939220947808,29.569499458996468,21.192652608088014,0.2535602380486601,Kolkata,2011-11-09,"{""type"":""MultiPoint"",""coordinates"":[]}"
2011_11_17,28.431011461685472,28.27138640580204,19.907102378141392,-0.15962505588343134,Kolkata,2011-11-17,"{""type"":""MultiPoint"",""coordinates"":[]}"
2011_11_25,27.855620593042524,27.404690166394232,17.556974223456432,-0.4509304266482914,Kolkata,2011-11-25,"{""type"":""MultiPoint"",""coordinates"":[]}"
2011_12_03,27.421091141111578,27.09088580584968,18.29323962516736,-0.33020533526189766,Kolkata,2011-12-03,"{""type"":""MultiPoint"",""coordinates"":[]}"
2011_12_11,22.600635426569042,21.769202680199847,15.02797399096029,-0.8314327463691953,Kolkata,2011-12-11,"{""type"":""MultiPoint"",""coordinates"":[]}"
2011_12_19,21.128712284662306,21.161913085107482,12.801055074106303,0.033200800445175815,Kolkata,2011-12-19,"{""type"":""MultiPoint"",""coordinates"":[]}"
2011_12_27,24.58350649198411,24.273780049392002,16.83618900246964,-0.30972644259210824,Kolkata,2011-12-27,"{""type"":""MultiPoint"",""coordinates"":[]}"
2012_01_01,25.011677438810512,24.848525424888393,16.608282852612383,-0.16315201392211875,Kolkata,2012-01-01,"{""type"":""MultiPoint"",""coordinates"":[]}"
2012_01_09,20.044332497235683,20.283655253873793,12.733288003357035,0.23932275663810998,Kolkata,2012-01-09,"{""type"":""MultiPoint"",""coordinates"":[]}"
2012_01_17,22.459186196550235,22.770789952491707,15.89048797129285,0.3116037559414728,Kolkata,2012-01-17,"{""type"":""MultiPoint"",""coordinates"":[]}"
2012_01_25,23.200553866870326,23.60193523021818,14.535328828960035,0.40138136334785557,Kolkata,2012-01-25,"{""type"":""MultiPoint"",""coordinates"":[]}"
2012_02_02,25.131503416374514,25.333787767818787,15.543473999930296,0.20228435144427337,Kolkata,2012-02-02,"{""type"":""MultiPoint"",""coordinates"":[]}"
2012_02_10,24.838210193815023,25.359248800178925,16.70916938549668,0.5210386063639021,Kolkata,2012-02-10,"{""type"":""MultiPoint"",""coordinates"":[]}"
2012_02_18,28.978842485439515,29.365454277428483,19.468905917480164,0.3866117919889689,Kolkata,2012-02-18,"{""type"":""MultiPoint"",""coordinates"":[]}"
2012_02_26,28.774319033237617,29.354007627926705,20.15645301409051,0.5796885946890882,Kolkata,2012-02-26,"{""type"":""MultiPoint"",""coordinates"":[]}"
2012_03_05,29.758803413802223,29.906390370794938,22.007888100172007,0.14758695699271485,Kolkata,2012-03-05,"{""type"":""MultiPoint"",""coordinates"":[]}"
2012_03_13,30.045156087187635,30.177553750254916,21.935555635165198,0.1323976630672803,Kolkata,2012-03-13,"{""type"":""MultiPoint"",""coordinates"":[]}"
2012_03_21,32.40951903226447,32.389969209990184,24.02693210173298,-0.01954982227428559,Kolkata,2012-03-21,"{""type"":""MultiPoint"",""coordinates"":[]}"
2012_03_29,32.02192733112396,32.10311491718206,23.360744173450744,0.08118758605809973,Kolkata,2012-03-29,"{""type"":""MultiPoint"",""coordinates"":[]}"
2012_04_06,29.426965103361873,30.201651115756558,22.68370984097851,0.7746860123946853,Kolkata,2012-04-06,"{""type"":""MultiPoint"",""coordinates"":[]}"
2012_04_14,32.87008147898408,33.406981514145485,25.86857591243604,0.536900035161402,Kolkata,2012-04-14,"{""type"":""MultiPoint"",""coordinates"":[]}"
2012_04_22,34.5821168544609,34.85297675150119,25.98321361770008,0.2708598970402889,Kolkata,2012-04-22,"{""type"":""MultiPoint"",""coordinates"":[]}"
2012_04_30,32.05180221152599,32.60991023702013,24.86058416917377,0.5581080254941426,Kolkata,2012-04-30,"{""type"":""MultiPoint"",""coordinates"":[]}"
2012_05_08,33.39376927929152,33.33382448300455,25.760648538150754,-0.05994479628697036,Kolkata,2012-05-08,"{""type"":""MultiPoint"",""coordinates"":[]}"
2012_05_16,33.18268493378324,32.8670234621221,23.75031929317328,-0.31566147166114433,Kolkata,2012-05-16,"{""type"":""MultiPoint"",""coordinates"":[]}"
2012_05_24,33.449928888178746,33.21072153897939,24.79942008647697,-0.23920734919935427,Kolkata,2012-05-24,"{""type"":""MultiPoint"",""coordinates"":[]}"
2012_06_01,34.71958285525078,34.225852049668575,23.868176846380823,-0.49373080558220295,Kolkata,2012-06-01,"{""type"":""MultiPoint"",""coordinates"":[]}"
2012_06_09,32.55052549716701,33.73609642301713,25.20855379188716,1.1855709258501221,Kolkata,2012-06-09,"{""type"":""MultiPoint"",""coordinates"":[]}"
2012_06_17,,,,,Kolkata,2012-06-17,"{""type"":""MultiPoint"",""coordinates"":[]}"
2012_06_25,31.534802078070456,31.717064364207253,,0.1822622861367975,Kolkata,2012-06-25,"{""type"":""MultiPoint"",""coordinates"":[]}"
2012_07_03,,,,,Kolkata,2012-07-03,"{""type"":""MultiPoint"",""coordinates"":[]}"
2012_07_11,,,,,Kolkata,2012-07-11,"{""type"":""MultiPoint"",""coordinates"":[]}"
2012_07_19,27.8399877780494,,,,Kolkata,2012-07-19,"{""type"":""MultiPoint"",""coordinates"":[]}"
2012_07_27,,,,,Kolkata,2012-07-27,"{""type"":""MultiPoint"",""coordinates"":[]}"
2012_08_04,,,,,Kolkata,2012-08-04,"{""type"":""MultiPoint"",""coordinates"":[]}"
2012_08_12,,,,,Kolkata,2012-08-12,"{""type"":""MultiPoint"",""coordinates"":[]}"
2012_08_20,,,,,Kolkata,2012-08-20,"{""type"":""MultiPoint"",""coordinates"":[]}"
2012_08_28,,,,,Kolkata,2012-08-28,"{""type"":""MultiPoint"",""coordinates"":[]}"
2012_09_05,,,,,Kolkata,2012-09-05,"{""type"":""MultiPoint"",""coordinates"":[]}"
2012_09_13,28.526619289781397,28.798919860627194,,0.27230057084579684,Kolkata,2012-09-13,"{""type"":""MultiPoint"",""coordinates"":[]}"
2012_09_21,30.31993149472254,31.131761786600528,25.39358748582487,0.8118302918779889,Kolkata,2012-09-21,"{""type"":""MultiPoint"",""coordinates"":[]}"
2012_09_29,29.855687046958735,30.265225775349535,24.520932588916498,0.40953872839079963,Kolkata,2012-09-29,"{""type"":""MultiPoint"",""coordinates"":[]}"
2012_10_07,27.34691480581958,27.76363826815645,25.842946635730883,0.4167234623368685,Kolkata,2012-10-07,"{""type"":""MultiPoint"",""coordinates"":[]}"
2012_10_15,29.301638873166862,30.411676582109507,23.620067930574155,1.1100377089426452,Kolkata,2012-10-15,"{""type"":""MultiPoint"",""coordinates"":[]}"
2012_10_23,28.735119859962793,29.815947465422717,21.95679077500264,1.0808276054599233,Kolkata,2012-10-23,"{""type"":""MultiPoint"",""coordinates"":[]}"
2012_10_31,26.973921721234216,29.726000000000035,22.164000000000037,2.7520782787658185,Kolkata,2012-10-31,"{""type"":""MultiPoint"",""coordinates"":[]}"
2012_11_08,27.59769829823378,27.973059694263107,19.050823435956097,0.3753613960293265,Kolkata,2012-11-08,"{""type"":""MultiPoint"",""coordinates"":[]}"
2012_11_16,26.947378766198614,27.263648108452593,19.027200625688,0.3162693422539782,Kolkata,2012-11-16,"{""type"":""MultiPoint"",""coordinates"":[]}"
2012_11_24,26.398119219193408,26.07684117894948,15.994942201069245,-0.3212780402439286,Kolkata,2012-11-24,"{""type"":""MultiPoint"",""coordinates"":[]}"
2012_12_02,25.65988759862775,25.423724276274914,14.869769407753516,-0.2361633223528372,Kolkata,2012-12-02,"{""type"":""MultiPoint"",""coordinates"":[]}"
2012_12_10,25.487990599294992,25.48062571683449,18.504782719510672,-0.007364882460503708,Kolkata,2012-12-10,"{""type"":""MultiPoint"",""coordinates"":[]}"
2012_12_18,22.770104286420114,22.681408709159168,14.23270183426865,-0.08869557726094612,Kolkata,2012-12-18,"{""type"":""MultiPoint"",""coordinates"":[]}"
2012_12_26,21.79425230444011,21.51841664265293,11.923348037151184,-0.27583566178718044,Kolkata,2012-12-26,"{""type"":""MultiPoint"",""coordinates"":[]}"
2013_01_01,22.452644971939467,22.170592810594947,14.734162287155797,-0.28205216134452016,Kolkata,2013-01-01,"{""type"":""MultiPoint"",""coordinates"":[]}"
2013_01_09,21.740550894913685,21.969650040225293,11.14012067578443,0.2290991453116078,Kolkata,2013-01-09,"{""type"":""MultiPoint"",""coordinates"":[]}"
2013_01_17,23.398548064778076,23.51869408227402,15.620795658931579,0.12014601749594433,Kolkata,2013-01-17,"{""type"":""MultiPoint"",""coordinates"":[]}"
2013_01_25,21.924561495092878,22.087136660082784,12.417757910036189,0.16257516498990654,Kolkata,2013-01-25,"{""type"":""MultiPoint"",""coordinates"":[]}"
2013_02_02,25.748919613562297,25.858139262911735,16.828239932992002,0.10921964934943773,Kolkata,2013-02-02,"{""type"":""MultiPoint"",""coordinates"":[]}"
2013_02_10,26.83863263013947,27.477285911181756,16.04482644289584,0.6386532810422842,Kolkata,2013-02-10,"{""type"":""MultiPoint"",""coordinates"":[]}"
2013_02_18,28.009821633543023,28.188529822483947,17.263513456146068,0.17870818894092366,Kolkata,2013-02-18,"{""type"":""MultiPoint"",""coordinates"":[]}"
2013_02_26,30.531103317878635,31.041486792215704,19.456615937323242,0.5103834743370683,Kolkata,2013-02-26,"{""type"":""MultiPoint"",""coordinates"":[]}"
2013_03_06,31.835612182132525,32.00125039970953,22.597382187318825,0.16563821757700126,Kolkata,2013-03-06,"{""type"":""MultiPoint"",""coordinates"":[]}"
2013_03_14,33.115652746373016,33.174384691773,22.282336719883954,0.05873194539998394,Kolkata,2013-03-14,"{""type"":""MultiPoint"",""coordinates"":[]}"
2013_03_22,33.92173272500787,34.30551415243158,24.652514986253234,0.38378142742370613,Kolkata,2013-03-22,"{""type"":""MultiPoint"",""coordinates"":[]}"
2013_03_30,34.96041151197556,35.1968065664823,24.87882488634078,0.23639505450674392,Kolkata,2013-03-30,"{""type"":""MultiPoint"",""coordinates"":[]}"
2013_04_07,34.3817930304643,34.49456192702378,25.957413007078795,0.11276889655947997,Kolkata,2013-04-07,"{""type"":""MultiPoint"",""coordinates"":[]}"
2013_04_15,32.49056279339863,33.54734550561805,23.41884969782093,1.056782712219416,Kolkata,2013-04-15,"{""type"":""MultiPoint"",""coordinates"":[]}"
2013_04_23,32.149524952667264,32.76032909985413,25.235543100018326,0.6108041471868688,Kolkata,2013-04-23,"{""type"":""MultiPoint"",""coordinates"":[]}"
2013_05_01,32.02881270256476,32.84217845525299,25.23939082744003,0.8133657526882345,Kolkata,2013-05-01,"{""type"":""MultiPoint"",""coordinates"":[]}"
2013_05_09,31.56223018889806,31.408611031871605,22.1625914784368,-0.1536191570264549,Kolkata,2013-05-09,"{""type"":""MultiPoint"",""coordinates"":[]}"
2013_05_17,31.281978507418017,30.954145077720245,,-0.3278334296977725,Kolkata,2013-05-17,"{""type"":""MultiPoint"",""coordinates"":[]}"
2013_05_25,,,,,Kolkata,2013-05-25,"{""type"":""MultiPoint"",""coordinates"":[]}"
2013_06_02,32.69263665790391,33.150171550163236,23.49618479309571,0.457534892259325,Kolkata,2013-06-02,"{""type"":""MultiPoint"",""coordinates"":[]}"
2013_06_10,30.365903654434963,28.59875337798146,26.488117729996514,-1.7671502764535028,Kolkata,2013-06-10,"{""type"":""MultiPoint"",""coordinates"":[]}"
2013_06_18,31.661628468033804,32.57000000000005,,0.908371531966246,Kolkata,2013-06-18,"{""type"":""MultiPoint"",""coordinates"":[]}"
2013_06_26,25.167666068222644,,,,Kolkata,2013-06-26,"{""type"":""MultiPoint"",""coordinates"":[]}"
2013_07_04,,,,,Kolkata,2013-07-04,"{""type"":""MultiPoint"",""coordinates"":[]}"
2013_07_12,,,,,Kolkata,2013-07-12,"{""type"":""MultiPoint"",""coordinates"":[]}"
2013_07_20,29.230000000000018,,,,Kolkata,2013-07-20,"{""type"":""MultiPoint"",""coordinates"":[]}"
2013_07_28,29.861031527395188,,,,Kolkata,2013-07-28,"{""type"":""MultiPoint"",""coordinates"":[]}"
2013_08_05,,,,,Kolkata,2013-08-05,"{""type"":""MultiPoint"",""coordinates"":[]}"
2013_08_13,,,,,Kolkata,2013-08-13,"{""type"":""MultiPoint"",""coordinates"":[]}"
2013_08_21,30.522551807228933,29.937124148769016,25.286877946568914,-0.585427658459917,Kolkata,2013-08-21,"{""type"":""MultiPoint"",""coordinates"":[]}"
2013_08_29,29.650000000000034,,,,Kolkata,2013-08-29,"{""type"":""MultiPoint"",""coordinates"":[]}"
2013_09_06,30.021185729275995,,,,Kolkata,2013-09-06,"{""type"":""MultiPoint"",""coordinates"":[]}"
2013_09_14,28.72361626560292,,,,Kolkata,2013-09-14,"{""type"":""MultiPoint"",""coordinates"":[]}"
2013_09_22,31.169713689269745,32.17901555513912,,1.0093018658693715,Kolkata,2013-09-22,"{""type"":""MultiPoint"",""coordinates"":[]}"
2013_09_30,29.346892877108008,29.296768012263694,,-0.05012486484431378,Kolkata,2013-09-30,"{""type"":""MultiPoint"",""coordinates"":[]}"
2013_10_08,29.46652856371765,30.51132107314181,24.463521364812788,1.0447925094241626,Kolkata,2013-10-08,"{""type"":""MultiPoint"",""coordinates"":[]}"
2013_10_16,29.004743767902237,30.257745913124737,25.68947968239143,1.2530021452224993,Kolkata,2013-10-16,"{""type"":""MultiPoint"",""coordinates"":[]}"
2013_10_24,28.60701702210262,29.569149106173928,23.221510739031427,0.9621320840713068,Kolkata,2013-10-24,"{""type"":""MultiPoint"",""coordinates"":[]}"
2013_11_01,28.07602668528515,28.77708005867883,22.57605976093401,0.7010533733936803,Kolkata,2013-11-01,"{""type"":""MultiPoint"",""coordinates"":[]}"
2013_11_09,27.479603466725628,28.20050463538187,20.092644026038883,0.7209011686562405,Kolkata,2013-11-09,"{""type"":""MultiPoint"",""coordinates"":[]}"
2013_11_17,26.270929681102587,26.32095701730476,18.468518778154287,0.0500273362021737,Kolkata,2013-11-17,"{""type"":""MultiPoint"",""coordinates"":[]}"
2013_11_25,26.224330448715772,25.580075819672157,19.091592213114776,-0.6442546290436155,Kolkata,2013-11-25,"{""type"":""MultiPoint"",""coordinates"":[]}"
2013_12_03,25.589327644625644,25.23352591209606,17.69193405460389,-0.355801732529585,Kolkata,2013-12-03,"{""type"":""MultiPoint"",""coordinates"":[]}"
2013_12_11,24.57008650635353,24.15678661012662,14.799755619285763,-0.4132998962269099,Kolkata,2013-12-11,"{""type"":""MultiPoint"",""coordinates"":[]}"
2013_12_19,24.64341212013502,24.84408766460192,16.703730770808598,0.20067554446689684,Kolkata,2013-12-19,"{""type"":""MultiPoint"",""coordinates"":[]}"
2013_12_27,22.955452997135435,23.351311869390408,14.668715519961353,0.39585887225497274,Kolkata,2013-12-27,"{""type"":""MultiPoint"",""coordinates"":[]}"
2014_01_01,22.84512147939229,22.97874821969602,13.734300955537735,0.133626740303729,Kolkata,2014-01-01,"{""type"":""MultiPoint"",""coordinates"":[]}"
2014_01_09,22.570022485244085,22.41690497855196,13.530418562329425,-0.15311750669212643,Kolkata,2014-01-09,"{""type"":""MultiPoint"",""coordinates"":[]}"
2014_01_17,23.191513260751567,23.34546924448004,15.235452147975732,0.15395598372847275,Kolkata,2014-01-17,"{""type"":""MultiPoint"",""coordinates"":[]}"
2014_01_25,23.758594988427912,24.123107299326065,13.831480031369617,0.36451231089815295,Kolkata,2014-01-25,"{""type"":""MultiPoint"",""coordinates"":[]}"
2014_02_02,26.05494869314289,26.665181020529904,16.630570853565068,0.6102323273870134,Kolkata,2014-02-02,"{""type"":""MultiPoint"",""coordinates"":[]}"
2014_02_10,24.73181081218199,24.962377233774994,17.22758942411748,0.23056642159300367,Kolkata,2014-02-10,"{""type"":""MultiPoint"",""coordinates"":[]}"
2014_02_18,25.514990971295,26.003074704623714,17.49708135640528,0.4880837333287147,Kolkata,2014-02-18,"{""type"":""MultiPoint"",""coordinates"":[]}"
2014_02_26,27.48519608297316,28.417045228305597,20.517790521532167,0.9318491453324356,Kolkata,2014-02-26,"{""type"":""MultiPoint"",""coordinates"":[]}"
2014_03_06,29.957295209076694,30.379910387630666,20.208385779616773,0.422615178553972,Kolkata,2014-03-06,"{""type"":""MultiPoint"",""coordinates"":[]}"
2014_03_14,31.962066066134874,32.40916579201029,23.576144586055513,0.44709972587541813,Kolkata,2014-03-14,"{""type"":""MultiPoint"",""coordinates"":[]}"
2014_03_22,31.745665496248005,32.415151295141314,24.327383191461454,0.6694857988933087,Kolkata,2014-03-22,"{""type"":""MultiPoint"",""coordinates"":[]}"
2014_03_30,33.85475690718467,34.70327819924242,25.21065748488697,0.8485212920577467,Kolkata,2014-03-30,"{""type"":""MultiPoint"",""coordinates"":[]}"
2014_04_07,33.779146729688705,33.81453699387412,24.353510784738486,0.03539026418541624,Kolkata,2014-04-07,"{""type"":""MultiPoint"",""coordinates"":[]}"
2014_04_15,34.50345770316061,35.49532757132365,26.168309572192268,0.991869868163036,Kolkata,2014-04-15,"{""type"":""MultiPoint"",""coordinates"":[]}"
2014_04_23,35.37357276134945,35.625589584331344,26.9531909961401,0.25201682298189354,Kolkata,2014-04-23,"{""type"":""MultiPoint"",""coordinates"":[]}"
2014_05_01,31.402420683828847,30.829394700247224,26.372736402966673,-0.5730259835816227,Kolkata,2014-05-01,"{""type"":""MultiPoint"",""coordinates"":[]}"
2014_05_09,35.640980565665835,36.27868788909654,26.069455584428272,0.6377073234307034,Kolkata,2014-05-09,"{""type"":""MultiPoint"",""coordinates"":[]}"
2014_05_17,35.65917952670857,36.027340292252745,26.63885741327338,0.3681607655441752,Kolkata,2014-05-17,"{""type"":""MultiPoint"",""coordinates"":[]}"
2014_05_25,32.09664211318956,32.15335201370543,23.61242051162929,0.05670990051586955,Kolkata,2014-05-25,"{""type"":""MultiPoint"",""coordinates"":[]}"
2014_06_02,29.868840163481753,30.61831658679861,26.557855928273323,0.7494764233168567,Kolkata,2014-06-02,"{""type"":""MultiPoint"",""coordinates"":[]}"
2014_06_10,31.48428195651194,30.72549485939125,23.863757315936653,-0.7587870971206883,Kolkata,2014-06-10,"{""type"":""MultiPoint"",""coordinates"":[]}"
2014_06_18,,,,,Kolkata,2014-06-18,"{""type"":""MultiPoint"",""coordinates"":[]}"
2014_06_26,,,,,Kolkata,2014-06-26,"{""type"":""MultiPoint"",""coordinates"":[]}"
2014_07_04,,,,,Kolkata,2014-07-04,"{""type"":""MultiPoint"",""coordinates"":[]}"
2014_07_12,,,,,Kolkata,2014-07-12,"{""type"":""MultiPoint"",""coordinates"":[]}"
2014_07_20,,,,,Kolkata,2014-07-20,"{""type"":""MultiPoint"",""coordinates"":[]}"
2014_07_28,29.578122972782435,,,,Kolkata,2014-07-28,"{""type"":""MultiPoint"",""coordinates"":[]}"
2014_08_05,,,,,Kolkata,2014-08-05,"{""type"":""MultiPoint"",""coordinates"":[]}"
2014_08_13,,,,,Kolkata,2014-08-13,"{""type"":""MultiPoint"",""coordinates"":[]}"
2014_08_21,,,,,Kolkata,2014-08-21,"{""type"":""MultiPoint"",""coordinates"":[]}"
2014_08_29,29.313941039565588,30.650000000000034,,1.3360589604344462,Kolkata,2014-08-29,"{""type"":""MultiPoint"",""coordinates"":[]}"
2014_09_06,29.661382348142922,30.454907010014328,25.57000000000005,0.7935246618714054,Kolkata,2014-09-06,"{""type"":""MultiPoint"",""coordinates"":[]}"
2014_09_14,29.936535390784464,,,,Kolkata,2014-09-14,"{""type"":""MultiPoint"",""coordinates"":[]}"
2014_09_22,30.249467816007826,32.567713894772886,26.285777494178213,2.3182460787650605,Kolkata,2014-09-22,"{""type"":""MultiPoint"",""coordinates"":[]}"
2014_09_30,30.232636801290496,31.432737543859655,24.871543157894767,1.200100742569159,Kolkata,2014-09-30,"{""type"":""MultiPoint"",""coordinates"":[]}"
2014_10_08,28.7403001064556,29.642468164258144,25.545337435016958,0.9021680578025446,Kolkata,2014-10-08,"{""type"":""MultiPoint"",""coordinates"":[]}"
2014_10_16,29.15276071039791,30.418006975615317,23.388031246441777,1.2652462652174066,Kolkata,2014-10-16,"{""type"":""MultiPoint"",""coordinates"":[]}"
2014_10_24,28.660344550022547,30.012230574639972,22.709339264667847,1.351886024617425,Kolkata,2014-10-24,"{""type"":""MultiPoint"",""coordinates"":[]}"
2014_11_01,28.788228722575862,29.775512833007518,21.99670412135321,0.9872841104316556,Kolkata,2014-11-01,"{""type"":""MultiPoint"",""coordinates"":[]}"
2014_11_09,27.95406167759412,28.878102402298428,19.16608359947159,0.9240407247043088,Kolkata,2014-11-09,"{""type"":""MultiPoint"",""coordinates"":[]}"
2014_11_17,27.107448630759702,27.027471372414986,17.185498205435,-0.07997725834471581,Kolkata,2014-11-17,"{""type"":""MultiPoint"",""coordinates"":[]}"
2014_11_25,27.00688586388447,26.66297794996895,16.580371645860254,-0.343907913915519,Kolkata,2014-11-25,"{""type"":""MultiPoint"",""coordinates"":[]}"
2014_12_03,24.97147809247972,24.906677623158167,15.822200206842215,-0.06480046932155403,Kolkata,2014-12-03,"{""type"":""MultiPoint"",""coordinates"":[]}"
2014_12_11,22.54478214318279,22.2194163812029,15.49094897710283,-0.32536576197988865,Kolkata,2014-12-11,"{""type"":""MultiPoint"",""coordinates"":[]}"
2014_12_19,23.119232396950178,23.088592096809638,12.999076063531335,-0.030640300140539978,Kolkata,2014-12-19,"{""type"":""MultiPoint"",""coordinates"":[]}"
2014_12_27,21.750438185384112,21.576799536814047,11.357347090999538,-0.1736386485700656,Kolkata,2014-12-27,"{""type"":""MultiPoint"",""coordinates"":[]}"
2015_01_01,23.2997532707804,23.545443320440366,14.331692948527248,0.24569004965996655,Kolkata,2015-01-01,"{""type"":""MultiPoint"",""coordinates"":[]}"
2015_01_09,21.847981971293006,23.031291768976228,13.145370983239058,1.183309797683222,Kolkata,2015-01-09,"{""type"":""MultiPoint"",""coordinates"":[]}"
2015_01_17,22.373449158154354,22.636949062689677,13.847768722255955,0.26349990453532257,Kolkata,2015-01-17,"{""type"":""MultiPoint"",""coordinates"":[]}"
2015_01_25,23.990597941516853,24.48895374974459,15.359481794307099,0.4983558082277355,Kolkata,2015-01-25,"{""type"":""MultiPoint"",""coordinates"":[]}"
2015_02_02,24.503252570667293,25.10428194791069,15.47914852498882,0.6010293772433961,Kolkata,2015-02-02,"{""type"":""MultiPoint"",""coordinates"":[]}"
2015_02_10,25.246767524597733,25.7918311975896,17.972435546520543,0.5450636729918692,Kolkata,2015-02-10,"{""type"":""MultiPoint"",""coordinates"":[]}"
2015_02_18,29.206451501853326,29.590566480592276,21.951043260883118,0.38411497873894973,Kolkata,2015-02-18,"{""type"":""MultiPoint"",""coordinates"":[]}"
2015_02_26,29.95274539728782,30.542988788684536,21.460049176283587,0.5902433913967151,Kolkata,2015-02-26,"{""type"":""MultiPoint"",""coordinates"":[]}"
2015_03_06,30.735741819517944,31.381125463574083,20.022169631445532,0.6453836440561389,Kolkata,2015-03-06,"{""type"":""MultiPoint"",""coordinates"":[]}"
2015_03_14,31.530164936259112,31.698016008333116,22.53750308379709,0.1678510720740043,Kolkata,2015-03-14,"{""type"":""MultiPoint"",""coordinates"":[]}"
2015_03_22,32.86889509017498,33.282487004749036,23.67265192935976,0.41359191457405586,Kolkata,2015-03-22,"{""type"":""MultiPoint"",""coordinates"":[]}"
2015_03_30,31.752815981004364,32.37116852173094,24.183940993432493,0.6183525407265726,Kolkata,2015-03-30,"{""type"":""MultiPoint"",""coordinates"":[]}"
2015_04_07,31.234565256622886,32.64638113887253,24.944063931718517,1.4118158822496412,Kolkata,2015-04-07,"{""type"":""MultiPoint"",""coordinates"":[]}"
2015_04_15,31.12966279672193,31.814235343030276,26.425612783311063,0.6845725463083454,Kolkata,2015-04-15,"{""type"":""MultiPoint"",""coordinates"":[]}"
2015_04_23,29.280254706329266,30.161039630523952,22.003075421959014,0.8807849241946855,Kolkata,2015-04-23,"{""type"":""MultiPoint"",""coordinates"":[]}"
2015_05_01,31.963704409924322,32.35153928751895,24.26325138959072,0.3878348775946314,Kolkata,2015-05-01,"{""type"":""MultiPoint"",""coordinates"":[]}"
2015_05_09,33.35834717838195,34.14928352144473,26.928867494356677,0.790936343062782,Kolkata,2015-05-09,"{""type"":""MultiPoint"",""coordinates"":[]}"
2015_05_17,32.275359078273155,32.47692247454972,25.620684997860682,0.20156339627656195,Kolkata,2015-05-17,"{""type"":""MultiPoint"",""coordinates"":[]}"
2015_05_25,31.719243458855793,32.179188462754695,25.23312011564352,0.4599450038989019,Kolkata,2015-05-25,"{""type"":""MultiPoint"",""coordinates"":[]}"
2015_06_02,33.62712851405625,,,,Kolkata,2015-06-02,"{""type"":""MultiPoint"",""coordinates"":[]}"
2015_06_10,,,,,Kolkata,2015-06-10,"{""type"":""MultiPoint"",""coordinates"":[]}"
2015_06_18,,,,,Kolkata,2015-06-18,"{""type"":""MultiPoint"",""coordinates"":[]}"
2015_06_26,,,,,Kolkata,2015-06-26,"{""type"":""MultiPoint"",""coordinates"":[]}"
2015_07_04,30.740000000000038,,,,Kolkata,2015-07-04,"{""type"":""MultiPoint"",""coordinates"":[]}"
2015_07_12,,,,,Kolkata,2015-07-12,"{""type"":""MultiPoint"",""coordinates"":[]}"
2015_07_20,,,,,Kolkata,2015-07-20,"{""type"":""MultiPoint"",""coordinates"":[]}"
2015_07_28,27.170000000000016,,,,Kolkata,2015-07-28,"{""type"":""MultiPoint"",""coordinates"":[]}"
2015_08_05,,,,,Kolkata,2015-08-05,"{""type"":""MultiPoint"",""coordinates"":[]}"
2015_08_13,,,,,Kolkata,2015-08-13,"{""type"":""MultiPoint"",""coordinates"":[]}"
2015_08_21,,,,,Kolkata,2015-08-21,"{""type"":""MultiPoint"",""coordinates"":[]}"
2015_08_29,,,,,Kolkata,2015-08-29,"{""type"":""MultiPoint"",""coordinates"":[]}"
2015_09_06,32.733633562887604,33.5507597160094,26.490482035339745,0.8171261531217979,Kolkata,2015-09-06,"{""type"":""MultiPoint"",""coordinates"":[]}"
2015_09_14,28.452813432835843,,,,Kolkata,2015-09-14,"{""type"":""MultiPoint"",""coordinates"":[]}"
2015_09_22,28.711029436185672,29.637799426100052,25.945950054063093,0.92676998991438,Kolkata,2015-09-22,"{""type"":""MultiPoint"",""coordinates"":[]}"
2015_09_30,30.239767629034947,31.27309050217519,25.804837679483033,1.0333228731402428,Kolkata,2015-09-30,"{""type"":""MultiPoint"",""coordinates"":[]}"
2015_10_08,31.058044461986412,32.07816333231707,24.550165114806443,1.0201188703306556,Kolkata,2015-10-08,"{""type"":""MultiPoint"",""coordinates"":[]}"
2015_10_16,30.470284543083682,31.105360753613088,24.8894579726411,0.6350762105294052,Kolkata,2015-10-16,"{""type"":""MultiPoint"",""coordinates"":[]}"
2015_10_24,29.88739459281707,31.17721879737242,23.205603278872648,1.289824204555348,Kolkata,2015-10-24,"{""type"":""MultiPoint"",""coordinates"":[]}"
2015_11_01,30.154998873490847,30.620229379695008,22.70186606537201,0.4652305062041613,Kolkata,2015-11-01,"{""type"":""MultiPoint"",""coordinates"":[]}"
2015_11_09,28.979871225859732,29.06573973082509,21.040457422324536,0.08586850496535803,Kolkata,2015-11-09,"{""type"":""MultiPoint"",""coordinates"":[]}"
2015_11_17,28.776875205422932,28.97270663763747,20.226376709652218,0.19583143221453625,Kolkata,2015-11-17,"{""type"":""MultiPoint"",""coordinates"":[]}"
2015_11_25,27.87792639851342,27.109372510524274,19.514597813980743,-0.768553887989146,Kolkata,2015-11-25,"{""type"":""MultiPoint"",""coordinates"":[]}"
2015_12_03,26.61367338013132,26.867920069060922,18.587726628084212,0.25424668892960156,Kolkata,2015-12-03,"{""type"":""MultiPoint"",""coordinates"":[]}"
2015_12_11,26.12796902491478,25.605657115794486,17.602652143026305,-0.5223119091202939,Kolkata,2015-12-11,"{""type"":""MultiPoint"",""coordinates"":[]}"
2015_12_19,22.85553195414753,22.660103496768716,13.459512538120006,-0.19542845737881365,Kolkata,2015-12-19,"{""type"":""MultiPoint"",""coordinates"":[]}"
2015_12_27,22.397990975821514,22.47807114521691,13.300079599401737,0.08008016939539431,Kolkata,2015-12-27,"{""type"":""MultiPoint"",""coordinates"":[]}"
2016_01_01,23.341725735707637,22.10366912935225,14.714368341564988,-1.2380566063553857,Kolkata,2016-01-01,"{""type"":""MultiPoint"",""coordinates"":[]}"
2016_01_09,23.571471431656956,24.10357503152588,14.529213114754125,0.5321035998689254,Kolkata,2016-01-09,"{""type"":""MultiPoint"",""coordinates"":[]}"
2016_01_17,21.454143239246516,21.74371704333149,13.089767148287912,0.2895738040849736,Kolkata,2016-01-17,"{""type"":""MultiPoint"",""coordinates"":[]}"
2016_01_25,25.037773111835055,25.691767483235306,15.382413268099132,0.6539943714002519,Kolkata,2016-01-25,"{""type"":""MultiPoint"",""coordinates"":[]}"
2016_02_02,25.300262050462585,25.76505924030707,17.562485731155302,0.4647971898444858,Kolkata,2016-02-02,"{""type"":""MultiPoint"",""coordinates"":[]}"
2016_02_10,28.036054411892014,28.233520489872888,20.40535751295343,0.19746607798087368,Kolkata,2016-02-10,"{""type"":""MultiPoint"",""coordinates"":[]}"
2016_02_18,30.31108038081525,30.614137169745067,,0.303056788929819,Kolkata,2016-02-18,"{""type"":""MultiPoint"",""coordinates"":[]}"
2016_02_26,29.00229065955154,29.886899541050514,22.38400101988787,0.8846088814989734,Kolkata,2016-02-26,"{""type"":""MultiPoint"",""coordinates"":[]}"
2016_03_05,29.61879238936867,29.534929495455827,23.246499835447235,-0.08386289391284407,Kolkata,2016-03-05,"{""type"":""MultiPoint"",""coordinates"":[]}"
2016_03_13,30.57395610438054,30.25412102650989,23.348362275871853,-0.3198350778706498,Kolkata,2016-03-13,"{""type"":""MultiPoint"",""coordinates"":[]}"
2016_03_21,31.193373418123986,31.614733761226795,24.036117355748903,0.42136034310280834,Kolkata,2016-03-21,"{""type"":""MultiPoint"",""coordinates"":[]}"
2016_03_29,31.49542460444057,31.085037830917972,23.34778791145016,-0.4103867735225961,Kolkata,2016-03-29,"{""type"":""MultiPoint"",""coordinates"":[]}"
2016_04_06,34.97434480252177,35.419185718117404,26.926994157029217,0.4448409155956341,Kolkata,2016-04-06,"{""type"":""MultiPoint"",""coordinates"":[]}"
2016_04_14,35.089749968472574,35.54461134128346,25.966547309608973,0.454861372810889,Kolkata,2016-04-14,"{""type"":""MultiPoint"",""coordinates"":[]}"
2016_04_22,35.24014282307765,35.737624394600935,26.94628255840405,0.49748157152328787,Kolkata,2016-04-22,"{""type"":""MultiPoint"",""coordinates"":[]}"
2016_04_30,34.688900749683704,35.02600940193261,25.064387909205543,0.33710865224890796,Kolkata,2016-04-30,"{""type"":""MultiPoint"",""coordinates"":[]}"
2016_05_08,32.755087088747565,33.02582163881371,26.206042403377353,0.27073455006614466,Kolkata,2016-05-08,"{""type"":""MultiPoint"",""coordinates"":[]}"
2016_05_16,29.20047576565053,30.654034782608726,24.909269565217432,1.4535590169581951,Kolkata,2016-05-16,"{""type"":""MultiPoint"",""coordinates"":[]}"
2016_05_24,31.621241525253616,32.236759625717546,26.564526249574122,0.6155181004639303,Kolkata,2016-05-24,"{""type"":""MultiPoint"",""coordinates"":[]}"
2016_06_01,29.977110573715827,31.970000000000027,27.730000000000047,1.9928894262842007,Kolkata,2016-06-01,"{""type"":""MultiPoint"",""coordinates"":[]}"
2016_06_09,32.320122151979255,33.09570010942158,26.132500000000025,0.7755779574423229,Kolkata,2016-06-09,"{""type"":""MultiPoint"",""coordinates"":[]}"
2016_06_17,,,,,Kolkata,2016-06-17,"{""type"":""MultiPoint"",""coordinates"":[]}"
2016_06_25,,,,,Kolkata,2016-06-25,"{""type"":""MultiPoint"",""coordinates"":[]}"
2016_07_03,,,,,Kolkata,2016-07-03,"{""type"":""MultiPoint"",""coordinates"":[]}"
2016_07_11,,,,,Kolkata,2016-07-11,"{""type"":""MultiPoint"",""coordinates"":[]}"
2016_07_19,,,,,Kolkata,2016-07-19,"{""type"":""MultiPoint"",""coordinates"":[]}"
2016_07_27,29.29000000000002,,,,Kolkata,2016-07-27,"{""type"":""MultiPoint"",""coordinates"":[]}"
2016_08_04,,,,,Kolkata,2016-08-04,"{""type"":""MultiPoint"",""coordinates"":[]}"
2016_08_12,,,,,Kolkata,2016-08-12,"{""type"":""MultiPoint"",""coordinates"":[]}"
2016_08_20,30.766716579809945,31.15000000000005,,0.38328342019010364,Kolkata,2016-08-20,"{""type"":""MultiPoint"",""coordinates"":[]}"
2016_08_28,31.37325930659853,,,,Kolkata,2016-08-28,"{""type"":""MultiPoint"",""coordinates"":[]}"
2016_09_05,30.48794787650942,31.629049401197634,,1.1411015246882137,Kolkata,2016-09-05,"{""type"":""MultiPoint"",""coordinates"":[]}"
2016_09_13,30.106254317630658,29.79000000000002,,-0.31625431763063716,Kolkata,2016-09-13,"{""type"":""MultiPoint"",""coordinates"":[]}"
2016_09_21,29.498554780980157,,,,Kolkata,2016-09-21,"{""type"":""MultiPoint"",""coordinates"":[]}"
2016_09_29,29.389569157295387,31.631434108527163,25.465966755263082,2.2418649512317756,Kolkata,2016-09-29,"{""type"":""MultiPoint"",""coordinates"":[]}"
2016_10_07,28.299678062524293,30.004570305888056,23.84885750636135,1.704892243363762,Kolkata,2016-10-07,"{""type"":""MultiPoint"",""coordinates"":[]}"
2016_10_15,29.821185763475402,31.311287971099308,24.89693316442384,1.4901022076239059,Kolkata,2016-10-15,"{""type"":""MultiPoint"",""coordinates"":[]}"
2016_10_23,29.031311481914344,30.079103800963207,23.088632719971176,1.0477923190488632,Kolkata,2016-10-23,"{""type"":""MultiPoint"",""coordinates"":[]}"
2016_10_31,27.93400546317109,28.74429532073798,22.709957077553725,0.8102898575668895,Kolkata,2016-10-31,"{""type"":""MultiPoint"",""coordinates"":[]}"
2016_11_08,28.193570207022365,28.687949304083375,21.121179463545054,0.49437909706101024,Kolkata,2016-11-08,"{""type"":""MultiPoint"",""coordinates"":[]}"
2016_11_16,26.848112538549064,27.25521164966885,18.77413836610241,0.4070991111197877,Kolkata,2016-11-16,"{""type"":""MultiPoint"",""coordinates"":[]}"
2016_11_24,26.773429815529248,26.54770440210339,18.858100289801904,-0.2257254134258595,Kolkata,2016-11-24,"{""type"":""MultiPoint"",""coordinates"":[]}"
2016_12_02,26.01695494866763,25.995550829379326,18.43149792493571,-0.02140411928830588,Kolkata,2016-12-02,"{""type"":""MultiPoint"",""coordinates"":[]}"
2016_12_10,23.810325282704454,23.78906367247854,14.57288926285592,-0.02126161022591333,Kolkata,2016-12-10,"{""type"":""MultiPoint"",""coordinates"":[]}"
2016_12_18,24.55370165709341,24.478538482166826,14.55809332260663,-0.07516317492658331,Kolkata,2016-12-18,"{""type"":""MultiPoint"",""coordinates"":[]}"
2016_12_26,23.965768072154138,23.3950657684808,16.44879524906936,-0.5707023036733361,Kolkata,2016-12-26,"{""type"":""MultiPoint"",""coordinates"":[]}"
2017_01_01,23.90207584531557,24.068896561476333,15.392320001885452,0.166820716160764,Kolkata,2017-01-01,"{""type"":""MultiPoint"",""coordinates"":[]}"
2017_01_09,22.56037715761049,22.747144072668775,12.901282511210802,0.18676691505828558,Kolkata,2017-01-09,"{""type"":""MultiPoint"",""coordinates"":[]}"
2017_01_17,23.6282756744321,24.101712826701252,14.208702907935038,0.4734371522691525,Kolkata,2017-01-17,"{""type"":""MultiPoint"",""coordinates"":[]}"
2017_01_25,25.358247889712015,25.744212433479976,16.443952813067188,0.38596454376796174,Kolkata,2017-01-25,"{""type"":""MultiPoint"",""coordinates"":[]}"
2017_02_02,26.029054094444472,26.47598471186402,17.53975078244079,0.44693061741954665,Kolkata,2017-02-02,"{""type"":""MultiPoint"",""coordinates"":[]}"
2017_02_10,26.419853589790364,26.92537617807252,18.99240170494913,0.5055225882821546,Kolkata,2017-02-10,"{""type"":""MultiPoint"",""coordinates"":[]}"
2017_02_18,29.012094493622595,29.572471697901126,20.317373947454275,0.5603772042785309,Kolkata,2017-02-18,"{""type"":""MultiPoint"",""coordinates"":[]}"
2017_02_26,30.16987671800468,30.603320253723158,20.12060820187265,0.43344353571847805,Kolkata,2017-02-26,"{""type"":""MultiPoint"",""coordinates"":[]}"
2017_03_06,29.04188470602582,29.710829956047753,20.05050573662886,0.6689452500219346,Kolkata,2017-03-06,"{""type"":""MultiPoint"",""coordinates"":[]}"
2017_03_14,30.09245429238924,30.403764179010338,20.189290812947505,0.31130988662109615,Kolkata,2017-03-14,"{""type"":""MultiPoint"",""coordinates"":[]}"
2017_03_22,31.390836559533607,31.44586093420315,24.4688120817928,0.05502437466954291,Kolkata,2017-03-22,"{""type"":""MultiPoint"",""coordinates"":[]}"
2017_03_30,32.394255660685346,32.51537763653458,23.72061973341949,0.12112197584923479,Kolkata,2017-03-30,"{""type"":""MultiPoint"",""coordinates"":[]}"
2017_04_07,32.426667331369835,32.88263499647111,24.802501981649424,0.4559676651012765,Kolkata,2017-04-07,"{""type"":""MultiPoint"",""coordinates"":[]}"
2017_04_15,32.35302453859136,32.87511415871479,23.819110092995793,0.522089620123424,Kolkata,2017-04-15,"{""type"":""MultiPoint"",""coordinates"":[]}"
2017_04_23,33.05296110486283,33.44505815526111,26.01054379677218,0.39209705039827725,Kolkata,2017-04-23,"{""type"":""MultiPoint"",""coordinates"":[]}"
2017_05_01,32.47913871721327,32.94317795716241,25.832129223526323,0.46403923994914464,Kolkata,2017-05-01,"{""type"":""MultiPoint"",""coordinates"":[]}"
2017_05_09,31.948175031660394,32.28360901412666,23.171524141722454,0.33543398246626666,Kolkata,2017-05-09,"{""type"":""MultiPoint"",""coordinates"":[]}"
2017_05_17,32.637290009731885,31.565964887034138,25.021172830623136,-1.071325122697747,Kolkata,2017-05-17,"{""type"":""MultiPoint"",""coordinates"":[]}"
2017_05_25,31.640462020360257,33.53461538461541,27.513076923076955,1.8941533642551498,Kolkata,2017-05-25,"{""type"":""MultiPoint"",""coordinates"":[]}"
2017_06_02,31.561770659255007,32.74012690286948,26.135155328034493,1.17835624361447,Kolkata,2017-06-02,"{""type"":""MultiPoint"",""coordinates"":[]}"
2017_06_10,,,,,Kolkata,2017-06-10,"{""type"":""MultiPoint"",""coordinates"":[]}"
2017_06_18,30.950000000000045,,,,Kolkata,2017-06-18,"{""type"":""MultiPoint"",""coordinates"":[]}"
2017_06_26,,,,,Kolkata,2017-06-26,"{""type"":""MultiPoint"",""coordinates"":[]}"
2017_07_04,,,,,Kolkata,2017-07-04,"{""type"":""MultiPoint"",""coordinates"":[]}"
2017_07_12,,,,,Kolkata,2017-07-12,"{""type"":""MultiPoint"",""coordinates"":[]}"
2017_07_20,,,,,Kolkata,2017-07-20,"{""type"":""MultiPoint"",""coordinates"":[]}"
2017_07_28,,,,,Kolkata,2017-07-28,"{""type"":""MultiPoint"",""coordinates"":[]}"
2017_08_05,,,,,Kolkata,2017-08-05,"{""type"":""MultiPoint"",""coordinates"":[]}"
2017_08_13,,,,,Kolkata,2017-08-13,"{""type"":""MultiPoint"",""coordinates"":[]}"
2017_08_21,30.691785270740215,30.8246666666667,,0.13288139592648562,Kolkata,2017-08-21,"{""type"":""MultiPoint"",""coordinates"":[]}"
2017_08_29,31.277126871019597,31.04885882352945,25.536849405548246,-0.22826804749014684,Kolkata,2017-08-29,"{""type"":""MultiPoint"",""coordinates"":[]}"
2017_09_06,30.990062208398214,31.63381902068763,27.841966070887647,0.6437568122894142,Kolkata,2017-09-06,"{""type"":""MultiPoint"",""coordinates"":[]}"
2017_09_14,29.282129332944965,,,,Kolkata,2017-09-14,"{""type"":""MultiPoint"",""coordinates"":[]}"
2017_09_22,29.983771156138292,29.56287193648605,27.946599930963085,-0.42089921965224164,Kolkata,2017-09-22,"{""type"":""MultiPoint"",""coordinates"":[]}"
2017_09_30,29.424831091867766,29.868451092547673,26.026794908880564,0.4436200006799069,Kolkata,2017-09-30,"{""type"":""MultiPoint"",""coordinates"":[]}"
2017_10_08,29.943593993617547,31.22380941724699,25.339470427949013,1.2802154236294427,Kolkata,2017-10-08,"{""type"":""MultiPoint"",""coordinates"":[]}"
2017_10_16,29.938876969507852,31.22401022205981,25.38837690709055,1.285133252551958,Kolkata,2017-10-16,"{""type"":""MultiPoint"",""coordinates"":[]}"
2017_10_24,28.543575750300203,29.901508181429023,22.869214378358354,1.3579324311288197,Kolkata,2017-10-24,"{""type"":""MultiPoint"",""coordinates"":[]}"
2017_11_01,28.73739284263513,29.955643782864726,23.11764972807426,1.218250940229595,Kolkata,2017-11-01,"{""type"":""MultiPoint"",""coordinates"":[]}"
2017_11_09,28.319307770359234,29.33383819712743,21.94097994121539,1.0145304267681965,Kolkata,2017-11-09,"{""type"":""MultiPoint"",""coordinates"":[]}"
2017_11_17,26.52857197208719,26.931341771989747,19.08530655255692,0.4027697999025577,Kolkata,2017-11-17,"{""type"":""MultiPoint"",""coordinates"":[]}"
2017_11_25,25.444130304738287,25.45316484363711,16.348841854189786,0.009034538898823996,Kolkata,2017-11-25,"{""type"":""MultiPoint"",""coordinates"":[]}"
2017_12_03,24.791733158124348,24.906381983983735,16.121158635374737,0.11464882585938696,Kolkata,2017-12-03,"{""type"":""MultiPoint"",""coordinates"":[]}"
2017_12_11,25.123123440061747,25.17109957812771,17.867020334787792,0.04797613806596246,Kolkata,2017-12-11,"{""type"":""MultiPoint"",""coordinates"":[]}"
2017_12_19,23.649270653496206,23.80992284185792,15.441214398575573,0.1606521883617127,Kolkata,2017-12-19,"{""type"":""MultiPoint"",""coordinates"":[]}"
2017_12_27,23.680236198378157,23.969626875319726,15.551017633204628,0.2893906769415686,Kolkata,2017-12-27,"{""type"":""MultiPoint"",""coordinates"":[]}"
2018_01_01,21.57244863760661,21.85672984818367,12.595104147840267,0.2842812105770598,Kolkata,2018-01-01,"{""type"":""MultiPoint"",""coordinates"":[]}"
2018_01_09,20.66550210156663,20.89162154020835,12.17270550206808,0.2261194386417209,Kolkata,2018-01-09,"{""type"":""MultiPoint"",""coordinates"":[]}"
2018_01_17,23.394837781525865,23.67688549868003,13.738388041336695,0.282047717154164,Kolkata,2018-01-17,"{""type"":""MultiPoint"",""coordinates"":[]}"
2018_01_25,24.37124908309539,24.85690996826261,14.56679570219801,0.4856608851672206,Kolkata,2018-01-25,"{""type"":""MultiPoint"",""coordinates"":[]}"
2018_02_02,25.556964693093377,25.801327296100578,18.016366404799346,0.24436260300720036,Kolkata,2018-02-02,"{""type"":""MultiPoint"",""coordinates"":[]}"
2018_02_10,25.73409903388217,26.28485271728341,17.97925049796304,0.5507536834012399,Kolkata,2018-02-10,"{""type"":""MultiPoint"",""coordinates"":[]}"
2018_02_18,28.384254119210485,28.730675150369773,20.24822068567488,0.3464210311592879,Kolkata,2018-02-18,"{""type"":""MultiPoint"",""coordinates"":[]}"
2018_02_26,30.39885919144483,30.869630837136985,22.702544292298544,0.47077164569215313,Kolkata,2018-02-26,"{""type"":""MultiPoint"",""coordinates"":[]}"
2018_03_06,31.70363674687452,32.458525735254696,21.84555156171207,0.754888988380177,Kolkata,2018-03-06,"{""type"":""MultiPoint"",""coordinates"":[]}"
2018_03_14,32.04457918615143,32.82294999812407,23.20031971399941,0.7783708119726427,Kolkata,2018-03-14,"{""type"":""MultiPoint"",""coordinates"":[]}"
2018_03_22,31.405046464569978,31.841128732954783,24.19402186693718,0.4360822683848049,Kolkata,2018-03-22,"{""type"":""MultiPoint"",""coordinates"":[]}"
2018_03_30,30.897859675632965,31.645227414635375,24.13248631839278,0.74736773900241,Kolkata,2018-03-30,"{""type"":""MultiPoint"",""coordinates"":[]}"
2018_04_07,30.842646032340753,32.15407503585137,23.9280522072788,1.311429003510618,Kolkata,2018-04-07,"{""type"":""MultiPoint"",""coordinates"":[]}"
2018_04_15,31.158290802210033,32.25640859418417,25.03829973804676,1.0981177919741398,Kolkata,2018-04-15,"{""type"":""MultiPoint"",""coordinates"":[]}"
2018_04_23,30.492183234527136,31.049021149555383,25.052666918072998,0.5568379150282468,Kolkata,2018-04-23,"{""type"":""MultiPoint"",""coordinates"":[]}"
2018_05_01,29.828956752683265,30.585878430508124,24.04164154021058,0.7569216778248595,Kolkata,2018-05-01,"{""type"":""MultiPoint"",""coordinates"":[]}"
2018_05_09,30.246502411460806,30.65247805646895,24.307882007663256,0.4059756450081444,Kolkata,2018-05-09,"{""type"":""MultiPoint"",""coordinates"":[]}"
2018_05_17,30.59276846637408,30.496791569086657,24.910702576112435,-0.09597689728742154,Kolkata,2018-05-17,"{""type"":""MultiPoint"",""coordinates"":[]}"
2018_05_25,31.84956491237063,31.961540829523344,25.931398932585328,0.11197591715271216,Kolkata,2018-05-25,"{""type"":""MultiPoint"",""coordinates"":[]}"
2018_06_02,31.700000000000045,,,,Kolkata,2018-06-02,"{""type"":""MultiPoint"",""coordinates"":[]}"
2018_06_10,29.88215732112345,31.48782419354842,25.51605241935487,1.605666872424969,Kolkata,2018-06-10,"{""type"":""MultiPoint"",""coordinates"":[]}"
2018_06_18,35.557954101079204,35.839046707790416,27.0891301754984,0.28109260671121206,Kolkata,2018-06-18,"{""type"":""MultiPoint"",""coordinates"":[]}"
2018_06_26,27.79000000000002,,,,Kolkata,2018-06-26,"{""type"":""MultiPoint"",""coordinates"":[]}"
2018_07_04,,,,,Kolkata,2018-07-04,"{""type"":""MultiPoint"",""coordinates"":[]}"
2018_07_12,29.046405152224857,30.021747038211284,,0.9753418859864276,Kolkata,2018-07-12,"{""type"":""MultiPoint"",""coordinates"":[]}"
2018_07_20,,,,,Kolkata,2018-07-20,"{""type"":""MultiPoint"",""coordinates"":[]}"
2018_07_28,,,,,Kolkata,2018-07-28,"{""type"":""MultiPoint"",""coordinates"":[]}"
2018_08_05,26.988388836029205,,,,Kolkata,2018-08-05,"{""type"":""MultiPoint"",""coordinates"":[]}"
2018_08_13,29.116986363636382,28.8366666666667,,-0.2803196969696806,Kolkata,2018-08-13,"{""type"":""MultiPoint"",""coordinates"":[]}"
2018_08_21,,,,,Kolkata,2018-08-21,"{""type"":""MultiPoint"",""coordinates"":[]}"
2018_08_29,,,,,Kolkata,2018-08-29,"{""type"":""MultiPoint"",""coordinates"":[]}"
2018_09_06,30.423227136431823,31.241331592689328,,0.8181044562575046,Kolkata,2018-09-06,"{""type"":""MultiPoint"",""coordinates"":[]}"
2018_09_14,31.293494267358337,33.38504602263654,27.228894719378697,2.0915517552782,Kolkata,2018-09-14,"{""type"":""MultiPoint"",""coordinates"":[]}"
2018_09_22,30.28436010004538,31.288794827211508,25.683644859813118,1.004434727166128,Kolkata,2018-09-22,"{""type"":""MultiPoint"",""coordinates"":[]}"
2018_09_30,31.17176674740076,32.41386923040587,26.28490551329902,1.2421024830051124,Kolkata,2018-09-30,"{""type"":""MultiPoint"",""coordinates"":[]}"
2018_10_08,30.53545400525765,31.868765984654743,23.98307102999304,1.3333119793970916,Kolkata,2018-10-08,"{""type"":""MultiPoint"",""coordinates"":[]}"
2018_10_16,30.212949914385373,31.65437257688291,23.854212993002164,1.441422662497537,Kolkata,2018-10-16,"{""type"":""MultiPoint"",""coordinates"":[]}"
2018_10_24,29.025342400326554,30.89520889294701,21.93326658668396,1.8698664926204565,Kolkata,2018-10-24,"{""type"":""MultiPoint"",""coordinates"":[]}"
2018_11_01,29.116478741454134,30.145202534309586,22.877414627662567,1.0287237928554518,Kolkata,2018-11-01,"{""type"":""MultiPoint"",""coordinates"":[]}"
2018_11_09,28.124446647348982,28.838142153581366,20.683493234197208,0.7136955062323835,Kolkata,2018-11-09,"{""type"":""MultiPoint"",""coordinates"":[]}"
2018_11_17,27.705561394492978,27.705426480616936,19.30016261868544,-1.3491387604247507E-4,Kolkata,2018-11-17,"{""type"":""MultiPoint"",""coordinates"":[]}"
2018_11_25,28.389073656915418,28.30604954192013,18.38312341211798,-0.08302411499528617,Kolkata,2018-11-25,"{""type"":""MultiPoint"",""coordinates"":[]}"
2018_12_03,25.32434155454186,25.495663196016338,15.029055105148396,0.17132164147447781,Kolkata,2018-12-03,"{""type"":""MultiPoint"",""coordinates"":[]}"
2018_12_11,25.717079744685847,25.74764490929772,16.822910118015564,0.030565164611871865,Kolkata,2018-12-11,"{""type"":""MultiPoint"",""coordinates"":[]}"
2018_12_19,22.605803513783428,22.728211359865934,13.924459286117454,0.12240784608250621,Kolkata,2018-12-19,"{""type"":""MultiPoint"",""coordinates"":[]}"
2018_12_27,21.56559140090233,21.678899165923198,12.204372969035234,0.11330776502086692,Kolkata,2018-12-27,"{""type"":""MultiPoint"",""coordinates"":[]}"
2019_01_01,23.600754880748873,23.950298088460624,12.926205296164119,0.3495432077117506,Kolkata,2019-01-01,"{""type"":""MultiPoint"",""coordinates"":[]}"
2019_01_09,23.33841495078996,23.86110721264248,13.116282715045731,0.5226922618525194,Kolkata,2019-01-09,"{""type"":""MultiPoint"",""coordinates"":[]}"
2019_01_17,24.44925054090342,24.74784415291933,14.010330499408832,0.2985936120159103,Kolkata,2019-01-17,"{""type"":""MultiPoint"",""coordinates"":[]}"
2019_01_25,24.114227507423173,24.463129939025773,14.487117700147504,0.3489024316025997,Kolkata,2019-01-25,"{""type"":""MultiPoint"",""coordinates"":[]}"
2019_02_02,26.156412710351905,26.393849717789696,16.48278933250865,0.23743700743779073,Kolkata,2019-02-02,"{""type"":""MultiPoint"",""coordinates"":[]}"
2019_02_10,26.30952488900268,27.039505163535317,16.539984814779533,0.729980274532636,Kolkata,2019-02-10,"{""type"":""MultiPoint"",""coordinates"":[]}"
2019_02_18,28.843704681073202,29.36422944153368,20.292192642409514,0.5205247604604786,Kolkata,2019-02-18,"{""type"":""MultiPoint"",""coordinates"":[]}"
2019_02_26,24.66242566202873,25.243653793995577,18.61800664844604,0.5812281319668458,Kolkata,2019-02-26,"{""type"":""MultiPoint"",""coordinates"":[]}"
2019_03_06,28.97811069928721,29.26674505819132,22.080076575774452,0.28863435890410827,Kolkata,2019-03-06,"{""type"":""MultiPoint"",""coordinates"":[]}"
2019_03_14,31.217665183425435,31.65212556386859,23.91620465461721,0.4344603804431557,Kolkata,2019-03-14,"{""type"":""MultiPoint"",""coordinates"":[]}"
2019_03_22,30.53035340908977,31.25799029656962,23.32191164411648,0.72763688747985,Kolkata,2019-03-22,"{""type"":""MultiPoint"",""coordinates"":[]}"
2019_03_30,30.87965169163069,31.059807490204452,25.06702287154879,0.18015579857376096,Kolkata,2019-03-30,"{""type"":""MultiPoint"",""coordinates"":[]}"
2019_04_07,29.3480061779262,30.331195227456394,23.850678994153174,0.9831890495301927,Kolkata,2019-04-07,"{""type"":""MultiPoint"",""coordinates"":[]}"
2019_04_15,31.71726870441179,32.98436216892617,25.305709906395002,1.267093464514378,Kolkata,2019-04-15,"{""type"":""MultiPoint"",""coordinates"":[]}"
2019_04_23,32.37517400112008,33.25750477493362,25.880753097787515,0.8823307738135426,Kolkata,2019-04-23,"{""type"":""MultiPoint"",""coordinates"":[]}"
2019_05_01,31.803737312102953,33.5870145104421,25.156985240936677,1.7832771983391495,Kolkata,2019-05-01,"{""type"":""MultiPoint"",""coordinates"":[]}"
2019_05_09,32.358624410605444,33.33653824866794,24.304686859040462,0.9779138380624985,Kolkata,2019-05-09,"{""type"":""MultiPoint"",""coordinates"":[]}"
2019_05_17,31.723030335097416,32.30149640306831,25.269284588174564,0.5784660679708971,Kolkata,2019-05-17,"{""type"":""MultiPoint"",""coordinates"":[]}"
2019_05_25,33.01257999730889,33.146621558620055,25.152329464592444,0.13404156131116451,Kolkata,2019-05-25,"{""type"":""MultiPoint"",""coordinates"":[]}"
2019_06_02,27.62577420443049,,,,Kolkata,2019-06-02,"{""type"":""MultiPoint"",""coordinates"":[]}"
2019_06_10,32.06576369343152,31.895021715880087,25.87969114159502,-0.17074197755143317,Kolkata,2019-06-10,"{""type"":""MultiPoint"",""coordinates"":[]}"
2019_06_18,31.07364735945488,,,,Kolkata,2019-06-18,"{""type"":""MultiPoint"",""coordinates"":[]}"
2019_06_26,,,,,Kolkata,2019-06-26,"{""type"":""MultiPoint"",""coordinates"":[]}"
2019_07_04,,,,,Kolkata,2019-07-04,"{""type"":""MultiPoint"",""coordinates"":[]}"
2019_07_12,34.826688987791464,33.960000000000036,27.56000000000003,-0.8666889877914272,Kolkata,2019-07-12,"{""type"":""MultiPoint"",""coordinates"":[]}"
2019_07_20,29.684269175108565,,,,Kolkata,2019-07-20,"{""type"":""MultiPoint"",""coordinates"":[]}"
2019_07_28,28.204352941176527,,,,Kolkata,2019-07-28,"{""type"":""MultiPoint"",""coordinates"":[]}"
2019_08_05,,,,,Kolkata,2019-08-05,"{""type"":""MultiPoint"",""coordinates"":[]}"
2019_08_13,28.507433698586663,,,,Kolkata,2019-08-13,"{""type"":""MultiPoint"",""coordinates"":[]}"
2019_08_21,29.77253155530203,,,,Kolkata,2019-08-21,"{""type"":""MultiPoint"",""coordinates"":[]}"
2019_08_29,29.110000000000014,,,,Kolkata,2019-08-29,"{""type"":""MultiPoint"",""coordinates"":[]}"
2019_09_06,,,,,Kolkata,2019-09-06,"{""type"":""MultiPoint"",""coordinates"":[]}"
2019_09_14,30.73884247748496,31.187844827586222,27.189094827586224,0.44900235010126366,Kolkata,2019-09-14,"{""type"":""MultiPoint"",""coordinates"":[]}"
2019_09_22,,,,,Kolkata,2019-09-22,"{""type"":""MultiPoint"",""coordinates"":[]}"
2019_09_30,28.773242436943733,27.745652173913086,,-1.0275902630306462,Kolkata,2019-09-30,"{""type"":""MultiPoint"",""coordinates"":[]}"
2019_10_08,28.99317200681518,30.591420638089417,24.420458785525046,1.598248631274238,Kolkata,2019-10-08,"{""type"":""MultiPoint"",""coordinates"":[]}"
2019_10_16,28.862171476759546,31.13456234689614,24.644350241978866,2.2723908701365936,Kolkata,2019-10-16,"{""type"":""MultiPoint"",""coordinates"":[]}"
2019_10_24,27.918011714285782,29.030485036119742,22.501246130030985,1.11247332183396,Kolkata,2019-10-24,"{""type"":""MultiPoint"",""coordinates"":[]}"
2019_11_01,29.005573018312607,29.57565337809485,22.587546789760836,0.5700803597822421,Kolkata,2019-11-01,"{""type"":""MultiPoint"",""coordinates"":[]}"
2019_11_09,28.00066323642801,28.850366739873813,22.166284451363605,0.8497035034458023,Kolkata,2019-11-09,"{""type"":""MultiPoint"",""coordinates"":[]}"
2019_11_17,27.136757673577016,27.80734823600215,20.139457636468503,0.6705905624251329,Kolkata,2019-11-17,"{""type"":""MultiPoint"",""coordinates"":[]}"
2019_11_25,28.193043996937075,28.500729242218807,20.371944751032807,0.307685245281732,Kolkata,2019-11-25,"{""type"":""MultiPoint"",""coordinates"":[]}"
2019_12_03,25.033176078646534,25.279454382983232,17.308171289401315,0.24627830433669828,Kolkata,2019-12-03,"{""type"":""MultiPoint"",""coordinates"":[]}"
2019_12_11,24.759868290226407,24.523721560946232,17.176200843754742,-0.23614672928017555,Kolkata,2019-12-11,"{""type"":""MultiPoint"",""coordinates"":[]}"
2019_12_19,20.96684092013318,21.2383156993148,14.349020556227353,0.2714747791816201,Kolkata,2019-12-19,"{""type"":""MultiPoint"",""coordinates"":[]}"
2019_12_27,21.194672720658936,21.241266075132533,13.209429361604073,0.046593354473596804,Kolkata,2019-12-27,"{""type"":""MultiPoint"",""coordinates"":[]}"
2020_01_01,20.393227906340098,20.267104156936043,15.114203643157424,-0.12612374940405502,Kolkata,2020-01-01,"{""type"":""MultiPoint"",""coordinates"":[]}"
2020_01_09,22.31804767070783,22.556853430857537,14.614308373070422,0.238805760149706,Kolkata,2020-01-09,"{""type"":""MultiPoint"",""coordinates"":[]}"
2020_01_17,24.35061080676477,24.72982938202738,16.173570992765654,0.37921857526260894,Kolkata,2020-01-17,"{""type"":""MultiPoint"",""coordinates"":[]}"
2020_01_25,23.1158429668397,23.498877202473473,15.148447747674107,0.38303423563377237,Kolkata,2020-01-25,"{""type"":""MultiPoint"",""coordinates"":[]}"
2020_02_02,23.260337327596392,23.664538716966913,14.607173374410577,0.4042013893705203,Kolkata,2020-02-02,"{""type"":""MultiPoint"",""coordinates"":[]}"
2020_02_10,25.40926311941939,26.095831297069378,16.38953852892904,0.6865681776499883,Kolkata,2020-02-10,"{""type"":""MultiPoint"",""coordinates"":[]}"
2020_02_18,27.76794356124462,28.45943261904891,19.05167176608239,0.69148905780429,Kolkata,2020-02-18,"{""type"":""MultiPoint"",""coordinates"":[]}"
2020_02_26,27.477210065698227,28.07118793347912,19.588160966103974,0.5939778677808931,Kolkata,2020-02-26,"{""type"":""MultiPoint"",""coordinates"":[]}"
2020_03_05,28.84924361263598,29.508253650025182,21.453073820927823,0.6590100373892014,Kolkata,2020-03-05,"{""type"":""MultiPoint"",""coordinates"":[]}"
2020_03_13,30.013597938366622,30.653890232256856,21.687803304871345,0.6402922938902336,Kolkata,2020-03-13,"{""type"":""MultiPoint"",""coordinates"":[]}"
2020_03_21,30.7581160459107,31.677731228785227,24.33240045690851,0.9196151828745265,Kolkata,2020-03-21,"{""type"":""MultiPoint"",""coordinates"":[]}"
2020_03_29,33.46858215198405,34.29761948234736,25.385927900316858,0.8290373303633061,Kolkata,2020-03-29,"{""type"":""MultiPoint"",""coordinates"":[]}"
2020_04_06,33.229270729913125,34.08342026403183,24.909625820037284,0.8541495341187044,Kolkata,2020-04-06,"{""type"":""MultiPoint"",""coordinates"":[]}"
2020_04_14,32.563071328940154,33.45714492134915,26.293926088907945,0.8940735924089935,Kolkata,2020-04-14,"{""type"":""MultiPoint"",""coordinates"":[]}"
2020_04_22,30.47231597374184,29.090000000000032,16.610000000000014,-1.3823159737418074,Kolkata,2020-04-22,"{""type"":""MultiPoint"",""coordinates"":[]}"
2020_04_30,31.35065272974273,32.51938250499763,24.853977390225456,1.1687297752548993,Kolkata,2020-04-30,"{""type"":""MultiPoint"",""coordinates"":[]}"
2020_05_08,32.71451583790704,33.78354071428066,26.031689923454532,1.069024876373625,Kolkata,2020-05-08,"{""type"":""MultiPoint"",""coordinates"":[]}"
2020_05_16,32.664768511536835,33.83655593623397,23.337689431781317,1.1717874246971363,Kolkata,2020-05-16,"{""type"":""MultiPoint"",""coordinates"":[]}"
2020_05_24,,,,,Kolkata,2020-05-24,"{""type"":""MultiPoint"",""coordinates"":[]}"
2020_06_01,32.030959673509,33.559946547638745,,1.5289868741297425,Kolkata,2020-06-01,"{""type"":""MultiPoint"",""coordinates"":[]}"
2020_06_09,,,,,Kolkata,2020-06-09,"{""type"":""MultiPoint"",""coordinates"":[]}"
2020_06_17,32.42063330856247,34.87000000000004,,2.449366691437568,Kolkata,2020-06-17,"{""type"":""MultiPoint"",""coordinates"":[]}"
2020_06_25,32.01000000000005,,,,Kolkata,2020-06-25,"{""type"":""MultiPoint"",""coordinates"":[]}"
2020_07_03,,,,,Kolkata,2020-07-03,"{""type"":""MultiPoint"",""coordinates"":[]}"
2020_07_11,30.822102803738364,,,,Kolkata,2020-07-11,"{""type"":""MultiPoint"",""coordinates"":[]}"
2020_07_19,,,,,Kolkata,2020-07-19,"{""type"":""MultiPoint"",""coordinates"":[]}"
2020_07_27,,,,,Kolkata,2020-07-27,"{""type"":""MultiPoint"",""coordinates"":[]}"
2020_08_04,,,,,Kolkata,2020-08-04,"{""type"":""MultiPoint"",""coordinates"":[]}"
2020_08_12,29.99000000000001,,,,Kolkata,2020-08-12,"{""type"":""MultiPoint"",""coordinates"":[]}"
2020_08_20,,,,,Kolkata,2020-08-20,"{""type"":""MultiPoint"",""coordinates"":[]}"
2020_08_28,30.193525676119588,31.622880133185376,25.948562874251525,1.429354457065788,Kolkata,2020-08-28,"{""type"":""MultiPoint"",""coordinates"":[]}"
2020_09_05,31.356364627771864,31.711635713662943,,0.35527108589107925,Kolkata,2020-09-05,"{""type"":""MultiPoint"",""coordinates"":[]}"
2020_09_13,30.559629629629658,30.78000000000003,,0.22037037037037166,Kolkata,2020-09-13,"{""type"":""MultiPoint"",""coordinates"":[]}"
2020_09_21,29.64818181818185,30.330000000000027,25.390000000000043,0.6818181818181763,Kolkata,2020-09-21,"{""type"":""MultiPoint"",""coordinates"":[]}"
2020_09_29,,,,,Kolkata,2020-09-29,"{""type"":""MultiPoint"",""coordinates"":[]}"
2020_10_07,30.0530288846705,31.426251173708945,26.118183098591576,1.373222289038445,Kolkata,2020-10-07,"{""type"":""MultiPoint"",""coordinates"":[]}"
2020_10_15,30.262122592122637,31.53086950525776,24.31566454059648,1.2687469131351214,Kolkata,2020-10-15,"{""type"":""MultiPoint"",""coordinates"":[]}"
2020_10_23,28.64326274654916,30.162305995569007,23.51363306298133,1.5190432490198482,Kolkata,2020-10-23,"{""type"":""MultiPoint"",""coordinates"":[]}"
2020_10_31,28.696856763807087,29.00600391175423,21.473318892090276,0.3091471479471437,Kolkata,2020-10-31,"{""type"":""MultiPoint"",""coordinates"":[]}"
2020_11_08,29.87637770305149,30.622783337783783,21.36885137516689,0.7464056347322945,Kolkata,2020-11-08,"{""type"":""MultiPoint"",""coordinates"":[]}"
2020_11_16,27.484483191576622,27.141915752772867,20.183133566365168,-0.34256743880375495,Kolkata,2020-11-16,"{""type"":""MultiPoint"",""coordinates"":[]}"
2020_11_24,26.727483874417548,26.480924757368488,17.295134978333298,-0.24655911704905975,Kolkata,2020-11-24,"{""type"":""MultiPoint"",""coordinates"":[]}"
2020_12_02,27.110863034846744,26.622874422953352,18.041810319640064,-0.4879886118933925,Kolkata,2020-12-02,"{""type"":""MultiPoint"",""coordinates"":[]}"
2020_12_10,24.540190288195852,24.31716184519158,17.687169663799875,-0.22302844300427083,Kolkata,2020-12-10,"{""type"":""MultiPoint"",""coordinates"":[]}"
2020_12_18,23.1584007965186,23.143640671020652,12.920732488154725,-0.01476012549794703,Kolkata,2020-12-18,"{""type"":""MultiPoint"",""coordinates"":[]}"
2020_12_26,23.176062295638634,22.905751428527203,13.474076373941214,-0.27031086711143004,Kolkata,2020-12-26,"{""type"":""MultiPoint"",""coordinates"":[]}"
2021_01_01,25.499774592935946,25.38746628736683,14.115428912708666,-0.11230830556911542,Kolkata,2021-01-01,"{""type"":""MultiPoint"",""coordinates"":[]}"
2021_01_09,25.865252456409408,25.583894275883637,16.207194966434905,-0.2813581805257712,Kolkata,2021-01-09,"{""type"":""MultiPoint"",""coordinates"":[]}"
2021_01_17,24.79164782542278,25.426331164934375,14.692349072229328,0.6346833395115965,Kolkata,2021-01-17,"{""type"":""MultiPoint"",""coordinates"":[]}"
2021_01_25,22.808984229273683,23.11461537225154,13.70041243410059,0.3056311429778553,Kolkata,2021-01-25,"{""type"":""MultiPoint"",""coordinates"":[]}"
2021_02_02,25.091896681212855,25.423827280635827,14.337610622078754,0.33193059942297154,Kolkata,2021-02-02,"{""type"":""MultiPoint"",""coordinates"":[]}"
2021_02_10,26.54987899978526,26.60862068018622,18.371889528098553,0.05874168040095995,Kolkata,2021-02-10,"{""type"":""MultiPoint"",""coordinates"":[]}"
2021_02_18,28.801406377129727,29.365754623040097,19.154527569465206,0.5643482459103701,Kolkata,2021-02-18,"{""type"":""MultiPoint"",""coordinates"":[]}"
2021_02_26,31.269936320374473,31.808702530267382,22.0207014850623,0.5387662098929091,Kolkata,2021-02-26,"{""type"":""MultiPoint"",""coordinates"":[]}"
2021_03_06,30.80250932063183,31.33533182607742,22.76047859053194,0.5328225054455906,Kolkata,2021-03-06,"{""type"":""MultiPoint"",""coordinates"":[]}"
2021_03_14,32.306102636356265,32.42056424661642,22.78029355923926,0.11446161026015744,Kolkata,2021-03-14,"{""type"":""MultiPoint"",""coordinates"":[]}"
2021_03_22,33.03694629698294,33.37765765465437,24.296173283995095,0.3407113576714309,Kolkata,2021-03-22,"{""type"":""MultiPoint"",""coordinates"":[]}"
2021_03_30,32.796861131918455,33.11218107830932,24.590944823161045,0.3153199463908649,Kolkata,2021-03-30,"{""type"":""MultiPoint"",""coordinates"":[]}"
2021_04_07,33.08936886000297,33.61453674995442,25.55509472460333,0.5251678899514474,Kolkata,2021-04-07,"{""type"":""MultiPoint"",""coordinates"":[]}"
2021_04_15,34.30425338633426,35.073067527080035,25.303775831604828,0.7688141407457749,Kolkata,2021-04-15,"{""type"":""MultiPoint"",""coordinates"":[]}"
2021_04_23,34.36059025309038,34.75243844602995,25.96263546051874,0.39184819293956963,Kolkata,2021-04-23,"{""type"":""MultiPoint"",""coordinates"":[]}"
2021_05_01,34.272089622097376,34.843774501962685,24.945731090575787,0.5716848798653089,Kolkata,2021-05-01,"{""type"":""MultiPoint"",""coordinates"":[]}"
2021_05_09,32.31050246522123,34.01431426256708,24.4722136491648,1.7038117973458569,Kolkata,2021-05-09,"{""type"":""MultiPoint"",""coordinates"":[]}"
2021_05_17,35.01578756737879,35.31714845162694,26.917790874325572,0.30136088424815455,Kolkata,2021-05-17,"{""type"":""MultiPoint"",""coordinates"":[]}"
2021_05_25,30.48495024390246,,,,Kolkata,2021-05-25,"{""type"":""MultiPoint"",""coordinates"":[]}"
2021_06_02,32.95866849017318,33.32538900814065,26.00045524222002,0.3667205179674653,Kolkata,2021-06-02,"{""type"":""MultiPoint"",""coordinates"":[]}"
2021_06_10,,,,,Kolkata,2021-06-10,"{""type"":""MultiPoint"",""coordinates"":[]}"
2021_06_18,,,,,Kolkata,2021-06-18,"{""type"":""MultiPoint"",""coordinates"":[]}"
2021_06_26,,,,,Kolkata,2021-06-26,"{""type"":""MultiPoint"",""coordinates"":[]}"
2021_07_04,,,,,Kolkata,2021-07-04,"{""type"":""MultiPoint"",""coordinates"":[]}"
2021_07_12,,,,,Kolkata,2021-07-12,"{""type"":""MultiPoint"",""coordinates"":[]}"
2021_07_20,,,,,Kolkata,2021-07-20,"{""type"":""MultiPoint"",""coordinates"":[]}"
2021_07_28,,,,,Kolkata,2021-07-28,"{""type"":""MultiPoint"",""coordinates"":[]}"
2021_08_05,,,,,Kolkata,2021-08-05,"{""type"":""MultiPoint"",""coordinates"":[]}"
2021_08_13,,,,,Kolkata,2021-08-13,"{""type"":""MultiPoint"",""coordinates"":[]}"
2021_08_21,,,,,Kolkata,2021-08-21,"{""type"":""MultiPoint"",""coordinates"":[]}"
2021_08_29,29.370000000000005,,,,Kolkata,2021-08-29,"{""type"":""MultiPoint"",""coordinates"":[]}"
2021_09_06,,,,,Kolkata,2021-09-06,"{""type"":""MultiPoint"",""coordinates"":[]}"
2021_09_14,,,,,Kolkata,2021-09-14,"{""type"":""MultiPoint"",""coordinates"":[]}"
2021_09_22,29.728948002849194,29.162500000000037,,-0.5664480028491568,Kolkata,2021-09-22,"{""type"":""MultiPoint"",""coordinates"":[]}"
2021_09_30,29.55823335866384,29.67314854517615,26.228012251148566,0.11491518651230948,Kolkata,2021-09-30,"{""type"":""MultiPoint"",""coordinates"":[]}"
2021_10_08,29.88065829948466,31.753717672413824,25.63382543103451,1.8730593729291627,Kolkata,2021-10-08,"{""type"":""MultiPoint"",""coordinates"":[]}"
2021_10_16,29.37440366972472,30.028357625390758,24.667029609796025,0.6539539556660365,Kolkata,2021-10-16,"{""type"":""MultiPoint"",""coordinates"":[]}"
2021_10_24,28.2462791496214,29.254778254070946,23.836586191092422,1.0084991044495446,Kolkata,2021-10-24,"{""type"":""MultiPoint"",""coordinates"":[]}"
2021_11_01,28.160495360436133,29.094778941674065,20.811302744172362,0.9342835812379313,Kolkata,2021-11-01,"{""type"":""MultiPoint"",""coordinates"":[]}"
2021_11_09,27.437339310503347,27.951684835593404,21.10514065408139,0.5143455250900573,Kolkata,2021-11-09,"{""type"":""MultiPoint"",""coordinates"":[]}"
2021_11_17,27.85606743817028,28.320180395932347,20.737193814308938,0.4641129577620653,Kolkata,2021-11-17,"{""type"":""MultiPoint"",""coordinates"":[]}"
2021_11_25,26.871667057567116,27.050626162599894,18.9419537148485,0.1789591050327779,Kolkata,2021-11-25,"{""type"":""MultiPoint"",""coordinates"":[]}"
2021_12_03,,24.79000000000002,20.230000000000018,,Kolkata,2021-12-03,"{""type"":""MultiPoint"",""coordinates"":[]}"
2021_12_11,23.488262736106016,23.768882200703747,17.008935996975815,0.2806194645977307,Kolkata,2021-12-11,"{""type"":""MultiPoint"",""coordinates"":[]}"
2021_12_19,21.50021361093786,21.619951706950665,14.40088632650875,0.1197380960128065,Kolkata,2021-12-19,"{""type"":""MultiPoint"",""coordinates"":[]}"
2021_12_27,22.29882207745592,22.393682428031823,17.17925249818571,0.09486035057590314,Kolkata,2021-12-27,"{""type"":""MultiPoint"",""coordinates"":[]}"
2022_01_01,23.000278423179367,23.088703526357243,14.852890605602763,0.088425103177876,Kolkata,2022-01-01,"{""type"":""MultiPoint"",""coordinates"":[]}"
2022_01_09,22.9084191239406,22.98552822806041,16.85292714738219,0.07710910411980976,Kolkata,2022-01-09,"{""type"":""MultiPoint"",""coordinates"":[]}"
2022_01_17,21.562754120244964,21.42865527849742,15.15215619602766,-0.13409884174754438,Kolkata,2022-01-17,"{""type"":""MultiPoint"",""coordinates"":[]}"
2022_01_25,22.7428006998547,22.836296231520294,14.18692204812711,0.09349553166559232,Kolkata,2022-01-25,"{""type"":""MultiPoint"",""coordinates"":[]}"
2022_02_02,23.44642651194699,23.828919396544784,16.750866694494025,0.38249288459779507,Kolkata,2022-02-02,"{""type"":""MultiPoint"",""coordinates"":[]}"
2022_02_10,24.306927185240745,24.96478451027364,15.632307152653578,0.657857325032893,Kolkata,2022-02-10,"{""type"":""MultiPoint"",""coordinates"":[]}"
2022_02_18,25.750930274194538,26.425922135565283,18.07519789487036,0.6749918613707457,Kolkata,2022-02-18,"{""type"":""MultiPoint"",""coordinates"":[]}"
2022_02_26,28.301724895217834,28.970095960437177,20.872164811089913,0.6683710652193433,Kolkata,2022-02-26,"{""type"":""MultiPoint"",""coordinates"":[]}"
2022_03_06,29.790895295461045,31.04979208848017,21.62502780698866,1.258896793019126,Kolkata,2022-03-06,"{""type"":""MultiPoint"",""coordinates"":[]}"
2022_03_14,32.39627324454097,33.454487935133024,23.595026213813544,1.0582146905920524,Kolkata,2022-03-14,"{""type"":""MultiPoint"",""coordinates"":[]}"
2022_03_22,32.34203968906622,33.02969632021229,24.33968069769611,0.6876566311460692,Kolkata,2022-03-22,"{""type"":""MultiPoint"",""coordinates"":[]}"
2022_03_30,30.212920194079775,30.095443337301667,23.49147621455018,-0.11747685677810793,Kolkata,2022-03-30,"{""type"":""MultiPoint"",""coordinates"":[]}"
2022_04_07,31.473961824191605,32.12867862320789,24.76262750362461,0.6547167990162848,Kolkata,2022-04-07,"{""type"":""MultiPoint"",""coordinates"":[]}"
2022_04_15,31.99330214526946,32.72350071898467,24.564315266250784,0.7301985737152066,Kolkata,2022-04-15,"{""type"":""MultiPoint"",""coordinates"":[]}"
2022_04_23,32.92467463845544,33.57441073461408,25.783424694841344,0.6497360961586338,Kolkata,2022-04-23,"{""type"":""MultiPoint"",""coordinates"":[]}"
2022_05_01,30.741401936563193,31.6860613545018,23.889561258806307,0.9446594179386061,Kolkata,2022-05-01,"{""type"":""MultiPoint"",""coordinates"":[]}"
2022_05_09,29.49000000000002,,,,Kolkata,2022-05-09,"{""type"":""MultiPoint"",""coordinates"":[]}"
2022_05_17,31.087610001273685,31.38581481054938,22.833684375051423,0.2982048092756955,Kolkata,2022-05-17,"{""type"":""MultiPoint"",""coordinates"":[]}"
2022_05_25,31.212185742912506,30.790903372177,,-0.4212823707355078,Kolkata,2022-05-25,"{""type"":""MultiPoint"",""coordinates"":[]}"
2022_06_02,,,,,Kolkata,2022-06-02,"{""type"":""MultiPoint"",""coordinates"":[]}"
2022_06_10,29.691661573979786,,,,Kolkata,2022-06-10,"{""type"":""MultiPoint"",""coordinates"":[]}"
2022_06_18,,,,,Kolkata,2022-06-18,"{""type"":""MultiPoint"",""coordinates"":[]}"
2022_06_26,,,,,Kolkata,2022-06-26,"{""type"":""MultiPoint"",""coordinates"":[]}"
2022_07_04,30.857597717383076,30.061304670126052,25.42385467980299,-0.7962930472570235,Kolkata,2022-07-04,"{""type"":""MultiPoint"",""coordinates"":[]}"
2022_07_12,28.85645237356503,,,,Kolkata,2022-07-12,"{""type"":""MultiPoint"",""coordinates"":[]}"
2022_07_20,28.30576388888894,28.76809523809527,,0.46233134920633034,Kolkata,2022-07-20,"{""type"":""MultiPoint"",""coordinates"":[]}"
2022_07_28,,,,,Kolkata,2022-07-28,"{""type"":""MultiPoint"",""coordinates"":[]}"
2022_08_05,,,,,Kolkata,2022-08-05,"{""type"":""MultiPoint"",""coordinates"":[]}"
2022_08_13,31.752065371062077,,,,Kolkata,2022-08-13,"{""type"":""MultiPoint"",""coordinates"":[]}"
2022_08_21,31.8413387641353,32.97000000000003,26.33000000000004,1.128661235864726,Kolkata,2022-08-21,"{""type"":""MultiPoint"",""coordinates"":[]}"
2022_08_29,33.52225942050747,33.540000000000035,26.555000000000035,0.017740579492567576,Kolkata,2022-08-29,"{""type"":""MultiPoint"",""coordinates"":[]}"
2022_09_06,,,,,Kolkata,2022-09-06,"{""type"":""MultiPoint"",""coordinates"":[]}"
2022_09_14,25.08167000000003,,,,Kolkata,2022-09-14,"{""type"":""MultiPoint"",""coordinates"":[]}"
2022_09_22,29.76763168205118,30.50440798427343,,0.7367763022222498,Kolkata,2022-09-22,"{""type"":""MultiPoint"",""coordinates"":[]}"
2022_09_30,,,,,Kolkata,2022-09-30,"{""type"":""MultiPoint"",""coordinates"":[]}"
2022_10_08,29.845217115746156,30.221506111456414,,0.376288995710258,Kolkata,2022-10-08,"{""type"":""MultiPoint"",""coordinates"":[]}"
2022_10_16,,,,,Kolkata,2022-10-16,"{""type"":""MultiPoint"",""coordinates"":[]}"
2022_10_24,28.47133574871348,29.753487913229144,22.82753395257606,1.282152164515665,Kolkata,2022-10-24,"{""type"":""MultiPoint"",""coordinates"":[]}"
2022_11_01,28.655857526157963,29.678748788710514,22.090582927635978,1.0228912625525517,Kolkata,2022-11-01,"{""type"":""MultiPoint"",""coordinates"":[]}"
2022_11_09,27.989327404339633,28.66709126342159,20.302392736903258,0.6777638590819564,Kolkata,2022-11-09,"{""type"":""MultiPoint"",""coordinates"":[]}"
2022_11_17,26.757780343940038,27.29197216010227,17.827059924239002,0.534191816162231,Kolkata,2022-11-17,"{""type"":""MultiPoint"",""coordinates"":[]}"
2022_11_25,26.900616885587418,26.987914596465234,18.494413422321127,0.08729771087781657,Kolkata,2022-11-25,"{""type"":""MultiPoint"",""coordinates"":[]}"
2022_12_03,24.638653191048142,25.019464486413867,16.09778852722748,0.38081129536572433,Kolkata,2022-12-03,"{""type"":""MultiPoint"",""coordinates"":[]}"
2022_12_11,24.3074427046931,24.281133841850508,14.942377816541656,-0.026308862842590486,Kolkata,2022-12-11,"{""type"":""MultiPoint"",""coordinates"":[]}"
2022_12_19,24.824686462792805,25.015794997124793,16.010056785508933,0.19110853433198827,Kolkata,2022-12-19,"{""type"":""MultiPoint"",""coordinates"":[]}"
2022_12_27,23.166257821167108,23.4374580470774,15.610828922175951,0.2712002259102917,Kolkata,2022-12-27,"{""type"":""MultiPoint"",""coordinates"":[]}"
2023_01_01,19.956877932604367,19.87095447260643,14.095476345936984,-0.08592345999793594,Kolkata,2023-01-01,"{""type"":""MultiPoint"",""coordinates"":[]}"
2023_01_09,22.54332194366581,22.92141320905268,15.530799724358076,0.3780912653868711,Kolkata,2023-01-09,"{""type"":""MultiPoint"",""coordinates"":[]}"
2023_01_17,23.501179324998784,22.76474139844621,17.118039955604907,-0.7364379265525756,Kolkata,2023-01-17,"{""type"":""MultiPoint"",""coordinates"":[]}"
2023_01_25,25.29455445485685,25.83588922047182,17.629567400004635,0.5413347656149696,Kolkata,2023-01-25,"{""type"":""MultiPoint"",""coordinates"":[]}"
2023_02_02,25.60887231799643,26.27512358931383,17.455765932287093,0.6662512713173996,Kolkata,2023-02-02,"{""type"":""MultiPoint"",""coordinates"":[]}"
2023_02_10,26.503266944885958,27.225679731598458,17.821789835196004,0.7224127867124999,Kolkata,2023-02-10,"{""type"":""MultiPoint"",""coordinates"":[]}"
2023_02_18,29.5603974217148,29.980817484737514,22.09199814407818,0.4204200630227142,Kolkata,2023-02-18,"{""type"":""MultiPoint"",""coordinates"":[]}"
2023_02_26,31.059530284996043,31.776191627609727,22.52372624627188,0.7166613426136834,Kolkata,2023-02-26,"{""type"":""MultiPoint"",""coordinates"":[]}"
2023_03_06,31.226374357291796,31.765251138549598,22.625706229551376,0.5388767812578017,Kolkata,2023-03-06,"{""type"":""MultiPoint"",""coordinates"":[]}"
2023_03_14,28.777208828779013,27.00222052067383,22.56321155108294,-1.7749883081051827,Kolkata,2023-03-14,"{""type"":""MultiPoint"",""coordinates"":[]}"
2023_03_22,30.91369536192976,31.576107419445123,24.505877593140937,0.6624120575153611,Kolkata,2023-03-22,"{""type"":""MultiPoint"",""coordinates"":[]}"
2023_03_30,31.50849942313328,32.277675703609525,23.704736179572837,0.7691762804762448,Kolkata,2023-03-30,"{""type"":""MultiPoint"",""coordinates"":[]}"
2023_04_07,34.67601146367792,35.65519478745205,26.564895065945038,0.979183323774123,Kolkata,2023-04-07,"{""type"":""MultiPoint"",""coordinates"":[]}"
2023_04_15,34.73579164270448,35.25933999592529,27.351179214428917,0.5235483532208107,Kolkata,2023-04-15,"{""type"":""MultiPoint"",""coordinates"":[]}"
2023_04_23,33.91949382768794,34.62968838042227,23.97772121578569,0.7101945527343361,Kolkata,2023-04-23,"{""type"":""MultiPoint"",""coordinates"":[]}"
2023_05_01,33.31791776898879,34.03601493987381,26.148445403833446,0.7180971708850166,Kolkata,2023-05-01,"{""type"":""MultiPoint"",""coordinates"":[]}"
2023_05_09,33.433967895127,34.04896672568987,26.843054571836166,0.6149988305628753,Kolkata,2023-05-09,"{""type"":""MultiPoint"",""coordinates"":[]}"
2023_05_17,32.77557105051033,33.30038528454175,24.63538503187247,0.5248142340314175,Kolkata,2023-05-17,"{""type"":""MultiPoint"",""coordinates"":[]}"
2023_05_25,32.386099862476065,33.01760334264604,25.30841552633049,0.6315034801699753,Kolkata,2023-05-25,"{""type"":""MultiPoint"",""coordinates"":[]}"
2023_06_02,34.48231782222138,34.09396859211376,27.282009435425326,-0.3883492301076217,Kolkata,2023-06-02,"{""type"":""MultiPoint"",""coordinates"":[]}"
2023_06_10,31.26409625320373,,,,Kolkata,2023-06-10,"{""type"":""MultiPoint"",""coordinates"":[]}"
2023_06_18,,30.843333333333362,,,Kolkata,2023-06-18,"{""type"":""MultiPoint"",""coordinates"":[]}"
2023_06_26,,,,,Kolkata,2023-06-26,"{""type"":""MultiPoint"",""coordinates"":[]}"
2023_07_04,,,,,Kolkata,2023-07-04,"{""type"":""MultiPoint"",""coordinates"":[]}"
2023_07_12,27.54139352469963,27.58600000000005,26.902000000000022,0.04460647530041939,Kolkata,2023-07-12,"{""type"":""MultiPoint"",""coordinates"":[]}"
2023_07_20,29.031516828449625,27.88377551020412,25.867755102040835,-1.1477413182455045,Kolkata,2023-07-20,"{""type"":""MultiPoint"",""coordinates"":[]}"
2023_07_28,,,,,Kolkata,2023-07-28,"{""type"":""MultiPoint"",""coordinates"":[]}"
2023_08_05,,,,,Kolkata,2023-08-05,"{""type"":""MultiPoint"",""coordinates"":[]}"
2023_08_13,30.06467374810321,,,,Kolkata,2023-08-13,"{""type"":""MultiPoint"",""coordinates"":[]}"
2023_08_21,29.755057271097034,28.341167593328077,26.34892613185071,-1.4138896777689567,Kolkata,2023-08-21,"{""type"":""MultiPoint"",""coordinates"":[]}"
2023_08_29,31.374273863593732,32.76000000000002,25.77000000000004,1.3857261364062872,Kolkata,2023-08-29,"{""type"":""MultiPoint"",""coordinates"":[]}"
2023_09_06,29.610000000000014,,,,Kolkata,2023-09-06,"{""type"":""MultiPoint"",""coordinates"":[]}"
2023_09_14,27.849218539073092,27.95659590372255,25.73916415456292,0.10737736464945868,Kolkata,2023-09-14,"{""type"":""MultiPoint"",""coordinates"":[]}"
2023_09_22,,,,,Kolkata,2023-09-22,"{""type"":""MultiPoint"",""coordinates"":[]}"
2023_09_30,26.230000000000018,,,,Kolkata,2023-09-30,"{""type"":""MultiPoint"",""coordinates"":[]}"
2023_10_08,30.317951125927834,31.1997993188193,26.76992776367931,0.8818481928914643,Kolkata,2023-10-08,"{""type"":""MultiPoint"",""coordinates"":[]}"
2023_10_16,29.27590330081668,30.56690391978532,24.88867910757802,1.291000618968642,Kolkata,2023-10-16,"{""type"":""MultiPoint"",""coordinates"":[]}"
2023_10_24,29.646666305177725,30.677409864708526,23.977033622175558,1.0307435595308014,Kolkata,2023-10-24,"{""type"":""MultiPoint"",""coordinates"":[]}"
2023_11_01,28.589677523475398,29.69388183535243,23.022507717678515,1.1042043118770302,Kolkata,2023-11-01,"{""type"":""MultiPoint"",""coordinates"":[]}"
2023_11_09,27.853238114111495,28.36418911515648,22.03214096764605,0.5109510010449867,Kolkata,2023-11-09,"{""type"":""MultiPoint"",""coordinates"":[]}"
2023_11_17,27.257552620032133,27.782493368969856,20.46375026676561,0.5249407489377234,Kolkata,2023-11-17,"{""type"":""MultiPoint"",""coordinates"":[]}"
2023_11_25,26.439086891981578,26.566994717320494,20.212585365853688,0.12790782533891587,Kolkata,2023-11-25,"{""type"":""MultiPoint"",""coordinates"":[]}"
2023_12_03,24.120753367321747,23.821471322436874,17.963965230312066,-0.29928204488487253,Kolkata,2023-12-03,"{""type"":""MultiPoint"",""coordinates"":[]}"
2023_12_11,21.60437782258824,22.347378906325797,15.044747143605392,0.7430010837375569,Kolkata,2023-12-11,"{""type"":""MultiPoint"",""coordinates"":[]}"
2023_12_19,22.344749567111137,22.620718484650606,16.309816152457103,0.27596891753946906,Kolkata,2023-12-19,"{""type"":""MultiPoint"",""coordinates"":[]}"
2023_12_27,23.275492997898613,23.30215215926497,17.93260116385915,0.026659161366357154,Kolkata,2023-12-27,"{""type"":""MultiPoint"",""coordinates"":[]}"
2024_01_01,21.865125248166077,21.712520372726363,15.169055118110258,-0.1526048754397138,Kolkata,2024-01-01,"{""type"":""MultiPoint"",""coordinates"":[]}"
2024_01_09,21.16946642253221,20.39483885610535,15.256073536087182,-0.7746275664268616,Kolkata,2024-01-09,"{""type"":""MultiPoint"",""coordinates"":[]}"
2024_01_17,18.09930023699641,,,,Kolkata,2024-01-17,"{""type"":""MultiPoint"",""coordinates"":[]}"
2024_01_25,20.603981881866495,21.004590456038773,14.938758839579057,0.4006085741722778,Kolkata,2024-01-25,"{""type"":""MultiPoint"",""coordinates"":[]}"
2024_02_02,22.615659142941514,23.489250836011852,16.859449693191806,0.8735916930703382,Kolkata,2024-02-02,"{""type"":""MultiPoint"",""coordinates"":[]}"
2024_02_10,24.054767170840588,24.66518407484893,17.647356569866105,0.6104169040083427,Kolkata,2024-02-10,"{""type"":""MultiPoint"",""coordinates"":[]}"
2024_02_18,27.02233064840549,27.55710301936006,20.48141699267734,0.5347723709545704,Kolkata,2024-02-18,"{""type"":""MultiPoint"",""coordinates"":[]}"
2024_02_26,26.937647986885157,27.878072211400795,21.197483630987332,0.9404242245156382,Kolkata,2024-02-26,"{""type"":""MultiPoint"",""coordinates"":[]}"
2024_03_05,28.972570558972837,29.753195094663447,21.297421874151414,0.7806245356906096,Kolkata,2024-03-05,"{""type"":""MultiPoint"",""coordinates"":[]}"
2024_03_13,32.150274547620405,30.7027832768049,22.88611960960757,-1.4474912708155045,Kolkata,2024-03-13,"{""type"":""MultiPoint"",""coordinates"":[]}"
2024_03_21,28.76156251954705,29.84789593384783,23.817503385173634,1.086333414300782,Kolkata,2024-03-21,"{""type"":""MultiPoint"",""coordinates"":[]}"
2024_03_29,32.31833981195665,33.25619008847637,26.418249145090392,0.9378502765197254,Kolkata,2024-03-29,"{""type"":""MultiPoint"",""coordinates"":[]}"
2024_04_06,32.2664088484174,33.86253569578848,25.58347886056975,1.5961268473710817,Kolkata,2024-04-06,"{""type"":""MultiPoint"",""coordinates"":[]}"
2024_04_14,34.44018878292347,35.388000729006,26.975174372634257,0.9478119460825312,Kolkata,2024-04-14,"{""type"":""MultiPoint"",""coordinates"":[]}"
2024_04_22,35.52319603558495,36.63034418032568,28.990321078103747,1.1071481447407265,Kolkata,2024-04-22,"{""type"":""MultiPoint"",""coordinates"":[]}"
2024_04_30,34.00928408461159,34.63566146918222,28.204731741275147,0.626377384570624,Kolkata,2024-04-30,"{""type"":""MultiPoint"",""coordinates"":[]}"
2024_05_08,33.52293852780891,34.07132890720576,25.76421333301666,0.5483903793968494,Kolkata,2024-05-08,"{""type"":""MultiPoint"",""coordinates"":[]}"
2024_05_16,31.641457200166275,31.053165871456663,26.161498737019397,-0.5882913287096123,Kolkata,2024-05-16,"{""type"":""MultiPoint"",""coordinates"":[]}"
2024_05_24,33.02591981370865,,,,Kolkata,2024-05-24,"{""type"":""MultiPoint"",""coordinates"":[]}"
2024_06_01,30.071597600032593,31.26070560945507,25.19237926774054,1.1891080094224762,Kolkata,2024-06-01,"{""type"":""MultiPoint"",""coordinates"":[]}"
2024_06_09,30.73291506167928,30.370008892841295,26.59229376018973,-0.3629061688379842,Kolkata,2024-06-09,"{""type"":""MultiPoint"",""coordinates"":[]}"
2024_06_17,,,,,Kolkata,2024-06-17,"{""type"":""MultiPoint"",""coordinates"":[]}"
2024_06_25,,,,,Kolkata,2024-06-25,"{""type"":""MultiPoint"",""coordinates"":[]}"
2024_07_03,,,,,Kolkata,2024-07-03,"{""type"":""MultiPoint"",""coordinates"":[]}"
2024_07_11,,,,,Kolkata,2024-07-11,"{""type"":""MultiPoint"",""coordinates"":[]}"
2024_07_19,25.950000000000028,,,,Kolkata,2024-07-19,"{""type"":""MultiPoint"",""coordinates"":[]}"
2024_07_27,,,,,Kolkata,2024-07-27,"{""type"":""MultiPoint"",""coordinates"":[]}"
2024_08_04,28.250000000000057,,,,Kolkata,2024-08-04,"{""type"":""MultiPoint"",""coordinates"":[]}"
2024_08_12,,,,,Kolkata,2024-08-12,"{""type"":""MultiPoint"",""coordinates"":[]}"
2024_08_20,,,,,Kolkata,2024-08-20,"{""type"":""MultiPoint"",""coordinates"":[]}"
2024_08_28,28.810249172231917,27.690000000000055,26.150000000000034,-1.120249172231862,Kolkata,2024-08-28,"{""type"":""MultiPoint"",""coordinates"":[]}"
2024_09_05,29.9877777777778,,,,Kolkata,2024-09-05,"{""type"":""MultiPoint"",""coordinates"":[]}"
2024_09_13,30.316317426708398,31.37648644146848,26.810793005286722,1.0601690147600813,Kolkata,2024-09-13,"{""type"":""MultiPoint"",""coordinates"":[]}"
2024_09_21,29.18595092959466,,,,Kolkata,2024-09-21,"{""type"":""MultiPoint"",""coordinates"":[]}"
2024_09_29,29.93997037400042,30.51444005407095,,0.5744696800705285,Kolkata,2024-09-29,"{""type"":""MultiPoint"",""coordinates"":[]}"
2024_10_07,28.7896497469713,29.93806364833155,26.209625665388383,1.1484139013602501,Kolkata,2024-10-07,"{""type"":""MultiPoint"",""coordinates"":[]}"
2024_10_15,28.551315062615682,29.2374228975478,24.831724086053885,0.6861078349321161,Kolkata,2024-10-15,"{""type"":""MultiPoint"",""coordinates"":[]}"
2024_10_23,28.772463365071893,29.73026622004116,24.586242933101275,0.9578028549692661,Kolkata,2024-10-23,"{""type"":""MultiPoint"",""coordinates"":[]}"
2024_10_31,28.28602302258811,29.17021317216104,24.79361126708799,0.8841901495729303,Kolkata,2024-10-31,"{""type"":""MultiPoint"",""coordinates"":[]}"
2024_11_08,28.017861769973305,28.82744856664861,23.640800551636868,0.8095867966753048,Kolkata,2024-11-08,"{""type"":""MultiPoint"",""coordinates"":[]}"
2024_11_16,25.773438361126736,26.218878729592355,19.753748780419865,0.4454403684656185,Kolkata,2024-11-16,"{""type"":""MultiPoint"",""coordinates"":[]}"
2024_11_24,22.72477816304174,23.16053145028647,18.071999238354557,0.4357532872447294,Kolkata,2024-11-24,"{""type"":""MultiPoint"",""coordinates"":[]}"
2024_12_02,23.467404687562794,23.664465704684787,17.6333087566713,0.19706101712199242,Kolkata,2024-12-02,"{""type"":""MultiPoint"",""coordinates"":[]}"
2024_12_10,20.606892262622516,20.797986890021882,15.129564093226545,0.1910946273993659,Kolkata,2024-12-10,"{""type"":""MultiPoint"",""coordinates"":[]}"
2024_12_18,21.635713143110458,22.021771108576946,16.846811021797,0.3860579654664882,Kolkata,2024-12-18,"{""type"":""MultiPoint"",""coordinates"":[]}"
2024_12_26,22.924216661976313,23.081583980288286,17.17897334610951,0.15736731831197304,Kolkata,2024-12-26,"{""type"":""MultiPoint"",""coordinates"":[]}"
