system:index,LST_Day_Rural,LST_Day_Urban,LST_Night_Urban,UHI_Index,city,date,.geo
2000_02_18,,,,,Mumbai,2000-02-18,"{""type"":""MultiPoint"",""coordinates"":[]}"
2000_02_26,40.170713299896406,36.05046724405033,21.321967349832192,-4.120246055846074,Mumbai,2000-02-26,"{""type"":""MultiPoint"",""coordinates"":[]}"
2000_03_05,37.85608229434601,33.60189856693843,20.07607532896494,-4.254183727407579,Mumbai,2000-03-05,"{""type"":""MultiPoint"",""coordinates"":[]}"
2000_03_13,40.888048200382734,35.868366715609945,21.362860265190186,-5.019681484772789,Mumbai,2000-03-13,"{""type"":""MultiPoint"",""coordinates"":[]}"
2000_03_21,41.852668077972574,37.063458271158204,22.783117354514854,-4.78920980681437,Mumbai,2000-03-21,"{""type"":""MultiPoint"",""coordinates"":[]}"
2000_03_29,42.32749162788581,37.33122157318665,24.615976974990108,-4.99627005469916,Mumbai,2000-03-29,"{""type"":""MultiPoint"",""coordinates"":[]}"
2000_04_06,42.527446424999255,36.98802070293701,24.526692826191653,-5.539425722062248,Mumbai,2000-04-06,"{""type"":""MultiPoint"",""coordinates"":[]}"
2000_04_14,41.51131332630715,36.52664918915159,24.48679117462826,-4.984664137155562,Mumbai,2000-04-14,"{""type"":""MultiPoint"",""coordinates"":[]}"
2000_04_22,43.249032533601316,38.26545613358444,24.556977249094476,-4.983576400016872,Mumbai,2000-04-22,"{""type"":""MultiPoint"",""coordinates"":[]}"
2000_04_30,41.26997043690104,35.9594745703957,24.329921090745675,-5.310495866505342,Mumbai,2000-04-30,"{""type"":""MultiPoint"",""coordinates"":[]}"
2000_05_08,37.90249007622434,33.09303920614848,24.48184551026367,-4.809450870075857,Mumbai,2000-05-08,"{""type"":""MultiPoint"",""coordinates"":[]}"
2000_05_16,34.3354783723078,32.936019074532005,23.161822677499153,-1.3994592977757918,Mumbai,2000-05-16,"{""type"":""MultiPoint"",""coordinates"":[]}"
2000_05_24,36.901826713096895,33.79213485434917,25.301428571428605,-3.1096918587477234,Mumbai,2000-05-24,"{""type"":""MultiPoint"",""coordinates"":[]}"
2000_06_01,,,,,Mumbai,2000-06-01,"{""type"":""MultiPoint"",""coordinates"":[]}"
2000_06_09,28.114631200205636,29.27502127659577,20.812370475514577,1.160390076390133,Mumbai,2000-06-09,"{""type"":""MultiPoint"",""coordinates"":[]}"
2000_06_17,30.360000000000024,,,,Mumbai,2000-06-17,"{""type"":""MultiPoint"",""coordinates"":[]}"
2000_06_25,30.97555213810897,34.80344447939607,,3.8278923412871,Mumbai,2000-06-25,"{""type"":""MultiPoint"",""coordinates"":[]}"
2000_07_03,,,,,Mumbai,2000-07-03,"{""type"":""MultiPoint"",""coordinates"":[]}"
2000_07_11,,,,,Mumbai,2000-07-11,"{""type"":""MultiPoint"",""coordinates"":[]}"
2000_07_19,26.630164363093048,27.164981070849137,19.5757706868578,0.5348167077560895,Mumbai,2000-07-19,"{""type"":""MultiPoint"",""coordinates"":[]}"
2000_07_27,31.138416314189165,29.213995151515185,17.39000484848487,-1.9244211626739798,Mumbai,2000-07-27,"{""type"":""MultiPoint"",""coordinates"":[]}"
2000_08_04,31.82077520584125,29.787959183673514,22.20224489795921,-2.0328160221677365,Mumbai,2000-08-04,"{""type"":""MultiPoint"",""coordinates"":[]}"
2000_08_12,,,,,Mumbai,2000-08-12,"{""type"":""MultiPoint"",""coordinates"":[]}"
2000_08_20,,,,,Mumbai,2000-08-20,"{""type"":""MultiPoint"",""coordinates"":[]}"
2000_08_28,25.23329061717487,25.82221264367819,17.162144334635745,0.5889220265033188,Mumbai,2000-08-28,"{""type"":""MultiPoint"",""coordinates"":[]}"
2000_09_05,28.00168662426154,29.18537990985194,21.299293303284,1.1836932855903974,Mumbai,2000-09-05,"{""type"":""MultiPoint"",""coordinates"":[]}"
2000_09_13,31.146204681872774,31.848832011535716,22.219238850551054,0.702627329662942,Mumbai,2000-09-13,"{""type"":""MultiPoint"",""coordinates"":[]}"
2000_09_21,31.513207283748766,32.012888593957406,,0.49968131020863993,Mumbai,2000-09-21,"{""type"":""MultiPoint"",""coordinates"":[]}"
2000_09_29,30.50219636146881,30.869337900241614,23.613748899509535,0.3671415387728061,Mumbai,2000-09-29,"{""type"":""MultiPoint"",""coordinates"":[]}"
2000_10_07,30.259369459979837,29.950038531146046,22.71441068306509,-0.3093309288337913,Mumbai,2000-10-07,"{""type"":""MultiPoint"",""coordinates"":[]}"
2000_10_15,30.84117528383243,31.95863924620193,24.218416560509567,1.1174639623694986,Mumbai,2000-10-15,"{""type"":""MultiPoint"",""coordinates"":[]}"
2000_10_23,33.21389359473238,32.33532928385143,24.192295785302235,-0.8785643108809538,Mumbai,2000-10-23,"{""type"":""MultiPoint"",""coordinates"":[]}"
2000_10_31,33.704512303581225,32.81022500763006,23.625038567755507,-0.8942872959511661,Mumbai,2000-10-31,"{""type"":""MultiPoint"",""coordinates"":[]}"
2000_11_08,33.667233902800625,32.74945746049783,22.713395740833093,-0.9177764423027952,Mumbai,2000-11-08,"{""type"":""MultiPoint"",""coordinates"":[]}"
2000_11_16,33.924196137363815,32.122179320626195,21.572333244354322,-1.8020168167376198,Mumbai,2000-11-16,"{""type"":""MultiPoint"",""coordinates"":[]}"
2000_11_24,33.59275223903096,31.589056789962815,21.046390248146015,-2.003695449068143,Mumbai,2000-11-24,"{""type"":""MultiPoint"",""coordinates"":[]}"
2000_12_02,34.02778846809822,31.97619672234285,20.128219621905625,-2.051591745755374,Mumbai,2000-12-02,"{""type"":""MultiPoint"",""coordinates"":[]}"
2000_12_10,33.402504294514195,30.59402801381208,19.30980006078504,-2.8084762807021164,Mumbai,2000-12-10,"{""type"":""MultiPoint"",""coordinates"":[]}"
2000_12_18,34.17468637011295,31.529746090234365,19.604370784494396,-2.644940279878586,Mumbai,2000-12-18,"{""type"":""MultiPoint"",""coordinates"":[]}"
2000_12_26,33.16823437720831,30.711845304122804,18.409486041782255,-2.4563890730855036,Mumbai,2000-12-26,"{""type"":""MultiPoint"",""coordinates"":[]}"
2001_01_01,31.22196087842771,29.356725321020914,18.86377533325534,-1.8652355574067947,Mumbai,2001-01-01,"{""type"":""MultiPoint"",""coordinates"":[]}"
2001_01_09,31.52644054322755,28.50355527434378,19.108982013260256,-3.0228852688837726,Mumbai,2001-01-09,"{""type"":""MultiPoint"",""coordinates"":[]}"
2001_01_17,33.35946932282711,30.3283484563984,19.893563448688266,-3.0311208664287115,Mumbai,2001-01-17,"{""type"":""MultiPoint"",""coordinates"":[]}"
2001_01_25,33.45761507109711,29.691962427416705,19.223146499741624,-3.7656526436804043,Mumbai,2001-01-25,"{""type"":""MultiPoint"",""coordinates"":[]}"
2001_02_02,36.734908461586,32.450174276751525,19.666784491419474,-4.284734184834477,Mumbai,2001-02-02,"{""type"":""MultiPoint"",""coordinates"":[]}"
2001_02_10,35.13062989759684,31.325276544028338,18.451270843720582,-3.8053533535685027,Mumbai,2001-02-10,"{""type"":""MultiPoint"",""coordinates"":[]}"
2001_02_18,37.60040978726376,33.09595249410983,20.31859818187338,-4.504457293153926,Mumbai,2001-02-18,"{""type"":""MultiPoint"",""coordinates"":[]}"
2001_02_26,36.96890433962576,32.29121211436067,20.869723707564187,-4.6776922252650905,Mumbai,2001-02-26,"{""type"":""MultiPoint"",""coordinates"":[]}"
2001_03_06,38.72461358854836,33.24174530946738,21.828980807698567,-5.482868279080975,Mumbai,2001-03-06,"{""type"":""MultiPoint"",""coordinates"":[]}"
2001_03_14,39.308791922313574,34.15918322732319,22.571360665282537,-5.149608694990384,Mumbai,2001-03-14,"{""type"":""MultiPoint"",""coordinates"":[]}"
2001_03_22,41.07419301602439,35.69108274416013,22.83654472272861,-5.383110271864261,Mumbai,2001-03-22,"{""type"":""MultiPoint"",""coordinates"":[]}"
2001_03_30,42.85110516890061,36.951096030839274,22.778249703674465,-5.9000091380613355,Mumbai,2001-03-30,"{""type"":""MultiPoint"",""coordinates"":[]}"
2001_04_07,43.1244073623677,37.24385072296049,24.872896283443442,-5.88055663940721,Mumbai,2001-04-07,"{""type"":""MultiPoint"",""coordinates"":[]}"
2001_04_15,42.46201558849356,36.03398208766952,24.94858946704512,-6.428033500824036,Mumbai,2001-04-15,"{""type"":""MultiPoint"",""coordinates"":[]}"
2001_04_23,43.60615901693928,37.3650659836566,25.208507135016504,-6.241093033282681,Mumbai,2001-04-23,"{""type"":""MultiPoint"",""coordinates"":[]}"
2001_05_01,42.58068770761374,36.629093705978555,26.02410514453154,-5.951594001635186,Mumbai,2001-05-01,"{""type"":""MultiPoint"",""coordinates"":[]}"
2001_05_09,41.494818037332166,36.653460807773236,25.556652454499318,-4.84135722955893,Mumbai,2001-05-09,"{""type"":""MultiPoint"",""coordinates"":[]}"
2001_05_17,43.35727567960583,37.663827168092595,25.411224362181123,-5.693448511513232,Mumbai,2001-05-17,"{""type"":""MultiPoint"",""coordinates"":[]}"
2001_05_25,36.9657744710241,33.28978653017916,22.54707134386121,-3.6759879408449407,Mumbai,2001-05-25,"{""type"":""MultiPoint"",""coordinates"":[]}"
2001_06_02,37.40260256573101,32.793837638376395,,-4.608764927354613,Mumbai,2001-06-02,"{""type"":""MultiPoint"",""coordinates"":[]}"
2001_06_10,,,,,Mumbai,2001-06-10,"{""type"":""MultiPoint"",""coordinates"":[]}"
2001_06_26,,,,,Mumbai,2001-06-26,"{""type"":""MultiPoint"",""coordinates"":[]}"
2001_07_04,,,,,Mumbai,2001-07-04,"{""type"":""MultiPoint"",""coordinates"":[]}"
2001_07_12,28.470000000000027,,,,Mumbai,2001-07-12,"{""type"":""MultiPoint"",""coordinates"":[]}"
2001_07_20,,,,,Mumbai,2001-07-20,"{""type"":""MultiPoint"",""coordinates"":[]}"
2001_07_28,,,,,Mumbai,2001-07-28,"{""type"":""MultiPoint"",""coordinates"":[]}"
2001_08_05,,,,,Mumbai,2001-08-05,"{""type"":""MultiPoint"",""coordinates"":[]}"
2001_08_13,,,,,Mumbai,2001-08-13,"{""type"":""MultiPoint"",""coordinates"":[]}"
2001_08_21,,,,,Mumbai,2001-08-21,"{""type"":""MultiPoint"",""coordinates"":[]}"
2001_08_29,27.89415196471534,28.71995485588613,17.63301994301998,0.8258028911707882,Mumbai,2001-08-29,"{""type"":""MultiPoint"",""coordinates"":[]}"
2001_09_06,28.86993640642408,30.687926475007547,21.55831837854959,1.817990068583466,Mumbai,2001-09-06,"{""type"":""MultiPoint"",""coordinates"":[]}"
2001_09_14,28.83871040642829,29.42038438617405,,0.5816739797457586,Mumbai,2001-09-14,"{""type"":""MultiPoint"",""coordinates"":[]}"
2001_09_22,28.147183919803627,27.674315804978672,25.122830188679284,-0.47286811482495494,Mumbai,2001-09-22,"{""type"":""MultiPoint"",""coordinates"":[]}"
2001_09_30,30.773906126227573,30.895136653047135,22.84410684326714,0.12123052681956281,Mumbai,2001-09-30,"{""type"":""MultiPoint"",""coordinates"":[]}"
2001_10_08,27.75163779527562,28.26896882494007,22.750000000000025,0.5173310296644509,Mumbai,2001-10-08,"{""type"":""MultiPoint"",""coordinates"":[]}"
2001_10_16,31.91329379592375,32.42343149641634,24.230116777601452,0.5101377004925922,Mumbai,2001-10-16,"{""type"":""MultiPoint"",""coordinates"":[]}"
2001_10_24,33.08912478984888,32.889058745705654,23.344123295563726,-0.20006604414322737,Mumbai,2001-10-24,"{""type"":""MultiPoint"",""coordinates"":[]}"
2001_11_01,34.914945753726286,33.969504838157256,24.0220420876863,-0.94544091556903,Mumbai,2001-11-01,"{""type"":""MultiPoint"",""coordinates"":[]}"
2001_11_09,33.45718284379821,31.940380058741408,22.552611680068683,-1.5168027850568002,Mumbai,2001-11-09,"{""type"":""MultiPoint"",""coordinates"":[]}"
2001_11_17,33.68241885683236,32.131722758247065,21.522157250922188,-1.5506960985852984,Mumbai,2001-11-17,"{""type"":""MultiPoint"",""coordinates"":[]}"
2001_11_25,32.05473659673662,30.13523695568569,21.13006901414473,-1.9194996410509262,Mumbai,2001-11-25,"{""type"":""MultiPoint"",""coordinates"":[]}"
2001_12_03,33.85128498701634,31.711816868891372,21.430231268099725,-2.13946811812497,Mumbai,2001-12-03,"{""type"":""MultiPoint"",""coordinates"":[]}"
2001_12_11,31.901945807411693,29.894351297405247,21.187187634036132,-2.007594510006445,Mumbai,2001-12-11,"{""type"":""MultiPoint"",""coordinates"":[]}"
2001_12_19,33.253268679580906,31.029933308102287,20.492094043758936,-2.223335371478619,Mumbai,2001-12-19,"{""type"":""MultiPoint"",""coordinates"":[]}"
2001_12_27,31.238126163339146,28.816318041441676,20.552419453099205,-2.4218081218974703,Mumbai,2001-12-27,"{""type"":""MultiPoint"",""coordinates"":[]}"
2002_01_01,31.747227752800224,29.427349522251017,20.078546692709754,-2.3198782305492074,Mumbai,2002-01-01,"{""type"":""MultiPoint"",""coordinates"":[]}"
2002_01_09,32.73848786854372,29.929688723635326,20.54372050936137,-2.808799144908395,Mumbai,2002-01-09,"{""type"":""MultiPoint"",""coordinates"":[]}"
2002_01_17,30.33310838919859,27.589358453058672,17.083648685280604,-2.743749936139917,Mumbai,2002-01-17,"{""type"":""MultiPoint"",""coordinates"":[]}"
2002_01_25,31.121908485288454,27.858105804218987,17.624036743937555,-3.2638026810694676,Mumbai,2002-01-25,"{""type"":""MultiPoint"",""coordinates"":[]}"
2002_02_02,33.1788556380824,29.90595647419078,19.689154199475098,-3.2728991638916227,Mumbai,2002-02-02,"{""type"":""MultiPoint"",""coordinates"":[]}"
2002_02_10,35.56854888794771,31.634674206277897,20.945288130931136,-3.933874681669817,Mumbai,2002-02-10,"{""type"":""MultiPoint"",""coordinates"":[]}"
2002_02_18,37.70945480648936,33.90930791740848,21.723713958294983,-3.800146889080878,Mumbai,2002-02-18,"{""type"":""MultiPoint"",""coordinates"":[]}"
2002_02_26,38.87381707121182,33.98240010914059,21.879186793997313,-4.891416962071226,Mumbai,2002-02-26,"{""type"":""MultiPoint"",""coordinates"":[]}"
2002_03_06,38.439386726253936,34.71569433070505,22.60728203558992,-3.7236923955488876,Mumbai,2002-03-06,"{""type"":""MultiPoint"",""coordinates"":[]}"
2002_03_14,41.35729632475159,36.28337516452596,23.125760893066477,-5.0739211602256304,Mumbai,2002-03-14,"{""type"":""MultiPoint"",""coordinates"":[]}"
2002_03_22,42.21964941137022,36.43386955186884,23.556413244143986,-5.785779859501382,Mumbai,2002-03-22,"{""type"":""MultiPoint"",""coordinates"":[]}"
2002_03_30,40.83677276240214,35.141578437220424,24.140367581270546,-5.695194325181717,Mumbai,2002-03-30,"{""type"":""MultiPoint"",""coordinates"":[]}"
2002_04_07,43.80238069324888,38.19546051818597,25.400168533510072,-5.6069201750629105,Mumbai,2002-04-07,"{""type"":""MultiPoint"",""coordinates"":[]}"
2002_04_15,42.023273808731034,36.783128556131814,24.743021898423248,-5.24014525259922,Mumbai,2002-04-15,"{""type"":""MultiPoint"",""coordinates"":[]}"
2002_04_23,44.65061449178549,38.29993785566325,26.13626110145482,-6.3506766361222375,Mumbai,2002-04-23,"{""type"":""MultiPoint"",""coordinates"":[]}"
2002_05_01,41.34351367069919,35.712480502071685,24.660977333658344,-5.6310331686275035,Mumbai,2002-05-01,"{""type"":""MultiPoint"",""coordinates"":[]}"
2002_05_09,39.51727912100333,37.67795861176978,24.918458384129476,-1.839320509233545,Mumbai,2002-05-09,"{""type"":""MultiPoint"",""coordinates"":[]}"
2002_05_17,38.40032662414285,35.37018646192418,24.915346808732924,-3.0301401622186717,Mumbai,2002-05-17,"{""type"":""MultiPoint"",""coordinates"":[]}"
2002_05_25,40.008073506008564,35.43939885556189,25.119521983640116,-4.568674650446674,Mumbai,2002-05-25,"{""type"":""MultiPoint"",""coordinates"":[]}"
2002_06_02,40.48197782049715,36.85899057008146,24.225831547363942,-3.62298725041569,Mumbai,2002-06-02,"{""type"":""MultiPoint"",""coordinates"":[]}"
2002_06_10,,,,,Mumbai,2002-06-10,"{""type"":""MultiPoint"",""coordinates"":[]}"
2002_06_18,,,,,Mumbai,2002-06-18,"{""type"":""MultiPoint"",""coordinates"":[]}"
2002_06_26,27.960227561837485,27.41489713322095,20.356252967107533,-0.5453304286165341,Mumbai,2002-06-26,"{""type"":""MultiPoint"",""coordinates"":[]}"
2002_07_04,29.03000000000003,29.667777777777808,22.227777777777803,0.637777777777778,Mumbai,2002-07-04,"{""type"":""MultiPoint"",""coordinates"":[]}"
2002_07_12,,,,,Mumbai,2002-07-12,"{""type"":""MultiPoint"",""coordinates"":[]}"
2002_07_20,27.712300507072353,28.23804878048784,22.511707317073206,0.5257482734154877,Mumbai,2002-07-20,"{""type"":""MultiPoint"",""coordinates"":[]}"
2002_07_28,,,,,Mumbai,2002-07-28,"{""type"":""MultiPoint"",""coordinates"":[]}"
2002_08_05,,,,,Mumbai,2002-08-05,"{""type"":""MultiPoint"",""coordinates"":[]}"
2002_08_13,,,,,Mumbai,2002-08-13,"{""type"":""MultiPoint"",""coordinates"":[]}"
2002_08_21,27.088299964247433,26.485239852398553,23.693579335793395,-0.6030601118488796,Mumbai,2002-08-21,"{""type"":""MultiPoint"",""coordinates"":[]}"
2002_08_29,,,,,Mumbai,2002-08-29,"{""type"":""MultiPoint"",""coordinates"":[]}"
2002_09_06,28.87804105431856,28.930381519639436,21.944774629748903,0.05234046532087433,Mumbai,2002-09-06,"{""type"":""MultiPoint"",""coordinates"":[]}"
2002_09_14,29.95096929411184,30.989974572500184,22.723140931917897,1.0390052783883448,Mumbai,2002-09-14,"{""type"":""MultiPoint"",""coordinates"":[]}"
2002_09_22,30.068224232243658,31.178172312223893,22.549792689579952,1.109948079980235,Mumbai,2002-09-22,"{""type"":""MultiPoint"",""coordinates"":[]}"
2002_09_30,32.385546446908535,32.83595356896126,25.154618625009636,0.4504071220527237,Mumbai,2002-09-30,"{""type"":""MultiPoint"",""coordinates"":[]}"
2002_10_08,32.27569276713451,31.85177237267715,24.87625894892294,-0.4239203944573582,Mumbai,2002-10-08,"{""type"":""MultiPoint"",""coordinates"":[]}"
2002_10_16,34.34375509199159,32.8432563231966,24.144528519801842,-1.5004987687949907,Mumbai,2002-10-16,"{""type"":""MultiPoint"",""coordinates"":[]}"
2002_10_24,34.92689232644562,33.037287258434375,22.8601568949472,-1.8896050680112424,Mumbai,2002-10-24,"{""type"":""MultiPoint"",""coordinates"":[]}"
2002_11_01,35.56153572888566,33.34532879162234,23.04929620708553,-2.2162069372633155,Mumbai,2002-11-01,"{""type"":""MultiPoint"",""coordinates"":[]}"
2002_11_09,34.61161405878686,31.684519872418427,23.4706489922411,-2.9270941863684357,Mumbai,2002-11-09,"{""type"":""MultiPoint"",""coordinates"":[]}"
2002_11_17,35.04180089849195,32.60968479516758,21.828987087750633,-2.4321161033243683,Mumbai,2002-11-17,"{""type"":""MultiPoint"",""coordinates"":[]}"
2002_11_25,34.191569913219126,31.455719671859498,21.16131919124962,-2.7358502413596284,Mumbai,2002-11-25,"{""type"":""MultiPoint"",""coordinates"":[]}"
2002_12_03,32.61142366066334,29.701604864433865,22.02177631578952,-2.9098187962294766,Mumbai,2002-12-03,"{""type"":""MultiPoint"",""coordinates"":[]}"
2002_12_11,34.01347981417532,31.53033910761157,21.382771830096356,-2.4831407065637485,Mumbai,2002-12-11,"{""type"":""MultiPoint"",""coordinates"":[]}"
2002_12_19,33.063500853696375,30.650274679675356,19.799306247526708,-2.4132261740210197,Mumbai,2002-12-19,"{""type"":""MultiPoint"",""coordinates"":[]}"
2002_12_27,30.82360108788859,28.277863974495258,18.72197294067141,-2.545737113393333,Mumbai,2002-12-27,"{""type"":""MultiPoint"",""coordinates"":[]}"
2003_01_01,31.98983833746945,28.615719633406517,19.813471291891872,-3.3741187040629335,Mumbai,2003-01-01,"{""type"":""MultiPoint"",""coordinates"":[]}"
2003_01_09,32.17289740074236,29.494058621491853,21.534611666483634,-2.678838779250505,Mumbai,2003-01-09,"{""type"":""MultiPoint"",""coordinates"":[]}"
2003_01_17,33.60693565703056,30.261440704590047,19.67655385715371,-3.3454949524405144,Mumbai,2003-01-17,"{""type"":""MultiPoint"",""coordinates"":[]}"
2003_01_25,33.07309350021707,29.52644577197375,20.5322531721775,-3.546647728243318,Mumbai,2003-01-25,"{""type"":""MultiPoint"",""coordinates"":[]}"
2003_02_02,35.39935647701972,31.198703725243508,20.724557951169015,-4.2006527517762144,Mumbai,2003-02-02,"{""type"":""MultiPoint"",""coordinates"":[]}"
2003_02_10,36.82117909024523,32.723643793468234,21.30096909287099,-4.0975352967769965,Mumbai,2003-02-10,"{""type"":""MultiPoint"",""coordinates"":[]}"
2003_02_18,36.42578508205594,32.43607637089395,21.40151275237352,-3.989708711161988,Mumbai,2003-02-18,"{""type"":""MultiPoint"",""coordinates"":[]}"
2003_02_26,38.42970000145573,33.81671449635778,21.896375140298005,-4.612985505097946,Mumbai,2003-02-26,"{""type"":""MultiPoint"",""coordinates"":[]}"
2003_03_06,39.64156993558092,34.68394138204588,21.358983726764023,-4.957628553535038,Mumbai,2003-03-06,"{""type"":""MultiPoint"",""coordinates"":[]}"
2003_03_14,41.34431349014851,35.689560291427306,21.902248076943692,-5.6547531987212025,Mumbai,2003-03-14,"{""type"":""MultiPoint"",""coordinates"":[]}"
2003_03_22,41.895261800200096,36.38741785947656,24.124276978461662,-5.507843940723539,Mumbai,2003-03-22,"{""type"":""MultiPoint"",""coordinates"":[]}"
2003_03_30,41.06888555180303,35.69538369263465,24.38957158035444,-5.373501859168378,Mumbai,2003-03-30,"{""type"":""MultiPoint"",""coordinates"":[]}"
2003_04_07,43.763318766545545,37.792821041501504,25.44803621464451,-5.970497725044041,Mumbai,2003-04-07,"{""type"":""MultiPoint"",""coordinates"":[]}"
2003_04_15,43.48070612737675,37.64299949737586,25.2301989456582,-5.837706630000888,Mumbai,2003-04-15,"{""type"":""MultiPoint"",""coordinates"":[]}"
2003_04_23,42.649872312979134,36.361649411879114,25.056172110430666,-6.288222901100021,Mumbai,2003-04-23,"{""type"":""MultiPoint"",""coordinates"":[]}"
2003_05_01,42.355607495352885,36.6055706887315,25.062052860289356,-5.750036806621388,Mumbai,2003-05-01,"{""type"":""MultiPoint"",""coordinates"":[]}"
2003_05_09,41.80727854186495,35.75439400081075,25.08124246956377,-6.052884541054205,Mumbai,2003-05-09,"{""type"":""MultiPoint"",""coordinates"":[]}"
2003_05_17,40.53713780858982,33.4488514939465,25.81396904735463,-7.0882863146433195,Mumbai,2003-05-17,"{""type"":""MultiPoint"",""coordinates"":[]}"
2003_05_25,41.22724380271656,35.83199550162956,25.434346282724153,-5.395248301087001,Mumbai,2003-05-25,"{""type"":""MultiPoint"",""coordinates"":[]}"
2003_06_02,41.71589382303841,35.77161316042116,25.55368190582011,-5.9442806626172455,Mumbai,2003-06-02,"{""type"":""MultiPoint"",""coordinates"":[]}"
2003_06_10,,,,,Mumbai,2003-06-10,"{""type"":""MultiPoint"",""coordinates"":[]}"
2003_06_18,,,,,Mumbai,2003-06-18,"{""type"":""MultiPoint"",""coordinates"":[]}"
2003_06_26,,,,,Mumbai,2003-06-26,"{""type"":""MultiPoint"",""coordinates"":[]}"
2003_07_04,,,,,Mumbai,2003-07-04,"{""type"":""MultiPoint"",""coordinates"":[]}"
2003_07_12,25.370000000000005,,,,Mumbai,2003-07-12,"{""type"":""MultiPoint"",""coordinates"":[]}"
2003_07_20,,,,,Mumbai,2003-07-20,"{""type"":""MultiPoint"",""coordinates"":[]}"
2003_07_28,27.370000000000005,27.370000000000005,,0.0,Mumbai,2003-07-28,"{""type"":""MultiPoint"",""coordinates"":[]}"
2003_08_05,,,,,Mumbai,2003-08-05,"{""type"":""MultiPoint"",""coordinates"":[]}"
2003_08_13,28.129739583333375,28.405555555555583,21.756666666666685,0.2758159722222082,Mumbai,2003-08-13,"{""type"":""MultiPoint"",""coordinates"":[]}"
2003_08_21,,,,,Mumbai,2003-08-21,"{""type"":""MultiPoint"",""coordinates"":[]}"
2003_08_29,26.480000000000018,,,,Mumbai,2003-08-29,"{""type"":""MultiPoint"",""coordinates"":[]}"
2003_09_06,26.552189409475748,27.642144750795353,22.77507604562741,1.0899553413196053,Mumbai,2003-09-06,"{""type"":""MultiPoint"",""coordinates"":[]}"
2003_09_14,28.805535846267592,28.93834336141197,22.973425591656675,0.13280751514437839,Mumbai,2003-09-14,"{""type"":""MultiPoint"",""coordinates"":[]}"
2003_09_22,,,,,Mumbai,2003-09-22,"{""type"":""MultiPoint"",""coordinates"":[]}"
2003_09_30,29.931061844906306,30.50538095383398,23.828540872059342,0.5743191089276749,Mumbai,2003-09-30,"{""type"":""MultiPoint"",""coordinates"":[]}"
2003_10_08,31.818858255836854,32.28460576437654,23.231568449366033,0.46574750853968894,Mumbai,2003-10-08,"{""type"":""MultiPoint"",""coordinates"":[]}"
2003_10_16,31.38586631859099,31.235168094580946,23.038745871126768,-0.15069822401004274,Mumbai,2003-10-16,"{""type"":""MultiPoint"",""coordinates"":[]}"
2003_10_24,33.18119243759788,32.458088785399376,23.248086435767743,-0.7231036521985033,Mumbai,2003-10-24,"{""type"":""MultiPoint"",""coordinates"":[]}"
2003_11_01,33.36546751560808,32.17003094050464,24.037293862502754,-1.195436575103443,Mumbai,2003-11-01,"{""type"":""MultiPoint"",""coordinates"":[]}"
2003_11_09,34.034159044920244,32.59506267717219,22.90349860417994,-1.439096367748057,Mumbai,2003-11-09,"{""type"":""MultiPoint"",""coordinates"":[]}"
2003_11_17,33.89816135872277,31.850687641907296,23.263444264244818,-2.047473716815471,Mumbai,2003-11-17,"{""type"":""MultiPoint"",""coordinates"":[]}"
2003_11_25,33.77940305014474,31.70266246183431,22.408582597088976,-2.0767405883104253,Mumbai,2003-11-25,"{""type"":""MultiPoint"",""coordinates"":[]}"
2003_12_03,33.656578355607024,31.498506136635207,21.476046269143076,-2.1580722189718173,Mumbai,2003-12-03,"{""type"":""MultiPoint"",""coordinates"":[]}"
2003_12_11,32.40400291717097,30.060127105283208,22.52826414928848,-2.343875811887763,Mumbai,2003-12-11,"{""type"":""MultiPoint"",""coordinates"":[]}"
2003_12_19,31.8673280644523,29.04608472356658,19.639887329785058,-2.8212433408857187,Mumbai,2003-12-19,"{""type"":""MultiPoint"",""coordinates"":[]}"
2003_12_27,31.883195206030745,29.309574836608924,20.09501201261035,-2.573620369421821,Mumbai,2003-12-27,"{""type"":""MultiPoint"",""coordinates"":[]}"
2004_01_01,30.843293622796832,28.29670610566283,19.037107033639195,-2.5465875171340002,Mumbai,2004-01-01,"{""type"":""MultiPoint"",""coordinates"":[]}"
2004_01_09,33.050980776422456,30.43144169158483,19.864101879538698,-2.6195390848376263,Mumbai,2004-01-09,"{""type"":""MultiPoint"",""coordinates"":[]}"
2004_01_17,31.097976223512575,27.982447196758567,18.84489640506913,-3.1155290267540074,Mumbai,2004-01-17,"{""type"":""MultiPoint"",""coordinates"":[]}"
2004_01_25,31.618680474584522,29.048966888600955,18.857562765373487,-2.5697135859835676,Mumbai,2004-01-25,"{""type"":""MultiPoint"",""coordinates"":[]}"
2004_02_02,34.976629650033914,31.286511926022566,19.65277459433997,-3.6901177240113476,Mumbai,2004-02-02,"{""type"":""MultiPoint"",""coordinates"":[]}"
2004_02_10,35.20975435122612,31.851074707036414,20.580154743545393,-3.358679644189703,Mumbai,2004-02-10,"{""type"":""MultiPoint"",""coordinates"":[]}"
2004_02_18,38.18312843596798,33.62733286297654,21.80884340397255,-4.5557955729914426,Mumbai,2004-02-18,"{""type"":""MultiPoint"",""coordinates"":[]}"
2004_02_26,38.21959064954564,34.124422600294096,22.73239793608174,-4.095168049251541,Mumbai,2004-02-26,"{""type"":""MultiPoint"",""coordinates"":[]}"
2004_03_05,41.24135176225813,36.546262338183276,23.08122551875593,-4.695089424074851,Mumbai,2004-03-05,"{""type"":""MultiPoint"",""coordinates"":[]}"
2004_03_13,43.36182553686805,38.45250784741717,25.45855108616569,-4.909317689450873,Mumbai,2004-03-13,"{""type"":""MultiPoint"",""coordinates"":[]}"
2004_03_21,40.54378670114634,35.20866032316382,24.00677723436585,-5.335126377982519,Mumbai,2004-03-21,"{""type"":""MultiPoint"",""coordinates"":[]}"
2004_03_29,38.788613122823676,35.502811131351514,24.39867563272744,-3.2858019914721623,Mumbai,2004-03-29,"{""type"":""MultiPoint"",""coordinates"":[]}"
2004_04_06,42.24104333427637,36.43030291992251,24.93028129957119,-5.810740414353859,Mumbai,2004-04-06,"{""type"":""MultiPoint"",""coordinates"":[]}"
2004_04_14,42.173146514982626,37.07631924677033,26.099283532896212,-5.096827268212294,Mumbai,2004-04-14,"{""type"":""MultiPoint"",""coordinates"":[]}"
2004_04_22,40.90720565629144,35.734126280306036,25.32823285362382,-5.173079375985402,Mumbai,2004-04-22,"{""type"":""MultiPoint"",""coordinates"":[]}"
2004_04_30,41.40324467746652,35.94420047780613,25.723417577736804,-5.45904419966039,Mumbai,2004-04-30,"{""type"":""MultiPoint"",""coordinates"":[]}"
2004_05_08,39.12759353470386,37.67665466526278,24.311298872050394,-1.4509388694410816,Mumbai,2004-05-08,"{""type"":""MultiPoint"",""coordinates"":[]}"
2004_05_16,35.89880415183109,32.57056957105507,23.86084446328884,-3.3282345807760194,Mumbai,2004-05-16,"{""type"":""MultiPoint"",""coordinates"":[]}"
2004_05_24,36.735952048864974,33.56179673787408,25.053761291151194,-3.1741553109908907,Mumbai,2004-05-24,"{""type"":""MultiPoint"",""coordinates"":[]}"
2004_06_01,34.81565893326958,,,,Mumbai,2004-06-01,"{""type"":""MultiPoint"",""coordinates"":[]}"
2004_06_09,,,,,Mumbai,2004-06-09,"{""type"":""MultiPoint"",""coordinates"":[]}"
2004_06_17,,,,,Mumbai,2004-06-17,"{""type"":""MultiPoint"",""coordinates"":[]}"
2004_06_25,28.91739243365334,27.02000000000004,,-1.8973924336533017,Mumbai,2004-06-25,"{""type"":""MultiPoint"",""coordinates"":[]}"
2004_07_03,28.74466575716236,28.0794773519164,,-0.66518840524596,Mumbai,2004-07-03,"{""type"":""MultiPoint"",""coordinates"":[]}"
2004_07_11,29.383105676049873,28.670000000000044,,-0.7131056760498282,Mumbai,2004-07-11,"{""type"":""MultiPoint"",""coordinates"":[]}"
2004_07_19,29.462488182940874,31.79501402703394,,2.332525844093066,Mumbai,2004-07-19,"{""type"":""MultiPoint"",""coordinates"":[]}"
2004_07_27,,,,,Mumbai,2004-07-27,"{""type"":""MultiPoint"",""coordinates"":[]}"
2004_08_04,,,,,Mumbai,2004-08-04,"{""type"":""MultiPoint"",""coordinates"":[]}"
2004_08_12,,,,,Mumbai,2004-08-12,"{""type"":""MultiPoint"",""coordinates"":[]}"
2004_08_20,24.822380952380986,,,,Mumbai,2004-08-20,"{""type"":""MultiPoint"",""coordinates"":[]}"
2004_08_28,27.4715778928035,29.321492985971975,20.614661493176374,1.8499150931684767,Mumbai,2004-08-28,"{""type"":""MultiPoint"",""coordinates"":[]}"
2004_09_05,28.29000000000002,27.74538461538464,20.37800000000002,-0.5446153846153798,Mumbai,2004-09-05,"{""type"":""MultiPoint"",""coordinates"":[]}"
2004_09_13,27.555270758122766,,,,Mumbai,2004-09-13,"{""type"":""MultiPoint"",""coordinates"":[]}"
2004_09_21,30.287812650428442,30.811302455704094,,0.523489805275652,Mumbai,2004-09-21,"{""type"":""MultiPoint"",""coordinates"":[]}"
2004_09_29,30.132282561605525,31.66735725542491,20.939087241553228,1.5350746938193858,Mumbai,2004-09-29,"{""type"":""MultiPoint"",""coordinates"":[]}"
2004_10_07,29.801206022738075,29.892397288070892,23.63888538757197,0.0911912653328173,Mumbai,2004-10-07,"{""type"":""MultiPoint"",""coordinates"":[]}"
2004_10_15,32.09660440564828,32.138643858547844,22.84678782172004,0.04203945289956579,Mumbai,2004-10-15,"{""type"":""MultiPoint"",""coordinates"":[]}"
2004_10_23,32.831150418252236,31.94993194103201,23.883322144752317,-0.8812184772202265,Mumbai,2004-10-23,"{""type"":""MultiPoint"",""coordinates"":[]}"
2004_10_31,33.023306343232015,31.86979797518636,21.755711247195244,-1.1535083680456566,Mumbai,2004-10-31,"{""type"":""MultiPoint"",""coordinates"":[]}"
2004_11_08,32.68250901419666,30.59360487982522,24.342743262927932,-2.0889041343714396,Mumbai,2004-11-08,"{""type"":""MultiPoint"",""coordinates"":[]}"
2004_11_16,34.336797990132204,32.840907219399135,23.05028561212665,-1.4958907707330695,Mumbai,2004-11-16,"{""type"":""MultiPoint"",""coordinates"":[]}"
2004_11_24,32.86998639595576,31.22826066931156,21.602776376254877,-1.6417257266442036,Mumbai,2004-11-24,"{""type"":""MultiPoint"",""coordinates"":[]}"
2004_12_02,32.190525658789866,29.94535601463608,20.46311566207397,-2.245169644153787,Mumbai,2004-12-02,"{""type"":""MultiPoint"",""coordinates"":[]}"
2004_12_10,33.2727131029577,31.085520325557155,20.898580040041807,-2.187192777400547,Mumbai,2004-12-10,"{""type"":""MultiPoint"",""coordinates"":[]}"
2004_12_18,31.126052687592114,28.730213786279013,19.607621382977598,-2.395838901313102,Mumbai,2004-12-18,"{""type"":""MultiPoint"",""coordinates"":[]}"
2004_12_26,31.23944102136866,28.637527947154506,20.84009694568959,-2.6019130742141527,Mumbai,2004-12-26,"{""type"":""MultiPoint"",""coordinates"":[]}"
2005_01_01,31.55048224973118,29.201670976507753,20.408305355890658,-2.3488112732234256,Mumbai,2005-01-01,"{""type"":""MultiPoint"",""coordinates"":[]}"
2005_01_09,31.38338269446875,28.476473636436776,18.8648801029495,-2.9069090580319745,Mumbai,2005-01-09,"{""type"":""MultiPoint"",""coordinates"":[]}"
2005_01_17,31.479042869871186,28.47696388456889,17.728352341455025,-3.0020789853022976,Mumbai,2005-01-17,"{""type"":""MultiPoint"",""coordinates"":[]}"
2005_01_25,31.208150856538463,28.472104285969984,18.999067558018304,-2.7360465705684796,Mumbai,2005-01-25,"{""type"":""MultiPoint"",""coordinates"":[]}"
2005_02_02,34.410077349565,30.726456494325404,20.470567514883324,-3.683620855239596,Mumbai,2005-02-02,"{""type"":""MultiPoint"",""coordinates"":[]}"
2005_02_10,36.07885864996295,32.458988129005206,21.31133648492493,-3.619870520957747,Mumbai,2005-02-10,"{""type"":""MultiPoint"",""coordinates"":[]}"
2005_02_18,33.62711966239009,29.83412160916304,18.20794022318422,-3.792998053227052,Mumbai,2005-02-18,"{""type"":""MultiPoint"",""coordinates"":[]}"
2005_02_26,37.50964462971513,33.03920142043117,21.94725389941735,-4.470443209283964,Mumbai,2005-02-26,"{""type"":""MultiPoint"",""coordinates"":[]}"
2005_03_06,37.832300475224244,33.32635720561909,21.525774171662476,-4.5059432696051545,Mumbai,2005-03-06,"{""type"":""MultiPoint"",""coordinates"":[]}"
2005_03_14,42.0762697564946,36.9182685867016,23.869946108111094,-5.158001169792996,Mumbai,2005-03-14,"{""type"":""MultiPoint"",""coordinates"":[]}"
2005_03_22,40.416502384836264,35.39732252135373,22.590990161098528,-5.019179863482535,Mumbai,2005-03-22,"{""type"":""MultiPoint"",""coordinates"":[]}"
2005_03_30,42.19092218606826,36.94833221377896,23.789606821011827,-5.242589972289302,Mumbai,2005-03-30,"{""type"":""MultiPoint"",""coordinates"":[]}"
2005_04_07,40.89303120841593,35.25611391886361,23.934669109672736,-5.636917289552315,Mumbai,2005-04-07,"{""type"":""MultiPoint"",""coordinates"":[]}"
2005_04_15,41.801900458944665,37.10182017590563,26.41402623676984,-4.700080283039036,Mumbai,2005-04-15,"{""type"":""MultiPoint"",""coordinates"":[]}"
2005_04_23,43.87694589877836,37.79221186970545,25.666325319668037,-6.084734029072912,Mumbai,2005-04-23,"{""type"":""MultiPoint"",""coordinates"":[]}"
2005_05_01,40.31634576212746,35.21621975128842,25.274860799910414,-5.100126010839041,Mumbai,2005-05-01,"{""type"":""MultiPoint"",""coordinates"":[]}"
2005_05_09,41.09304327956296,35.57953316736155,25.725540857062924,-5.513510112201416,Mumbai,2005-05-09,"{""type"":""MultiPoint"",""coordinates"":[]}"
2005_05_17,41.6636312493988,36.62306506829585,26.02875236994222,-5.040566181102946,Mumbai,2005-05-17,"{""type"":""MultiPoint"",""coordinates"":[]}"
2005_05_25,41.28354673288171,34.9918627124292,25.616107964012038,-6.291684020452507,Mumbai,2005-05-25,"{""type"":""MultiPoint"",""coordinates"":[]}"
2005_06_02,41.09236321474703,34.383660222943455,25.609551132754625,-6.708702991803577,Mumbai,2005-06-02,"{""type"":""MultiPoint"",""coordinates"":[]}"
2005_06_10,40.25165758330742,33.784429065743986,25.709377162629792,-6.467228517563434,Mumbai,2005-06-10,"{""type"":""MultiPoint"",""coordinates"":[]}"
2005_06_18,,,,,Mumbai,2005-06-18,"{""type"":""MultiPoint"",""coordinates"":[]}"
2005_06_26,,,,,Mumbai,2005-06-26,"{""type"":""MultiPoint"",""coordinates"":[]}"
2005_07_04,,,,,Mumbai,2005-07-04,"{""type"":""MultiPoint"",""coordinates"":[]}"
2005_07_12,,,,,Mumbai,2005-07-12,"{""type"":""MultiPoint"",""coordinates"":[]}"
2005_07_20,,,,,Mumbai,2005-07-20,"{""type"":""MultiPoint"",""coordinates"":[]}"
2005_07_28,,,,,Mumbai,2005-07-28,"{""type"":""MultiPoint"",""coordinates"":[]}"
2005_08_05,,,,,Mumbai,2005-08-05,"{""type"":""MultiPoint"",""coordinates"":[]}"
2005_08_13,,28.650000000000034,,,Mumbai,2005-08-13,"{""type"":""MultiPoint"",""coordinates"":[]}"
2005_08_21,28.073572343149838,29.03307692307695,21.84846153846157,0.9595045799271134,Mumbai,2005-08-21,"{""type"":""MultiPoint"",""coordinates"":[]}"
2005_08_29,30.466666666666697,,,,Mumbai,2005-08-29,"{""type"":""MultiPoint"",""coordinates"":[]}"
2005_09_06,23.750000000000032,,,,Mumbai,2005-09-06,"{""type"":""MultiPoint"",""coordinates"":[]}"
2005_09_14,,28.53833333333336,,,Mumbai,2005-09-14,"{""type"":""MultiPoint"",""coordinates"":[]}"
2005_09_22,28.33931184239984,30.29139848681994,22.21247698906079,1.952086644420099,Mumbai,2005-09-22,"{""type"":""MultiPoint"",""coordinates"":[]}"
2005_09_30,29.828947349804565,30.35404648482074,23.479462730940792,0.5250991350161733,Mumbai,2005-09-30,"{""type"":""MultiPoint"",""coordinates"":[]}"
2005_10_08,32.43334235141147,33.10325468837335,24.91652026100133,0.6699123369618789,Mumbai,2005-10-08,"{""type"":""MultiPoint"",""coordinates"":[]}"
2005_10_16,31.736437233379657,31.60411755310661,23.07911026911054,-0.13231968027304575,Mumbai,2005-10-16,"{""type"":""MultiPoint"",""coordinates"":[]}"
2005_10_24,31.141616834131895,30.86442612852358,21.439777453754676,-0.2771907056083158,Mumbai,2005-10-24,"{""type"":""MultiPoint"",""coordinates"":[]}"
2005_11_01,32.06100613965392,31.264773349558872,22.425362874669098,-0.796232790095047,Mumbai,2005-11-01,"{""type"":""MultiPoint"",""coordinates"":[]}"
2005_11_09,33.22140818426614,32.219050680436546,21.162013948177815,-1.002357503829593,Mumbai,2005-11-09,"{""type"":""MultiPoint"",""coordinates"":[]}"
2005_11_17,33.42923056243593,31.908792101961893,21.50285886431867,-1.5204384604740397,Mumbai,2005-11-17,"{""type"":""MultiPoint"",""coordinates"":[]}"
2005_11_25,32.74741753436845,30.81627274626445,22.400517016818664,-1.9311447881040031,Mumbai,2005-11-25,"{""type"":""MultiPoint"",""coordinates"":[]}"
2005_12_03,32.95126274809378,30.608409703793683,21.50631958341407,-2.3428530443000994,Mumbai,2005-12-03,"{""type"":""MultiPoint"",""coordinates"":[]}"
2005_12_11,31.787510338714025,29.612899957246732,19.70391243770433,-2.174610381467293,Mumbai,2005-12-11,"{""type"":""MultiPoint"",""coordinates"":[]}"
2005_12_19,30.04785431881998,27.674042262067672,17.97349661498926,-2.373812056752307,Mumbai,2005-12-19,"{""type"":""MultiPoint"",""coordinates"":[]}"
2005_12_27,30.772855450529395,28.654158606293173,19.289165077486288,-2.118696844236222,Mumbai,2005-12-27,"{""type"":""MultiPoint"",""coordinates"":[]}"
2006_01_01,30.551858110351237,27.86634901884327,19.76273244411826,-2.685509091507967,Mumbai,2006-01-01,"{""type"":""MultiPoint"",""coordinates"":[]}"
2006_01_09,33.140334862612036,30.289715407056118,21.07946712279896,-2.8506194555559183,Mumbai,2006-01-09,"{""type"":""MultiPoint"",""coordinates"":[]}"
2006_01_17,32.87111732814997,29.966889524887144,19.896722575349195,-2.9042278032628275,Mumbai,2006-01-17,"{""type"":""MultiPoint"",""coordinates"":[]}"
2006_01_25,34.03771586123271,30.823000180331196,19.32524647028251,-3.2147156809015165,Mumbai,2006-01-25,"{""type"":""MultiPoint"",""coordinates"":[]}"
2006_02_02,35.489130289090035,32.307132593858576,21.38750857217504,-3.181997695231459,Mumbai,2006-02-02,"{""type"":""MultiPoint"",""coordinates"":[]}"
2006_02_10,35.81200628849541,32.43142056305063,21.3191831454445,-3.3805857254447815,Mumbai,2006-02-10,"{""type"":""MultiPoint"",""coordinates"":[]}"
2006_02_18,38.04420791117395,33.84542596974422,23.442727843629847,-4.198781941429729,Mumbai,2006-02-18,"{""type"":""MultiPoint"",""coordinates"":[]}"
2006_02_26,36.88116240061445,33.14670133207413,22.371862268149957,-3.7344610685403197,Mumbai,2006-02-26,"{""type"":""MultiPoint"",""coordinates"":[]}"
2006_03_06,36.60511872314048,32.8329580146298,20.417064603291596,-3.7721607085106754,Mumbai,2006-03-06,"{""type"":""MultiPoint"",""coordinates"":[]}"
2006_03_14,37.59542282555932,32.86141844479456,22.573532865530606,-4.734004380764759,Mumbai,2006-03-14,"{""type"":""MultiPoint"",""coordinates"":[]}"
2006_03_22,41.19377689130393,36.46406248613147,23.651851864214468,-4.729714405172466,Mumbai,2006-03-22,"{""type"":""MultiPoint"",""coordinates"":[]}"
2006_03_30,41.20872680157635,35.71681304247893,24.236739254511157,-5.4919137590974145,Mumbai,2006-03-30,"{""type"":""MultiPoint"",""coordinates"":[]}"
2006_04_07,41.05024712119952,35.99724248079411,24.447595914956032,-5.053004640405412,Mumbai,2006-04-07,"{""type"":""MultiPoint"",""coordinates"":[]}"
2006_04_15,40.566025419625326,35.00431135503968,24.66754597423217,-5.561714064585644,Mumbai,2006-04-15,"{""type"":""MultiPoint"",""coordinates"":[]}"
2006_04_23,41.915978367220546,36.47738602911472,24.762098172540835,-5.438592338105828,Mumbai,2006-04-23,"{""type"":""MultiPoint"",""coordinates"":[]}"
2006_05_01,41.19922456914878,35.32660434828279,25.00427292301232,-5.87262022086599,Mumbai,2006-05-01,"{""type"":""MultiPoint"",""coordinates"":[]}"
2006_05_09,42.39595777835973,36.66689527340137,25.957274997425635,-5.729062504958357,Mumbai,2006-05-09,"{""type"":""MultiPoint"",""coordinates"":[]}"
2006_05_17,42.43420812874564,34.582180889861455,24.19539995137372,-7.852027238884183,Mumbai,2006-05-17,"{""type"":""MultiPoint"",""coordinates"":[]}"
2006_05_25,38.51074274930041,34.268629931219884,26.572577451293544,-4.242112818080528,Mumbai,2006-05-25,"{""type"":""MultiPoint"",""coordinates"":[]}"
2006_06_02,32.59036196744027,30.425229208924975,23.909850869925467,-2.1651327585152984,Mumbai,2006-06-02,"{""type"":""MultiPoint"",""coordinates"":[]}"
2006_06_10,35.306889146175976,32.0289679678649,23.699604834002844,-3.2779211783110753,Mumbai,2006-06-10,"{""type"":""MultiPoint"",""coordinates"":[]}"
2006_06_18,30.85580645161293,29.83909090909094,,-1.0167155425219896,Mumbai,2006-06-18,"{""type"":""MultiPoint"",""coordinates"":[]}"
2006_06_26,,,,,Mumbai,2006-06-26,"{""type"":""MultiPoint"",""coordinates"":[]}"
2006_07_04,,,,,Mumbai,2006-07-04,"{""type"":""MultiPoint"",""coordinates"":[]}"
2006_07_12,,,,,Mumbai,2006-07-12,"{""type"":""MultiPoint"",""coordinates"":[]}"
2006_07_20,,,,,Mumbai,2006-07-20,"{""type"":""MultiPoint"",""coordinates"":[]}"
2006_07_28,,,,,Mumbai,2006-07-28,"{""type"":""MultiPoint"",""coordinates"":[]}"
2006_08_05,,,,,Mumbai,2006-08-05,"{""type"":""MultiPoint"",""coordinates"":[]}"
2006_08_13,27.663333333333355,,,,Mumbai,2006-08-13,"{""type"":""MultiPoint"",""coordinates"":[]}"
2006_08_21,27.020000000000024,,,,Mumbai,2006-08-21,"{""type"":""MultiPoint"",""coordinates"":[]}"
2006_08_29,27.7124477209213,28.405585419734937,,0.6931376988136364,Mumbai,2006-08-29,"{""type"":""MultiPoint"",""coordinates"":[]}"
2006_09_06,27.844102418477025,28.09725404978272,21.958269807280537,0.25315163130569474,Mumbai,2006-09-06,"{""type"":""MultiPoint"",""coordinates"":[]}"
2006_09_14,28.88201308699003,30.07000000000005,,1.1879869130100218,Mumbai,2006-09-14,"{""type"":""MultiPoint"",""coordinates"":[]}"
2006_09_22,27.366440743609637,27.895185185185213,23.28600000000003,0.5287444415755758,Mumbai,2006-09-22,"{""type"":""MultiPoint"",""coordinates"":[]}"
2006_09_30,29.077383582044853,29.357043761381846,22.628348361420326,0.27966017933699305,Mumbai,2006-09-30,"{""type"":""MultiPoint"",""coordinates"":[]}"
2006_10_08,30.712657431359144,31.044424561086863,24.738621428893847,0.3317671297277194,Mumbai,2006-10-08,"{""type"":""MultiPoint"",""coordinates"":[]}"
2006_10_16,32.41335637403128,32.53203033761402,24.71251986127583,0.11867396358273652,Mumbai,2006-10-16,"{""type"":""MultiPoint"",""coordinates"":[]}"
2006_10_24,32.987910315045845,32.7931652023443,23.87606940167071,-0.19474511270154693,Mumbai,2006-10-24,"{""type"":""MultiPoint"",""coordinates"":[]}"
2006_11_01,32.555724773456554,31.682656598003298,23.863219719215074,-0.8730681754532554,Mumbai,2006-11-01,"{""type"":""MultiPoint"",""coordinates"":[]}"
2006_11_09,32.48433090219667,31.401238244514165,22.852936753367835,-1.0830926576825028,Mumbai,2006-11-09,"{""type"":""MultiPoint"",""coordinates"":[]}"
2006_11_17,32.67486447221731,30.387873945801346,23.13657757286207,-2.2869905264159627,Mumbai,2006-11-17,"{""type"":""MultiPoint"",""coordinates"":[]}"
2006_11_25,31.95508966851722,29.77860277927292,21.959799628125527,-2.176486889244302,Mumbai,2006-11-25,"{""type"":""MultiPoint"",""coordinates"":[]}"
2006_12_03,31.16385845838376,29.224406916323286,21.54986158394556,-1.9394515420604748,Mumbai,2006-12-03,"{""type"":""MultiPoint"",""coordinates"":[]}"
2006_12_11,32.27409761594541,30.102489229347746,20.992025597379953,-2.1716083865976614,Mumbai,2006-12-11,"{""type"":""MultiPoint"",""coordinates"":[]}"
2006_12_19,31.55454094555325,29.602094604257253,20.94512656069528,-1.952446341295996,Mumbai,2006-12-19,"{""type"":""MultiPoint"",""coordinates"":[]}"
2006_12_27,32.57572646875653,29.79406429391507,20.907170826031823,-2.7816621748414576,Mumbai,2006-12-27,"{""type"":""MultiPoint"",""coordinates"":[]}"
2007_01_01,30.65796419147202,28.406236917323977,19.8362147815435,-2.251727274148042,Mumbai,2007-01-01,"{""type"":""MultiPoint"",""coordinates"":[]}"
2007_01_09,32.48312272300586,29.33830742791263,19.69651163805332,-3.1448152950932347,Mumbai,2007-01-09,"{""type"":""MultiPoint"",""coordinates"":[]}"
2007_01_17,32.23851624235387,29.384293405953816,19.48768397638454,-2.8542228364000515,Mumbai,2007-01-17,"{""type"":""MultiPoint"",""coordinates"":[]}"
2007_01_25,34.22860274731439,30.82001407653108,22.518065910759486,-3.4085886707833097,Mumbai,2007-01-25,"{""type"":""MultiPoint"",""coordinates"":[]}"
2007_02_02,33.67496794047119,30.485250369519708,20.45366295666682,-3.1897175709514833,Mumbai,2007-02-02,"{""type"":""MultiPoint"",""coordinates"":[]}"
2007_02_10,33.23677933216045,29.22133673868145,20.06322716640758,-4.015442593479001,Mumbai,2007-02-10,"{""type"":""MultiPoint"",""coordinates"":[]}"
2007_02_18,36.32911787399957,32.62546664938939,22.26833545066617,-3.7036512246101836,Mumbai,2007-02-18,"{""type"":""MultiPoint"",""coordinates"":[]}"
2007_02_26,38.09676426871846,33.433799446310765,22.17977469443141,-4.6629648224076945,Mumbai,2007-02-26,"{""type"":""MultiPoint"",""coordinates"":[]}"
2007_03_06,38.64840232203887,33.95211812581247,22.13878629966655,-4.696284196226401,Mumbai,2007-03-06,"{""type"":""MultiPoint"",""coordinates"":[]}"
2007_03_14,39.79462777067754,35.011951235775314,23.868555076458073,-4.7826765349022295,Mumbai,2007-03-14,"{""type"":""MultiPoint"",""coordinates"":[]}"
2007_03_22,40.70109979113194,35.99714336764696,24.295769749507226,-4.703956423484975,Mumbai,2007-03-22,"{""type"":""MultiPoint"",""coordinates"":[]}"
2007_03_30,41.77698106519916,36.3810238086857,25.093368641574333,-5.395957256513462,Mumbai,2007-03-30,"{""type"":""MultiPoint"",""coordinates"":[]}"
2007_04_07,41.80690070868381,36.754459440611974,25.18090667210255,-5.0524412680718385,Mumbai,2007-04-07,"{""type"":""MultiPoint"",""coordinates"":[]}"
2007_04_15,40.3765766041973,34.8033692373419,24.525519335085416,-5.573207366855399,Mumbai,2007-04-15,"{""type"":""MultiPoint"",""coordinates"":[]}"
2007_04_23,42.08113781008312,36.756585438424274,25.460894403284872,-5.3245523716588465,Mumbai,2007-04-23,"{""type"":""MultiPoint"",""coordinates"":[]}"
2007_05_01,40.87182446975748,34.783431354582234,25.440897838927537,-6.0883931151752435,Mumbai,2007-05-01,"{""type"":""MultiPoint"",""coordinates"":[]}"
2007_05_09,38.637512420854584,34.38340232858994,25.188712122365175,-4.254110092264646,Mumbai,2007-05-09,"{""type"":""MultiPoint"",""coordinates"":[]}"
2007_05_17,39.677887732662285,36.615606631499645,24.251035302301347,-3.0622811011626396,Mumbai,2007-05-17,"{""type"":""MultiPoint"",""coordinates"":[]}"
2007_05_25,42.576271182581934,36.58707771566374,25.53243783977707,-5.989193466918195,Mumbai,2007-05-25,"{""type"":""MultiPoint"",""coordinates"":[]}"
2007_06_02,39.35609991135519,35.14523809523813,,-4.21086181611706,Mumbai,2007-06-02,"{""type"":""MultiPoint"",""coordinates"":[]}"
2007_06_10,39.748951171407036,,,,Mumbai,2007-06-10,"{""type"":""MultiPoint"",""coordinates"":[]}"
2007_06_18,,25.460000000000008,,,Mumbai,2007-06-18,"{""type"":""MultiPoint"",""coordinates"":[]}"
2007_06_26,,,,,Mumbai,2007-06-26,"{""type"":""MultiPoint"",""coordinates"":[]}"
2007_07_04,,,,,Mumbai,2007-07-04,"{""type"":""MultiPoint"",""coordinates"":[]}"
2007_07_12,,,,,Mumbai,2007-07-12,"{""type"":""MultiPoint"",""coordinates"":[]}"
2007_07_20,30.61444444444448,,,,Mumbai,2007-07-20,"{""type"":""MultiPoint"",""coordinates"":[]}"
2007_07_28,,,,,Mumbai,2007-07-28,"{""type"":""MultiPoint"",""coordinates"":[]}"
2007_08_05,,,,,Mumbai,2007-08-05,"{""type"":""MultiPoint"",""coordinates"":[]}"
2007_08_13,,,,,Mumbai,2007-08-13,"{""type"":""MultiPoint"",""coordinates"":[]}"
2007_08_21,29.00413888640633,28.79400000000004,,-0.2101388864062912,Mumbai,2007-08-21,"{""type"":""MultiPoint"",""coordinates"":[]}"
2007_08_29,,,,,Mumbai,2007-08-29,"{""type"":""MultiPoint"",""coordinates"":[]}"
2007_09_06,28.734507598991367,29.013775510204116,24.82611789610816,0.27926791121274874,Mumbai,2007-09-06,"{""type"":""MultiPoint"",""coordinates"":[]}"
2007_09_14,30.364028877970547,31.248039951736192,23.117756801776817,0.8840110737656452,Mumbai,2007-09-14,"{""type"":""MultiPoint"",""coordinates"":[]}"
2007_09_22,27.49148709053308,28.502138181818218,21.706666666666703,1.010651091285137,Mumbai,2007-09-22,"{""type"":""MultiPoint"",""coordinates"":[]}"
2007_09_30,29.108333419387744,29.27263459464006,23.167088580994978,0.1643011752523158,Mumbai,2007-09-30,"{""type"":""MultiPoint"",""coordinates"":[]}"
2007_10_08,32.24016471649254,32.19326075514264,23.524838472754784,-0.04690396134989783,Mumbai,2007-10-08,"{""type"":""MultiPoint"",""coordinates"":[]}"
2007_10_16,31.81095142074924,31.373332492894544,22.94763317135787,-0.4376189278546967,Mumbai,2007-10-16,"{""type"":""MultiPoint"",""coordinates"":[]}"
2007_10_24,33.401997707468745,32.05834113834795,22.67657987348062,-1.343656569120796,Mumbai,2007-10-24,"{""type"":""MultiPoint"",""coordinates"":[]}"
2007_11_01,32.593622699147346,31.20201141879767,24.7116316353694,-1.3916112803496752,Mumbai,2007-11-01,"{""type"":""MultiPoint"",""coordinates"":[]}"
2007_11_09,33.029507041239036,31.515793136654153,23.215841170209313,-1.5137139045848826,Mumbai,2007-11-09,"{""type"":""MultiPoint"",""coordinates"":[]}"
2007_11_17,33.04890262899471,31.623491932488808,21.096627118292552,-1.425410696505903,Mumbai,2007-11-17,"{""type"":""MultiPoint"",""coordinates"":[]}"
2007_11_25,30.98643988469481,29.089702297727072,20.51887142874823,-1.8967375869677383,Mumbai,2007-11-25,"{""type"":""MultiPoint"",""coordinates"":[]}"
2007_12_03,30.67146700585185,28.43899135532447,20.567178651668705,-2.232475650527377,Mumbai,2007-12-03,"{""type"":""MultiPoint"",""coordinates"":[]}"
2007_12_11,31.871210379195045,29.16037034565599,21.475830330530737,-2.7108400335390535,Mumbai,2007-12-11,"{""type"":""MultiPoint"",""coordinates"":[]}"
2007_12_19,33.1870162744886,30.48734755215179,22.03704450819952,-2.69966872233681,Mumbai,2007-12-19,"{""type"":""MultiPoint"",""coordinates"":[]}"
2007_12_27,31.262973088788087,28.390608894332708,19.164185235784654,-2.872364194455379,Mumbai,2007-12-27,"{""type"":""MultiPoint"",""coordinates"":[]}"
2008_01_01,30.70732104544357,28.032798519708976,19.085474250436963,-2.674522525734595,Mumbai,2008-01-01,"{""type"":""MultiPoint"",""coordinates"":[]}"
2008_01_09,32.408267250198605,29.60673056023319,20.707900285105104,-2.801536689965417,Mumbai,2008-01-09,"{""type"":""MultiPoint"",""coordinates"":[]}"
2008_01_17,30.920259714675044,28.220026806282753,18.655433776051282,-2.700232908392291,Mumbai,2008-01-17,"{""type"":""MultiPoint"",""coordinates"":[]}"
2008_01_25,30.664182639041563,27.343455914828372,16.237021904106907,-3.3207267242131913,Mumbai,2008-01-25,"{""type"":""MultiPoint"",""coordinates"":[]}"
2008_02_02,29.833704702420885,26.33843803411738,15.860383406662525,-3.495266668303504,Mumbai,2008-02-02,"{""type"":""MultiPoint"",""coordinates"":[]}"
2008_02_10,35.26735131558059,30.90657491028551,19.540776369569727,-4.360776405295081,Mumbai,2008-02-10,"{""type"":""MultiPoint"",""coordinates"":[]}"
2008_02_18,35.07561914320513,30.914902362117658,20.332589810256184,-4.160716781087473,Mumbai,2008-02-18,"{""type"":""MultiPoint"",""coordinates"":[]}"
2008_02_26,38.61842962913997,34.153909566219184,20.997535336080514,-4.4645200629207835,Mumbai,2008-02-26,"{""type"":""MultiPoint"",""coordinates"":[]}"
2008_03_05,38.14400022557396,33.767516164807866,22.702484044445402,-4.376484060766096,Mumbai,2008-03-05,"{""type"":""MultiPoint"",""coordinates"":[]}"
2008_03_13,39.68071135706309,34.861487244493766,23.286413880526105,-4.819224112569323,Mumbai,2008-03-13,"{""type"":""MultiPoint"",""coordinates"":[]}"
2008_03_21,38.53158059471139,33.628113684303116,23.46829280921904,-4.903466910408277,Mumbai,2008-03-21,"{""type"":""MultiPoint"",""coordinates"":[]}"
2008_03_29,39.455431176923184,34.00876494511631,23.177646730777113,-5.446666231806873,Mumbai,2008-03-29,"{""type"":""MultiPoint"",""coordinates"":[]}"
2008_04_06,40.98316074878809,35.65885583008631,25.20879727020885,-5.3243049187017775,Mumbai,2008-04-06,"{""type"":""MultiPoint"",""coordinates"":[]}"
2008_04_14,42.116709168260016,36.23048455151766,25.297403248491477,-5.8862246167423535,Mumbai,2008-04-14,"{""type"":""MultiPoint"",""coordinates"":[]}"
2008_04_22,40.19135253161224,35.01840707817011,25.48572407812009,-5.172945453442132,Mumbai,2008-04-22,"{""type"":""MultiPoint"",""coordinates"":[]}"
2008_04_30,40.80314216665312,35.80615520282195,24.796051751822915,-4.996986963831169,Mumbai,2008-04-30,"{""type"":""MultiPoint"",""coordinates"":[]}"
2008_05_08,39.04213318790898,34.49503407443958,25.299507231182,-4.5470991134694,Mumbai,2008-05-08,"{""type"":""MultiPoint"",""coordinates"":[]}"
2008_05_16,39.6908431431295,35.65144678871468,26.08657937224644,-4.039396354414819,Mumbai,2008-05-16,"{""type"":""MultiPoint"",""coordinates"":[]}"
2008_05_24,39.290985833909765,35.36990933277846,26.562242453068595,-3.921076501131303,Mumbai,2008-05-24,"{""type"":""MultiPoint"",""coordinates"":[]}"
2008_06_01,39.990471528082274,36.43967189899681,26.241640501872865,-3.5507996290854678,Mumbai,2008-06-01,"{""type"":""MultiPoint"",""coordinates"":[]}"
2008_06_09,,,,,Mumbai,2008-06-09,"{""type"":""MultiPoint"",""coordinates"":[]}"
2008_06_17,,,,,Mumbai,2008-06-17,"{""type"":""MultiPoint"",""coordinates"":[]}"
2008_06_25,,,,,Mumbai,2008-06-25,"{""type"":""MultiPoint"",""coordinates"":[]}"
2008_07_03,,,,,Mumbai,2008-07-03,"{""type"":""MultiPoint"",""coordinates"":[]}"
2008_07_11,,27.07000000000005,,,Mumbai,2008-07-11,"{""type"":""MultiPoint"",""coordinates"":[]}"
2008_07_19,,,,,Mumbai,2008-07-19,"{""type"":""MultiPoint"",""coordinates"":[]}"
2008_07_27,,,,,Mumbai,2008-07-27,"{""type"":""MultiPoint"",""coordinates"":[]}"
2008_08_04,,,,,Mumbai,2008-08-04,"{""type"":""MultiPoint"",""coordinates"":[]}"
2008_08_12,,26.410000000000025,,,Mumbai,2008-08-12,"{""type"":""MultiPoint"",""coordinates"":[]}"
2008_08_20,27.1894482134781,26.076923076923087,,-1.1125251365550142,Mumbai,2008-08-20,"{""type"":""MultiPoint"",""coordinates"":[]}"
2008_08_28,30.77343442622955,31.186710831401154,,0.41327640517160447,Mumbai,2008-08-28,"{""type"":""MultiPoint"",""coordinates"":[]}"
2008_09_05,27.670000000000016,,,,Mumbai,2008-09-05,"{""type"":""MultiPoint"",""coordinates"":[]}"
2008_09_13,,,,,Mumbai,2008-09-13,"{""type"":""MultiPoint"",""coordinates"":[]}"
2008_09_21,28.895830983825544,28.66388888888891,22.49258689458693,-0.23194209493663465,Mumbai,2008-09-21,"{""type"":""MultiPoint"",""coordinates"":[]}"
2008_09_29,30.000788148071642,29.076905024848184,23.305999447818913,-0.9238831232234581,Mumbai,2008-09-29,"{""type"":""MultiPoint"",""coordinates"":[]}"
2008_10_07,32.74051778991097,32.149392843301925,24.115854997073974,-0.5911249466090425,Mumbai,2008-10-07,"{""type"":""MultiPoint"",""coordinates"":[]}"
2008_10_15,33.25467173411446,33.40447626454243,24.34476190976642,0.14980453042797137,Mumbai,2008-10-15,"{""type"":""MultiPoint"",""coordinates"":[]}"
2008_10_23,32.69169984073141,31.80057151776782,22.880612275740024,-0.8911283229635885,Mumbai,2008-10-23,"{""type"":""MultiPoint"",""coordinates"":[]}"
2008_10_31,34.55844918013335,33.551991423980986,23.693741527723105,-1.0064577561523649,Mumbai,2008-10-31,"{""type"":""MultiPoint"",""coordinates"":[]}"
2008_11_08,33.3369938068704,31.87101799602615,22.17634618223109,-1.4659758108442524,Mumbai,2008-11-08,"{""type"":""MultiPoint"",""coordinates"":[]}"
2008_11_16,34.365017788076706,32.25399193113418,23.992512567150698,-2.1110258569425255,Mumbai,2008-11-16,"{""type"":""MultiPoint"",""coordinates"":[]}"
2008_11_24,34.10964409644609,32.32382842048394,22.30427291340483,-1.785815675962148,Mumbai,2008-11-24,"{""type"":""MultiPoint"",""coordinates"":[]}"
2008_12_02,34.16685840166695,32.15368300201981,23.130000212607687,-2.013175399647139,Mumbai,2008-12-02,"{""type"":""MultiPoint"",""coordinates"":[]}"
2008_12_10,32.77376965111751,30.332694185086034,22.563497459260596,-2.441075466031478,Mumbai,2008-12-10,"{""type"":""MultiPoint"",""coordinates"":[]}"
2008_12_18,32.85698912256779,30.22922413992826,21.17723724073645,-2.6277649826395297,Mumbai,2008-12-18,"{""type"":""MultiPoint"",""coordinates"":[]}"
2008_12_26,32.08744497426086,29.86761531803505,19.392300943026832,-2.219829656225812,Mumbai,2008-12-26,"{""type"":""MultiPoint"",""coordinates"":[]}"
2009_01_01,31.07609759797507,28.78912433611879,19.78985829207184,-2.286973261856282,Mumbai,2009-01-01,"{""type"":""MultiPoint"",""coordinates"":[]}"
2009_01_09,32.6771304630463,29.7024121631555,21.258384140809348,-2.974718299890803,Mumbai,2009-01-09,"{""type"":""MultiPoint"",""coordinates"":[]}"
2009_01_17,33.726722351813486,29.81076260876263,21.303749268442974,-3.9159597430508555,Mumbai,2009-01-17,"{""type"":""MultiPoint"",""coordinates"":[]}"
2009_01_25,34.397308106280185,31.197174547701813,20.56768107912294,-3.200133558578372,Mumbai,2009-01-25,"{""type"":""MultiPoint"",""coordinates"":[]}"
2009_02_02,34.87138028390246,31.40036056349685,20.310423450073465,-3.471019720405611,Mumbai,2009-02-02,"{""type"":""MultiPoint"",""coordinates"":[]}"
2009_02_10,34.28955938764738,30.695455944255812,20.32232420755636,-3.5941034433915675,Mumbai,2009-02-10,"{""type"":""MultiPoint"",""coordinates"":[]}"
2009_02_18,37.31073716753833,33.36505765509841,22.2684180917337,-3.9456795124399164,Mumbai,2009-02-18,"{""type"":""MultiPoint"",""coordinates"":[]}"
2009_02_26,41.56016155793168,36.61137930293531,23.955975976621314,-4.948782254996367,Mumbai,2009-02-26,"{""type"":""MultiPoint"",""coordinates"":[]}"
2009_03_06,38.02381969851583,33.902397789319515,22.687323690984286,-4.1214219091963145,Mumbai,2009-03-06,"{""type"":""MultiPoint"",""coordinates"":[]}"
2009_03_14,39.99316275938307,35.37260858497475,23.720067351852475,-4.620554174408319,Mumbai,2009-03-14,"{""type"":""MultiPoint"",""coordinates"":[]}"
2009_03_22,41.05453874682961,35.64905544410777,24.45178112595508,-5.405483302721834,Mumbai,2009-03-22,"{""type"":""MultiPoint"",""coordinates"":[]}"
2009_03_30,42.7567012276716,37.390014344021814,25.89667314281217,-5.366686883649784,Mumbai,2009-03-30,"{""type"":""MultiPoint"",""coordinates"":[]}"
2009_04_07,44.110406642348636,37.664200943427964,25.614804983809385,-6.4462056989206715,Mumbai,2009-04-07,"{""type"":""MultiPoint"",""coordinates"":[]}"
2009_04_15,42.3391351612565,36.45185410415065,24.57370422497814,-5.887281057105852,Mumbai,2009-04-15,"{""type"":""MultiPoint"",""coordinates"":[]}"
2009_04_23,42.057769104967484,36.08536248899326,25.243543488895423,-5.972406615974222,Mumbai,2009-04-23,"{""type"":""MultiPoint"",""coordinates"":[]}"
2009_05_01,42.04029190978576,36.51105863685368,26.014595743650048,-5.529233272932075,Mumbai,2009-05-01,"{""type"":""MultiPoint"",""coordinates"":[]}"
2009_05_09,42.142702753567306,36.38781915585828,25.43600290634632,-5.754883597709025,Mumbai,2009-05-09,"{""type"":""MultiPoint"",""coordinates"":[]}"
2009_05_17,42.29253523514223,35.849935834156,23.756311163199555,-6.442599400986232,Mumbai,2009-05-17,"{""type"":""MultiPoint"",""coordinates"":[]}"
2009_05_25,38.84025803452085,33.117843210105924,25.009175181125794,-5.722414824414926,Mumbai,2009-05-25,"{""type"":""MultiPoint"",""coordinates"":[]}"
2009_06_02,40.21325154485621,35.39306067688051,24.492604518306972,-4.820190867975704,Mumbai,2009-06-02,"{""type"":""MultiPoint"",""coordinates"":[]}"
2009_06_10,39.36533149077014,34.666330160245906,24.980207394586888,-4.699001330524233,Mumbai,2009-06-10,"{""type"":""MultiPoint"",""coordinates"":[]}"
2009_06_18,39.88881717496867,37.18087108801267,,-2.7079460869559995,Mumbai,2009-06-18,"{""type"":""MultiPoint"",""coordinates"":[]}"
2009_06_26,,,,,Mumbai,2009-06-26,"{""type"":""MultiPoint"",""coordinates"":[]}"
2009_07_04,,,,,Mumbai,2009-07-04,"{""type"":""MultiPoint"",""coordinates"":[]}"
2009_07_12,,,,,Mumbai,2009-07-12,"{""type"":""MultiPoint"",""coordinates"":[]}"
2009_07_20,,,,,Mumbai,2009-07-20,"{""type"":""MultiPoint"",""coordinates"":[]}"
2009_07_28,,,,,Mumbai,2009-07-28,"{""type"":""MultiPoint"",""coordinates"":[]}"
2009_08_05,,,,,Mumbai,2009-08-05,"{""type"":""MultiPoint"",""coordinates"":[]}"
2009_08_13,,,,,Mumbai,2009-08-13,"{""type"":""MultiPoint"",""coordinates"":[]}"
2009_08_21,,,,,Mumbai,2009-08-21,"{""type"":""MultiPoint"",""coordinates"":[]}"
2009_08_29,,,,,Mumbai,2009-08-29,"{""type"":""MultiPoint"",""coordinates"":[]}"
2009_09_06,29.48384615384618,,,,Mumbai,2009-09-06,"{""type"":""MultiPoint"",""coordinates"":[]}"
2009_09_14,29.020010615237833,30.118873801239097,23.350949170584606,1.0988631860012639,Mumbai,2009-09-14,"{""type"":""MultiPoint"",""coordinates"":[]}"
2009_09_22,30.609422773532994,29.90780178924135,25.008987755102076,-0.7016209842916439,Mumbai,2009-09-22,"{""type"":""MultiPoint"",""coordinates"":[]}"
2009_09_30,,,,,Mumbai,2009-09-30,"{""type"":""MultiPoint"",""coordinates"":[]}"
2009_10_08,29.484260692413766,30.202607218293714,23.971713043744476,0.718346525879948,Mumbai,2009-10-08,"{""type"":""MultiPoint"",""coordinates"":[]}"
2009_10_16,32.11345937654227,32.15965810766573,23.890848182966245,0.046198731123460846,Mumbai,2009-10-16,"{""type"":""MultiPoint"",""coordinates"":[]}"
2009_10_24,33.27239185310557,32.845223362030154,23.170341282668733,-0.4271684910754132,Mumbai,2009-10-24,"{""type"":""MultiPoint"",""coordinates"":[]}"
2009_11_01,33.854550537545606,32.437518364307294,23.417878643852994,-1.4170321732383115,Mumbai,2009-11-01,"{""type"":""MultiPoint"",""coordinates"":[]}"
2009_11_09,28.53990466592217,26.838415543926093,22.161748269040583,-1.701489121996076,Mumbai,2009-11-09,"{""type"":""MultiPoint"",""coordinates"":[]}"
2009_11_17,30.5937622330545,29.634342416582992,22.880507946400776,-0.959419816471506,Mumbai,2009-11-17,"{""type"":""MultiPoint"",""coordinates"":[]}"
2009_11_25,30.771837721166285,29.84418263613634,22.104630764023163,-0.9276550850299472,Mumbai,2009-11-25,"{""type"":""MultiPoint"",""coordinates"":[]}"
2009_12_03,30.14159756394384,29.060684815898775,22.131471350260473,-1.0809127480450655,Mumbai,2009-12-03,"{""type"":""MultiPoint"",""coordinates"":[]}"
2009_12_11,31.15866772424016,29.727812076447083,22.550679926676683,-1.4308556477930772,Mumbai,2009-12-11,"{""type"":""MultiPoint"",""coordinates"":[]}"
2009_12_19,31.34273832359144,29.648199958255102,21.46660404925906,-1.6945383653363386,Mumbai,2009-12-19,"{""type"":""MultiPoint"",""coordinates"":[]}"
2009_12_27,29.414893758605803,27.902538771081087,19.033089746074893,-1.5123549875247164,Mumbai,2009-12-27,"{""type"":""MultiPoint"",""coordinates"":[]}"
2010_01_01,30.912620240253336,28.464835587838785,20.814129583792244,-2.4477846524145512,Mumbai,2010-01-01,"{""type"":""MultiPoint"",""coordinates"":[]}"
2010_01_09,31.335524864405258,29.434675945483317,21.304377348422566,-1.900848918921941,Mumbai,2010-01-09,"{""type"":""MultiPoint"",""coordinates"":[]}"
2010_01_17,32.234678071410855,29.787603011137268,20.706670872905203,-2.447075060273587,Mumbai,2010-01-17,"{""type"":""MultiPoint"",""coordinates"":[]}"
2010_01_25,32.33124909639871,29.773169675523356,20.929858453787613,-2.5580794208753517,Mumbai,2010-01-25,"{""type"":""MultiPoint"",""coordinates"":[]}"
2010_02_02,31.511238467208642,28.717416489845448,20.871940509699538,-2.7938219773631943,Mumbai,2010-02-02,"{""type"":""MultiPoint"",""coordinates"":[]}"
2010_02_10,33.23722318459627,29.504910512194904,20.538662996504822,-3.7323126724013633,Mumbai,2010-02-10,"{""type"":""MultiPoint"",""coordinates"":[]}"
2010_02_18,34.65602124605704,31.01447445989944,20.67228730393611,-3.6415467861575976,Mumbai,2010-02-18,"{""type"":""MultiPoint"",""coordinates"":[]}"
2010_02_26,37.12236368831446,33.32451061895179,23.18941776026579,-3.7978530693626666,Mumbai,2010-02-26,"{""type"":""MultiPoint"",""coordinates"":[]}"
2010_03_06,38.27825460264747,33.953913811538335,23.555874668774166,-4.324340791109137,Mumbai,2010-03-06,"{""type"":""MultiPoint"",""coordinates"":[]}"
2010_03_14,39.54179679964793,35.39163583928844,23.632010400620835,-4.150160960359493,Mumbai,2010-03-14,"{""type"":""MultiPoint"",""coordinates"":[]}"
2010_03_22,39.21262337302629,34.939875977732406,23.426675122730416,-4.272747395293884,Mumbai,2010-03-22,"{""type"":""MultiPoint"",""coordinates"":[]}"
2010_03_30,42.010863458845485,37.05856991719844,25.041378929592128,-4.952293541647045,Mumbai,2010-03-30,"{""type"":""MultiPoint"",""coordinates"":[]}"
2010_04_07,42.22773601895541,37.28631859828597,25.455006145890756,-4.941417420669438,Mumbai,2010-04-07,"{""type"":""MultiPoint"",""coordinates"":[]}"
2010_04_15,40.142681046872355,35.63945096017533,25.22738291016887,-4.503230086697023,Mumbai,2010-04-15,"{""type"":""MultiPoint"",""coordinates"":[]}"
2010_04_23,44.210642216986614,38.34202716291841,27.07885042649098,-5.868615054068201,Mumbai,2010-04-23,"{""type"":""MultiPoint"",""coordinates"":[]}"
2010_05_01,41.25562482462386,35.4197635221411,26.14418727129718,-5.835861302482755,Mumbai,2010-05-01,"{""type"":""MultiPoint"",""coordinates"":[]}"
2010_05_09,42.46946690076052,36.79783883880144,26.741302981557016,-5.671628061959083,Mumbai,2010-05-09,"{""type"":""MultiPoint"",""coordinates"":[]}"
2010_05_17,40.65799904044668,34.86910012541807,25.0027299331104,-5.788898915028611,Mumbai,2010-05-17,"{""type"":""MultiPoint"",""coordinates"":[]}"
2010_05_25,38.69434252714082,34.11499754339998,25.887902063544104,-4.579344983740839,Mumbai,2010-05-25,"{""type"":""MultiPoint"",""coordinates"":[]}"
2010_06_02,38.16295342567633,33.98954688044618,26.679898919484174,-4.173406545230151,Mumbai,2010-06-02,"{""type"":""MultiPoint"",""coordinates"":[]}"
2010_06_10,,,,,Mumbai,2010-06-10,"{""type"":""MultiPoint"",""coordinates"":[]}"
2010_06_18,,,,,Mumbai,2010-06-18,"{""type"":""MultiPoint"",""coordinates"":[]}"
2010_06_26,,,,,Mumbai,2010-06-26,"{""type"":""MultiPoint"",""coordinates"":[]}"
2010_07_04,,,,,Mumbai,2010-07-04,"{""type"":""MultiPoint"",""coordinates"":[]}"
2010_07_12,,,,,Mumbai,2010-07-12,"{""type"":""MultiPoint"",""coordinates"":[]}"
2010_07_20,,,,,Mumbai,2010-07-20,"{""type"":""MultiPoint"",""coordinates"":[]}"
2010_07_28,26.416666666666703,27.50666666666669,,1.0899999999999856,Mumbai,2010-07-28,"{""type"":""MultiPoint"",""coordinates"":[]}"
2010_08_05,,,,,Mumbai,2010-08-05,"{""type"":""MultiPoint"",""coordinates"":[]}"
2010_08_13,,,,,Mumbai,2010-08-13,"{""type"":""MultiPoint"",""coordinates"":[]}"
2010_08_21,,,,,Mumbai,2010-08-21,"{""type"":""MultiPoint"",""coordinates"":[]}"
2010_08_29,26.39156208277706,26.788719211822688,,0.3971571290456275,Mumbai,2010-08-29,"{""type"":""MultiPoint"",""coordinates"":[]}"
2010_09_06,26.79123238349965,27.456473792973917,21.610627384484992,0.665241409474266,Mumbai,2010-09-06,"{""type"":""MultiPoint"",""coordinates"":[]}"
2010_09_14,27.461968981793678,28.202041254834576,18.48884378843792,0.740072273040898,Mumbai,2010-09-14,"{""type"":""MultiPoint"",""coordinates"":[]}"
2010_09_22,30.288995192792594,30.15570633263748,,-0.13328886015511543,Mumbai,2010-09-22,"{""type"":""MultiPoint"",""coordinates"":[]}"
2010_09_30,31.203791495632018,32.87626527094211,24.904631677505893,1.6724737753100953,Mumbai,2010-09-30,"{""type"":""MultiPoint"",""coordinates"":[]}"
2010_10_08,29.929089368280657,29.5359777981355,23.829798068722692,-0.3931115701451553,Mumbai,2010-10-08,"{""type"":""MultiPoint"",""coordinates"":[]}"
2010_10_16,29.29459467665219,28.42477859778602,24.41536900369006,-0.8698160788661689,Mumbai,2010-10-16,"{""type"":""MultiPoint"",""coordinates"":[]}"
2010_10_24,31.414839827670367,31.096452161327043,24.475039932889814,-0.31838766634332316,Mumbai,2010-10-24,"{""type"":""MultiPoint"",""coordinates"":[]}"
2010_11_01,31.415550224940237,30.954890026978884,23.02036028922232,-0.46066019796135294,Mumbai,2010-11-01,"{""type"":""MultiPoint"",""coordinates"":[]}"
2010_11_09,30.97725519977206,29.584046730896898,23.549614434263386,-1.3932084688751623,Mumbai,2010-11-09,"{""type"":""MultiPoint"",""coordinates"":[]}"
2010_11_17,31.62376782648131,30.91288260981829,22.193118971682654,-0.7108852166630193,Mumbai,2010-11-17,"{""type"":""MultiPoint"",""coordinates"":[]}"
2010_11_25,30.88549958319917,30.207689839113055,22.918797372573046,-0.6778097440861153,Mumbai,2010-11-25,"{""type"":""MultiPoint"",""coordinates"":[]}"
2010_12_03,29.89959923609022,28.70069144465921,20.77448504075978,-1.1989077914310116,Mumbai,2010-12-03,"{""type"":""MultiPoint"",""coordinates"":[]}"
2010_12_11,28.858200134499008,27.35601723024868,18.477692615925772,-1.5021829042503292,Mumbai,2010-12-11,"{""type"":""MultiPoint"",""coordinates"":[]}"
2010_12_19,28.60464359138831,27.261020481656605,18.664956335809165,-1.3436231097317055,Mumbai,2010-12-19,"{""type"":""MultiPoint"",""coordinates"":[]}"
2010_12_27,28.366171536328554,26.59515998797408,18.08585374326909,-1.7710115483544762,Mumbai,2010-12-27,"{""type"":""MultiPoint"",""coordinates"":[]}"
2011_01_01,29.510517799760844,27.42297678378841,18.86507566555036,-2.087541015972434,Mumbai,2011-01-01,"{""type"":""MultiPoint"",""coordinates"":[]}"
2011_01_09,30.956323136832275,28.851803734439883,18.835013485477216,-2.104519402392391,Mumbai,2011-01-09,"{""type"":""MultiPoint"",""coordinates"":[]}"
2011_01_17,32.11288109737143,29.70449067211304,18.998106202852753,-2.408390425258389,Mumbai,2011-01-17,"{""type"":""MultiPoint"",""coordinates"":[]}"
2011_01_25,32.72727038955431,30.154026711991257,20.141984391185897,-2.573243677563056,Mumbai,2011-01-25,"{""type"":""MultiPoint"",""coordinates"":[]}"
2011_02_02,34.237665464361925,31.187628009964065,20.70666907960574,-3.0500374543978594,Mumbai,2011-02-02,"{""type"":""MultiPoint"",""coordinates"":[]}"
2011_02_10,33.269485150804464,30.43416377885594,20.75094428746605,-2.835321371948524,Mumbai,2011-02-10,"{""type"":""MultiPoint"",""coordinates"":[]}"
2011_02_18,34.39214435720441,31.015839649347143,20.553089443886428,-3.3763047078572654,Mumbai,2011-02-18,"{""type"":""MultiPoint"",""coordinates"":[]}"
2011_02_26,36.633807803852335,33.0459679279013,22.69289093159296,-3.5878398759510333,Mumbai,2011-02-26,"{""type"":""MultiPoint"",""coordinates"":[]}"
2011_03_06,39.831027944132444,35.57833368680017,22.5821678825925,-4.252694257332273,Mumbai,2011-03-06,"{""type"":""MultiPoint"",""coordinates"":[]}"
2011_03_14,41.63960095993545,37.144371682541056,24.060662485299904,-4.495229277394394,Mumbai,2011-03-14,"{""type"":""MultiPoint"",""coordinates"":[]}"
2011_03_22,39.944574440730264,35.44696722256826,23.750057204807103,-4.497607218162003,Mumbai,2011-03-22,"{""type"":""MultiPoint"",""coordinates"":[]}"
2011_03_30,40.60919040898049,35.687173445609055,23.919558139796717,-4.9220169633714335,Mumbai,2011-03-30,"{""type"":""MultiPoint"",""coordinates"":[]}"
2011_04_07,40.04344834109664,35.31457394080927,24.66808082733644,-4.728874400287374,Mumbai,2011-04-07,"{""type"":""MultiPoint"",""coordinates"":[]}"
2011_04_15,40.13707740498462,34.93489237853224,25.685143911921365,-5.2021850264523835,Mumbai,2011-04-15,"{""type"":""MultiPoint"",""coordinates"":[]}"
2011_04_23,39.451913977149566,35.11321776098256,24.375059317443156,-4.338696216167008,Mumbai,2011-04-23,"{""type"":""MultiPoint"",""coordinates"":[]}"
2011_05_01,37.66402679055361,33.898786643880676,24.804476140397025,-3.7652401466729373,Mumbai,2011-05-01,"{""type"":""MultiPoint"",""coordinates"":[]}"
2011_05_09,39.379052312132714,34.07277823876093,24.87394715006067,-5.306274073371782,Mumbai,2011-05-09,"{""type"":""MultiPoint"",""coordinates"":[]}"
2011_05_17,39.031000848776394,32.788526425410076,25.906388851487854,-6.242474423366318,Mumbai,2011-05-17,"{""type"":""MultiPoint"",""coordinates"":[]}"
2011_05_25,42.990261858081716,35.65703971412331,24.36862829656662,-7.333222143958409,Mumbai,2011-05-25,"{""type"":""MultiPoint"",""coordinates"":[]}"
2011_06_02,,,,,Mumbai,2011-06-02,"{""type"":""MultiPoint"",""coordinates"":[]}"
2011_06_10,,,,,Mumbai,2011-06-10,"{""type"":""MultiPoint"",""coordinates"":[]}"
2011_06_18,,,,,Mumbai,2011-06-18,"{""type"":""MultiPoint"",""coordinates"":[]}"
2011_06_26,28.758546099290808,28.168001204093937,14.05079046424093,-0.5905448951968708,Mumbai,2011-06-26,"{""type"":""MultiPoint"",""coordinates"":[]}"
2011_07_04,27.860000000000042,28.950000000000045,,1.0900000000000034,Mumbai,2011-07-04,"{""type"":""MultiPoint"",""coordinates"":[]}"
2011_07_12,,,,,Mumbai,2011-07-12,"{""type"":""MultiPoint"",""coordinates"":[]}"
2011_07_20,,,,,Mumbai,2011-07-20,"{""type"":""MultiPoint"",""coordinates"":[]}"
2011_07_28,,,,,Mumbai,2011-07-28,"{""type"":""MultiPoint"",""coordinates"":[]}"
2011_08_05,,,,,Mumbai,2011-08-05,"{""type"":""MultiPoint"",""coordinates"":[]}"
2011_08_13,,,,,Mumbai,2011-08-13,"{""type"":""MultiPoint"",""coordinates"":[]}"
2011_08_21,,,,,Mumbai,2011-08-21,"{""type"":""MultiPoint"",""coordinates"":[]}"
2011_08_29,26.275068493150737,28.653075045759646,,2.378006552608909,Mumbai,2011-08-29,"{""type"":""MultiPoint"",""coordinates"":[]}"
2011_09_06,,28.190000000000026,,,Mumbai,2011-09-06,"{""type"":""MultiPoint"",""coordinates"":[]}"
2011_09_14,30.265749050210538,30.736361287619594,21.16202738606175,0.4706122374090569,Mumbai,2011-09-14,"{""type"":""MultiPoint"",""coordinates"":[]}"
2011_09_22,29.995570444232847,29.910673657079293,23.273836916407976,-0.08489678715355353,Mumbai,2011-09-22,"{""type"":""MultiPoint"",""coordinates"":[]}"
2011_09_30,30.551317027281282,29.973583489106144,22.68539440360742,-0.5777335381751385,Mumbai,2011-09-30,"{""type"":""MultiPoint"",""coordinates"":[]}"
2011_10_08,31.178803909989185,30.976726702910174,24.556129125784004,-0.2020772070790109,Mumbai,2011-10-08,"{""type"":""MultiPoint"",""coordinates"":[]}"
2011_10_16,31.92235958097047,31.613162151417093,23.87663112326273,-0.30919742955337526,Mumbai,2011-10-16,"{""type"":""MultiPoint"",""coordinates"":[]}"
2011_10_24,32.37357592175755,31.78867159999554,23.780276452475256,-0.5849043217620107,Mumbai,2011-10-24,"{""type"":""MultiPoint"",""coordinates"":[]}"
2011_11_01,32.50594121431577,31.558508770046632,23.933967109588036,-0.9474324442691362,Mumbai,2011-11-01,"{""type"":""MultiPoint"",""coordinates"":[]}"
2011_11_09,33.67070986998117,32.611238522943644,23.802062136494154,-1.0594713470375225,Mumbai,2011-11-09,"{""type"":""MultiPoint"",""coordinates"":[]}"
2011_11_17,33.30702025472474,31.98472149943504,22.355155344536264,-1.322298755289701,Mumbai,2011-11-17,"{""type"":""MultiPoint"",""coordinates"":[]}"
2011_11_25,32.3264264062045,30.42741563250953,23.31212826228295,-1.8990107736949682,Mumbai,2011-11-25,"{""type"":""MultiPoint"",""coordinates"":[]}"
2011_12_03,32.87473506512261,30.99608726845814,23.073856422297613,-1.8786477966644668,Mumbai,2011-12-03,"{""type"":""MultiPoint"",""coordinates"":[]}"
2011_12_11,31.861185027493285,29.617063577395253,21.422356663743493,-2.2441214500980315,Mumbai,2011-12-11,"{""type"":""MultiPoint"",""coordinates"":[]}"
2011_12_19,31.073851839443908,29.36106126999199,20.367573703904068,-1.7127905694519185,Mumbai,2011-12-19,"{""type"":""MultiPoint"",""coordinates"":[]}"
2011_12_27,30.351031699555467,28.25013159904594,18.5823803444567,-2.100900100509527,Mumbai,2011-12-27,"{""type"":""MultiPoint"",""coordinates"":[]}"
2012_01_01,31.133923435134665,28.66813323943046,18.695936791601596,-2.465790195704205,Mumbai,2012-01-01,"{""type"":""MultiPoint"",""coordinates"":[]}"
2012_01_09,30.87240271981028,27.824408265289165,18.000265178025927,-3.047994454521117,Mumbai,2012-01-09,"{""type"":""MultiPoint"",""coordinates"":[]}"
2012_01_17,30.565709530936644,27.440657153105185,18.468727710596458,-3.1250523778314587,Mumbai,2012-01-17,"{""type"":""MultiPoint"",""coordinates"":[]}"
2012_01_25,31.102497348996753,28.016054596756863,18.584310061531898,-3.08644275223989,Mumbai,2012-01-25,"{""type"":""MultiPoint"",""coordinates"":[]}"
2012_02_02,32.018554198903225,28.871117912138256,18.562565245680478,-3.147436286764968,Mumbai,2012-02-02,"{""type"":""MultiPoint"",""coordinates"":[]}"
2012_02_10,33.745209120926944,30.01069573214423,18.305601253301734,-3.7345133887827124,Mumbai,2012-02-10,"{""type"":""MultiPoint"",""coordinates"":[]}"
2012_02_18,37.59693688424844,33.240344344992614,21.74828903255457,-4.3565925392558285,Mumbai,2012-02-18,"{""type"":""MultiPoint"",""coordinates"":[]}"
2012_02_26,36.73028565236689,32.278618728645995,20.42042932925736,-4.451666923720893,Mumbai,2012-02-26,"{""type"":""MultiPoint"",""coordinates"":[]}"
2012_03_05,35.77627573625216,31.540045326225133,19.987329914183892,-4.2362304100270265,Mumbai,2012-03-05,"{""type"":""MultiPoint"",""coordinates"":[]}"
2012_03_13,41.10091436642905,35.801066009189775,22.684647764204897,-5.299848357239277,Mumbai,2012-03-13,"{""type"":""MultiPoint"",""coordinates"":[]}"
2012_03_21,38.814787837725156,34.743917228613,23.34543038476801,-4.070870609112156,Mumbai,2012-03-21,"{""type"":""MultiPoint"",""coordinates"":[]}"
2012_03_29,39.380443828251174,34.48986519204905,23.803800627708902,-4.890578636202122,Mumbai,2012-03-29,"{""type"":""MultiPoint"",""coordinates"":[]}"
2012_04_06,39.97279787777654,34.91791063458554,24.367597544269145,-5.054887243191004,Mumbai,2012-04-06,"{""type"":""MultiPoint"",""coordinates"":[]}"
2012_04_14,42.17836775340111,36.96661210137023,25.86631234748661,-5.211755652030881,Mumbai,2012-04-14,"{""type"":""MultiPoint"",""coordinates"":[]}"
2012_04_22,40.9631919729567,36.02963001827507,25.504683723398028,-4.933561954681629,Mumbai,2012-04-22,"{""type"":""MultiPoint"",""coordinates"":[]}"
2012_04_30,40.87286609277758,35.419831460674196,24.250364697759125,-5.453034632103382,Mumbai,2012-04-30,"{""type"":""MultiPoint"",""coordinates"":[]}"
2012_05_08,39.19219985476045,34.73625440873099,25.913247424410258,-4.45594544602946,Mumbai,2012-05-08,"{""type"":""MultiPoint"",""coordinates"":[]}"
2012_05_16,41.61662338876589,36.005196437433824,25.42700883934922,-5.611426951332064,Mumbai,2012-05-16,"{""type"":""MultiPoint"",""coordinates"":[]}"
2012_05_24,40.6635252712066,33.88367117734073,25.064891798608475,-6.779854093865872,Mumbai,2012-05-24,"{""type"":""MultiPoint"",""coordinates"":[]}"
2012_06_01,40.37490567752048,33.406089355159665,24.478000361761808,-6.968816322360816,Mumbai,2012-06-01,"{""type"":""MultiPoint"",""coordinates"":[]}"
2012_06_09,39.81000000000003,,,,Mumbai,2012-06-09,"{""type"":""MultiPoint"",""coordinates"":[]}"
2012_06_17,31.74182670203363,30.737207459207493,24.34754365874609,-1.0046192428261378,Mumbai,2012-06-17,"{""type"":""MultiPoint"",""coordinates"":[]}"
2012_06_25,30.57526267702151,31.88446306967003,24.6875413976986,1.3092003926485205,Mumbai,2012-06-25,"{""type"":""MultiPoint"",""coordinates"":[]}"
2012_07_03,,,,,Mumbai,2012-07-03,"{""type"":""MultiPoint"",""coordinates"":[]}"
2012_07_11,,,,,Mumbai,2012-07-11,"{""type"":""MultiPoint"",""coordinates"":[]}"
2012_07_19,,,,,Mumbai,2012-07-19,"{""type"":""MultiPoint"",""coordinates"":[]}"
2012_07_27,,,,,Mumbai,2012-07-27,"{""type"":""MultiPoint"",""coordinates"":[]}"
2012_08_04,,,,,Mumbai,2012-08-04,"{""type"":""MultiPoint"",""coordinates"":[]}"
2012_08_12,,,,,Mumbai,2012-08-12,"{""type"":""MultiPoint"",""coordinates"":[]}"
2012_08_20,26.824102461743216,27.23901599015993,,0.41491352841671514,Mumbai,2012-08-20,"{""type"":""MultiPoint"",""coordinates"":[]}"
2012_08_28,,,,,Mumbai,2012-08-28,"{""type"":""MultiPoint"",""coordinates"":[]}"
2012_09_05,26.883531550551286,26.147553823311096,16.570863543788217,-0.73597772724019,Mumbai,2012-09-05,"{""type"":""MultiPoint"",""coordinates"":[]}"
2012_09_13,27.522221644661634,27.390564635958427,18.690000000000055,-0.13165700870320762,Mumbai,2012-09-13,"{""type"":""MultiPoint"",""coordinates"":[]}"
2012_09_21,29.760845179986518,30.471140319715836,21.718293072824185,0.7102951397293182,Mumbai,2012-09-21,"{""type"":""MultiPoint"",""coordinates"":[]}"
2012_09_29,32.33451908453806,32.59624532519458,25.426307743436393,0.2617262406565217,Mumbai,2012-09-29,"{""type"":""MultiPoint"",""coordinates"":[]}"
2012_10_07,30.78135445634041,30.972214011085036,23.557327822307126,0.1908595547446268,Mumbai,2012-10-07,"{""type"":""MultiPoint"",""coordinates"":[]}"
2012_10_15,32.214658571794594,32.033559530538334,24.643109561174146,-0.1810990412562603,Mumbai,2012-10-15,"{""type"":""MultiPoint"",""coordinates"":[]}"
2012_10_23,32.249377475473274,31.511410604405725,24.202636610396812,-0.7379668710675489,Mumbai,2012-10-23,"{""type"":""MultiPoint"",""coordinates"":[]}"
2012_10_31,32.129778403209855,30.885447926653928,23.478474985658703,-1.2443304765559269,Mumbai,2012-10-31,"{""type"":""MultiPoint"",""coordinates"":[]}"
2012_11_08,32.6452830466291,31.45054769481486,22.761819747797123,-1.194735351814245,Mumbai,2012-11-08,"{""type"":""MultiPoint"",""coordinates"":[]}"
2012_11_16,32.03270900493426,30.592743146334072,20.99133513927829,-1.439965858600189,Mumbai,2012-11-16,"{""type"":""MultiPoint"",""coordinates"":[]}"
2012_11_24,31.37840769051818,29.28860919281794,21.117490444223204,-2.08979849770024,Mumbai,2012-11-24,"{""type"":""MultiPoint"",""coordinates"":[]}"
2012_12_02,32.50034573406168,30.548699212446746,22.401783194046423,-1.9516465216149363,Mumbai,2012-12-02,"{""type"":""MultiPoint"",""coordinates"":[]}"
2012_12_10,30.847941770034463,28.91540626556108,20.850922576490277,-1.9325355044733818,Mumbai,2012-12-10,"{""type"":""MultiPoint"",""coordinates"":[]}"
2012_12_18,32.11346684544372,29.61874178694675,21.03223843762357,-2.494725058496968,Mumbai,2012-12-18,"{""type"":""MultiPoint"",""coordinates"":[]}"
2012_12_26,30.70334411216672,28.38072642338274,19.132806003502438,-2.322617688783982,Mumbai,2012-12-26,"{""type"":""MultiPoint"",""coordinates"":[]}"
2013_01_01,30.27627244328302,27.76270374042746,18.289774503686026,-2.513568702855558,Mumbai,2013-01-01,"{""type"":""MultiPoint"",""coordinates"":[]}"
2013_01_09,32.66784564997766,29.76098959608979,20.187588891137036,-2.906856053887868,Mumbai,2013-01-09,"{""type"":""MultiPoint"",""coordinates"":[]}"
2013_01_17,31.734871483714894,28.731794218509844,18.80239829247788,-3.00307726520505,Mumbai,2013-01-17,"{""type"":""MultiPoint"",""coordinates"":[]}"
2013_01_25,32.10483456802381,28.81025573515006,19.10131893691634,-3.29457883287375,Mumbai,2013-01-25,"{""type"":""MultiPoint"",""coordinates"":[]}"
2013_02_02,32.35096714022209,29.057352149289787,20.379260746448846,-3.2936149909323014,Mumbai,2013-02-02,"{""type"":""MultiPoint"",""coordinates"":[]}"
2013_02_10,35.048939106248156,30.910253130304323,21.163532394783303,-4.138685975943833,Mumbai,2013-02-10,"{""type"":""MultiPoint"",""coordinates"":[]}"
2013_02_18,36.960898580109216,32.91017535459303,20.430193656164562,-4.050723225516187,Mumbai,2013-02-18,"{""type"":""MultiPoint"",""coordinates"":[]}"
2013_02_26,39.64923764590038,34.88636073567252,22.453701325040587,-4.76287691022786,Mumbai,2013-02-26,"{""type"":""MultiPoint"",""coordinates"":[]}"
2013_03_06,39.96751969579627,35.42380857641334,23.19466836031959,-4.543711119382927,Mumbai,2013-03-06,"{""type"":""MultiPoint"",""coordinates"":[]}"
2013_03_14,40.30949920210466,35.198485184897436,23.117530002109348,-5.111014017207225,Mumbai,2013-03-14,"{""type"":""MultiPoint"",""coordinates"":[]}"
2013_03_22,39.53855694817424,34.89925171230793,23.13365853956321,-4.63930523586631,Mumbai,2013-03-22,"{""type"":""MultiPoint"",""coordinates"":[]}"
2013_03_30,42.4281848618279,36.54460030071421,24.091767852843006,-5.883584561113693,Mumbai,2013-03-30,"{""type"":""MultiPoint"",""coordinates"":[]}"
2013_04_07,41.42208582926957,36.055993411786666,24.745988173807795,-5.366092417482903,Mumbai,2013-04-07,"{""type"":""MultiPoint"",""coordinates"":[]}"
2013_04_15,40.40694685792572,35.31453710559478,23.542146837613533,-5.092409752330937,Mumbai,2013-04-15,"{""type"":""MultiPoint"",""coordinates"":[]}"
2013_04_23,43.00608429032848,37.35216086206198,26.85523650989935,-5.653923428266502,Mumbai,2013-04-23,"{""type"":""MultiPoint"",""coordinates"":[]}"
2013_05_01,42.260876982003694,36.46372867145546,25.93094264802524,-5.797148310548231,Mumbai,2013-05-01,"{""type"":""MultiPoint"",""coordinates"":[]}"
2013_05_09,40.45044237749547,33.781704773365455,23.858403975576085,-6.6687376041300155,Mumbai,2013-05-09,"{""type"":""MultiPoint"",""coordinates"":[]}"
2013_05_17,41.67750189250568,36.13224441833141,25.608396004700385,-5.545257474174271,Mumbai,2013-05-17,"{""type"":""MultiPoint"",""coordinates"":[]}"
2013_05_25,35.102712565162726,32.341350956999435,24.822599776843223,-2.7613616081632912,Mumbai,2013-05-25,"{""type"":""MultiPoint"",""coordinates"":[]}"
2013_06_02,42.747796910610305,,,,Mumbai,2013-06-02,"{""type"":""MultiPoint"",""coordinates"":[]}"
2013_06_10,,,,,Mumbai,2013-06-10,"{""type"":""MultiPoint"",""coordinates"":[]}"
2013_06_18,29.160000000000053,,,,Mumbai,2013-06-18,"{""type"":""MultiPoint"",""coordinates"":[]}"
2013_06_26,,,,,Mumbai,2013-06-26,"{""type"":""MultiPoint"",""coordinates"":[]}"
2013_07_04,,,,,Mumbai,2013-07-04,"{""type"":""MultiPoint"",""coordinates"":[]}"
2013_07_12,,,,,Mumbai,2013-07-12,"{""type"":""MultiPoint"",""coordinates"":[]}"
2013_07_20,,,,,Mumbai,2013-07-20,"{""type"":""MultiPoint"",""coordinates"":[]}"
2013_07_28,25.143333333333356,,,,Mumbai,2013-07-28,"{""type"":""MultiPoint"",""coordinates"":[]}"
2013_08_05,,,,,Mumbai,2013-08-05,"{""type"":""MultiPoint"",""coordinates"":[]}"
2013_08_13,27.99000000000003,25.723333333333358,,-2.266666666666673,Mumbai,2013-08-13,"{""type"":""MultiPoint"",""coordinates"":[]}"
2013_08_21,30.442647302904604,,,,Mumbai,2013-08-21,"{""type"":""MultiPoint"",""coordinates"":[]}"
2013_08_29,29.37680274921196,28.698616932103974,23.452320167906922,-0.6781858171079875,Mumbai,2013-08-29,"{""type"":""MultiPoint"",""coordinates"":[]}"
2013_09_06,28.743125000000024,,,,Mumbai,2013-09-06,"{""type"":""MultiPoint"",""coordinates"":[]}"
2013_09_14,,,,,Mumbai,2013-09-14,"{""type"":""MultiPoint"",""coordinates"":[]}"
2013_09_22,27.904692900824273,28.182842597688524,,0.27814969686425073,Mumbai,2013-09-22,"{""type"":""MultiPoint"",""coordinates"":[]}"
2013_09_30,29.022638894865946,30.28952643529033,22.77297029702973,1.266887540424385,Mumbai,2013-09-30,"{""type"":""MultiPoint"",""coordinates"":[]}"
2013_10_08,29.427281910009196,30.57756756756759,22.229185155304588,1.1502856575583955,Mumbai,2013-10-08,"{""type"":""MultiPoint"",""coordinates"":[]}"
2013_10_16,31.56727394783407,31.32369054241105,24.51008151784672,-0.2435834054230206,Mumbai,2013-10-16,"{""type"":""MultiPoint"",""coordinates"":[]}"
2013_10_24,31.93028755404775,30.68631191515913,24.11145338601237,-1.243975638888621,Mumbai,2013-10-24,"{""type"":""MultiPoint"",""coordinates"":[]}"
2013_11_01,31.783642376660623,30.836712945502562,24.006039034508817,-0.9469294311580612,Mumbai,2013-11-01,"{""type"":""MultiPoint"",""coordinates"":[]}"
2013_11_09,31.96726979868546,30.917658101684548,22.45995068481118,-1.0496116970009126,Mumbai,2013-11-09,"{""type"":""MultiPoint"",""coordinates"":[]}"
2013_11_17,32.70385380621951,31.21858832717242,22.52086719565675,-1.4852654790470936,Mumbai,2013-11-17,"{""type"":""MultiPoint"",""coordinates"":[]}"
2013_11_25,31.91655225032295,29.352648122815072,22.463492932056575,-2.563904127507879,Mumbai,2013-11-25,"{""type"":""MultiPoint"",""coordinates"":[]}"
2013_12_03,32.22904665448561,30.267831578476745,21.55686607202739,-1.9612150760088625,Mumbai,2013-12-03,"{""type"":""MultiPoint"",""coordinates"":[]}"
2013_12_11,31.791044917072856,29.811723102837654,19.68424480628864,-1.9793218142352025,Mumbai,2013-12-11,"{""type"":""MultiPoint"",""coordinates"":[]}"
2013_12_19,30.73921438235655,28.762684995330204,19.50720668591861,-1.9765293870263463,Mumbai,2013-12-19,"{""type"":""MultiPoint"",""coordinates"":[]}"
2013_12_27,30.017087326266914,27.8859886322069,19.69089844959063,-2.1310986940600145,Mumbai,2013-12-27,"{""type"":""MultiPoint"",""coordinates"":[]}"
2014_01_01,31.680509002009714,29.10018862803639,20.1266377462489,-2.5803203739733256,Mumbai,2014-01-01,"{""type"":""MultiPoint"",""coordinates"":[]}"
2014_01_09,30.17687267530963,27.71446123380263,18.361894399242352,-2.462411441507001,Mumbai,2014-01-09,"{""type"":""MultiPoint"",""coordinates"":[]}"
2014_01_17,29.8450655622801,27.480482355027497,19.041459123958173,-2.364583207252604,Mumbai,2014-01-17,"{""type"":""MultiPoint"",""coordinates"":[]}"
2014_01_25,32.839542872849094,30.188555554209174,20.94472971171678,-2.6509873186399204,Mumbai,2014-01-25,"{""type"":""MultiPoint"",""coordinates"":[]}"
2014_02_02,33.341889071645646,30.468638685598748,20.610294197368745,-2.873250386046898,Mumbai,2014-02-02,"{""type"":""MultiPoint"",""coordinates"":[]}"
2014_02_10,32.40941091630608,28.769268651907826,18.082227620509432,-3.6401422643982535,Mumbai,2014-02-10,"{""type"":""MultiPoint"",""coordinates"":[]}"
2014_02_18,35.11461884152384,31.049420816294752,21.065107134500348,-4.0651980252290905,Mumbai,2014-02-18,"{""type"":""MultiPoint"",""coordinates"":[]}"
2014_02_26,35.03847614601811,30.897974959999125,21.150140382841087,-4.140501186018987,Mumbai,2014-02-26,"{""type"":""MultiPoint"",""coordinates"":[]}"
2014_03_06,36.93742496981357,33.00709404771238,22.5311893380501,-3.9303309221011915,Mumbai,2014-03-06,"{""type"":""MultiPoint"",""coordinates"":[]}"
2014_03_14,40.474967143790515,35.690341521553435,23.542489953043763,-4.78462562223708,Mumbai,2014-03-14,"{""type"":""MultiPoint"",""coordinates"":[]}"
2014_03_22,40.16380431622867,35.440384235032404,23.944362767316335,-4.7234200811962666,Mumbai,2014-03-22,"{""type"":""MultiPoint"",""coordinates"":[]}"
2014_03_30,41.71956837246135,36.744634675806964,24.478130934018903,-4.974933696654389,Mumbai,2014-03-30,"{""type"":""MultiPoint"",""coordinates"":[]}"
2014_04_07,41.26789309296376,36.21451470300903,23.76152891754596,-5.05337838995473,Mumbai,2014-04-07,"{""type"":""MultiPoint"",""coordinates"":[]}"
2014_04_15,40.82732554515818,35.723564198995476,24.94056942376137,-5.103761346162706,Mumbai,2014-04-15,"{""type"":""MultiPoint"",""coordinates"":[]}"
2014_04_23,42.824888755633346,37.31968701838957,26.52977450491898,-5.505201737243773,Mumbai,2014-04-23,"{""type"":""MultiPoint"",""coordinates"":[]}"
2014_05_01,42.81660453112169,37.558689914242684,25.435837537652983,-5.257914616879006,Mumbai,2014-05-01,"{""type"":""MultiPoint"",""coordinates"":[]}"
2014_05_09,40.94368437051898,35.69947297900855,26.150701205895512,-5.244211391510433,Mumbai,2014-05-09,"{""type"":""MultiPoint"",""coordinates"":[]}"
2014_05_17,43.11882745774336,35.79034298204734,24.811874314117915,-7.3284844756960155,Mumbai,2014-05-17,"{""type"":""MultiPoint"",""coordinates"":[]}"
2014_05_25,40.672361311066375,35.705209277042975,26.24380684906689,-4.9671520340234,Mumbai,2014-05-25,"{""type"":""MultiPoint"",""coordinates"":[]}"
2014_06_02,41.21272274466441,35.73120059816281,26.12929929502247,-5.481522146501604,Mumbai,2014-06-02,"{""type"":""MultiPoint"",""coordinates"":[]}"
2014_06_10,32.24519019442099,,,,Mumbai,2014-06-10,"{""type"":""MultiPoint"",""coordinates"":[]}"
2014_06_18,33.05590027700834,31.291817553559117,24.995646164478256,-1.7640827234492242,Mumbai,2014-06-18,"{""type"":""MultiPoint"",""coordinates"":[]}"
2014_06_26,36.31938129642821,30.51283942963426,25.033662740235616,-5.806541866793953,Mumbai,2014-06-26,"{""type"":""MultiPoint"",""coordinates"":[]}"
2014_07_04,,,,,Mumbai,2014-07-04,"{""type"":""MultiPoint"",""coordinates"":[]}"
2014_07_12,,,,,Mumbai,2014-07-12,"{""type"":""MultiPoint"",""coordinates"":[]}"
2014_07_20,,,,,Mumbai,2014-07-20,"{""type"":""MultiPoint"",""coordinates"":[]}"
2014_07_28,,,,,Mumbai,2014-07-28,"{""type"":""MultiPoint"",""coordinates"":[]}"
2014_08_05,28.670000000000016,,,,Mumbai,2014-08-05,"{""type"":""MultiPoint"",""coordinates"":[]}"
2014_08_13,,,,,Mumbai,2014-08-13,"{""type"":""MultiPoint"",""coordinates"":[]}"
2014_08_21,29.238493626883013,,,,Mumbai,2014-08-21,"{""type"":""MultiPoint"",""coordinates"":[]}"
2014_08_29,28.864183997180145,30.032500000000034,,1.1683160028198891,Mumbai,2014-08-29,"{""type"":""MultiPoint"",""coordinates"":[]}"
2014_09_06,29.515357800151595,28.740437188710608,20.29000000000002,-0.7749206114409866,Mumbai,2014-09-06,"{""type"":""MultiPoint"",""coordinates"":[]}"
2014_09_14,25.85857142857145,,,,Mumbai,2014-09-14,"{""type"":""MultiPoint"",""coordinates"":[]}"
2014_09_22,31.7809616528343,32.05048322892199,24.1536290362216,0.26952157608769056,Mumbai,2014-09-22,"{""type"":""MultiPoint"",""coordinates"":[]}"
2014_09_30,31.44816072007588,32.02025581965207,25.219298976698333,0.5720950995761918,Mumbai,2014-09-30,"{""type"":""MultiPoint"",""coordinates"":[]}"
2014_10_08,31.06830087139216,30.731748669490663,24.746150107486717,-0.3365522019014975,Mumbai,2014-10-08,"{""type"":""MultiPoint"",""coordinates"":[]}"
2014_10_16,32.595589843766085,32.30930129235603,25.046555595062774,-0.2862885514100526,Mumbai,2014-10-16,"{""type"":""MultiPoint"",""coordinates"":[]}"
2014_10_24,33.31462197248592,33.07782113975039,22.083487762048296,-0.23680083273552555,Mumbai,2014-10-24,"{""type"":""MultiPoint"",""coordinates"":[]}"
2014_11_01,33.19787663336686,32.169209476309284,24.146568994181276,-1.0286671570575763,Mumbai,2014-11-01,"{""type"":""MultiPoint"",""coordinates"":[]}"
2014_11_09,33.491252605565634,31.480501167850367,23.694898594377555,-2.0107514377152675,Mumbai,2014-11-09,"{""type"":""MultiPoint"",""coordinates"":[]}"
2014_11_17,33.211944398533724,31.36636280692343,24.043408023614703,-1.8455815916102942,Mumbai,2014-11-17,"{""type"":""MultiPoint"",""coordinates"":[]}"
2014_11_25,33.687392739274024,31.520835665306674,22.05086151282765,-2.1665570739673505,Mumbai,2014-11-25,"{""type"":""MultiPoint"",""coordinates"":[]}"
2014_12_03,32.946786247455286,30.674423873069298,22.224956807205505,-2.272362374385988,Mumbai,2014-12-03,"{""type"":""MultiPoint"",""coordinates"":[]}"
2014_12_11,29.502504705821075,27.784321009980054,19.570609649965576,-1.7181836958410202,Mumbai,2014-12-11,"{""type"":""MultiPoint"",""coordinates"":[]}"
2014_12_19,30.57601395170499,28.212248234937455,19.794093429202608,-2.363765716767535,Mumbai,2014-12-19,"{""type"":""MultiPoint"",""coordinates"":[]}"
2014_12_27,29.85506956466797,27.532011276800983,18.661769449007046,-2.3230582878669885,Mumbai,2014-12-27,"{""type"":""MultiPoint"",""coordinates"":[]}"
2015_01_01,30.75404445906004,28.072932535482096,19.55903094436083,-2.6811119235779444,Mumbai,2015-01-01,"{""type"":""MultiPoint"",""coordinates"":[]}"
2015_01_09,31.62279575217686,29.080093721356587,18.677309438746143,-2.542702030820273,Mumbai,2015-01-09,"{""type"":""MultiPoint"",""coordinates"":[]}"
2015_01_17,29.86446687061904,26.947032345084786,19.398570778577767,-2.9174345255342544,Mumbai,2015-01-17,"{""type"":""MultiPoint"",""coordinates"":[]}"
2015_01_25,31.742728681750652,28.579203165343795,20.803141675432766,-3.1635255164068568,Mumbai,2015-01-25,"{""type"":""MultiPoint"",""coordinates"":[]}"
2015_02_02,34.2403084194735,30.452495632753276,20.43120366777178,-3.787812786720224,Mumbai,2015-02-02,"{""type"":""MultiPoint"",""coordinates"":[]}"
2015_02_10,35.815379936239594,32.07918293757305,21.021233379089974,-3.736196998666543,Mumbai,2015-02-10,"{""type"":""MultiPoint"",""coordinates"":[]}"
2015_02_18,37.57850282916609,33.217666460171316,22.476807083502486,-4.360836368994775,Mumbai,2015-02-18,"{""type"":""MultiPoint"",""coordinates"":[]}"
2015_02_26,33.79939182781862,29.942012977649647,19.357223263638577,-3.8573788501689705,Mumbai,2015-02-26,"{""type"":""MultiPoint"",""coordinates"":[]}"
2015_03_06,38.72733366837892,34.288444902605114,22.605242648404833,-4.438888765773804,Mumbai,2015-03-06,"{""type"":""MultiPoint"",""coordinates"":[]}"
2015_03_14,39.35250042385674,34.49876788535577,23.614089321079746,-4.853732538500971,Mumbai,2015-03-14,"{""type"":""MultiPoint"",""coordinates"":[]}"
2015_03_22,40.06093360783635,35.27810725080051,24.54459138767484,-4.782826357035837,Mumbai,2015-03-22,"{""type"":""MultiPoint"",""coordinates"":[]}"
2015_03_30,41.57465977584274,35.974354755046456,24.09116294298498,-5.600305020796284,Mumbai,2015-03-30,"{""type"":""MultiPoint"",""coordinates"":[]}"
2015_04_07,38.853763849810804,33.948508822559404,23.64919854881269,-4.9052550272514,Mumbai,2015-04-07,"{""type"":""MultiPoint"",""coordinates"":[]}"
2015_04_15,40.45759620302813,35.19946529400954,25.774752737873268,-5.25813090901859,Mumbai,2015-04-15,"{""type"":""MultiPoint"",""coordinates"":[]}"
2015_04_23,40.887705396349745,35.67582997929717,25.71403127290498,-5.211875417052575,Mumbai,2015-04-23,"{""type"":""MultiPoint"",""coordinates"":[]}"
2015_05_01,40.350057208595054,35.17157697191259,25.915369964698893,-5.178480236682461,Mumbai,2015-05-01,"{""type"":""MultiPoint"",""coordinates"":[]}"
2015_05_09,43.37487768206468,35.74707585772744,24.549436575385624,-7.62780182433724,Mumbai,2015-05-09,"{""type"":""MultiPoint"",""coordinates"":[]}"
2015_05_17,42.38148654985723,35.318672749182326,25.971319332070955,-7.062813800674903,Mumbai,2015-05-17,"{""type"":""MultiPoint"",""coordinates"":[]}"
2015_05_25,37.663201899553926,34.006470588235324,25.751176470588266,-3.6567313113186017,Mumbai,2015-05-25,"{""type"":""MultiPoint"",""coordinates"":[]}"
2015_06_02,40.657791184633325,36.65103546875954,27.1255332205256,-4.006755715873787,Mumbai,2015-06-02,"{""type"":""MultiPoint"",""coordinates"":[]}"
2015_06_10,41.45000000000003,,,,Mumbai,2015-06-10,"{""type"":""MultiPoint"",""coordinates"":[]}"
2015_06_18,,,,,Mumbai,2015-06-18,"{""type"":""MultiPoint"",""coordinates"":[]}"
2015_06_26,31.21750676459222,30.47571001494771,19.985700483091822,-0.7417967496445108,Mumbai,2015-06-26,"{""type"":""MultiPoint"",""coordinates"":[]}"
2015_07_04,30.249375000000022,,,,Mumbai,2015-07-04,"{""type"":""MultiPoint"",""coordinates"":[]}"
2015_07_12,30.825319767441897,29.89049844236763,25.277777777777803,-0.9348213250742674,Mumbai,2015-07-12,"{""type"":""MultiPoint"",""coordinates"":[]}"
2015_07_20,,,,,Mumbai,2015-07-20,"{""type"":""MultiPoint"",""coordinates"":[]}"
2015_07_28,,,,,Mumbai,2015-07-28,"{""type"":""MultiPoint"",""coordinates"":[]}"
2015_08_05,,,,,Mumbai,2015-08-05,"{""type"":""MultiPoint"",""coordinates"":[]}"
2015_08_13,,28.7566666666667,,,Mumbai,2015-08-13,"{""type"":""MultiPoint"",""coordinates"":[]}"
2015_08_21,27.369013565891503,,,,Mumbai,2015-08-21,"{""type"":""MultiPoint"",""coordinates"":[]}"
2015_08_29,29.74954673295714,31.17887060791972,23.836561628555515,1.4293238749625807,Mumbai,2015-08-29,"{""type"":""MultiPoint"",""coordinates"":[]}"
2015_09_06,30.55155141579734,32.63084792310336,24.53666666666669,2.079296507306019,Mumbai,2015-09-06,"{""type"":""MultiPoint"",""coordinates"":[]}"
2015_09_14,,,,,Mumbai,2015-09-14,"{""type"":""MultiPoint"",""coordinates"":[]}"
2015_09_22,29.73248425315929,29.213357718466057,23.103951534548806,-0.5191265346932319,Mumbai,2015-09-22,"{""type"":""MultiPoint"",""coordinates"":[]}"
2015_09_30,32.22393018330496,32.79393758505927,24.98585350081867,0.5700074017543102,Mumbai,2015-09-30,"{""type"":""MultiPoint"",""coordinates"":[]}"
2015_10_08,31.924998508867606,31.526700104427114,25.19225198492266,-0.39829840444049225,Mumbai,2015-10-08,"{""type"":""MultiPoint"",""coordinates"":[]}"
2015_10_16,33.2063137305334,32.875148824243546,25.023607751450076,-0.33116490628985673,Mumbai,2015-10-16,"{""type"":""MultiPoint"",""coordinates"":[]}"
2015_10_24,32.30038761970381,30.589323017408155,23.208844589096845,-1.7110646022956573,Mumbai,2015-10-24,"{""type"":""MultiPoint"",""coordinates"":[]}"
2015_11_01,33.28814794001712,32.26840225180227,24.661087547404964,-1.0197456882148472,Mumbai,2015-11-01,"{""type"":""MultiPoint"",""coordinates"":[]}"
2015_11_09,33.50489557780837,31.46161341689514,24.236693739733532,-2.043282160913229,Mumbai,2015-11-09,"{""type"":""MultiPoint"",""coordinates"":[]}"
2015_11_17,33.96120230181975,32.12074674561781,22.73158197416804,-1.8404555562019453,Mumbai,2015-11-17,"{""type"":""MultiPoint"",""coordinates"":[]}"
2015_11_25,32.40314893182132,31.09689036421715,23.471449560540513,-1.3062585676041714,Mumbai,2015-11-25,"{""type"":""MultiPoint"",""coordinates"":[]}"
2015_12_03,32.63618668702232,31.101501979962613,22.59246983130479,-1.5346847070597036,Mumbai,2015-12-03,"{""type"":""MultiPoint"",""coordinates"":[]}"
2015_12_11,31.125786737085612,29.109091703955198,21.194161680655004,-2.0166950331304143,Mumbai,2015-12-11,"{""type"":""MultiPoint"",""coordinates"":[]}"
2015_12_19,30.473121734974693,28.23028918709472,19.52834910470289,-2.242832547879974,Mumbai,2015-12-19,"{""type"":""MultiPoint"",""coordinates"":[]}"
2015_12_27,33.94749746600531,31.38786918990708,20.99963257617732,-2.5596282760982305,Mumbai,2015-12-27,"{""type"":""MultiPoint"",""coordinates"":[]}"
2016_01_01,31.902974406266832,28.991727655747077,20.391810973300554,-2.911246750519755,Mumbai,2016-01-01,"{""type"":""MultiPoint"",""coordinates"":[]}"
2016_01_09,29.725251105100217,27.440191123550644,19.237991546238696,-2.2850599815495727,Mumbai,2016-01-09,"{""type"":""MultiPoint"",""coordinates"":[]}"
2016_01_17,31.078263851804135,28.263724079955196,18.821536054548897,-2.8145397718489384,Mumbai,2016-01-17,"{""type"":""MultiPoint"",""coordinates"":[]}"
2016_01_25,33.92760466209455,30.69699794422411,19.853123118134473,-3.230606717870444,Mumbai,2016-01-25,"{""type"":""MultiPoint"",""coordinates"":[]}"
2016_02_02,33.139207545309276,29.562808524494468,19.234288296785394,-3.576399020814808,Mumbai,2016-02-02,"{""type"":""MultiPoint"",""coordinates"":[]}"
2016_02_10,32.94049806670097,29.691007884344753,20.33213000286954,-3.2494901823562152,Mumbai,2016-02-10,"{""type"":""MultiPoint"",""coordinates"":[]}"
2016_02_18,35.72437548132671,32.49748941134699,,-3.22688606997972,Mumbai,2016-02-18,"{""type"":""MultiPoint"",""coordinates"":[]}"
2016_02_26,37.426080336241306,33.636294485165465,23.234370750302535,-3.789785851075841,Mumbai,2016-02-26,"{""type"":""MultiPoint"",""coordinates"":[]}"
2016_03_05,38.3672360064846,34.481195003749484,23.014930439746216,-3.8860410027351193,Mumbai,2016-03-05,"{""type"":""MultiPoint"",""coordinates"":[]}"
2016_03_13,38.67154372949645,34.298327313112594,23.979582178708938,-4.373216416383855,Mumbai,2016-03-13,"{""type"":""MultiPoint"",""coordinates"":[]}"
2016_03_21,40.66233758816697,36.17127359441125,24.183682855287653,-4.4910639937557235,Mumbai,2016-03-21,"{""type"":""MultiPoint"",""coordinates"":[]}"
2016_03_29,41.53436862636299,36.53986152876134,24.408443107963954,-4.994507097601648,Mumbai,2016-03-29,"{""type"":""MultiPoint"",""coordinates"":[]}"
2016_04_06,41.80929502708283,36.62555609790117,25.60178927550385,-5.183738929181665,Mumbai,2016-04-06,"{""type"":""MultiPoint"",""coordinates"":[]}"
2016_04_14,41.99843504260283,36.00311777558902,25.65107364261872,-5.99531726701381,Mumbai,2016-04-14,"{""type"":""MultiPoint"",""coordinates"":[]}"
2016_04_22,43.45618499549168,38.4821573115142,24.655521924052604,-4.974027683977482,Mumbai,2016-04-22,"{""type"":""MultiPoint"",""coordinates"":[]}"
2016_04_30,42.70042448470324,37.34959349038351,26.27738135882558,-5.350830994319729,Mumbai,2016-04-30,"{""type"":""MultiPoint"",""coordinates"":[]}"
2016_05_08,41.44871754975874,35.9804499442218,26.20587241251088,-5.468267605536937,Mumbai,2016-05-08,"{""type"":""MultiPoint"",""coordinates"":[]}"
2016_05_16,38.41258238440306,32.87986145472541,25.18833250865911,-5.532720929677652,Mumbai,2016-05-16,"{""type"":""MultiPoint"",""coordinates"":[]}"
2016_05_24,43.29937796652513,33.110000000000014,25.850000000000023,-10.189377966525115,Mumbai,2016-05-24,"{""type"":""MultiPoint"",""coordinates"":[]}"
2016_06_01,43.3241395365432,37.466944947321586,24.19014898352875,-5.8571945892216135,Mumbai,2016-06-01,"{""type"":""MultiPoint"",""coordinates"":[]}"
2016_06_09,37.38489140523485,32.550000000000026,24.397500000000022,-4.834891405234828,Mumbai,2016-06-09,"{""type"":""MultiPoint"",""coordinates"":[]}"
2016_06_17,,30.090000000000032,,,Mumbai,2016-06-17,"{""type"":""MultiPoint"",""coordinates"":[]}"
2016_06_25,,,,,Mumbai,2016-06-25,"{""type"":""MultiPoint"",""coordinates"":[]}"
2016_07_03,,,,,Mumbai,2016-07-03,"{""type"":""MultiPoint"",""coordinates"":[]}"
2016_07_11,,26.55000000000001,,,Mumbai,2016-07-11,"{""type"":""MultiPoint"",""coordinates"":[]}"
2016_07_19,,,,,Mumbai,2016-07-19,"{""type"":""MultiPoint"",""coordinates"":[]}"
2016_07_27,,,,,Mumbai,2016-07-27,"{""type"":""MultiPoint"",""coordinates"":[]}"
2016_08_04,,,,,Mumbai,2016-08-04,"{""type"":""MultiPoint"",""coordinates"":[]}"
2016_08_12,,,,,Mumbai,2016-08-12,"{""type"":""MultiPoint"",""coordinates"":[]}"
2016_08_20,,,,,Mumbai,2016-08-20,"{""type"":""MultiPoint"",""coordinates"":[]}"
2016_08_28,,,,,Mumbai,2016-08-28,"{""type"":""MultiPoint"",""coordinates"":[]}"
2016_09_05,29.15491425460487,29.16471827133483,21.929950403854352,0.009804016729962228,Mumbai,2016-09-05,"{""type"":""MultiPoint"",""coordinates"":[]}"
2016_09_13,28.916666666666696,,,,Mumbai,2016-09-13,"{""type"":""MultiPoint"",""coordinates"":[]}"
2016_09_21,26.02500000000005,,,,Mumbai,2016-09-21,"{""type"":""MultiPoint"",""coordinates"":[]}"
2016_09_29,28.02959093277752,31.793529411764734,23.212500000000027,3.763938478987214,Mumbai,2016-09-29,"{""type"":""MultiPoint"",""coordinates"":[]}"
2016_10_07,30.618125675405217,29.95065212876431,23.797150917272457,-0.6674735466409061,Mumbai,2016-10-07,"{""type"":""MultiPoint"",""coordinates"":[]}"
2016_10_15,31.864104419853117,31.633786113080504,23.49566257387696,-0.2303183067726131,Mumbai,2016-10-15,"{""type"":""MultiPoint"",""coordinates"":[]}"
2016_10_23,32.2243992278374,31.747695873144995,23.2725039642204,-0.47670335469240754,Mumbai,2016-10-23,"{""type"":""MultiPoint"",""coordinates"":[]}"
2016_10_31,32.76548168384868,31.81110905565342,22.627055742527954,-0.9543726281952551,Mumbai,2016-10-31,"{""type"":""MultiPoint"",""coordinates"":[]}"
2016_11_08,32.57374696242945,31.427363732789654,22.028863213976017,-1.1463832296397989,Mumbai,2016-11-08,"{""type"":""MultiPoint"",""coordinates"":[]}"
2016_11_16,32.82431551586383,31.476326706371882,21.871079074732258,-1.347988809491948,Mumbai,2016-11-16,"{""type"":""MultiPoint"",""coordinates"":[]}"
2016_11_24,33.538050687383006,31.543434081660294,21.60065621715015,-1.9946166057227117,Mumbai,2016-11-24,"{""type"":""MultiPoint"",""coordinates"":[]}"
2016_12_02,32.922144165728554,31.097498446705966,21.985759586385218,-1.8246457190225875,Mumbai,2016-12-02,"{""type"":""MultiPoint"",""coordinates"":[]}"
2016_12_10,32.49896175900726,30.40996915389128,22.037506175902138,-2.0889926051159797,Mumbai,2016-12-10,"{""type"":""MultiPoint"",""coordinates"":[]}"
2016_12_18,32.56505151160364,30.430265653430446,20.343194049020696,-2.1347858581731955,Mumbai,2016-12-18,"{""type"":""MultiPoint"",""coordinates"":[]}"
2016_12_26,32.73344645596042,30.243568748962605,20.69909644220665,-2.489877706997813,Mumbai,2016-12-26,"{""type"":""MultiPoint"",""coordinates"":[]}"
2017_01_01,31.332391820241163,29.077405501682236,19.657607361963215,-2.2549863185589274,Mumbai,2017-01-01,"{""type"":""MultiPoint"",""coordinates"":[]}"
2017_01_09,30.39385886877403,27.894586049804225,19.05002146535292,-2.4992728189698035,Mumbai,2017-01-09,"{""type"":""MultiPoint"",""coordinates"":[]}"
2017_01_17,31.77490361514322,29.20421920496269,20.66799704466375,-2.5706844101805295,Mumbai,2017-01-17,"{""type"":""MultiPoint"",""coordinates"":[]}"
2017_01_25,33.74352128249922,30.815226888792118,21.523868919523615,-2.9282943937071053,Mumbai,2017-01-25,"{""type"":""MultiPoint"",""coordinates"":[]}"
2017_02_02,32.81532552366301,29.83736276496441,20.21942377293437,-2.9779627586986024,Mumbai,2017-02-02,"{""type"":""MultiPoint"",""coordinates"":[]}"
2017_02_10,35.27011158565497,31.617064078337105,21.507559912386238,-3.6530475073178685,Mumbai,2017-02-10,"{""type"":""MultiPoint"",""coordinates"":[]}"
2017_02_18,38.43693768767212,34.52701803736315,22.731565814902332,-3.9099196503089715,Mumbai,2017-02-18,"{""type"":""MultiPoint"",""coordinates"":[]}"
2017_02_26,39.86313777891074,35.588498454750784,22.532150653999484,-4.274639324159956,Mumbai,2017-02-26,"{""type"":""MultiPoint"",""coordinates"":[]}"
2017_03_06,37.82390516260753,33.16448427583694,21.21199314665752,-4.65942088677059,Mumbai,2017-03-06,"{""type"":""MultiPoint"",""coordinates"":[]}"
2017_03_14,40.152700200066604,35.27502478579856,23.085207268835738,-4.877675414268047,Mumbai,2017-03-14,"{""type"":""MultiPoint"",""coordinates"":[]}"
2017_03_22,40.970003524725946,36.033926260806574,25.237118755452876,-4.936077263919373,Mumbai,2017-03-22,"{""type"":""MultiPoint"",""coordinates"":[]}"
2017_03_30,39.707383556990344,35.19302715867723,25.306970144315247,-4.514356398313112,Mumbai,2017-03-30,"{""type"":""MultiPoint"",""coordinates"":[]}"
2017_04_07,42.58210778052603,37.190677563815555,25.234120017913156,-5.391430216710475,Mumbai,2017-04-07,"{""type"":""MultiPoint"",""coordinates"":[]}"
2017_04_15,41.08482520793042,36.307469306930734,25.855110308677954,-4.777355900999687,Mumbai,2017-04-15,"{""type"":""MultiPoint"",""coordinates"":[]}"
2017_04_23,41.42460117634059,35.960803814713934,25.152978631865814,-5.4637973616266535,Mumbai,2017-04-23,"{""type"":""MultiPoint"",""coordinates"":[]}"
2017_05_01,39.79943692102178,34.284489634368114,25.56943176226444,-5.5149472866536655,Mumbai,2017-05-01,"{""type"":""MultiPoint"",""coordinates"":[]}"
2017_05_09,42.831393500320715,37.173990696619086,25.281804289696787,-5.657402803701629,Mumbai,2017-05-09,"{""type"":""MultiPoint"",""coordinates"":[]}"
2017_05_17,41.08814733182402,36.12292278593683,26.86352024922121,-4.965224545887189,Mumbai,2017-05-17,"{""type"":""MultiPoint"",""coordinates"":[]}"
2017_05_25,37.503732331164485,32.933167232918116,25.11231785579468,-4.5705650982463695,Mumbai,2017-05-25,"{""type"":""MultiPoint"",""coordinates"":[]}"
2017_06_02,41.19653061224493,,,,Mumbai,2017-06-02,"{""type"":""MultiPoint"",""coordinates"":[]}"
2017_06_10,35.507015354026315,,,,Mumbai,2017-06-10,"{""type"":""MultiPoint"",""coordinates"":[]}"
2017_06_18,28.690000000000055,28.05400000000002,20.380000000000024,-0.6360000000000348,Mumbai,2017-06-18,"{""type"":""MultiPoint"",""coordinates"":[]}"
2017_06_26,28.23950617283954,27.938613861386163,,-0.3008923114533779,Mumbai,2017-06-26,"{""type"":""MultiPoint"",""coordinates"":[]}"
2017_07_04,,,,,Mumbai,2017-07-04,"{""type"":""MultiPoint"",""coordinates"":[]}"
2017_07_12,,,,,Mumbai,2017-07-12,"{""type"":""MultiPoint"",""coordinates"":[]}"
2017_07_20,,,,,Mumbai,2017-07-20,"{""type"":""MultiPoint"",""coordinates"":[]}"
2017_07_28,28.29000000000002,,,,Mumbai,2017-07-28,"{""type"":""MultiPoint"",""coordinates"":[]}"
2017_08_05,,,,,Mumbai,2017-08-05,"{""type"":""MultiPoint"",""coordinates"":[]}"
2017_08_13,,,,,Mumbai,2017-08-13,"{""type"":""MultiPoint"",""coordinates"":[]}"
2017_08_21,27.229222447599756,28.605000000000018,,1.3757775524002618,Mumbai,2017-08-21,"{""type"":""MultiPoint"",""coordinates"":[]}"
2017_08_29,28.194625691814768,27.299376558603516,22.64974025974027,-0.8952491332112515,Mumbai,2017-08-29,"{""type"":""MultiPoint"",""coordinates"":[]}"
2017_09_06,28.949991775301264,29.07000000000005,,0.12000822469878614,Mumbai,2017-09-06,"{""type"":""MultiPoint"",""coordinates"":[]}"
2017_09_14,23.69500000000002,,,,Mumbai,2017-09-14,"{""type"":""MultiPoint"",""coordinates"":[]}"
2017_09_22,30.33249801898785,30.95835546646624,22.737353646833036,0.625857447478392,Mumbai,2017-09-22,"{""type"":""MultiPoint"",""coordinates"":[]}"
2017_09_30,30.73560709214691,30.610873129739733,24.100827552415126,-0.12473396240717705,Mumbai,2017-09-30,"{""type"":""MultiPoint"",""coordinates"":[]}"
2017_10_08,29.72624387288652,29.976666666666702,,0.2504227937801815,Mumbai,2017-10-08,"{""type"":""MultiPoint"",""coordinates"":[]}"
2017_10_16,30.129017104058747,29.827995241788166,23.432389744671944,-0.3010218622705807,Mumbai,2017-10-16,"{""type"":""MultiPoint"",""coordinates"":[]}"
2017_10_24,32.80239117263468,32.80683362478143,24.128956824048664,0.004442452146754761,Mumbai,2017-10-24,"{""type"":""MultiPoint"",""coordinates"":[]}"
2017_11_01,32.46372624418573,31.787845166347196,23.538206458993137,-0.6758810778385325,Mumbai,2017-11-01,"{""type"":""MultiPoint"",""coordinates"":[]}"
2017_11_09,31.97129890864872,31.043873595932876,22.105693831881347,-0.9274253127158438,Mumbai,2017-11-09,"{""type"":""MultiPoint"",""coordinates"":[]}"
2017_11_17,31.95905929854791,30.62610602633259,22.511903897614914,-1.3329532722153203,Mumbai,2017-11-17,"{""type"":""MultiPoint"",""coordinates"":[]}"
2017_11_25,31.85257666059874,29.890377239649546,22.234860475317518,-1.9621994209491938,Mumbai,2017-11-25,"{""type"":""MultiPoint"",""coordinates"":[]}"
2017_12_03,29.049872395016198,27.65977362145878,20.651344273701174,-1.390098773557419,Mumbai,2017-12-03,"{""type"":""MultiPoint"",""coordinates"":[]}"
2017_12_11,28.375772675192056,26.987030249874067,20.504901748558456,-1.3887424253179894,Mumbai,2017-12-11,"{""type"":""MultiPoint"",""coordinates"":[]}"
2017_12_19,29.908375406830817,28.527248960674513,20.078753441186517,-1.3811264461563049,Mumbai,2017-12-19,"{""type"":""MultiPoint"",""coordinates"":[]}"
2017_12_27,30.308341651001673,28.246109920351458,19.840034135111576,-2.0622317306502147,Mumbai,2017-12-27,"{""type"":""MultiPoint"",""coordinates"":[]}"
2018_01_01,28.89534855044598,26.909953540479123,18.783815824379925,-1.985395009966858,Mumbai,2018-01-01,"{""type"":""MultiPoint"",""coordinates"":[]}"
2018_01_09,31.498947287742215,28.738538377685206,21.007786927431848,-2.7604089100570093,Mumbai,2018-01-09,"{""type"":""MultiPoint"",""coordinates"":[]}"
2018_01_17,31.843638378597145,29.510816829857013,20.329487557836877,-2.3328215487401316,Mumbai,2018-01-17,"{""type"":""MultiPoint"",""coordinates"":[]}"
2018_01_25,32.690500544294004,29.98425207534273,20.437652645861633,-2.706248468951273,Mumbai,2018-01-25,"{""type"":""MultiPoint"",""coordinates"":[]}"
2018_02_02,31.538092139032305,29.17408122809144,20.725565091260773,-2.3640109109408662,Mumbai,2018-02-02,"{""type"":""MultiPoint"",""coordinates"":[]}"
2018_02_10,34.10421377572191,30.504943018214345,21.357011903842576,-3.599270757507565,Mumbai,2018-02-10,"{""type"":""MultiPoint"",""coordinates"":[]}"
2018_02_18,35.337874084136025,32.053632257764164,22.379104157936442,-3.2842418263718614,Mumbai,2018-02-18,"{""type"":""MultiPoint"",""coordinates"":[]}"
2018_02_26,37.13372277286233,33.38868902761619,23.201031372341617,-3.7450337452461397,Mumbai,2018-02-26,"{""type"":""MultiPoint"",""coordinates"":[]}"
2018_03_06,36.7172641073177,33.29503394459621,22.8848430224997,-3.4222301627214904,Mumbai,2018-03-06,"{""type"":""MultiPoint"",""coordinates"":[]}"
2018_03_14,38.64180859840898,34.30629012240534,23.53228488172782,-4.335518476003635,Mumbai,2018-03-14,"{""type"":""MultiPoint"",""coordinates"":[]}"
2018_03_22,40.63837084574363,35.70398180960429,24.83954737490651,-4.934389036139343,Mumbai,2018-03-22,"{""type"":""MultiPoint"",""coordinates"":[]}"
2018_03_30,39.64670473546922,34.57415502711334,23.64349867367783,-5.072549708355879,Mumbai,2018-03-30,"{""type"":""MultiPoint"",""coordinates"":[]}"
2018_04_07,41.58943551151735,36.65706307935796,25.04653277061828,-4.93237243215939,Mumbai,2018-04-07,"{""type"":""MultiPoint"",""coordinates"":[]}"
2018_04_15,41.847206205905856,36.203393380358136,26.05045360824745,-5.64381282554772,Mumbai,2018-04-15,"{""type"":""MultiPoint"",""coordinates"":[]}"
2018_04_23,41.824108005624026,36.73713425275617,25.95262684464937,-5.086973752867856,Mumbai,2018-04-23,"{""type"":""MultiPoint"",""coordinates"":[]}"
2018_05_01,40.877235175596496,35.7433310090798,25.59035864243385,-5.133904166516693,Mumbai,2018-05-01,"{""type"":""MultiPoint"",""coordinates"":[]}"
2018_05_09,37.65990881110122,33.074996310199936,25.726770943626292,-4.584912500901282,Mumbai,2018-05-09,"{""type"":""MultiPoint"",""coordinates"":[]}"
2018_05_17,39.783251088272024,34.64716609075302,25.61547455978815,-5.136084997519006,Mumbai,2018-05-17,"{""type"":""MultiPoint"",""coordinates"":[]}"
2018_05_25,41.42126067174482,32.53358664653585,24.82466029189736,-8.887674025208966,Mumbai,2018-05-25,"{""type"":""MultiPoint"",""coordinates"":[]}"
2018_06_02,39.01223066920079,,,,Mumbai,2018-06-02,"{""type"":""MultiPoint"",""coordinates"":[]}"
2018_06_10,,,,,Mumbai,2018-06-10,"{""type"":""MultiPoint"",""coordinates"":[]}"
2018_06_18,29.52333333333337,,,,Mumbai,2018-06-18,"{""type"":""MultiPoint"",""coordinates"":[]}"
2018_06_26,25.690000000000037,29.682000000000027,,3.9919999999999902,Mumbai,2018-06-26,"{""type"":""MultiPoint"",""coordinates"":[]}"
2018_07_04,,,,,Mumbai,2018-07-04,"{""type"":""MultiPoint"",""coordinates"":[]}"
2018_07_12,,,,,Mumbai,2018-07-12,"{""type"":""MultiPoint"",""coordinates"":[]}"
2018_07_20,,,,,Mumbai,2018-07-20,"{""type"":""MultiPoint"",""coordinates"":[]}"
2018_07_28,,,,,Mumbai,2018-07-28,"{""type"":""MultiPoint"",""coordinates"":[]}"
2018_08_05,,,,,Mumbai,2018-08-05,"{""type"":""MultiPoint"",""coordinates"":[]}"
2018_08_13,,,,,Mumbai,2018-08-13,"{""type"":""MultiPoint"",""coordinates"":[]}"
2018_08_21,26.458000000000027,,,,Mumbai,2018-08-21,"{""type"":""MultiPoint"",""coordinates"":[]}"
2018_08_29,28.05000000000001,,,,Mumbai,2018-08-29,"{""type"":""MultiPoint"",""coordinates"":[]}"
2018_09_06,28.93820770696595,29.83171777438604,22.809354935045572,0.8935100674200882,Mumbai,2018-09-06,"{""type"":""MultiPoint"",""coordinates"":[]}"
2018_09_14,29.326361304326387,29.37336062753736,23.395215717036322,0.04699932321097222,Mumbai,2018-09-14,"{""type"":""MultiPoint"",""coordinates"":[]}"
2018_09_22,28.765511535002677,29.34970157464075,23.808724305997067,0.5841900396380737,Mumbai,2018-09-22,"{""type"":""MultiPoint"",""coordinates"":[]}"
2018_09_30,32.47056343699252,32.12125260013455,24.650937171674748,-0.34931083685797404,Mumbai,2018-09-30,"{""type"":""MultiPoint"",""coordinates"":[]}"
2018_10_08,32.952172299366495,32.07950773441718,24.598014210868314,-0.8726645649493179,Mumbai,2018-10-08,"{""type"":""MultiPoint"",""coordinates"":[]}"
2018_10_16,32.69172345697586,31.754454273829804,24.674715273302503,-0.9372691831460536,Mumbai,2018-10-16,"{""type"":""MultiPoint"",""coordinates"":[]}"
2018_10_24,34.35307310692082,33.411348849884476,23.468016838355883,-0.9417242570363413,Mumbai,2018-10-24,"{""type"":""MultiPoint"",""coordinates"":[]}"
2018_11_01,33.6290756688782,32.122669535213035,24.822941451411165,-1.5064061336651662,Mumbai,2018-11-01,"{""type"":""MultiPoint"",""coordinates"":[]}"
2018_11_09,34.318657508637145,32.80234802632277,23.471935545203966,-1.5163094823143766,Mumbai,2018-11-09,"{""type"":""MultiPoint"",""coordinates"":[]}"
2018_11_17,32.759840500094775,30.95643268464784,24.002581768521733,-1.8034078154469348,Mumbai,2018-11-17,"{""type"":""MultiPoint"",""coordinates"":[]}"
2018_11_25,32.77590118111321,31.268042008070765,22.11285315060534,-1.5078591730424478,Mumbai,2018-11-25,"{""type"":""MultiPoint"",""coordinates"":[]}"
2018_12_03,32.08712679536034,30.301067476218527,21.391521128636633,-1.7860593191418133,Mumbai,2018-12-03,"{""type"":""MultiPoint"",""coordinates"":[]}"
2018_12_11,30.981855758457456,28.734097226287656,20.687211615708197,-2.247758532169801,Mumbai,2018-12-11,"{""type"":""MultiPoint"",""coordinates"":[]}"
2018_12_19,32.03519508107627,29.26913509962784,19.767165097438177,-2.7660599814484286,Mumbai,2018-12-19,"{""type"":""MultiPoint"",""coordinates"":[]}"
2018_12_27,30.735803529680695,27.90476402220972,17.73848961098726,-2.831039507470976,Mumbai,2018-12-27,"{""type"":""MultiPoint"",""coordinates"":[]}"
2019_01_01,30.837861600370285,28.641105907540023,18.758772294720888,-2.196755692830262,Mumbai,2019-01-01,"{""type"":""MultiPoint"",""coordinates"":[]}"
2019_01_09,31.27725995481941,28.65278715016776,19.03523322151763,-2.6244728046516492,Mumbai,2019-01-09,"{""type"":""MultiPoint"",""coordinates"":[]}"
2019_01_17,31.910935750277005,29.107919127563658,19.995491791843047,-2.803016622713347,Mumbai,2019-01-17,"{""type"":""MultiPoint"",""coordinates"":[]}"
2019_01_25,31.700850069819843,28.52688639899006,19.146553193408067,-3.1739636708297816,Mumbai,2019-01-25,"{""type"":""MultiPoint"",""coordinates"":[]}"
2019_02_02,31.233919519639088,27.668950582948927,18.765931299970422,-3.5649689366901605,Mumbai,2019-02-02,"{""type"":""MultiPoint"",""coordinates"":[]}"
2019_02_10,34.79857714873155,31.058929545001277,19.777830721836867,-3.739647603730276,Mumbai,2019-02-10,"{""type"":""MultiPoint"",""coordinates"":[]}"
2019_02_18,36.90592122552649,32.74552260747214,21.119870004410206,-4.1603986180543515,Mumbai,2019-02-18,"{""type"":""MultiPoint"",""coordinates"":[]}"
2019_02_26,34.85470537890097,30.901091300265122,20.56448252089059,-3.9536140786358445,Mumbai,2019-02-26,"{""type"":""MultiPoint"",""coordinates"":[]}"
2019_03_06,37.08568813548167,32.54678505843076,21.09396442956537,-4.538903077050911,Mumbai,2019-03-06,"{""type"":""MultiPoint"",""coordinates"":[]}"
2019_03_14,39.210204426087344,34.37568937103696,21.79365525445562,-4.834515055050382,Mumbai,2019-03-14,"{""type"":""MultiPoint"",""coordinates"":[]}"
2019_03_22,41.76851827167354,36.484607164211596,24.652140348969986,-5.283911107461947,Mumbai,2019-03-22,"{""type"":""MultiPoint"",""coordinates"":[]}"
2019_03_30,40.347670560520356,35.280533715800715,24.255650321227254,-5.067136844719641,Mumbai,2019-03-30,"{""type"":""MultiPoint"",""coordinates"":[]}"
2019_04_07,41.94578359928748,36.90200622915388,25.668950805954932,-5.043777370133597,Mumbai,2019-04-07,"{""type"":""MultiPoint"",""coordinates"":[]}"
2019_04_15,42.722399500447224,37.36275456966255,25.28954188907502,-5.359644930784675,Mumbai,2019-04-15,"{""type"":""MultiPoint"",""coordinates"":[]}"
2019_04_23,41.289735029238045,35.75146358657344,26.23368228404102,-5.538271442664602,Mumbai,2019-04-23,"{""type"":""MultiPoint"",""coordinates"":[]}"
2019_05_01,39.11214749250421,34.105488385309435,25.278365063578924,-5.006659107194771,Mumbai,2019-05-01,"{""type"":""MultiPoint"",""coordinates"":[]}"
2019_05_09,42.99301080905672,37.623901622811104,26.214859952324243,-5.369109186245616,Mumbai,2019-05-09,"{""type"":""MultiPoint"",""coordinates"":[]}"
2019_05_17,41.94270425216465,36.395468557652904,26.5581539803037,-5.547235694511748,Mumbai,2019-05-17,"{""type"":""MultiPoint"",""coordinates"":[]}"
2019_05_25,41.703075681270406,35.49587523527835,25.401264452809937,-6.207200445992058,Mumbai,2019-05-25,"{""type"":""MultiPoint"",""coordinates"":[]}"
2019_06_02,39.44250017761991,34.6606788534919,25.526555151300048,-4.7818213241280105,Mumbai,2019-06-02,"{""type"":""MultiPoint"",""coordinates"":[]}"
2019_06_10,34.06676419366078,,,,Mumbai,2019-06-10,"{""type"":""MultiPoint"",""coordinates"":[]}"
2019_06_18,33.85268058786815,,,,Mumbai,2019-06-18,"{""type"":""MultiPoint"",""coordinates"":[]}"
2019_06_26,,,,,Mumbai,2019-06-26,"{""type"":""MultiPoint"",""coordinates"":[]}"
2019_07_04,,,,,Mumbai,2019-07-04,"{""type"":""MultiPoint"",""coordinates"":[]}"
2019_07_12,,,,,Mumbai,2019-07-12,"{""type"":""MultiPoint"",""coordinates"":[]}"
2019_07_20,28.632222222222246,29.400000000000034,,0.7677777777777877,Mumbai,2019-07-20,"{""type"":""MultiPoint"",""coordinates"":[]}"
2019_07_28,,,,,Mumbai,2019-07-28,"{""type"":""MultiPoint"",""coordinates"":[]}"
2019_08_05,,,,,Mumbai,2019-08-05,"{""type"":""MultiPoint"",""coordinates"":[]}"
2019_08_13,28.217485515643126,27.743515500551453,17.023365962180236,-0.47397001509167325,Mumbai,2019-08-13,"{""type"":""MultiPoint"",""coordinates"":[]}"
2019_08_21,,29.058888888888916,24.640000000000015,,Mumbai,2019-08-21,"{""type"":""MultiPoint"",""coordinates"":[]}"
2019_08_29,29.610470616628486,29.120292856267646,,-0.49017776036084015,Mumbai,2019-08-29,"{""type"":""MultiPoint"",""coordinates"":[]}"
2019_09_06,,,,,Mumbai,2019-09-06,"{""type"":""MultiPoint"",""coordinates"":[]}"
2019_09_14,,,,,Mumbai,2019-09-14,"{""type"":""MultiPoint"",""coordinates"":[]}"
2019_09_22,28.077681059456502,29.281544815465747,22.629464944649474,1.2038637560092447,Mumbai,2019-09-22,"{""type"":""MultiPoint"",""coordinates"":[]}"
2019_09_30,30.010427830122183,30.227322326133997,23.755133179464806,0.21689449601181465,Mumbai,2019-09-30,"{""type"":""MultiPoint"",""coordinates"":[]}"
2019_10_08,31.212937427578193,31.716394266596954,25.236318053415562,0.5034568390187601,Mumbai,2019-10-08,"{""type"":""MultiPoint"",""coordinates"":[]}"
2019_10_16,31.631261437121893,31.89135958801876,25.03114001665366,0.26009815089686583,Mumbai,2019-10-16,"{""type"":""MultiPoint"",""coordinates"":[]}"
2019_10_24,30.721751516565583,28.932502320400992,23.664285714285743,-1.7892491961645902,Mumbai,2019-10-24,"{""type"":""MultiPoint"",""coordinates"":[]}"
2019_11_01,30.818675240824376,30.362883177418848,23.37737837050467,-0.4557920634055286,Mumbai,2019-11-01,"{""type"":""MultiPoint"",""coordinates"":[]}"
2019_11_09,31.22149200943433,30.49415082535259,23.98884619086583,-0.7273411840817374,Mumbai,2019-11-09,"{""type"":""MultiPoint"",""coordinates"":[]}"
2019_11_17,32.060611318360614,31.14693866702863,24.42152420489094,-0.9136726513319857,Mumbai,2019-11-17,"{""type"":""MultiPoint"",""coordinates"":[]}"
2019_11_25,31.63344460721365,30.567512684731803,24.0352015155208,-1.0659319224818482,Mumbai,2019-11-25,"{""type"":""MultiPoint"",""coordinates"":[]}"
2019_12_03,31.305287993805898,30.081020066171146,22.921541686981993,-1.2242679276347523,Mumbai,2019-12-03,"{""type"":""MultiPoint"",""coordinates"":[]}"
2019_12_11,30.519753027908305,28.904523531699777,21.752104009995556,-1.6152294962085278,Mumbai,2019-12-11,"{""type"":""MultiPoint"",""coordinates"":[]}"
2019_12_19,30.670953369668702,28.811735091052395,22.07119052349843,-1.8592182786163072,Mumbai,2019-12-19,"{""type"":""MultiPoint"",""coordinates"":[]}"
2019_12_27,29.859250107675244,27.987216950205365,20.75107620054419,-1.872033157469879,Mumbai,2019-12-27,"{""type"":""MultiPoint"",""coordinates"":[]}"
2020_01_01,29.304294827118973,27.32342090890803,20.251073615223238,-1.9808739182109427,Mumbai,2020-01-01,"{""type"":""MultiPoint"",""coordinates"":[]}"
2020_01_09,29.499010934021673,27.29133031363675,20.117503397158757,-2.2076806203849237,Mumbai,2020-01-09,"{""type"":""MultiPoint"",""coordinates"":[]}"
2020_01_17,31.360048874648346,29.0272879515728,20.668141636542934,-2.332760923075547,Mumbai,2020-01-17,"{""type"":""MultiPoint"",""coordinates"":[]}"
2020_01_25,30.80768616475258,28.286133579540707,19.724243093522606,-2.521552585211875,Mumbai,2020-01-25,"{""type"":""MultiPoint"",""coordinates"":[]}"
2020_02_02,31.798335677044776,29.17752450877271,19.56523562081881,-2.6208111682720663,Mumbai,2020-02-02,"{""type"":""MultiPoint"",""coordinates"":[]}"
2020_02_10,34.029529093463616,31.015684560840743,22.862500936933216,-3.0138445326228727,Mumbai,2020-02-10,"{""type"":""MultiPoint"",""coordinates"":[]}"
2020_02_18,36.05890696673431,33.02850131071379,22.444307666077076,-3.0304056560205197,Mumbai,2020-02-18,"{""type"":""MultiPoint"",""coordinates"":[]}"
2020_02_26,37.17794893871743,33.44497609836247,21.94123959934287,-3.732972840354961,Mumbai,2020-02-26,"{""type"":""MultiPoint"",""coordinates"":[]}"
2020_03_05,34.1601225560078,30.682384066140585,21.12400851810099,-3.477738489867214,Mumbai,2020-03-05,"{""type"":""MultiPoint"",""coordinates"":[]}"
2020_03_13,38.75508159097303,34.32000451522866,23.143665749938428,-4.435077075744367,Mumbai,2020-03-13,"{""type"":""MultiPoint"",""coordinates"":[]}"
2020_03_21,39.500090197564774,34.8475985214981,24.40330382644723,-4.652491676066674,Mumbai,2020-03-21,"{""type"":""MultiPoint"",""coordinates"":[]}"
2020_03_29,40.59408002880353,36.33672216465715,25.02141178409952,-4.257357864146385,Mumbai,2020-03-29,"{""type"":""MultiPoint"",""coordinates"":[]}"
2020_04_06,41.37070104097215,36.13664477689838,25.21756849539724,-5.234056264073772,Mumbai,2020-04-06,"{""type"":""MultiPoint"",""coordinates"":[]}"
2020_04_14,40.485622106229926,36.19326827744508,26.699919044893317,-4.292353828784847,Mumbai,2020-04-14,"{""type"":""MultiPoint"",""coordinates"":[]}"
2020_04_22,42.26314997262714,36.810085253156366,26.439127077096654,-5.453064719470774,Mumbai,2020-04-22,"{""type"":""MultiPoint"",""coordinates"":[]}"
2020_04_30,40.670355480703414,34.92859395630407,26.38227672454601,-5.741761524399344,Mumbai,2020-04-30,"{""type"":""MultiPoint"",""coordinates"":[]}"
2020_05_08,42.62587363013763,36.82869240186505,26.202078088944873,-5.797181228272585,Mumbai,2020-05-08,"{""type"":""MultiPoint"",""coordinates"":[]}"
2020_05_16,43.38925652268845,36.10359702257753,25.30890473387392,-7.285659500110917,Mumbai,2020-05-16,"{""type"":""MultiPoint"",""coordinates"":[]}"
2020_05_24,40.40920361327768,33.37591463800193,26.370746127094566,-7.033288975275752,Mumbai,2020-05-24,"{""type"":""MultiPoint"",""coordinates"":[]}"
2020_06_01,33.31063083160999,31.00036920215132,21.206280547202606,-2.3102616294586724,Mumbai,2020-06-01,"{""type"":""MultiPoint"",""coordinates"":[]}"
2020_06_09,32.88800000000002,,,,Mumbai,2020-06-09,"{""type"":""MultiPoint"",""coordinates"":[]}"
2020_06_17,25.8609110679612,25.658878492090217,25.251899159663896,-0.20203257587098378,Mumbai,2020-06-17,"{""type"":""MultiPoint"",""coordinates"":[]}"
2020_06_25,32.22400000000003,,,,Mumbai,2020-06-25,"{""type"":""MultiPoint"",""coordinates"":[]}"
2020_07_03,,,,,Mumbai,2020-07-03,"{""type"":""MultiPoint"",""coordinates"":[]}"
2020_07_11,29.710000000000036,,,,Mumbai,2020-07-11,"{""type"":""MultiPoint"",""coordinates"":[]}"
2020_07_19,,,,,Mumbai,2020-07-19,"{""type"":""MultiPoint"",""coordinates"":[]}"
2020_07_27,,,,,Mumbai,2020-07-27,"{""type"":""MultiPoint"",""coordinates"":[]}"
2020_08_04,,,,,Mumbai,2020-08-04,"{""type"":""MultiPoint"",""coordinates"":[]}"
2020_08_12,,,,,Mumbai,2020-08-12,"{""type"":""MultiPoint"",""coordinates"":[]}"
2020_08_20,,,,,Mumbai,2020-08-20,"{""type"":""MultiPoint"",""coordinates"":[]}"
2020_08_28,31.646044929527125,32.56328757684971,,0.9172426473225848,Mumbai,2020-08-28,"{""type"":""MultiPoint"",""coordinates"":[]}"
2020_09_05,27.325294117647097,,,,Mumbai,2020-09-05,"{""type"":""MultiPoint"",""coordinates"":[]}"
2020_09_13,,,,,Mumbai,2020-09-13,"{""type"":""MultiPoint"",""coordinates"":[]}"
2020_09_21,30.13645583953416,31.92710509138385,24.434362336114443,1.7906492518496897,Mumbai,2020-09-21,"{""type"":""MultiPoint"",""coordinates"":[]}"
2020_09_29,30.134556380691844,30.083284994585455,24.05383361758578,-0.05127138610638937,Mumbai,2020-09-29,"{""type"":""MultiPoint"",""coordinates"":[]}"
2020_10_07,30.820447237649837,29.976675693974308,25.60159146254122,-0.8437715436755298,Mumbai,2020-10-07,"{""type"":""MultiPoint"",""coordinates"":[]}"
2020_10_15,29.60577659906399,28.248950064020512,,-1.3568265350434778,Mumbai,2020-10-15,"{""type"":""MultiPoint"",""coordinates"":[]}"
2020_10_23,31.62815148152084,31.380151135836844,24.511046931968078,-0.2480003456839981,Mumbai,2020-10-23,"{""type"":""MultiPoint"",""coordinates"":[]}"
2020_10_31,32.07805472619128,31.759120064410116,23.52876154166247,-0.31893466178116725,Mumbai,2020-10-31,"{""type"":""MultiPoint"",""coordinates"":[]}"
2020_11_08,31.894135544041436,31.287933253086518,23.492327087572075,-0.6062022909549185,Mumbai,2020-11-08,"{""type"":""MultiPoint"",""coordinates"":[]}"
2020_11_16,32.740637447100106,31.176437684890406,23.65374952013191,-1.5641997622097001,Mumbai,2020-11-16,"{""type"":""MultiPoint"",""coordinates"":[]}"
2020_11_24,31.67179694870891,29.875298831860672,22.861685187234265,-1.7964981168482375,Mumbai,2020-11-24,"{""type"":""MultiPoint"",""coordinates"":[]}"
2020_12_02,32.64325086151028,30.985609277026562,22.153904232913973,-1.65764158448372,Mumbai,2020-12-02,"{""type"":""MultiPoint"",""coordinates"":[]}"
2020_12_10,30.051217025291145,28.952888340215427,22.777115800286794,-1.0983286850757175,Mumbai,2020-12-10,"{""type"":""MultiPoint"",""coordinates"":[]}"
2020_12_18,30.903810529014436,29.07605945027159,20.951908088387757,-1.8277510787428461,Mumbai,2020-12-18,"{""type"":""MultiPoint"",""coordinates"":[]}"
2020_12_26,29.735390794808907,28.133449833374666,20.690263571015503,-1.6019409614342415,Mumbai,2020-12-26,"{""type"":""MultiPoint"",""coordinates"":[]}"
2021_01_01,30.488812754153848,28.0836558851401,19.900656358346968,-2.405156869013748,Mumbai,2021-01-01,"{""type"":""MultiPoint"",""coordinates"":[]}"
2021_01_09,31.876967592989935,29.684661008032002,21.496108987174587,-2.192306584957933,Mumbai,2021-01-09,"{""type"":""MultiPoint"",""coordinates"":[]}"
2021_01_17,31.80226298455777,29.723863459483034,21.399507657732684,-2.0783995250747367,Mumbai,2021-01-17,"{""type"":""MultiPoint"",""coordinates"":[]}"
2021_01_25,31.302659299124915,29.157502900605934,19.968896034644388,-2.1451563985189814,Mumbai,2021-01-25,"{""type"":""MultiPoint"",""coordinates"":[]}"
2021_02_02,33.783289775497465,30.751295756397845,20.914147090691813,-3.0319940190996206,Mumbai,2021-02-02,"{""type"":""MultiPoint"",""coordinates"":[]}"
2021_02_10,32.22287164401637,29.334342876519926,21.002933682119878,-2.888528767496446,Mumbai,2021-02-10,"{""type"":""MultiPoint"",""coordinates"":[]}"
2021_02_18,35.12776025431699,32.34867832826389,23.084003442191783,-2.7790819260531023,Mumbai,2021-02-18,"{""type"":""MultiPoint"",""coordinates"":[]}"
2021_02_26,39.0634406651549,35.278299667972234,23.40197035512099,-3.7851409971826655,Mumbai,2021-02-26,"{""type"":""MultiPoint"",""coordinates"":[]}"
2021_03_06,38.400470216716435,34.33317748701886,23.358478791098044,-4.067292729697577,Mumbai,2021-03-06,"{""type"":""MultiPoint"",""coordinates"":[]}"
2021_03_14,37.30554167713177,33.710241697184046,23.48503775729262,-3.5952999799477254,Mumbai,2021-03-14,"{""type"":""MultiPoint"",""coordinates"":[]}"
2021_03_22,41.01937041749725,36.46598842595537,25.123213954846033,-4.553381991541876,Mumbai,2021-03-22,"{""type"":""MultiPoint"",""coordinates"":[]}"
2021_03_30,38.93387817250513,34.3064339980461,24.420847652433824,-4.627444174459029,Mumbai,2021-03-30,"{""type"":""MultiPoint"",""coordinates"":[]}"
2021_04_07,40.9353324001911,36.3470221698175,24.674229757570306,-4.588310230373601,Mumbai,2021-04-07,"{""type"":""MultiPoint"",""coordinates"":[]}"
2021_04_15,40.517520420191545,36.04560326983127,25.784301264456854,-4.471917150360277,Mumbai,2021-04-15,"{""type"":""MultiPoint"",""coordinates"":[]}"
2021_04_23,40.25522009239572,35.240871761969736,25.599057651014878,-5.014348330425982,Mumbai,2021-04-23,"{""type"":""MultiPoint"",""coordinates"":[]}"
2021_05_01,41.75158189191222,35.68690097897613,26.281800382429807,-6.06468091293609,Mumbai,2021-05-01,"{""type"":""MultiPoint"",""coordinates"":[]}"
2021_05_09,42.43874727799971,36.02764618360364,24.501574170510377,-6.4111010943960665,Mumbai,2021-05-09,"{""type"":""MultiPoint"",""coordinates"":[]}"
2021_05_17,32.74247459667522,30.471074794770473,24.86085512313777,-2.2713998019047494,Mumbai,2021-05-17,"{""type"":""MultiPoint"",""coordinates"":[]}"
2021_05_25,37.75000000000002,,,,Mumbai,2021-05-25,"{""type"":""MultiPoint"",""coordinates"":[]}"
2021_06_02,37.08237601623498,33.482857445456496,,-3.5995185707784856,Mumbai,2021-06-02,"{""type"":""MultiPoint"",""coordinates"":[]}"
2021_06_10,28.012557412398944,27.137283582089584,20.719616724738692,-0.8752738303093608,Mumbai,2021-06-10,"{""type"":""MultiPoint"",""coordinates"":[]}"
2021_06_18,28.22321316500039,27.967193708609305,22.207857857857892,-0.2560194563910869,Mumbai,2021-06-18,"{""type"":""MultiPoint"",""coordinates"":[]}"
2021_06_26,30.615444230049274,29.506536030341376,23.007345132743392,-1.1089081997078978,Mumbai,2021-06-26,"{""type"":""MultiPoint"",""coordinates"":[]}"
2021_07_04,31.498164361968936,31.190615998859297,23.702398954353537,-0.30754836310963896,Mumbai,2021-07-04,"{""type"":""MultiPoint"",""coordinates"":[]}"
2021_07_12,,,,,Mumbai,2021-07-12,"{""type"":""MultiPoint"",""coordinates"":[]}"
2021_07_20,,,,,Mumbai,2021-07-20,"{""type"":""MultiPoint"",""coordinates"":[]}"
2021_07_28,28.37128919860632,,,,Mumbai,2021-07-28,"{""type"":""MultiPoint"",""coordinates"":[]}"
2021_08_05,27.776000000000028,,,,Mumbai,2021-08-05,"{""type"":""MultiPoint"",""coordinates"":[]}"
2021_08_13,27.850000000000023,,,,Mumbai,2021-08-13,"{""type"":""MultiPoint"",""coordinates"":[]}"
2021_08_21,26.246666666666695,,,,Mumbai,2021-08-21,"{""type"":""MultiPoint"",""coordinates"":[]}"
2021_08_29,29.260349650349667,,,,Mumbai,2021-08-29,"{""type"":""MultiPoint"",""coordinates"":[]}"
2021_09_06,26.38538461538465,,,,Mumbai,2021-09-06,"{""type"":""MultiPoint"",""coordinates"":[]}"
2021_09_14,27.89115236875803,26.350000000000023,,-1.5411523687580058,Mumbai,2021-09-14,"{""type"":""MultiPoint"",""coordinates"":[]}"
2021_09_22,30.630000000000052,,,,Mumbai,2021-09-22,"{""type"":""MultiPoint"",""coordinates"":[]}"
2021_09_30,30.452844164215854,30.762968865319984,20.342764264605613,0.3101247011041295,Mumbai,2021-09-30,"{""type"":""MultiPoint"",""coordinates"":[]}"
2021_10_08,30.186776837521798,30.853278291168042,24.51872503082617,0.6665014536462444,Mumbai,2021-10-08,"{""type"":""MultiPoint"",""coordinates"":[]}"
2021_10_16,31.56842531939507,31.51289821549953,23.858331659413075,-0.055527103895542496,Mumbai,2021-10-16,"{""type"":""MultiPoint"",""coordinates"":[]}"
2021_10_24,32.06568139965065,31.25796830821817,23.22415700934582,-0.807713091432479,Mumbai,2021-10-24,"{""type"":""MultiPoint"",""coordinates"":[]}"
2021_11_01,31.698664626951693,31.087279584002754,24.242509718473805,-0.6113850429489389,Mumbai,2021-11-01,"{""type"":""MultiPoint"",""coordinates"":[]}"
2021_11_09,30.550971928255596,30.180916033382697,23.042189649382504,-0.37005589487289825,Mumbai,2021-11-09,"{""type"":""MultiPoint"",""coordinates"":[]}"
2021_11_17,31.60939484905338,30.08139352174615,24.913459530728705,-1.52800132730723,Mumbai,2021-11-17,"{""type"":""MultiPoint"",""coordinates"":[]}"
2021_11_25,31.59009395661756,30.980881223574126,23.094746441955714,-0.6092127330434352,Mumbai,2021-11-25,"{""type"":""MultiPoint"",""coordinates"":[]}"
2021_12_03,29.459755633845585,28.526945851367564,21.98664166239578,-0.9328097824780208,Mumbai,2021-12-03,"{""type"":""MultiPoint"",""coordinates"":[]}"
2021_12_11,29.044151256821056,28.310575719054825,21.627155382367302,-0.7335755377662316,Mumbai,2021-12-11,"{""type"":""MultiPoint"",""coordinates"":[]}"
2021_12_19,28.95814108097151,28.026234750109452,20.515445852366515,-0.9319063308620592,Mumbai,2021-12-19,"{""type"":""MultiPoint"",""coordinates"":[]}"
2021_12_27,28.201082359086875,27.28219662690257,21.323328991270213,-0.9188857321843038,Mumbai,2021-12-27,"{""type"":""MultiPoint"",""coordinates"":[]}"
2022_01_01,29.81540753193698,28.545929344445845,21.621330379983835,-1.269478187491135,Mumbai,2022-01-01,"{""type"":""MultiPoint"",""coordinates"":[]}"
2022_01_09,27.801897931206376,26.22855304060625,18.92982076938028,-1.5733448906001257,Mumbai,2022-01-09,"{""type"":""MultiPoint"",""coordinates"":[]}"
2022_01_17,28.660317993314813,27.080372795700868,18.950997461656762,-1.5799451976139451,Mumbai,2022-01-17,"{""type"":""MultiPoint"",""coordinates"":[]}"
2022_01_25,30.20449243984625,27.977683938617847,18.90928898229027,-2.226808501228401,Mumbai,2022-01-25,"{""type"":""MultiPoint"",""coordinates"":[]}"
2022_02_02,29.948515282012604,27.563237145181358,19.12817813360739,-2.3852781368312463,Mumbai,2022-02-02,"{""type"":""MultiPoint"",""coordinates"":[]}"
2022_02_10,32.56208453714162,29.753737405607836,20.542619002545226,-2.808347131533786,Mumbai,2022-02-10,"{""type"":""MultiPoint"",""coordinates"":[]}"
2022_02_18,34.30880615508747,31.451303052472035,21.194884650549678,-2.857503102615432,Mumbai,2022-02-18,"{""type"":""MultiPoint"",""coordinates"":[]}"
2022_02_26,35.9148346067453,32.84497240004203,22.19397439395534,-3.06986220670327,Mumbai,2022-02-26,"{""type"":""MultiPoint"",""coordinates"":[]}"
2022_03_06,37.8216826517463,34.31180346711223,24.647385961159078,-3.509879184634073,Mumbai,2022-03-06,"{""type"":""MultiPoint"",""coordinates"":[]}"
2022_03_14,39.14023627834308,35.98287632722293,25.211488580655708,-3.1573599511201493,Mumbai,2022-03-14,"{""type"":""MultiPoint"",""coordinates"":[]}"
2022_03_22,38.165054537554376,34.51572497285125,24.749962997224838,-3.649329564703123,Mumbai,2022-03-22,"{""type"":""MultiPoint"",""coordinates"":[]}"
2022_03_30,39.17955218843447,34.986818758815296,24.744092148566097,-4.1927334296191745,Mumbai,2022-03-30,"{""type"":""MultiPoint"",""coordinates"":[]}"
2022_04_07,38.59316714586364,34.87024554941685,24.220303493090206,-3.7229215964467883,Mumbai,2022-04-07,"{""type"":""MultiPoint"",""coordinates"":[]}"
2022_04_15,39.5944734908137,34.98245550269093,26.014086139389224,-4.612017988122766,Mumbai,2022-04-15,"{""type"":""MultiPoint"",""coordinates"":[]}"
2022_04_23,40.53726671561981,36.27267273058982,26.30713202497774,-4.26459398502999,Mumbai,2022-04-23,"{""type"":""MultiPoint"",""coordinates"":[]}"
2022_05_01,39.43097622254396,34.6283143127023,26.283110814004136,-4.80266190984166,Mumbai,2022-05-01,"{""type"":""MultiPoint"",""coordinates"":[]}"
2022_05_09,37.581651551769546,32.27795893424594,24.334747005622123,-5.303692617523609,Mumbai,2022-05-09,"{""type"":""MultiPoint"",""coordinates"":[]}"
2022_05_17,37.1327476869972,31.950314406382013,23.72276208352889,-5.182433280615186,Mumbai,2022-05-17,"{""type"":""MultiPoint"",""coordinates"":[]}"
2022_05_25,36.62279898974895,33.75729706240225,25.19307665565795,-2.865501927346699,Mumbai,2022-05-25,"{""type"":""MultiPoint"",""coordinates"":[]}"
2022_06_02,39.849356383104215,35.08053692576083,23.338408606319085,-4.768819457343383,Mumbai,2022-06-02,"{""type"":""MultiPoint"",""coordinates"":[]}"
2022_06_10,35.45782643206776,31.05837938760273,25.323333333333363,-4.399447044465031,Mumbai,2022-06-10,"{""type"":""MultiPoint"",""coordinates"":[]}"
2022_06_18,,,,,Mumbai,2022-06-18,"{""type"":""MultiPoint"",""coordinates"":[]}"
2022_06_26,,,,,Mumbai,2022-06-26,"{""type"":""MultiPoint"",""coordinates"":[]}"
2022_07_04,,,,,Mumbai,2022-07-04,"{""type"":""MultiPoint"",""coordinates"":[]}"
2022_07_12,,,,,Mumbai,2022-07-12,"{""type"":""MultiPoint"",""coordinates"":[]}"
2022_07_20,,,,,Mumbai,2022-07-20,"{""type"":""MultiPoint"",""coordinates"":[]}"
2022_07_28,30.89590825204326,29.942450190758823,,-0.9534580612844366,Mumbai,2022-07-28,"{""type"":""MultiPoint"",""coordinates"":[]}"
2022_08_05,,,,,Mumbai,2022-08-05,"{""type"":""MultiPoint"",""coordinates"":[]}"
2022_08_13,,,,,Mumbai,2022-08-13,"{""type"":""MultiPoint"",""coordinates"":[]}"
2022_08_21,26.83363636363639,26.41181818181821,23.619523809523837,-0.42181818181818187,Mumbai,2022-08-21,"{""type"":""MultiPoint"",""coordinates"":[]}"
2022_08_29,30.26026618376176,30.62210957916557,24.21275174476573,0.3618433954038096,Mumbai,2022-08-29,"{""type"":""MultiPoint"",""coordinates"":[]}"
2022_09_06,28.523726090283112,,,,Mumbai,2022-09-06,"{""type"":""MultiPoint"",""coordinates"":[]}"
2022_09_14,28.290178079287717,27.343141662310543,,-0.9470364169771734,Mumbai,2022-09-14,"{""type"":""MultiPoint"",""coordinates"":[]}"
2022_09_22,28.45360385626646,29.214000000000024,23.158000000000037,0.760396143733562,Mumbai,2022-09-22,"{""type"":""MultiPoint"",""coordinates"":[]}"
2022_09_30,30.808877877364107,30.864493051981498,23.928675897879728,0.055615174617390295,Mumbai,2022-09-30,"{""type"":""MultiPoint"",""coordinates"":[]}"
2022_10_08,27.782525549647417,27.240093119971093,22.060225579687355,-0.5424324296763245,Mumbai,2022-10-08,"{""type"":""MultiPoint"",""coordinates"":[]}"
2022_10_16,,,,,Mumbai,2022-10-16,"{""type"":""MultiPoint"",""coordinates"":[]}"
2022_10_24,31.303505565124006,31.611107104511547,23.073007992200818,0.30760153938754087,Mumbai,2022-10-24,"{""type"":""MultiPoint"",""coordinates"":[]}"
2022_11_01,31.239478249991254,30.860773582206225,23.132885396433004,-0.37870466778502987,Mumbai,2022-11-01,"{""type"":""MultiPoint"",""coordinates"":[]}"
2022_11_09,31.46282337526847,30.72240574428398,23.266780326513757,-0.7404176309844921,Mumbai,2022-11-09,"{""type"":""MultiPoint"",""coordinates"":[]}"
2022_11_17,30.41560802017832,29.415731346691853,21.26248204601248,-0.9998766734864653,Mumbai,2022-11-17,"{""type"":""MultiPoint"",""coordinates"":[]}"
2022_11_25,30.749646673825236,29.419580975361036,22.00799455230661,-1.3300656984641996,Mumbai,2022-11-25,"{""type"":""MultiPoint"",""coordinates"":[]}"
2022_12_03,30.35026107164429,29.09187881044356,22.88247335598273,-1.2583822612007296,Mumbai,2022-12-03,"{""type"":""MultiPoint"",""coordinates"":[]}"
2022_12_11,32.16639348025709,30.62782181353426,23.99552085821875,-1.5385716667228309,Mumbai,2022-12-11,"{""type"":""MultiPoint"",""coordinates"":[]}"
2022_12_19,30.625799666028005,29.232517545169532,20.714853559162997,-1.3932821208584727,Mumbai,2022-12-19,"{""type"":""MultiPoint"",""coordinates"":[]}"
2022_12_27,30.729424647465837,28.99136188111171,20.645061250193105,-1.7380627663541262,Mumbai,2022-12-27,"{""type"":""MultiPoint"",""coordinates"":[]}"
2023_01_01,30.084324917352973,28.275629835533987,20.46945008107485,-1.8086950818189855,Mumbai,2023-01-01,"{""type"":""MultiPoint"",""coordinates"":[]}"
2023_01_09,29.682543147614716,27.856416946256335,18.797058578364997,-1.826126201358381,Mumbai,2023-01-09,"{""type"":""MultiPoint"",""coordinates"":[]}"
2023_01_17,28.810621275426982,26.834864382918852,18.37060191195565,-1.9757568925081301,Mumbai,2023-01-17,"{""type"":""MultiPoint"",""coordinates"":[]}"
2023_01_25,30.501745556723765,27.92225658332187,20.724372844664902,-2.5794889734018938,Mumbai,2023-01-25,"{""type"":""MultiPoint"",""coordinates"":[]}"
2023_02_02,33.483015642276364,30.803440287097615,21.741100399218595,-2.6795753551787485,Mumbai,2023-02-02,"{""type"":""MultiPoint"",""coordinates"":[]}"
2023_02_10,36.313930270195826,33.509353484639625,22.520727998518513,-2.8045767855562005,Mumbai,2023-02-10,"{""type"":""MultiPoint"",""coordinates"":[]}"
2023_02_18,36.71770424578633,33.56810883355066,22.899986086308747,-3.1495954122356693,Mumbai,2023-02-18,"{""type"":""MultiPoint"",""coordinates"":[]}"
2023_02_26,35.65433649712353,32.637599133370315,23.049678792764677,-3.016737363753215,Mumbai,2023-02-26,"{""type"":""MultiPoint"",""coordinates"":[]}"
2023_03_06,37.03475862705945,33.75676673348658,24.15057475779003,-3.2779918935728745,Mumbai,2023-03-06,"{""type"":""MultiPoint"",""coordinates"":[]}"
2023_03_14,35.14913824570964,31.470863519076637,23.42393291181631,-3.6782747266330063,Mumbai,2023-03-14,"{""type"":""MultiPoint"",""coordinates"":[]}"
2023_03_22,35.64896737256578,31.769657727692202,22.624809988535027,-3.879309644873576,Mumbai,2023-03-22,"{""type"":""MultiPoint"",""coordinates"":[]}"
2023_03_30,38.20980394304712,33.93704081971392,24.292039992010512,-4.272763123333199,Mumbai,2023-03-30,"{""type"":""MultiPoint"",""coordinates"":[]}"
2023_04_07,40.668564898489,36.08642143595301,25.609347265605656,-4.582143462535996,Mumbai,2023-04-07,"{""type"":""MultiPoint"",""coordinates"":[]}"
2023_04_15,40.611745060992796,36.20542262153706,25.979964667368545,-4.406322439455735,Mumbai,2023-04-15,"{""type"":""MultiPoint"",""coordinates"":[]}"
2023_04_23,39.387001540373184,33.336886473724945,25.119227011845194,-6.050115066648239,Mumbai,2023-04-23,"{""type"":""MultiPoint"",""coordinates"":[]}"
2023_05_01,39.75047844379023,35.17246848190977,25.160466243938878,-4.578009961880461,Mumbai,2023-05-01,"{""type"":""MultiPoint"",""coordinates"":[]}"
2023_05_09,39.5155610878411,34.320841828392766,27.014055733276514,-5.194719259448334,Mumbai,2023-05-09,"{""type"":""MultiPoint"",""coordinates"":[]}"
2023_05_17,39.567726755367154,34.381987220964156,26.446078129015717,-5.185739534402998,Mumbai,2023-05-17,"{""type"":""MultiPoint"",""coordinates"":[]}"
2023_05_25,39.784869516061875,34.7814959073115,26.214723265715012,-5.003373608750373,Mumbai,2023-05-25,"{""type"":""MultiPoint"",""coordinates"":[]}"
2023_06_02,37.983330772185965,32.72714285714289,26.37571428571431,-5.256187915043078,Mumbai,2023-06-02,"{""type"":""MultiPoint"",""coordinates"":[]}"
2023_06_10,38.040749278918625,34.59200071636907,24.122477101775594,-3.4487485625495538,Mumbai,2023-06-10,"{""type"":""MultiPoint"",""coordinates"":[]}"
2023_06_18,36.045294117647074,31.57000000000005,,-4.4752941176470244,Mumbai,2023-06-18,"{""type"":""MultiPoint"",""coordinates"":[]}"
2023_06_26,,,,,Mumbai,2023-06-26,"{""type"":""MultiPoint"",""coordinates"":[]}"
2023_07_04,28.840000000000032,,,,Mumbai,2023-07-04,"{""type"":""MultiPoint"",""coordinates"":[]}"
2023_07_12,,,,,Mumbai,2023-07-12,"{""type"":""MultiPoint"",""coordinates"":[]}"
2023_07_20,,,,,Mumbai,2023-07-20,"{""type"":""MultiPoint"",""coordinates"":[]}"
2023_07_28,,,,,Mumbai,2023-07-28,"{""type"":""MultiPoint"",""coordinates"":[]}"
2023_08_05,,,,,Mumbai,2023-08-05,"{""type"":""MultiPoint"",""coordinates"":[]}"
2023_08_13,,,,,Mumbai,2023-08-13,"{""type"":""MultiPoint"",""coordinates"":[]}"
2023_08_21,26.75153846153849,24.150000000000034,,-2.601538461538457,Mumbai,2023-08-21,"{""type"":""MultiPoint"",""coordinates"":[]}"
2023_08_29,30.274485669693558,30.000471812662653,22.465524129397235,-0.274013857030905,Mumbai,2023-08-29,"{""type"":""MultiPoint"",""coordinates"":[]}"
2023_09_06,29.81597405817543,30.07848229622656,23.22994569734584,0.26250823805112944,Mumbai,2023-09-06,"{""type"":""MultiPoint"",""coordinates"":[]}"
2023_09_14,28.160473846153877,26.56925626106757,,-1.5912175850863086,Mumbai,2023-09-14,"{""type"":""MultiPoint"",""coordinates"":[]}"
2023_09_22,29.585903747244704,,,,Mumbai,2023-09-22,"{""type"":""MultiPoint"",""coordinates"":[]}"
2023_09_30,30.385058233319214,29.920052915825675,24.00043150946487,-0.4650053174935387,Mumbai,2023-09-30,"{""type"":""MultiPoint"",""coordinates"":[]}"
2023_10_08,31.526616560981623,31.31080370626331,25.5839320177123,-0.2158128547183118,Mumbai,2023-10-08,"{""type"":""MultiPoint"",""coordinates"":[]}"
2023_10_16,32.160466151064,31.582018043144206,25.506195856337893,-0.5784481079197938,Mumbai,2023-10-16,"{""type"":""MultiPoint"",""coordinates"":[]}"
2023_10_24,32.066187384159974,31.552273168091347,24.358865566651254,-0.5139142160686276,Mumbai,2023-10-24,"{""type"":""MultiPoint"",""coordinates"":[]}"
2023_11_01,31.90284361963598,31.02640776954216,23.82760158755193,-0.8764358500938201,Mumbai,2023-11-01,"{""type"":""MultiPoint"",""coordinates"":[]}"
2023_11_09,31.229622545841444,30.652310785317802,24.173538834689857,-0.5773117605236422,Mumbai,2023-11-09,"{""type"":""MultiPoint"",""coordinates"":[]}"
2023_11_17,31.30481112234809,30.299611132721864,24.137451846460827,-1.0051999896262274,Mumbai,2023-11-17,"{""type"":""MultiPoint"",""coordinates"":[]}"
2023_11_25,29.385258805810093,28.342288791952342,22.728601315003004,-1.042970013857751,Mumbai,2023-11-25,"{""type"":""MultiPoint"",""coordinates"":[]}"
2023_12_03,30.421583576109914,28.993508491553488,23.537375552879535,-1.4280750845564256,Mumbai,2023-12-03,"{""type"":""MultiPoint"",""coordinates"":[]}"
2023_12_11,29.547036216625926,28.21659475888659,22.132325265329847,-1.3304414577393366,Mumbai,2023-12-11,"{""type"":""MultiPoint"",""coordinates"":[]}"
2023_12_19,29.348551799511718,27.36419799724175,22.7022104295337,-1.9843538022699683,Mumbai,2023-12-19,"{""type"":""MultiPoint"",""coordinates"":[]}"
2023_12_27,30.748057176773173,29.260199586636684,22.325833667520172,-1.487857590136489,Mumbai,2023-12-27,"{""type"":""MultiPoint"",""coordinates"":[]}"
2024_01_01,29.68153295741694,28.224074407553363,21.676997061214315,-1.4574585498635777,Mumbai,2024-01-01,"{""type"":""MultiPoint"",""coordinates"":[]}"
2024_01_09,30.927673057295326,29.135681260160368,22.32125018218513,-1.7919917971349584,Mumbai,2024-01-09,"{""type"":""MultiPoint"",""coordinates"":[]}"
2024_01_17,28.63250836042684,26.886523574083867,19.769928351470416,-1.745984786342973,Mumbai,2024-01-17,"{""type"":""MultiPoint"",""coordinates"":[]}"
2024_01_25,30.645686286968026,28.436960266867768,20.063922936788952,-2.208726020100258,Mumbai,2024-01-25,"{""type"":""MultiPoint"",""coordinates"":[]}"
2024_02_02,32.22108315782548,29.879311339928407,22.161434025399483,-2.341771817897076,Mumbai,2024-02-02,"{""type"":""MultiPoint"",""coordinates"":[]}"
2024_02_10,31.72786692239357,29.243467094703114,21.59885314393152,-2.4843998276904564,Mumbai,2024-02-10,"{""type"":""MultiPoint"",""coordinates"":[]}"
2024_02_18,34.03066304674974,31.038796969798582,21.389042848819024,-2.9918660769511547,Mumbai,2024-02-18,"{""type"":""MultiPoint"",""coordinates"":[]}"
2024_02_26,34.29625820225622,30.68119962314209,22.849233639530453,-3.6150585791141303,Mumbai,2024-02-26,"{""type"":""MultiPoint"",""coordinates"":[]}"
2024_03_05,36.6519751189229,33.06756889376597,23.18573482245728,-3.5844062251569255,Mumbai,2024-03-05,"{""type"":""MultiPoint"",""coordinates"":[]}"
2024_03_13,36.71994318616295,32.78065546557799,22.826245990264503,-3.9392877205849572,Mumbai,2024-03-13,"{""type"":""MultiPoint"",""coordinates"":[]}"
2024_03_21,37.414686953999045,33.72348358587792,24.59526199905202,-3.6912033681211227,Mumbai,2024-03-21,"{""type"":""MultiPoint"",""coordinates"":[]}"
2024_03_29,37.58695692715914,33.84123809268259,24.858912710977574,-3.7457188344765555,Mumbai,2024-03-29,"{""type"":""MultiPoint"",""coordinates"":[]}"
2024_04_06,39.667624092888246,35.322913294933905,25.26345654145617,-4.344710797954342,Mumbai,2024-04-06,"{""type"":""MultiPoint"",""coordinates"":[]}"
2024_04_14,40.18568867507958,35.81309903937225,26.814888377756766,-4.372589635707335,Mumbai,2024-04-14,"{""type"":""MultiPoint"",""coordinates"":[]}"
2024_04_22,39.74168792813871,35.2624715765081,26.246111955970772,-4.479216351630612,Mumbai,2024-04-22,"{""type"":""MultiPoint"",""coordinates"":[]}"
2024_04_30,40.76844100457065,36.472791987895434,26.975328900613142,-4.295649016675213,Mumbai,2024-04-30,"{""type"":""MultiPoint"",""coordinates"":[]}"
2024_05_08,39.508634214929316,34.54650408788251,26.198648404787786,-4.962130127046805,Mumbai,2024-05-08,"{""type"":""MultiPoint"",""coordinates"":[]}"
2024_05_16,36.96547827173944,33.12892327194096,25.424941465960806,-3.83655499979848,Mumbai,2024-05-16,"{""type"":""MultiPoint"",""coordinates"":[]}"
2024_05_24,36.54214028912982,33.42137254901963,25.587921249800758,-3.120767740110189,Mumbai,2024-05-24,"{""type"":""MultiPoint"",""coordinates"":[]}"
2024_06_01,39.45344779966859,33.42821962787306,26.622033671322004,-6.025228171795526,Mumbai,2024-06-01,"{""type"":""MultiPoint"",""coordinates"":[]}"
2024_06_09,,31.29000000000002,,,Mumbai,2024-06-09,"{""type"":""MultiPoint"",""coordinates"":[]}"
2024_06_17,,30.31500000000004,24.470000000000027,,Mumbai,2024-06-17,"{""type"":""MultiPoint"",""coordinates"":[]}"
2024_06_25,,,,,Mumbai,2024-06-25,"{""type"":""MultiPoint"",""coordinates"":[]}"
2024_07_03,27.326000000000043,,,,Mumbai,2024-07-03,"{""type"":""MultiPoint"",""coordinates"":[]}"
2024_07_11,,,,,Mumbai,2024-07-11,"{""type"":""MultiPoint"",""coordinates"":[]}"
2024_07_19,,,,,Mumbai,2024-07-19,"{""type"":""MultiPoint"",""coordinates"":[]}"
2024_07_27,,,,,Mumbai,2024-07-27,"{""type"":""MultiPoint"",""coordinates"":[]}"
2024_08_04,25.810000000000002,,,,Mumbai,2024-08-04,"{""type"":""MultiPoint"",""coordinates"":[]}"
2024_08_12,,,,,Mumbai,2024-08-12,"{""type"":""MultiPoint"",""coordinates"":[]}"
2024_08_20,,,,,Mumbai,2024-08-20,"{""type"":""MultiPoint"",""coordinates"":[]}"
2024_08_28,,,,,Mumbai,2024-08-28,"{""type"":""MultiPoint"",""coordinates"":[]}"
2024_09_05,29.135900809716638,28.154478652338103,24.32355213476622,-0.9814221573785353,Mumbai,2024-09-05,"{""type"":""MultiPoint"",""coordinates"":[]}"
2024_09_13,28.7911309882171,28.082659626853456,23.02465174809875,-0.7084713613636424,Mumbai,2024-09-13,"{""type"":""MultiPoint"",""coordinates"":[]}"
2024_09_21,,,,,Mumbai,2024-09-21,"{""type"":""MultiPoint"",""coordinates"":[]}"
2024_09_29,30.00310390358115,29.25142628148046,25.244404588038368,-0.75167762210069,Mumbai,2024-09-29,"{""type"":""MultiPoint"",""coordinates"":[]}"
2024_10_07,28.874420446237433,29.399277257709258,26.23505540791258,0.5248568114718246,Mumbai,2024-10-07,"{""type"":""MultiPoint"",""coordinates"":[]}"
2024_10_15,27.827215769247402,27.22590288315633,24.739748071979477,-0.6013128860910726,Mumbai,2024-10-15,"{""type"":""MultiPoint"",""coordinates"":[]}"
2024_10_23,30.224458583983925,30.17751615155175,25.31352122866031,-0.046942432432174996,Mumbai,2024-10-23,"{""type"":""MultiPoint"",""coordinates"":[]}"
2024_10_31,31.309997865090125,31.30011344976867,25.309750884733436,-0.009884415321455009,Mumbai,2024-10-31,"{""type"":""MultiPoint"",""coordinates"":[]}"
2024_11_08,30.396558329991347,29.98206722099787,24.434566274293058,-0.4144911089934773,Mumbai,2024-11-08,"{""type"":""MultiPoint"",""coordinates"":[]}"
2024_11_16,29.68152357641578,29.026170503115566,23.478553993511554,-0.6553530733002155,Mumbai,2024-11-16,"{""type"":""MultiPoint"",""coordinates"":[]}"
2024_11_24,27.9335326013595,27.505623793998314,21.62387881926468,-0.42790880736118453,Mumbai,2024-11-24,"{""type"":""MultiPoint"",""coordinates"":[]}"
2024_12_02,27.516182392344486,26.90421156061533,22.44578335150858,-0.6119708317291561,Mumbai,2024-12-02,"{""type"":""MultiPoint"",""coordinates"":[]}"
2024_12_10,28.39695171776593,27.167620010819235,21.463709810193592,-1.2293317069466951,Mumbai,2024-12-10,"{""type"":""MultiPoint"",""coordinates"":[]}"
2024_12_18,27.051835159278603,26.082070789888952,20.459351814609725,-0.9697643693896509,Mumbai,2024-12-18,"{""type"":""MultiPoint"",""coordinates"":[]}"
2024_12_26,29.275442700450334,27.648241293289004,22.158686781679954,-1.6272014071613299,Mumbai,2024-12-26,"{""type"":""MultiPoint"",""coordinates"":[]}"
