system:index,LST_Day_Rural,LST_Day_Urban,LST_Night_Urban,UHI_Index,city,date,.geo
2000_02_18,,,,,Pune,2000-02-18,"{""type"":""MultiPoint"",""coordinates"":[]}"
2000_02_26,41.912428516718194,42.074102491459065,18.44167319390054,0.16167397474087153,Pune,2000-02-26,"{""type"":""MultiPoint"",""coordinates"":[]}"
2000_03_05,43.21201280895572,43.34767761996813,17.913296747625886,0.13566481101241123,Pune,2000-03-05,"{""type"":""MultiPoint"",""coordinates"":[]}"
2000_03_13,45.769869396607696,45.61828595543552,19.2990357866307,-0.15158344117217837,Pune,2000-03-13,"{""type"":""MultiPoint"",""coordinates"":[]}"
2000_03_21,43.68784228528292,43.707914962278196,20.281456805198225,0.020072676995276595,Pune,2000-03-21,"{""type"":""MultiPoint"",""coordinates"":[]}"
2000_03_29,47.24023808008293,47.19210717966334,24.18717210580561,-0.04813090041959356,Pune,2000-03-29,"{""type"":""MultiPoint"",""coordinates"":[]}"
2000_04_06,48.878347028410005,49.03484156489347,23.06672630925279,0.15649453648346423,Pune,2000-04-06,"{""type"":""MultiPoint"",""coordinates"":[]}"
2000_04_14,47.59112865848626,47.639392383968065,24.527027247729393,0.04826372548180302,Pune,2000-04-14,"{""type"":""MultiPoint"",""coordinates"":[]}"
2000_04_22,48.00440729870221,48.17968928203366,23.01534421161117,0.17528198333144474,Pune,2000-04-22,"{""type"":""MultiPoint"",""coordinates"":[]}"
2000_04_30,48.868900099752885,48.480672518568575,23.996019581364003,-0.3882275811843101,Pune,2000-04-30,"{""type"":""MultiPoint"",""coordinates"":[]}"
2000_05_08,42.81339539369624,43.870758124310896,21.55733345488327,1.0573627306146562,Pune,2000-05-08,"{""type"":""MultiPoint"",""coordinates"":[]}"
2000_05_16,39.097874332175486,38.54705910820534,21.224910374538624,-0.5508152239701474,Pune,2000-05-16,"{""type"":""MultiPoint"",""coordinates"":[]}"
2000_05_24,40.15157809579508,42.3814481957628,,2.2298700999677195,Pune,2000-05-24,"{""type"":""MultiPoint"",""coordinates"":[]}"
2000_06_01,36.006384320705806,34.44481129438079,,-1.5615730263250143,Pune,2000-06-01,"{""type"":""MultiPoint"",""coordinates"":[]}"
2000_06_09,31.44401507087234,32.37509515604062,16.164157380815656,0.9310800851682828,Pune,2000-06-09,"{""type"":""MultiPoint"",""coordinates"":[]}"
2000_06_17,34.377381638060186,35.1336363636364,18.511818181818203,0.7562547255762126,Pune,2000-06-17,"{""type"":""MultiPoint"",""coordinates"":[]}"
2000_06_25,36.554370620147886,36.26142387258722,,-0.29294674756066286,Pune,2000-06-25,"{""type"":""MultiPoint"",""coordinates"":[]}"
2000_07_03,,,,,Pune,2000-07-03,"{""type"":""MultiPoint"",""coordinates"":[]}"
2000_07_11,,,,,Pune,2000-07-11,"{""type"":""MultiPoint"",""coordinates"":[]}"
2000_07_19,31.814249868796242,31.475824532900113,18.962528374788725,-0.33842533589612955,Pune,2000-07-19,"{""type"":""MultiPoint"",""coordinates"":[]}"
2000_07_27,34.131268135631494,34.11807939491981,17.745120884886134,-0.013188740711683522,Pune,2000-07-27,"{""type"":""MultiPoint"",""coordinates"":[]}"
2000_08_04,39.7959208610845,39.36950825369248,18.09209758048393,-0.4264126073920167,Pune,2000-08-04,"{""type"":""MultiPoint"",""coordinates"":[]}"
2000_08_12,34.410000000000025,,,,Pune,2000-08-12,"{""type"":""MultiPoint"",""coordinates"":[]}"
2000_08_20,,,,,Pune,2000-08-20,"{""type"":""MultiPoint"",""coordinates"":[]}"
2000_08_28,39.28666666666669,27.730000000000018,14.883333333333363,-11.556666666666672,Pune,2000-08-28,"{""type"":""MultiPoint"",""coordinates"":[]}"
2000_09_05,31.674691602909245,32.22001019367995,18.704169215086676,0.5453185907707017,Pune,2000-09-05,"{""type"":""MultiPoint"",""coordinates"":[]}"
2000_09_13,36.37256903854814,37.0433109065156,18.87339376770541,0.6707418679674575,Pune,2000-09-13,"{""type"":""MultiPoint"",""coordinates"":[]}"
2000_09_21,33.48240075503915,34.22787415861872,,0.7454734035795667,Pune,2000-09-21,"{""type"":""MultiPoint"",""coordinates"":[]}"
2000_09_29,34.06509078231265,34.762831829709405,21.14440435704489,0.6977410473967538,Pune,2000-09-29,"{""type"":""MultiPoint"",""coordinates"":[]}"
2000_10_07,34.59530156214237,32.803146817777396,19.874720793306498,-1.7921547443649715,Pune,2000-10-07,"{""type"":""MultiPoint"",""coordinates"":[]}"
2000_10_15,33.75644038532889,34.02882971190683,22.333580648188466,0.2723893265779438,Pune,2000-10-15,"{""type"":""MultiPoint"",""coordinates"":[]}"
2000_10_23,34.81884469492771,36.146372376464406,19.29275213384058,1.3275276815366936,Pune,2000-10-23,"{""type"":""MultiPoint"",""coordinates"":[]}"
2000_10_31,35.203819008703306,35.18565820253549,18.464022789013015,-0.018160806167813348,Pune,2000-10-31,"{""type"":""MultiPoint"",""coordinates"":[]}"
2000_11_08,32.76054298060999,33.1910009244475,17.362193461635467,0.43045794383751,Pune,2000-11-08,"{""type"":""MultiPoint"",""coordinates"":[]}"
2000_11_16,34.542597867034566,34.325866237178964,16.006284648639507,-0.21673162985560168,Pune,2000-11-16,"{""type"":""MultiPoint"",""coordinates"":[]}"
2000_11_24,35.07218517208032,35.155447662050136,16.79700698997095,0.08326248996981889,Pune,2000-11-24,"{""type"":""MultiPoint"",""coordinates"":[]}"
2000_12_02,34.15570450310204,34.26394537959465,13.858568189625588,0.10824087649261571,Pune,2000-12-02,"{""type"":""MultiPoint"",""coordinates"":[]}"
2000_12_10,33.62720045236075,33.74301012829176,13.212049459824467,0.11580967593100411,Pune,2000-12-10,"{""type"":""MultiPoint"",""coordinates"":[]}"
2000_12_18,34.2913096773737,34.48503491172446,12.986458928911789,0.19372523435076516,Pune,2000-12-18,"{""type"":""MultiPoint"",""coordinates"":[]}"
2000_12_26,31.721145507691368,32.00246961091805,13.556244638467435,0.2813241032266802,Pune,2000-12-26,"{""type"":""MultiPoint"",""coordinates"":[]}"
2001_01_01,30.822190812970756,31.292748875273166,14.783592698915989,0.47055806230240904,Pune,2001-01-01,"{""type"":""MultiPoint"",""coordinates"":[]}"
2001_01_09,33.45289972535562,33.62262610303388,16.852779225145003,0.16972637767825915,Pune,2001-01-09,"{""type"":""MultiPoint"",""coordinates"":[]}"
2001_01_17,34.073941275622666,34.07374993642456,16.436593710265367,-1.9133919810343514E-4,Pune,2001-01-17,"{""type"":""MultiPoint"",""coordinates"":[]}"
2001_01_25,34.56895713915027,34.440990188097224,15.172453918334151,-0.12796695105304678,Pune,2001-01-25,"{""type"":""MultiPoint"",""coordinates"":[]}"
2001_02_02,39.66059565768153,39.44920369585488,16.147798762397244,-0.21139196182665643,Pune,2001-02-02,"{""type"":""MultiPoint"",""coordinates"":[]}"
2001_02_10,40.11448261396255,39.51923421352809,16.450404685292106,-0.595248400434464,Pune,2001-02-10,"{""type"":""MultiPoint"",""coordinates"":[]}"
2001_02_18,42.69470551774927,42.14312299737226,18.04444791048574,-0.5515825203770106,Pune,2001-02-18,"{""type"":""MultiPoint"",""coordinates"":[]}"
2001_02_26,42.470273571954756,41.99581071796635,19.362700790106516,-0.47446285398840615,Pune,2001-02-26,"{""type"":""MultiPoint"",""coordinates"":[]}"
2001_03_06,44.45778618465663,44.27657258569581,18.39427489457644,-0.18121359896081657,Pune,2001-03-06,"{""type"":""MultiPoint"",""coordinates"":[]}"
2001_03_14,45.711264671036766,45.68935177651209,21.28139917276922,-0.021912894524675153,Pune,2001-03-14,"{""type"":""MultiPoint"",""coordinates"":[]}"
2001_03_22,46.46531115670077,46.6253020076597,20.853202981434755,0.15999085095892696,Pune,2001-03-22,"{""type"":""MultiPoint"",""coordinates"":[]}"
2001_03_30,45.782358647329346,45.99131302133633,21.67959223812455,0.2089543740069857,Pune,2001-03-30,"{""type"":""MultiPoint"",""coordinates"":[]}"
2001_04_07,48.11039382252377,48.45858389712804,23.479808145526263,0.3481900746042683,Pune,2001-04-07,"{""type"":""MultiPoint"",""coordinates"":[]}"
2001_04_15,48.10699991748885,47.486854666256015,23.776713248559037,-0.6201452512328345,Pune,2001-04-15,"{""type"":""MultiPoint"",""coordinates"":[]}"
2001_04_23,48.65000735970561,48.47687231570345,25.31155080259931,-0.17313504400215862,Pune,2001-04-23,"{""type"":""MultiPoint"",""coordinates"":[]}"
2001_05_01,49.0545655737222,48.88568838622555,24.992289837947357,-0.1688771874966477,Pune,2001-05-01,"{""type"":""MultiPoint"",""coordinates"":[]}"
2001_05_09,46.58936829449422,46.308051823092505,23.46606937879815,-0.28131647140171623,Pune,2001-05-09,"{""type"":""MultiPoint"",""coordinates"":[]}"
2001_05_17,44.72462474426629,44.50626116329652,23.099616861783385,-0.21836358096977193,Pune,2001-05-17,"{""type"":""MultiPoint"",""coordinates"":[]}"
2001_05_25,39.13542592459861,39.429391668503456,20.5497619572405,0.29396574390484886,Pune,2001-05-25,"{""type"":""MultiPoint"",""coordinates"":[]}"
2001_06_02,43.80451446264678,43.83092979703398,22.24278613497396,0.02641533438720245,Pune,2001-06-02,"{""type"":""MultiPoint"",""coordinates"":[]}"
2001_06_10,,,,,Pune,2001-06-10,"{""type"":""MultiPoint"",""coordinates"":[]}"
2001_06_26,,,,,Pune,2001-06-26,"{""type"":""MultiPoint"",""coordinates"":[]}"
2001_07_04,23.433333333333366,,,,Pune,2001-07-04,"{""type"":""MultiPoint"",""coordinates"":[]}"
2001_07_12,,,,,Pune,2001-07-12,"{""type"":""MultiPoint"",""coordinates"":[]}"
2001_07_20,,,,,Pune,2001-07-20,"{""type"":""MultiPoint"",""coordinates"":[]}"
2001_07_28,,,,,Pune,2001-07-28,"{""type"":""MultiPoint"",""coordinates"":[]}"
2001_08_05,,,,,Pune,2001-08-05,"{""type"":""MultiPoint"",""coordinates"":[]}"
2001_08_13,21.010000000000048,28.02000000000004,,7.009999999999991,Pune,2001-08-13,"{""type"":""MultiPoint"",""coordinates"":[]}"
2001_08_21,31.266270104880824,29.38657764350456,,-1.8796924613762656,Pune,2001-08-21,"{""type"":""MultiPoint"",""coordinates"":[]}"
2001_08_29,31.550648837136922,31.652823606129807,17.679706916764392,0.10217476899288513,Pune,2001-08-29,"{""type"":""MultiPoint"",""coordinates"":[]}"
2001_09_06,32.15774419880842,34.45004709576141,20.467927786499242,2.2923028969529895,Pune,2001-09-06,"{""type"":""MultiPoint"",""coordinates"":[]}"
2001_09_14,34.48846941811113,37.44745180926618,,2.958982391155047,Pune,2001-09-14,"{""type"":""MultiPoint"",""coordinates"":[]}"
2001_09_22,31.239292684669387,32.48513041307878,,1.2458377284093913,Pune,2001-09-22,"{""type"":""MultiPoint"",""coordinates"":[]}"
2001_09_30,34.04340566644827,34.150513093702685,,0.10710742725441236,Pune,2001-09-30,"{""type"":""MultiPoint"",""coordinates"":[]}"
2001_10_08,30.944886601100517,31.20968263127528,22.043139065204873,0.2647960301747645,Pune,2001-10-08,"{""type"":""MultiPoint"",""coordinates"":[]}"
2001_10_16,33.247619985270255,34.23665789040646,19.082990291262135,0.9890379051362075,Pune,2001-10-16,"{""type"":""MultiPoint"",""coordinates"":[]}"
2001_10_24,34.8472942640453,35.19112642392193,18.315335977759716,0.3438321598766265,Pune,2001-10-24,"{""type"":""MultiPoint"",""coordinates"":[]}"
2001_11_01,35.280336504119624,36.11943888009336,18.982657778518472,0.8391023759737379,Pune,2001-11-01,"{""type"":""MultiPoint"",""coordinates"":[]}"
2001_11_09,34.022928990979075,34.464162524010945,17.903072820056256,0.44123353303186974,Pune,2001-11-09,"{""type"":""MultiPoint"",""coordinates"":[]}"
2001_11_17,32.28429937062322,31.995541117835543,17.943628693485238,-0.2887582527876802,Pune,2001-11-17,"{""type"":""MultiPoint"",""coordinates"":[]}"
2001_11_25,31.912223007806773,31.789068619246894,16.335691213389154,-0.12315438855987892,Pune,2001-11-25,"{""type"":""MultiPoint"",""coordinates"":[]}"
2001_12_03,34.004332368620744,33.74918079241593,16.08187335772067,-0.2551515762048169,Pune,2001-12-03,"{""type"":""MultiPoint"",""coordinates"":[]}"
2001_12_11,32.46908261725429,32.15542417989642,16.843284878089896,-0.3136584373578657,Pune,2001-12-11,"{""type"":""MultiPoint"",""coordinates"":[]}"
2001_12_19,31.329892759055607,31.288540784099094,14.917232239861924,-0.04135197495651255,Pune,2001-12-19,"{""type"":""MultiPoint"",""coordinates"":[]}"
2001_12_27,29.922091029156707,30.85528142615171,15.920885844748891,0.933190396995002,Pune,2001-12-27,"{""type"":""MultiPoint"",""coordinates"":[]}"
2002_01_01,29.577565715580057,30.039530933614515,14.899431029000809,0.46196521803445734,Pune,2002-01-01,"{""type"":""MultiPoint"",""coordinates"":[]}"
2002_01_09,32.45598269622928,32.60351812222462,15.70895487418062,0.14753542599534342,Pune,2002-01-09,"{""type"":""MultiPoint"",""coordinates"":[]}"
2002_01_17,32.62113004071523,32.68676090690489,14.596148059086264,0.06563086618965741,Pune,2002-01-17,"{""type"":""MultiPoint"",""coordinates"":[]}"
2002_01_25,32.3909272269682,33.033276129144625,13.568129840744962,0.6423489021764226,Pune,2002-01-25,"{""type"":""MultiPoint"",""coordinates"":[]}"
2002_02_02,35.031131463866096,35.26494785186425,17.718423698384225,0.23381638799815363,Pune,2002-02-02,"{""type"":""MultiPoint"",""coordinates"":[]}"
2002_02_10,36.629047099781694,36.80193561991651,19.271030253475107,0.17288852013481915,Pune,2002-02-10,"{""type"":""MultiPoint"",""coordinates"":[]}"
2002_02_18,39.38372059508025,39.16931153862637,20.30105411542914,-0.21440905645388142,Pune,2002-02-18,"{""type"":""MultiPoint"",""coordinates"":[]}"
2002_02_26,42.17320013673281,41.92756803599704,20.477583034747145,-0.2456321007357687,Pune,2002-02-26,"{""type"":""MultiPoint"",""coordinates"":[]}"
2002_03_06,41.09925867705189,40.58632919818463,20.046253814566718,-0.5129294788672638,Pune,2002-03-06,"{""type"":""MultiPoint"",""coordinates"":[]}"
2002_03_14,41.61328541987504,41.570874193717614,21.262602303913912,-0.04241122615742654,Pune,2002-03-14,"{""type"":""MultiPoint"",""coordinates"":[]}"
2002_03_22,48.90495519861557,49.16706483300595,21.015708379601975,0.26210963439038437,Pune,2002-03-22,"{""type"":""MultiPoint"",""coordinates"":[]}"
2002_03_30,46.81959470519994,46.723608196315,23.19300834503845,-0.0959865088849412,Pune,2002-03-30,"{""type"":""MultiPoint"",""coordinates"":[]}"
2002_04_07,44.90462704969725,44.93151291700572,22.72424989829132,0.0268858673084722,Pune,2002-04-07,"{""type"":""MultiPoint"",""coordinates"":[]}"
2002_04_15,46.92610255960628,46.073520655298736,25.3253276493522,-0.8525819043075415,Pune,2002-04-15,"{""type"":""MultiPoint"",""coordinates"":[]}"
2002_04_23,49.00676893100436,48.30389245770737,24.350748684087073,-0.702876473296989,Pune,2002-04-23,"{""type"":""MultiPoint"",""coordinates"":[]}"
2002_05_01,45.3937605029132,44.85869835245412,23.44248028983012,-0.5350621504590833,Pune,2002-05-01,"{""type"":""MultiPoint"",""coordinates"":[]}"
2002_05_09,41.694210827834524,41.748210345047546,23.719733401364913,0.053999517213021875,Pune,2002-05-09,"{""type"":""MultiPoint"",""coordinates"":[]}"
2002_05_17,40.976895673863424,40.408318287618144,23.226667792433034,-0.5685773862452805,Pune,2002-05-17,"{""type"":""MultiPoint"",""coordinates"":[]}"
2002_05_25,43.2077518885815,43.037648636359464,24.084586639199014,-0.17010325222203448,Pune,2002-05-25,"{""type"":""MultiPoint"",""coordinates"":[]}"
2002_06_02,42.96574845907034,40.70448186054086,23.13171322766397,-2.261266598529481,Pune,2002-06-02,"{""type"":""MultiPoint"",""coordinates"":[]}"
2002_06_10,39.65838581944889,38.11410577592209,,-1.544280043526797,Pune,2002-06-10,"{""type"":""MultiPoint"",""coordinates"":[]}"
2002_06_18,37.96703703703706,36.75000000000006,,-1.2170370370370023,Pune,2002-06-18,"{""type"":""MultiPoint"",""coordinates"":[]}"
2002_06_26,30.14357142857145,32.05842105263161,,1.9148496240601567,Pune,2002-06-26,"{""type"":""MultiPoint"",""coordinates"":[]}"
2002_07_04,30.413808948946638,29.6471306355242,18.504903585008176,-0.7666783134224389,Pune,2002-07-04,"{""type"":""MultiPoint"",""coordinates"":[]}"
2002_07_12,33.88597855227885,,,,Pune,2002-07-12,"{""type"":""MultiPoint"",""coordinates"":[]}"
2002_07_20,28.826557254634622,27.838813559322073,20.64728813559325,-0.9877436953125489,Pune,2002-07-20,"{""type"":""MultiPoint"",""coordinates"":[]}"
2002_07_28,33.50746566398511,32.97809391717855,,-0.5293717468065609,Pune,2002-07-28,"{""type"":""MultiPoint"",""coordinates"":[]}"
2002_08_05,,,,,Pune,2002-08-05,"{""type"":""MultiPoint"",""coordinates"":[]}"
2002_08_13,,,,,Pune,2002-08-13,"{""type"":""MultiPoint"",""coordinates"":[]}"
2002_08_21,31.084214660203827,29.81176652753469,19.478235294117674,-1.2724481326691368,Pune,2002-08-21,"{""type"":""MultiPoint"",""coordinates"":[]}"
2002_08_29,,,,,Pune,2002-08-29,"{""type"":""MultiPoint"",""coordinates"":[]}"
2002_09_06,31.753279592251918,31.881667261419246,19.025736643556296,0.1283876691673278,Pune,2002-09-06,"{""type"":""MultiPoint"",""coordinates"":[]}"
2002_09_14,34.0565200520921,35.032784018883596,20.21220354234798,0.9762639667914996,Pune,2002-09-14,"{""type"":""MultiPoint"",""coordinates"":[]}"
2002_09_22,36.126176927047105,38.05168267021696,20.843199527151075,1.9255057431698575,Pune,2002-09-22,"{""type"":""MultiPoint"",""coordinates"":[]}"
2002_09_30,38.022037012152616,38.98820509790684,22.49638133018235,0.9661680857542265,Pune,2002-09-30,"{""type"":""MultiPoint"",""coordinates"":[]}"
2002_10_08,36.82310589194749,38.30216175366603,21.853700915870107,1.4790558617185354,Pune,2002-10-08,"{""type"":""MultiPoint"",""coordinates"":[]}"
2002_10_16,36.14974925819089,36.700545078968915,21.69798675770745,0.5507958207780277,Pune,2002-10-16,"{""type"":""MultiPoint"",""coordinates"":[]}"
2002_10_24,34.60005447806312,34.85650084947335,17.18755025484202,0.2564463714102274,Pune,2002-10-24,"{""type"":""MultiPoint"",""coordinates"":[]}"
2002_11_01,36.22925870901947,36.92902977848238,18.101380607566764,0.699771069462912,Pune,2002-11-01,"{""type"":""MultiPoint"",""coordinates"":[]}"
2002_11_09,34.91112290095213,36.03392363361903,19.034672201749345,1.122800732666903,Pune,2002-11-09,"{""type"":""MultiPoint"",""coordinates"":[]}"
2002_11_17,34.96040578992657,35.80793142280869,16.168157996470313,0.8475256328821246,Pune,2002-11-17,"{""type"":""MultiPoint"",""coordinates"":[]}"
2002_11_25,36.42709530039966,36.689371368153964,18.092657644322298,0.262276067754307,Pune,2002-11-25,"{""type"":""MultiPoint"",""coordinates"":[]}"
2002_12_03,33.969306195315916,34.22669424429942,17.845543612782954,0.25738804898350764,Pune,2002-12-03,"{""type"":""MultiPoint"",""coordinates"":[]}"
2002_12_11,34.248417360176106,34.5912738137801,17.188045524967233,0.34285645360399286,Pune,2002-12-11,"{""type"":""MultiPoint"",""coordinates"":[]}"
2002_12_19,34.423639070173216,34.24034545530463,15.15233476681562,-0.18329361486858886,Pune,2002-12-19,"{""type"":""MultiPoint"",""coordinates"":[]}"
2002_12_27,32.111575403637396,32.196083182320486,15.038600220994509,0.0845077786830899,Pune,2002-12-27,"{""type"":""MultiPoint"",""coordinates"":[]}"
2003_01_01,32.52718716747684,32.79567319390055,17.471903174735477,0.2684860264237088,Pune,2003-01-01,"{""type"":""MultiPoint"",""coordinates"":[]}"
2003_01_09,31.75185252435472,31.791093426750926,17.102867165016264,0.03924090239620526,Pune,2003-01-09,"{""type"":""MultiPoint"",""coordinates"":[]}"
2003_01_17,34.7901287695006,35.02610431293883,16.956784527495557,0.23597554343822935,Pune,2003-01-17,"{""type"":""MultiPoint"",""coordinates"":[]}"
2003_01_25,35.20891028428334,34.85916924910611,17.635549633917975,-0.34974103517723165,Pune,2003-01-25,"{""type"":""MultiPoint"",""coordinates"":[]}"
2003_02_02,36.891302954779796,36.95875136737507,18.861121205795193,0.0674484125952759,Pune,2003-02-02,"{""type"":""MultiPoint"",""coordinates"":[]}"
2003_02_10,39.86353332264926,39.61116295139863,18.913473327702885,-0.25237037125062756,Pune,2003-02-10,"{""type"":""MultiPoint"",""coordinates"":[]}"
2003_02_18,40.19309336472272,39.883930547223926,19.43333349996671,-0.3091628174987946,Pune,2003-02-18,"{""type"":""MultiPoint"",""coordinates"":[]}"
2003_02_26,42.458364541315724,42.227753521126736,20.845143249742378,-0.23061102018898794,Pune,2003-02-26,"{""type"":""MultiPoint"",""coordinates"":[]}"
2003_03_06,41.5377748593313,41.31711816340314,19.943345205941974,-0.22065669592816306,Pune,2003-03-06,"{""type"":""MultiPoint"",""coordinates"":[]}"
2003_03_14,45.921872092817736,45.69303899199735,20.646742210114127,-0.22883310082038832,Pune,2003-03-14,"{""type"":""MultiPoint"",""coordinates"":[]}"
2003_03_22,46.35141513436059,46.26889776502701,22.92658315402435,-0.08251736933357989,Pune,2003-03-22,"{""type"":""MultiPoint"",""coordinates"":[]}"
2003_03_30,46.64493244692766,46.5750631706401,22.904836290760343,-0.06986927628756234,Pune,2003-03-30,"{""type"":""MultiPoint"",""coordinates"":[]}"
2003_04_07,47.05038596925113,47.4331804016332,23.735605699525067,0.3827944323820702,Pune,2003-04-07,"{""type"":""MultiPoint"",""coordinates"":[]}"
2003_04_15,50.43710455539644,50.06427826311491,24.549666738391387,-0.3728262922815304,Pune,2003-04-15,"{""type"":""MultiPoint"",""coordinates"":[]}"
2003_04_23,47.76850560612757,47.378197862334325,25.413981872595173,-0.39030774379324384,Pune,2003-04-23,"{""type"":""MultiPoint"",""coordinates"":[]}"
2003_05_01,49.74445912405742,49.322683985303726,23.746203846985132,-0.421775138753695,Pune,2003-05-01,"{""type"":""MultiPoint"",""coordinates"":[]}"
2003_05_09,45.480133068979114,44.94229291544591,22.846624107374893,-0.5378401535332031,Pune,2003-05-09,"{""type"":""MultiPoint"",""coordinates"":[]}"
2003_05_17,45.26001686117945,44.93140052790748,24.437212404076448,-0.3286163332719738,Pune,2003-05-17,"{""type"":""MultiPoint"",""coordinates"":[]}"
2003_05_25,44.94350094011908,44.33141709086162,24.939122149503113,-0.6120838492574592,Pune,2003-05-25,"{""type"":""MultiPoint"",""coordinates"":[]}"
2003_06_02,42.83428292771539,42.80637826242406,23.417855184977117,-0.027904665291330844,Pune,2003-06-02,"{""type"":""MultiPoint"",""coordinates"":[]}"
2003_06_10,37.275384060584244,,,,Pune,2003-06-10,"{""type"":""MultiPoint"",""coordinates"":[]}"
2003_06_18,,,,,Pune,2003-06-18,"{""type"":""MultiPoint"",""coordinates"":[]}"
2003_06_26,,,,,Pune,2003-06-26,"{""type"":""MultiPoint"",""coordinates"":[]}"
2003_07_04,,,,,Pune,2003-07-04,"{""type"":""MultiPoint"",""coordinates"":[]}"
2003_07_12,,,,,Pune,2003-07-12,"{""type"":""MultiPoint"",""coordinates"":[]}"
2003_07_20,,,,,Pune,2003-07-20,"{""type"":""MultiPoint"",""coordinates"":[]}"
2003_07_28,26.675458429873927,27.987995846313627,18.472191041554265,1.3125374164396995,Pune,2003-07-28,"{""type"":""MultiPoint"",""coordinates"":[]}"
2003_08_05,,,,,Pune,2003-08-05,"{""type"":""MultiPoint"",""coordinates"":[]}"
2003_08_13,30.74207777166521,,,,Pune,2003-08-13,"{""type"":""MultiPoint"",""coordinates"":[]}"
2003_08_21,34.699635997088016,30.906399635274227,18.09013042159542,-3.79323636181379,Pune,2003-08-21,"{""type"":""MultiPoint"",""coordinates"":[]}"
2003_08_29,33.0159986982345,29.763439868573364,12.60461185603391,-3.252558829661133,Pune,2003-08-29,"{""type"":""MultiPoint"",""coordinates"":[]}"
2003_09_06,29.65811080137141,28.688545494797456,19.35693785874723,-0.9695653065739549,Pune,2003-09-06,"{""type"":""MultiPoint"",""coordinates"":[]}"
2003_09_14,37.13299774906728,35.08095030514387,20.56367044463821,-2.0520474439234064,Pune,2003-09-14,"{""type"":""MultiPoint"",""coordinates"":[]}"
2003_09_22,33.433365398534086,34.11032608695655,19.528509963768148,0.6769606884224615,Pune,2003-09-22,"{""type"":""MultiPoint"",""coordinates"":[]}"
2003_09_30,32.73003757137702,34.42764217462935,20.47687484113912,1.69760460325233,Pune,2003-09-30,"{""type"":""MultiPoint"",""coordinates"":[]}"
2003_10_08,34.97122831963847,36.08477562180284,21.08025204015313,1.1135473021643705,Pune,2003-10-08,"{""type"":""MultiPoint"",""coordinates"":[]}"
2003_10_16,34.764013871563584,35.905546975547026,20.110720327743273,1.1415331039834413,Pune,2003-10-16,"{""type"":""MultiPoint"",""coordinates"":[]}"
2003_10_24,36.7948074096028,37.64139074683768,19.001710448795734,0.8465833372348825,Pune,2003-10-24,"{""type"":""MultiPoint"",""coordinates"":[]}"
2003_11_01,34.77356079542098,35.577301447617394,19.808345052140655,0.8037406521964172,Pune,2003-11-01,"{""type"":""MultiPoint"",""coordinates"":[]}"
2003_11_09,35.5036604904407,36.42627088499363,18.895733048311282,0.922610394552926,Pune,2003-11-09,"{""type"":""MultiPoint"",""coordinates"":[]}"
2003_11_17,35.33776824014091,35.72986260547156,19.231424017187322,0.39209436533064945,Pune,2003-11-17,"{""type"":""MultiPoint"",""coordinates"":[]}"
2003_11_25,35.22458211578371,35.96134974547565,18.026749578630202,0.7367676296919399,Pune,2003-11-25,"{""type"":""MultiPoint"",""coordinates"":[]}"
2003_12_03,34.948737510679095,35.47240080852325,15.613504611108805,0.523663297844152,Pune,2003-12-03,"{""type"":""MultiPoint"",""coordinates"":[]}"
2003_12_11,33.84827396032361,34.364409238918114,17.427445230755907,0.5161352785945041,Pune,2003-12-11,"{""type"":""MultiPoint"",""coordinates"":[]}"
2003_12_19,31.70255646015856,32.24926479495649,17.843481090949435,0.5467083347979269,Pune,2003-12-19,"{""type"":""MultiPoint"",""coordinates"":[]}"
2003_12_27,32.424809425748855,32.92474243256679,16.87016447339737,0.4999330068179333,Pune,2003-12-27,"{""type"":""MultiPoint"",""coordinates"":[]}"
2004_01_01,32.536119217264414,32.95523516158269,16.360673351125318,0.41911594431827837,Pune,2004-01-01,"{""type"":""MultiPoint"",""coordinates"":[]}"
2004_01_09,33.73274038591845,33.78097370572797,15.600362611352613,0.048233319809526165,Pune,2004-01-09,"{""type"":""MultiPoint"",""coordinates"":[]}"
2004_01_17,34.111594249050505,33.8747017938189,16.972996844607795,-0.23689245523160452,Pune,2004-01-17,"{""type"":""MultiPoint"",""coordinates"":[]}"
2004_01_25,32.301879667645295,32.95648229651137,16.439795965082084,0.6546026288660727,Pune,2004-01-25,"{""type"":""MultiPoint"",""coordinates"":[]}"
2004_02_02,36.05878890106911,36.48676155484117,17.359938958707417,0.4279726537720663,Pune,2004-02-02,"{""type"":""MultiPoint"",""coordinates"":[]}"
2004_02_10,38.21751335121352,38.04763648204064,19.1207670058103,-0.16987686917288158,Pune,2004-02-10,"{""type"":""MultiPoint"",""coordinates"":[]}"
2004_02_18,42.63005669527002,42.79099237562967,20.294327088939504,0.16093568035964978,Pune,2004-02-18,"{""type"":""MultiPoint"",""coordinates"":[]}"
2004_02_26,42.2513284077183,41.97143366731802,21.35237874693387,-0.2798947404002803,Pune,2004-02-26,"{""type"":""MultiPoint"",""coordinates"":[]}"
2004_03_05,44.82837609982774,44.91224453372812,21.1914962994291,0.08386843390037768,Pune,2004-03-05,"{""type"":""MultiPoint"",""coordinates"":[]}"
2004_03_13,46.77610985538509,46.681998114743536,23.30131616607399,-0.09411174064155148,Pune,2004-03-13,"{""type"":""MultiPoint"",""coordinates"":[]}"
2004_03_21,47.14892430696714,46.89301999586008,23.912904740219453,-0.25590431110705936,Pune,2004-03-21,"{""type"":""MultiPoint"",""coordinates"":[]}"
2004_03_29,45.07371768143582,44.33760871786144,23.35132300357574,-0.7361089635743738,Pune,2004-03-29,"{""type"":""MultiPoint"",""coordinates"":[]}"
2004_04_06,49.68905586916807,49.68868992868102,24.056344564420503,-3.6594048705040905E-4,Pune,2004-04-06,"{""type"":""MultiPoint"",""coordinates"":[]}"
2004_04_14,48.11727713018444,47.98200907334579,23.341783102187275,-0.1352680568386475,Pune,2004-04-14,"{""type"":""MultiPoint"",""coordinates"":[]}"
2004_04_22,47.00071264692889,46.69420948902006,24.002786475810282,-0.3065031579088284,Pune,2004-04-22,"{""type"":""MultiPoint"",""coordinates"":[]}"
2004_04_30,46.57269283801643,46.39225678549544,24.620222218217233,-0.1804360525209887,Pune,2004-04-30,"{""type"":""MultiPoint"",""coordinates"":[]}"
2004_05_08,43.394844817658544,44.42860811571611,23.057259433011446,1.0337632980575648,Pune,2004-05-08,"{""type"":""MultiPoint"",""coordinates"":[]}"
2004_05_16,40.106412423050706,40.47925229448429,22.452932270057694,0.3728398714335839,Pune,2004-05-16,"{""type"":""MultiPoint"",""coordinates"":[]}"
2004_05_24,43.25326395246409,43.378062271195105,23.45091159520102,0.12479831873101688,Pune,2004-05-24,"{""type"":""MultiPoint"",""coordinates"":[]}"
2004_06_01,38.852797689370014,39.51741500053873,,0.664617311168719,Pune,2004-06-01,"{""type"":""MultiPoint"",""coordinates"":[]}"
2004_06_09,44.14454545454549,,,,Pune,2004-06-09,"{""type"":""MultiPoint"",""coordinates"":[]}"
2004_06_17,31.273058860609904,31.47531651173088,18.246266489597186,0.20225765112097704,Pune,2004-06-17,"{""type"":""MultiPoint"",""coordinates"":[]}"
2004_06_25,38.308736087279854,37.84541823341615,20.34550005912265,-0.46331785386370683,Pune,2004-06-25,"{""type"":""MultiPoint"",""coordinates"":[]}"
2004_07_03,37.719842209073015,,,,Pune,2004-07-03,"{""type"":""MultiPoint"",""coordinates"":[]}"
2004_07_11,37.61098365663666,,,,Pune,2004-07-11,"{""type"":""MultiPoint"",""coordinates"":[]}"
2004_07_19,35.963575296725566,36.655742757569186,,0.6921674608436206,Pune,2004-07-19,"{""type"":""MultiPoint"",""coordinates"":[]}"
2004_07_27,,,,,Pune,2004-07-27,"{""type"":""MultiPoint"",""coordinates"":[]}"
2004_08_04,,,,,Pune,2004-08-04,"{""type"":""MultiPoint"",""coordinates"":[]}"
2004_08_12,25.433333333333355,,,,Pune,2004-08-12,"{""type"":""MultiPoint"",""coordinates"":[]}"
2004_08_20,27.272647584973203,,,,Pune,2004-08-20,"{""type"":""MultiPoint"",""coordinates"":[]}"
2004_08_28,29.804216119961705,31.345945659682304,18.905493437715897,1.541729539720599,Pune,2004-08-28,"{""type"":""MultiPoint"",""coordinates"":[]}"
2004_09_05,32.83214876033059,30.940000000000012,12.910000000000025,-1.8921487603305778,Pune,2004-09-05,"{""type"":""MultiPoint"",""coordinates"":[]}"
2004_09_13,31.21656897899646,31.133535257627575,20.250293594891755,-0.08303372136888498,Pune,2004-09-13,"{""type"":""MultiPoint"",""coordinates"":[]}"
2004_09_21,29.761767676767686,31.482857142857174,,1.721089466089488,Pune,2004-09-21,"{""type"":""MultiPoint"",""coordinates"":[]}"
2004_09_29,32.10797345991271,32.088923509917265,18.518485795840725,-0.019049949995441295,Pune,2004-09-29,"{""type"":""MultiPoint"",""coordinates"":[]}"
2004_10_07,33.6080980395568,33.99665660336916,20.558691652226763,0.3885585638123601,Pune,2004-10-07,"{""type"":""MultiPoint"",""coordinates"":[]}"
2004_10_15,33.961779742329334,34.74770522873077,18.504041678896417,0.7859254864014389,Pune,2004-10-15,"{""type"":""MultiPoint"",""coordinates"":[]}"
2004_10_23,33.253326956302416,33.724267501117566,19.48034224407693,0.47094054481515,Pune,2004-10-23,"{""type"":""MultiPoint"",""coordinates"":[]}"
2004_10_31,33.23058657039536,33.986694779992206,18.749600191880006,0.7561082095968459,Pune,2004-10-31,"{""type"":""MultiPoint"",""coordinates"":[]}"
2004_11_08,31.09512696238835,32.618848281238435,21.052692850248754,1.523721318850086,Pune,2004-11-08,"{""type"":""MultiPoint"",""coordinates"":[]}"
2004_11_16,33.8297677166189,34.744457609668046,17.992323830742517,0.9146898930491432,Pune,2004-11-16,"{""type"":""MultiPoint"",""coordinates"":[]}"
2004_11_24,31.566811578144577,32.639465024816694,15.735582461744581,1.072653446672117,Pune,2004-11-24,"{""type"":""MultiPoint"",""coordinates"":[]}"
2004_12_02,31.375342595374864,32.66329163709245,14.765587491127736,1.2879490417175852,Pune,2004-12-02,"{""type"":""MultiPoint"",""coordinates"":[]}"
2004_12_10,32.3094635161505,32.923261323747155,14.851634341298395,0.6137978075966544,Pune,2004-12-10,"{""type"":""MultiPoint"",""coordinates"":[]}"
2004_12_18,31.975363991810035,32.53083767954501,15.395784934258309,0.555473687734974,Pune,2004-12-18,"{""type"":""MultiPoint"",""coordinates"":[]}"
2004_12_26,30.191329500089115,30.81497893997897,17.06868257868261,0.6236494398898564,Pune,2004-12-26,"{""type"":""MultiPoint"",""coordinates"":[]}"
2005_01_01,32.26392127246898,32.59261232036309,17.204844944953397,0.32869104789411097,Pune,2005-01-01,"{""type"":""MultiPoint"",""coordinates"":[]}"
2005_01_09,32.33657952963934,32.58006448345716,15.085712694125645,0.24348495381781987,Pune,2005-01-09,"{""type"":""MultiPoint"",""coordinates"":[]}"
2005_01_17,31.998600948593342,32.41994803554138,14.942682022992429,0.4213470869480389,Pune,2005-01-17,"{""type"":""MultiPoint"",""coordinates"":[]}"
2005_01_25,33.23301977303892,33.73615355264243,15.239025464918779,0.5031337796035089,Pune,2005-01-25,"{""type"":""MultiPoint"",""coordinates"":[]}"
2005_02_02,34.20153682722049,34.321287435313636,17.548542579176186,0.11975060809314897,Pune,2005-02-02,"{""type"":""MultiPoint"",""coordinates"":[]}"
2005_02_10,38.90545571060531,38.88018999572471,18.471094142796094,-0.02526571488059659,Pune,2005-02-10,"{""type"":""MultiPoint"",""coordinates"":[]}"
2005_02_18,37.37198822093704,37.181014293976745,16.543639593489246,-0.19097392696029658,Pune,2005-02-18,"{""type"":""MultiPoint"",""coordinates"":[]}"
2005_02_26,39.86474238753011,39.695248254725016,21.326573982632425,-0.16949413280509162,Pune,2005-02-26,"{""type"":""MultiPoint"",""coordinates"":[]}"
2005_03_06,40.96222033155313,40.89196399511803,19.918679481963675,-0.07025633643509366,Pune,2005-03-06,"{""type"":""MultiPoint"",""coordinates"":[]}"
2005_03_14,44.744574018411804,44.51429684219551,21.90865872573809,-0.2302771762162905,Pune,2005-03-14,"{""type"":""MultiPoint"",""coordinates"":[]}"
2005_03_22,44.80051496398971,44.77765875358585,20.8861554899597,-0.022856210403865873,Pune,2005-03-22,"{""type"":""MultiPoint"",""coordinates"":[]}"
2005_03_30,45.4698064774845,45.42374657120681,23.33529371172261,-0.04605990627768364,Pune,2005-03-30,"{""type"":""MultiPoint"",""coordinates"":[]}"
2005_04_07,45.66026577248483,45.6437180265555,22.68768198576319,-0.01654774592932995,Pune,2005-04-07,"{""type"":""MultiPoint"",""coordinates"":[]}"
2005_04_15,46.01047687496311,44.56673071388079,23.421606297152337,-1.4437461610823235,Pune,2005-04-15,"{""type"":""MultiPoint"",""coordinates"":[]}"
2005_04_23,46.69161222748433,46.79608107308075,23.611428970136807,0.104468845596422,Pune,2005-04-23,"{""type"":""MultiPoint"",""coordinates"":[]}"
2005_05_01,45.15423831186525,45.92666060962817,23.474639520896847,0.7724222977629225,Pune,2005-05-01,"{""type"":""MultiPoint"",""coordinates"":[]}"
2005_05_09,46.61649851229939,46.96703832635985,24.771855899581627,0.3505398140604612,Pune,2005-05-09,"{""type"":""MultiPoint"",""coordinates"":[]}"
2005_05_17,47.08624897566967,47.240484638757636,25.40489078325456,0.15423566308796666,Pune,2005-05-17,"{""type"":""MultiPoint"",""coordinates"":[]}"
2005_05_25,44.722504153764,44.934655909049305,25.20852608416614,0.21215175528530494,Pune,2005-05-25,"{""type"":""MultiPoint"",""coordinates"":[]}"
2005_06_02,40.66613828868179,40.42618986121013,23.669335988930374,-0.2399484274716599,Pune,2005-06-02,"{""type"":""MultiPoint"",""coordinates"":[]}"
2005_06_10,39.37023027761085,38.63650293561193,22.586559338443664,-0.7337273419989216,Pune,2005-06-10,"{""type"":""MultiPoint"",""coordinates"":[]}"
2005_06_18,35.18282793056221,35.9420778097983,,0.7592498792360871,Pune,2005-06-18,"{""type"":""MultiPoint"",""coordinates"":[]}"
2005_06_26,,,,,Pune,2005-06-26,"{""type"":""MultiPoint"",""coordinates"":[]}"
2005_07_04,29.599917029491507,27.56220512820514,,-2.037711901286368,Pune,2005-07-04,"{""type"":""MultiPoint"",""coordinates"":[]}"
2005_07_12,34.663613117519944,,,,Pune,2005-07-12,"{""type"":""MultiPoint"",""coordinates"":[]}"
2005_07_20,,,,,Pune,2005-07-20,"{""type"":""MultiPoint"",""coordinates"":[]}"
2005_07_28,,,,,Pune,2005-07-28,"{""type"":""MultiPoint"",""coordinates"":[]}"
2005_08_05,26.628829008649397,26.059472128378413,15.270000000000039,-0.5693568802709841,Pune,2005-08-05,"{""type"":""MultiPoint"",""coordinates"":[]}"
2005_08_13,,,,,Pune,2005-08-13,"{""type"":""MultiPoint"",""coordinates"":[]}"
2005_08_21,31.979582749409687,32.43828188177912,18.58689108529623,0.45869913236943205,Pune,2005-08-21,"{""type"":""MultiPoint"",""coordinates"":[]}"
2005_08_29,35.34725326184098,32.404090168386766,22.520167286245368,-2.943163093454217,Pune,2005-08-29,"{""type"":""MultiPoint"",""coordinates"":[]}"
2005_09_06,25.670000000000016,,,,Pune,2005-09-06,"{""type"":""MultiPoint"",""coordinates"":[]}"
2005_09_14,27.35166666666669,,,,Pune,2005-09-14,"{""type"":""MultiPoint"",""coordinates"":[]}"
2005_09_22,29.741029547382816,29.698083815825786,19.643101736972728,-0.04294573155702963,Pune,2005-09-22,"{""type"":""MultiPoint"",""coordinates"":[]}"
2005_09_30,30.486605159039595,31.402262764785156,20.605032855801827,0.9156576057455617,Pune,2005-09-30,"{""type"":""MultiPoint"",""coordinates"":[]}"
2005_10_08,32.75428965285876,34.04638750642113,19.974711618257274,1.2920978535623675,Pune,2005-10-08,"{""type"":""MultiPoint"",""coordinates"":[]}"
2005_10_16,32.91423450528455,34.06743152491129,19.714506170669154,1.1531970196267451,Pune,2005-10-16,"{""type"":""MultiPoint"",""coordinates"":[]}"
2005_10_24,31.77358738984415,32.18840003473281,17.857012894542635,0.4148126448886593,Pune,2005-10-24,"{""type"":""MultiPoint"",""coordinates"":[]}"
2005_11_01,32.55948147886288,33.12318856761938,17.77758270144157,0.5637070887565017,Pune,2005-11-01,"{""type"":""MultiPoint"",""coordinates"":[]}"
2005_11_09,33.56635803240663,33.997840259165564,15.0689922267031,0.43148222675893066,Pune,2005-11-09,"{""type"":""MultiPoint"",""coordinates"":[]}"
2005_11_17,33.36757501841221,33.9285630009089,16.0032044947534,0.560987982496691,Pune,2005-11-17,"{""type"":""MultiPoint"",""coordinates"":[]}"
2005_11_25,32.38235902059572,33.289121146127705,15.686052567490814,0.9067621255319835,Pune,2005-11-25,"{""type"":""MultiPoint"",""coordinates"":[]}"
2005_12_03,31.905710998738755,32.60141029602108,17.087070351968638,0.6956992972823244,Pune,2005-12-03,"{""type"":""MultiPoint"",""coordinates"":[]}"
2005_12_11,30.677876068225007,31.064710635211863,13.747020604923032,0.38683456698685603,Pune,2005-12-11,"{""type"":""MultiPoint"",""coordinates"":[]}"
2005_12_19,30.571012879484847,30.774695791922188,14.48285058151832,0.2036829124373405,Pune,2005-12-19,"{""type"":""MultiPoint"",""coordinates"":[]}"
2005_12_27,30.946410292678895,31.100326164089587,14.255785798764775,0.15391587141069252,Pune,2005-12-27,"{""type"":""MultiPoint"",""coordinates"":[]}"
2006_01_01,30.059760919133932,30.820207492041373,15.31066652130306,0.7604465729074406,Pune,2006-01-01,"{""type"":""MultiPoint"",""coordinates"":[]}"
2006_01_09,32.32481271468557,32.53325956170327,16.982944087992692,0.20844684701769722,Pune,2006-01-09,"{""type"":""MultiPoint"",""coordinates"":[]}"
2006_01_17,34.23781934769028,34.71405444864306,16.836521813809725,0.47623510095278476,Pune,2006-01-17,"{""type"":""MultiPoint"",""coordinates"":[]}"
2006_01_25,33.14991666224511,33.3985117822768,14.818430799867283,0.2485951200316876,Pune,2006-01-25,"{""type"":""MultiPoint"",""coordinates"":[]}"
2006_02_02,35.50003639921254,35.846384454588176,16.738215349174556,0.3463480553756355,Pune,2006-02-02,"{""type"":""MultiPoint"",""coordinates"":[]}"
2006_02_10,37.06655195080578,37.34967432398072,18.813727388319087,0.2831223731749404,Pune,2006-02-10,"{""type"":""MultiPoint"",""coordinates"":[]}"
2006_02_18,40.027701184391226,40.315344407625815,21.219496750871475,0.28764322323458913,Pune,2006-02-18,"{""type"":""MultiPoint"",""coordinates"":[]}"
2006_02_26,39.71862557554109,39.68188201415178,21.242801217706145,-0.0367435613893079,Pune,2006-02-26,"{""type"":""MultiPoint"",""coordinates"":[]}"
2006_03_06,39.23920004905063,39.213022148623494,18.593553612088623,-0.02617790042713608,Pune,2006-03-06,"{""type"":""MultiPoint"",""coordinates"":[]}"
2006_03_14,38.93371868465165,39.187629949107276,22.042618821702796,0.25391126445562406,Pune,2006-03-14,"{""type"":""MultiPoint"",""coordinates"":[]}"
2006_03_22,44.12966010113521,44.26533365031338,22.24741586341047,0.13567354917817198,Pune,2006-03-22,"{""type"":""MultiPoint"",""coordinates"":[]}"
2006_03_30,45.696449158869555,45.562972402404014,23.263158486133133,-0.1334767564655408,Pune,2006-03-30,"{""type"":""MultiPoint"",""coordinates"":[]}"
2006_04_07,46.69722188889832,46.506307554914436,24.23571830937535,-0.19091433398388347,Pune,2006-04-07,"{""type"":""MultiPoint"",""coordinates"":[]}"
2006_04_15,44.603297345706274,44.388051715481254,24.247454225941475,-0.21524563022502008,Pune,2006-04-15,"{""type"":""MultiPoint"",""coordinates"":[]}"
2006_04_23,47.3432448281556,47.250907909362994,24.560235143223647,-0.0923369187926042,Pune,2006-04-23,"{""type"":""MultiPoint"",""coordinates"":[]}"
2006_05_01,47.264933425488245,47.2487411164011,25.760803836334812,-0.016192309087145418,Pune,2006-05-01,"{""type"":""MultiPoint"",""coordinates"":[]}"
2006_05_09,46.94170640999649,46.88062256341561,25.14319731396091,-0.06108384658087829,Pune,2006-05-09,"{""type"":""MultiPoint"",""coordinates"":[]}"
2006_05_17,40.95845941177145,40.58290754329325,23.394639355947877,-0.37555186847819755,Pune,2006-05-17,"{""type"":""MultiPoint"",""coordinates"":[]}"
2006_05_25,41.170195196245885,42.60649555491831,19.855714285714328,1.4363003586724261,Pune,2006-05-25,"{""type"":""MultiPoint"",""coordinates"":[]}"
2006_06_02,34.34612011876763,34.500406951091215,22.15701354240916,0.1542868323235851,Pune,2006-06-02,"{""type"":""MultiPoint"",""coordinates"":[]}"
2006_06_10,40.408973244292525,39.704078610745036,23.095610254024873,-0.7048946335474895,Pune,2006-06-10,"{""type"":""MultiPoint"",""coordinates"":[]}"
2006_06_18,35.51104504617411,33.25400000000004,,-2.2570450461740705,Pune,2006-06-18,"{""type"":""MultiPoint"",""coordinates"":[]}"
2006_06_26,,,,,Pune,2006-06-26,"{""type"":""MultiPoint"",""coordinates"":[]}"
2006_07_04,24.55000000000001,,,,Pune,2006-07-04,"{""type"":""MultiPoint"",""coordinates"":[]}"
2006_07_12,28.950684610883588,29.779720611491857,7.07000000000005,0.8290360006082693,Pune,2006-07-12,"{""type"":""MultiPoint"",""coordinates"":[]}"
2006_07_20,,,,,Pune,2006-07-20,"{""type"":""MultiPoint"",""coordinates"":[]}"
2006_07_28,,,,,Pune,2006-07-28,"{""type"":""MultiPoint"",""coordinates"":[]}"
2006_08_05,,,,,Pune,2006-08-05,"{""type"":""MultiPoint"",""coordinates"":[]}"
2006_08_13,28.56000405186389,,,,Pune,2006-08-13,"{""type"":""MultiPoint"",""coordinates"":[]}"
2006_08_21,28.07000000000005,,,,Pune,2006-08-21,"{""type"":""MultiPoint"",""coordinates"":[]}"
2006_08_29,36.06722135007852,,,,Pune,2006-08-29,"{""type"":""MultiPoint"",""coordinates"":[]}"
2006_09_06,29.952876679577333,30.47213015496657,22.325783156237737,0.5192534753892382,Pune,2006-09-06,"{""type"":""MultiPoint"",""coordinates"":[]}"
2006_09_14,,,,,Pune,2006-09-14,"{""type"":""MultiPoint"",""coordinates"":[]}"
2006_09_22,32.042232771822384,30.58225806451616,19.94000000000004,-1.4599747073062233,Pune,2006-09-22,"{""type"":""MultiPoint"",""coordinates"":[]}"
2006_09_30,32.651054220071295,32.62983860653493,19.77805105994988,-0.02121561353636281,Pune,2006-09-30,"{""type"":""MultiPoint"",""coordinates"":[]}"
2006_10_08,30.926356435931595,31.30500668144912,20.965159400284918,0.3786502455175267,Pune,2006-10-08,"{""type"":""MultiPoint"",""coordinates"":[]}"
2006_10_16,33.003944599644015,34.06723089742523,20.472290309140945,1.063286297781218,Pune,2006-10-16,"{""type"":""MultiPoint"",""coordinates"":[]}"
2006_10_24,32.356508900979165,32.960671038206186,19.55074281695387,0.6041621372270214,Pune,2006-10-24,"{""type"":""MultiPoint"",""coordinates"":[]}"
2006_11_01,30.420580305544426,31.675264179181532,19.523230653555636,1.2546838736371058,Pune,2006-11-01,"{""type"":""MultiPoint"",""coordinates"":[]}"
2006_11_09,30.48850822240564,31.67424802915998,17.716138001186767,1.1857398067543414,Pune,2006-11-09,"{""type"":""MultiPoint"",""coordinates"":[]}"
2006_11_17,31.623045463133472,32.60376577178407,18.768217694459565,0.9807203086505965,Pune,2006-11-17,"{""type"":""MultiPoint"",""coordinates"":[]}"
2006_11_25,30.769879053459807,30.751444115252006,20.1992470156107,-0.0184349382078004,Pune,2006-11-25,"{""type"":""MultiPoint"",""coordinates"":[]}"
2006_12_03,30.031792229849284,30.64163431810376,16.31556475437996,0.6098420882544744,Pune,2006-12-03,"{""type"":""MultiPoint"",""coordinates"":[]}"
2006_12_11,30.557282698482776,30.6521173099466,16.031025658837365,0.0948346114638241,Pune,2006-12-11,"{""type"":""MultiPoint"",""coordinates"":[]}"
2006_12_19,28.994416657826243,29.122185251406457,15.665478435305955,0.12776859358021397,Pune,2006-12-19,"{""type"":""MultiPoint"",""coordinates"":[]}"
2006_12_27,32.25125464125326,32.79285403982233,16.652394602600005,0.541599398569069,Pune,2006-12-27,"{""type"":""MultiPoint"",""coordinates"":[]}"
2007_01_01,30.263464612194955,30.98764802115182,15.578586300917156,0.7241834089568648,Pune,2007-01-01,"{""type"":""MultiPoint"",""coordinates"":[]}"
2007_01_09,32.02734695946338,32.489760893762636,16.41431809374617,0.46241393429925637,Pune,2007-01-09,"{""type"":""MultiPoint"",""coordinates"":[]}"
2007_01_17,31.84283176467822,32.049253457390606,16.35002520617471,0.20642169271238586,Pune,2007-01-17,"{""type"":""MultiPoint"",""coordinates"":[]}"
2007_01_25,33.47789084331836,34.22204338193629,19.131739914472714,0.7441525386179251,Pune,2007-01-25,"{""type"":""MultiPoint"",""coordinates"":[]}"
2007_02_02,35.254877305529504,35.62177861726348,18.20186555578559,0.3669013117339759,Pune,2007-02-02,"{""type"":""MultiPoint"",""coordinates"":[]}"
2007_02_10,34.52561391845549,35.225713133496875,18.11199875275435,0.7000992150413836,Pune,2007-02-10,"{""type"":""MultiPoint"",""coordinates"":[]}"
2007_02_18,35.775000058936506,36.319124920358554,19.29880601452664,0.5441248614220484,Pune,2007-02-18,"{""type"":""MultiPoint"",""coordinates"":[]}"
2007_02_26,39.71882983035816,39.91409746361187,20.079661448422275,0.19526763325370666,Pune,2007-02-26,"{""type"":""MultiPoint"",""coordinates"":[]}"
2007_03_06,39.230072423037264,39.436505712950826,19.560140423905253,0.20643328991356213,Pune,2007-03-06,"{""type"":""MultiPoint"",""coordinates"":[]}"
2007_03_14,41.964249521284444,42.14319136061861,22.545391209345368,0.17894183933416485,Pune,2007-03-14,"{""type"":""MultiPoint"",""coordinates"":[]}"
2007_03_22,43.13506917799978,43.095298306043276,22.952271804231085,-0.03977087195650597,Pune,2007-03-22,"{""type"":""MultiPoint"",""coordinates"":[]}"
2007_03_30,45.363189241419896,45.26257955348609,24.83460848958549,-0.10060968793380454,Pune,2007-03-30,"{""type"":""MultiPoint"",""coordinates"":[]}"
2007_04_07,45.271224234396655,45.09606989428553,24.08392319062315,-0.17515434011112774,Pune,2007-04-07,"{""type"":""MultiPoint"",""coordinates"":[]}"
2007_04_15,44.00378796027659,45.220382540590506,22.89466335196025,1.2165945803139167,Pune,2007-04-15,"{""type"":""MultiPoint"",""coordinates"":[]}"
2007_04_23,46.748514776208516,47.011145945567186,24.371658739127017,0.26263116935867004,Pune,2007-04-23,"{""type"":""MultiPoint"",""coordinates"":[]}"
2007_05_01,47.188058427103954,47.84901062330904,24.938866530093623,0.6609521962050877,Pune,2007-05-01,"{""type"":""MultiPoint"",""coordinates"":[]}"
2007_05_09,43.078912647947476,43.0472792277441,23.462357968571798,-0.03163342020337723,Pune,2007-05-09,"{""type"":""MultiPoint"",""coordinates"":[]}"
2007_05_17,43.86677890781367,43.292245673128626,23.44613036155808,-0.5745332346850418,Pune,2007-05-17,"{""type"":""MultiPoint"",""coordinates"":[]}"
2007_05_25,42.81055331823127,41.5727090939968,23.345170247091808,-1.2378442242344718,Pune,2007-05-25,"{""type"":""MultiPoint"",""coordinates"":[]}"
2007_06_02,41.97425703246375,40.446563950489995,,-1.5276930819737515,Pune,2007-06-02,"{""type"":""MultiPoint"",""coordinates"":[]}"
2007_06_10,37.632581827480465,39.27116114897764,22.481015683345817,1.6385793214971756,Pune,2007-06-10,"{""type"":""MultiPoint"",""coordinates"":[]}"
2007_06_18,37.28925989462077,38.25474747474751,,0.9654875801267409,Pune,2007-06-18,"{""type"":""MultiPoint"",""coordinates"":[]}"
2007_06_26,27.072770704996604,,,,Pune,2007-06-26,"{""type"":""MultiPoint"",""coordinates"":[]}"
2007_07_04,25.28564106164867,,,,Pune,2007-07-04,"{""type"":""MultiPoint"",""coordinates"":[]}"
2007_07_12,28.850348856658183,,,,Pune,2007-07-12,"{""type"":""MultiPoint"",""coordinates"":[]}"
2007_07_20,28.750710925248335,36.55398744113034,,7.803276515882004,Pune,2007-07-20,"{""type"":""MultiPoint"",""coordinates"":[]}"
2007_07_28,,,,,Pune,2007-07-28,"{""type"":""MultiPoint"",""coordinates"":[]}"
2007_08_05,27.713285022006882,29.151990950226267,,1.4387059282193846,Pune,2007-08-05,"{""type"":""MultiPoint"",""coordinates"":[]}"
2007_08_13,,,,,Pune,2007-08-13,"{""type"":""MultiPoint"",""coordinates"":[]}"
2007_08_21,29.80489140947862,31.18273425953299,19.99000000000001,1.3778428500543676,Pune,2007-08-21,"{""type"":""MultiPoint"",""coordinates"":[]}"
2007_08_29,,,,,Pune,2007-08-29,"{""type"":""MultiPoint"",""coordinates"":[]}"
2007_09_06,33.598027129083576,32.8017133819524,20.290868742907616,-0.7963137471311725,Pune,2007-09-06,"{""type"":""MultiPoint"",""coordinates"":[]}"
2007_09_14,31.80007531928831,,,,Pune,2007-09-14,"{""type"":""MultiPoint"",""coordinates"":[]}"
2007_09_22,30.21107637583796,30.966334891173744,20.041762422360296,0.755258515335786,Pune,2007-09-22,"{""type"":""MultiPoint"",""coordinates"":[]}"
2007_09_30,33.14524700188356,33.82970922982213,21.131334511989163,0.6844622279385675,Pune,2007-09-30,"{""type"":""MultiPoint"",""coordinates"":[]}"
2007_10_08,35.34282870124513,36.101092606260636,19.60409716493729,0.7582639050155038,Pune,2007-10-08,"{""type"":""MultiPoint"",""coordinates"":[]}"
2007_10_16,33.29038557228709,33.63472720315842,18.751676435292296,0.34434163087132674,Pune,2007-10-16,"{""type"":""MultiPoint"",""coordinates"":[]}"
2007_10_24,34.43963086860691,34.76232755066993,18.63951614565446,0.32269668206301816,Pune,2007-10-24,"{""type"":""MultiPoint"",""coordinates"":[]}"
2007_11_01,33.59838211396749,34.241610466123745,20.921206203430987,0.6432283521562567,Pune,2007-11-01,"{""type"":""MultiPoint"",""coordinates"":[]}"
2007_11_09,33.71772882115114,34.55348173927629,18.9644423665563,0.8357529181251522,Pune,2007-11-09,"{""type"":""MultiPoint"",""coordinates"":[]}"
2007_11_17,32.2043772492006,32.90029351175583,14.756445851848097,0.6959162625552295,Pune,2007-11-17,"{""type"":""MultiPoint"",""coordinates"":[]}"
2007_11_25,31.49983823242798,32.78454416585455,15.634537964029436,1.2847059334265687,Pune,2007-11-25,"{""type"":""MultiPoint"",""coordinates"":[]}"
2007_12_03,30.403011091858573,30.925246582972765,15.893845066198246,0.5222354911141913,Pune,2007-12-03,"{""type"":""MultiPoint"",""coordinates"":[]}"
2007_12_11,30.66011582210597,31.363404335611605,17.32939687198626,0.7032885135056368,Pune,2007-12-11,"{""type"":""MultiPoint"",""coordinates"":[]}"
2007_12_19,32.41897102397668,32.996633577388096,18.387663204495173,0.5776625534114146,Pune,2007-12-19,"{""type"":""MultiPoint"",""coordinates"":[]}"
2007_12_27,33.86525165613693,33.92877031084801,17.464157073377066,0.06351865471108198,Pune,2007-12-27,"{""type"":""MultiPoint"",""coordinates"":[]}"
2008_01_01,31.38076307605328,31.949610481991783,15.735003066105257,0.5688474059385022,Pune,2008-01-01,"{""type"":""MultiPoint"",""coordinates"":[]}"
2008_01_09,32.487082209408044,32.9467669241405,17.80862172879983,0.45968471473245387,Pune,2008-01-09,"{""type"":""MultiPoint"",""coordinates"":[]}"
2008_01_17,32.68898476702612,32.92574905078619,16.006239669070524,0.23676428376006697,Pune,2008-01-17,"{""type"":""MultiPoint"",""coordinates"":[]}"
2008_01_25,31.65305486992701,32.035817215819065,12.592581087450233,0.38276234589205416,Pune,2008-01-25,"{""type"":""MultiPoint"",""coordinates"":[]}"
2008_02_02,31.3789661856711,31.875513831015652,14.315189350201676,0.49654764534455254,Pune,2008-02-02,"{""type"":""MultiPoint"",""coordinates"":[]}"
2008_02_10,35.49124082229421,35.72474393553507,19.18203173145172,0.23350311324086448,Pune,2008-02-10,"{""type"":""MultiPoint"",""coordinates"":[]}"
2008_02_18,38.79270919528047,38.71092293062461,19.560563561703084,-0.08178626465586092,Pune,2008-02-18,"{""type"":""MultiPoint"",""coordinates"":[]}"
2008_02_26,39.91240234803213,39.80844314628933,18.93631018594704,-0.10395920174280349,Pune,2008-02-26,"{""type"":""MultiPoint"",""coordinates"":[]}"
2008_03_05,40.907719979012256,40.73222354018581,21.23944642623527,-0.17549643882644972,Pune,2008-03-05,"{""type"":""MultiPoint"",""coordinates"":[]}"
2008_03_13,42.94137646061744,43.20159724809376,22.75936774043996,0.26022078747632094,Pune,2008-03-13,"{""type"":""MultiPoint"",""coordinates"":[]}"
2008_03_21,40.899619680545264,41.347772145214606,22.163752079207924,0.44815246466934155,Pune,2008-03-21,"{""type"":""MultiPoint"",""coordinates"":[]}"
2008_03_29,44.19467252319928,44.1433363438565,21.49139151853528,-0.05133617934278334,Pune,2008-03-29,"{""type"":""MultiPoint"",""coordinates"":[]}"
2008_04_06,42.9280689703932,43.040486091268214,23.926535507185513,0.11241712087501554,Pune,2008-04-06,"{""type"":""MultiPoint"",""coordinates"":[]}"
2008_04_14,47.70100730443399,47.4027987191593,24.354562092039913,-0.2982085852746934,Pune,2008-04-14,"{""type"":""MultiPoint"",""coordinates"":[]}"
2008_04_22,44.12084226949429,43.767062850465294,24.61714630806937,-0.3537794190289958,Pune,2008-04-22,"{""type"":""MultiPoint"",""coordinates"":[]}"
2008_04_30,45.79359404052889,45.50120652508472,23.359049109127636,-0.29238751544416886,Pune,2008-04-30,"{""type"":""MultiPoint"",""coordinates"":[]}"
2008_05_08,44.483523560456256,44.242374595607004,23.76086599693516,-0.24114896484925197,Pune,2008-05-08,"{""type"":""MultiPoint"",""coordinates"":[]}"
2008_05_16,44.564021128057014,45.083797364154194,24.403422358957343,0.5197762360971794,Pune,2008-05-16,"{""type"":""MultiPoint"",""coordinates"":[]}"
2008_05_24,42.79036435132856,42.83767388624758,24.62239034370576,0.047309534919016016,Pune,2008-05-24,"{""type"":""MultiPoint"",""coordinates"":[]}"
2008_06_01,42.348176848303964,42.549463925653036,23.363136769258805,0.2012870773490718,Pune,2008-06-01,"{""type"":""MultiPoint"",""coordinates"":[]}"
2008_06_09,33.5070007770008,,,,Pune,2008-06-09,"{""type"":""MultiPoint"",""coordinates"":[]}"
2008_06_17,33.374146031384626,34.807777777777815,,1.4336317463931891,Pune,2008-06-17,"{""type"":""MultiPoint"",""coordinates"":[]}"
2008_06_25,,,,,Pune,2008-06-25,"{""type"":""MultiPoint"",""coordinates"":[]}"
2008_07_03,24.950000000000017,27.820666666666707,12.490000000000038,2.87066666666669,Pune,2008-07-03,"{""type"":""MultiPoint"",""coordinates"":[]}"
2008_07_11,32.361667782597294,,,,Pune,2008-07-11,"{""type"":""MultiPoint"",""coordinates"":[]}"
2008_07_19,,,,,Pune,2008-07-19,"{""type"":""MultiPoint"",""coordinates"":[]}"
2008_07_27,26.01444444444447,,,,Pune,2008-07-27,"{""type"":""MultiPoint"",""coordinates"":[]}"
2008_08_04,,,,,Pune,2008-08-04,"{""type"":""MultiPoint"",""coordinates"":[]}"
2008_08_12,24.950000000000028,,,,Pune,2008-08-12,"{""type"":""MultiPoint"",""coordinates"":[]}"
2008_08_20,34.548965831325006,34.7534026069848,18.993539104771305,0.20443677565979357,Pune,2008-08-20,"{""type"":""MultiPoint"",""coordinates"":[]}"
2008_08_28,32.066510271845104,33.10559540781874,,1.039085135973636,Pune,2008-08-28,"{""type"":""MultiPoint"",""coordinates"":[]}"
2008_09_05,,,,,Pune,2008-09-05,"{""type"":""MultiPoint"",""coordinates"":[]}"
2008_09_13,25.7566666666667,,,,Pune,2008-09-13,"{""type"":""MultiPoint"",""coordinates"":[]}"
2008_09_21,32.16521185274069,31.48621999609711,20.515218456601435,-0.6789918566435809,Pune,2008-09-21,"{""type"":""MultiPoint"",""coordinates"":[]}"
2008_09_29,33.083597477372145,33.64081401366178,20.348242427378754,0.5572165362896371,Pune,2008-09-29,"{""type"":""MultiPoint"",""coordinates"":[]}"
2008_10_07,32.192458640137495,33.54289163074469,20.897508879136744,1.350432990607196,Pune,2008-10-07,"{""type"":""MultiPoint"",""coordinates"":[]}"
2008_10_15,31.690416845424426,32.64593549428092,19.743565384201684,0.9555186488564935,Pune,2008-10-15,"{""type"":""MultiPoint"",""coordinates"":[]}"
2008_10_23,33.327183713570996,34.23566056325094,18.802572368476003,0.9084768496799427,Pune,2008-10-23,"{""type"":""MultiPoint"",""coordinates"":[]}"
2008_10_31,35.166888519134794,35.884387258038416,18.90464762538499,0.7174987389036218,Pune,2008-10-31,"{""type"":""MultiPoint"",""coordinates"":[]}"
2008_11_08,34.21566891989203,34.558172043010764,18.799533178103967,0.3425031231187319,Pune,2008-11-08,"{""type"":""MultiPoint"",""coordinates"":[]}"
2008_11_16,31.97348818294822,32.839697867176795,21.146544291561295,0.8662096842285756,Pune,2008-11-16,"{""type"":""MultiPoint"",""coordinates"":[]}"
2008_11_24,32.98155286272168,33.43478333939744,16.399232461839695,0.4532304766757633,Pune,2008-11-24,"{""type"":""MultiPoint"",""coordinates"":[]}"
2008_12_02,30.544550337501935,31.047926219794967,16.98125663352057,0.5033758822930317,Pune,2008-12-02,"{""type"":""MultiPoint"",""coordinates"":[]}"
2008_12_10,31.14941884662207,31.446039118930155,18.033582743331223,0.2966202723080862,Pune,2008-12-10,"{""type"":""MultiPoint"",""coordinates"":[]}"
2008_12_18,30.789964204886896,30.939063870009477,16.072746545438218,0.14909966512258066,Pune,2008-12-18,"{""type"":""MultiPoint"",""coordinates"":[]}"
2008_12_26,32.64643558025263,32.630451298428476,14.214896882090951,-0.0159842818241529,Pune,2008-12-26,"{""type"":""MultiPoint"",""coordinates"":[]}"
2009_01_01,30.55817002411234,30.97459271241275,16.776805721096572,0.4164226883004112,Pune,2009-01-01,"{""type"":""MultiPoint"",""coordinates"":[]}"
2009_01_09,31.29566687896587,31.89178227073869,17.41206413796035,0.5961153917728197,Pune,2009-01-09,"{""type"":""MultiPoint"",""coordinates"":[]}"
2009_01_17,32.80576609387625,33.25233810244224,16.750983272098594,0.4465720085659868,Pune,2009-01-17,"{""type"":""MultiPoint"",""coordinates"":[]}"
2009_01_25,36.37101698551344,36.14992049058999,19.063106872488948,-0.22109649492345085,Pune,2009-01-25,"{""type"":""MultiPoint"",""coordinates"":[]}"
2009_02_02,36.460209790539494,36.24212559081706,18.234015698852154,-0.21808419972243342,Pune,2009-02-02,"{""type"":""MultiPoint"",""coordinates"":[]}"
2009_02_10,36.31005474026666,36.10519443490213,18.120570079010673,-0.2048603053645266,Pune,2009-02-10,"{""type"":""MultiPoint"",""coordinates"":[]}"
2009_02_18,38.748625671473,38.530110627615095,20.398939079497918,-0.21851504385790577,Pune,2009-02-18,"{""type"":""MultiPoint"",""coordinates"":[]}"
2009_02_26,43.906803326901276,43.47579499974018,21.706198693625847,-0.43100832716109494,Pune,2009-02-26,"{""type"":""MultiPoint"",""coordinates"":[]}"
2009_03_06,39.758715720514736,39.15135950675804,21.921063252443055,-0.6073562137566952,Pune,2009-03-06,"{""type"":""MultiPoint"",""coordinates"":[]}"
2009_03_14,41.12128128057342,39.96241728561786,21.186120189061484,-1.15886399495556,Pune,2009-03-14,"{""type"":""MultiPoint"",""coordinates"":[]}"
2009_03_22,43.82774204153766,42.969427098490875,22.636353469421735,-0.8583149430467856,Pune,2009-03-22,"{""type"":""MultiPoint"",""coordinates"":[]}"
2009_03_30,44.07120537029835,44.0270849930815,24.004104406893397,-0.04412037721684925,Pune,2009-03-30,"{""type"":""MultiPoint"",""coordinates"":[]}"
2009_04_07,46.05885417341985,45.663904742981536,23.620343325965145,-0.39494943043831654,Pune,2009-04-07,"{""type"":""MultiPoint"",""coordinates"":[]}"
2009_04_15,45.844643974241066,45.54980961128973,23.871059329464387,-0.2948343629513346,Pune,2009-04-15,"{""type"":""MultiPoint"",""coordinates"":[]}"
2009_04_23,45.728834978480776,45.61726074656733,24.86972572966263,-0.11157423191344407,Pune,2009-04-23,"{""type"":""MultiPoint"",""coordinates"":[]}"
2009_05_01,46.60492152599804,46.39443515146322,24.664992416127554,-0.2104863745348169,Pune,2009-05-01,"{""type"":""MultiPoint"",""coordinates"":[]}"
2009_05_09,46.14084931506851,45.53202366763154,24.342779669674787,-0.6088256474369658,Pune,2009-05-09,"{""type"":""MultiPoint"",""coordinates"":[]}"
2009_05_17,45.83408721746033,45.1185556085092,21.66266184307441,-0.7155316089511317,Pune,2009-05-17,"{""type"":""MultiPoint"",""coordinates"":[]}"
2009_05_25,41.12739522265849,41.157228026404724,22.22418975345224,0.029832803746231207,Pune,2009-05-25,"{""type"":""MultiPoint"",""coordinates"":[]}"
2009_06_02,39.46296145898016,39.48220934000649,22.520320815180266,0.019247881026331015,Pune,2009-06-02,"{""type"":""MultiPoint"",""coordinates"":[]}"
2009_06_10,39.71130917885809,39.32776182199195,22.36454182166705,-0.3835473568661385,Pune,2009-06-10,"{""type"":""MultiPoint"",""coordinates"":[]}"
2009_06_18,44.31267430686307,44.028579336930044,20.59388274772999,-0.2840949699330295,Pune,2009-06-18,"{""type"":""MultiPoint"",""coordinates"":[]}"
2009_06_26,38.877058823529445,,,,Pune,2009-06-26,"{""type"":""MultiPoint"",""coordinates"":[]}"
2009_07_04,,,,,Pune,2009-07-04,"{""type"":""MultiPoint"",""coordinates"":[]}"
2009_07_12,25.22948976474185,25.84677761413846,,0.617287849396611,Pune,2009-07-12,"{""type"":""MultiPoint"",""coordinates"":[]}"
2009_07_20,27.285384615384643,25.686000000000025,20.08200000000004,-1.5993846153846185,Pune,2009-07-20,"{""type"":""MultiPoint"",""coordinates"":[]}"
2009_07_28,29.838000000000033,,,,Pune,2009-07-28,"{""type"":""MultiPoint"",""coordinates"":[]}"
2009_08_05,29.790361608651605,31.557777777777815,16.13111111111114,1.7674161691262107,Pune,2009-08-05,"{""type"":""MultiPoint"",""coordinates"":[]}"
2009_08_13,,,,,Pune,2009-08-13,"{""type"":""MultiPoint"",""coordinates"":[]}"
2009_08_21,33.53000000000003,,,,Pune,2009-08-21,"{""type"":""MultiPoint"",""coordinates"":[]}"
2009_08_29,31.836225471335165,,,,Pune,2009-08-29,"{""type"":""MultiPoint"",""coordinates"":[]}"
2009_09_06,34.03112654320991,,,,Pune,2009-09-06,"{""type"":""MultiPoint"",""coordinates"":[]}"
2009_09_14,30.301173338180988,31.207780476643105,22.088891822438175,0.9066071384621175,Pune,2009-09-14,"{""type"":""MultiPoint"",""coordinates"":[]}"
2009_09_22,31.1834999100983,31.943615231044753,22.48106444233097,0.7601153209464542,Pune,2009-09-22,"{""type"":""MultiPoint"",""coordinates"":[]}"
2009_09_30,26.510000000000048,,,,Pune,2009-09-30,"{""type"":""MultiPoint"",""coordinates"":[]}"
2009_10_08,31.398860501959913,31.871011844363764,20.78678068486787,0.47215134240385126,Pune,2009-10-08,"{""type"":""MultiPoint"",""coordinates"":[]}"
2009_10_16,33.12018772720572,33.999262980587055,20.351230302775125,0.8790752533813375,Pune,2009-10-16,"{""type"":""MultiPoint"",""coordinates"":[]}"
2009_10_24,33.58692532739254,34.21115212239641,17.62978979753048,0.6242267950038709,Pune,2009-10-24,"{""type"":""MultiPoint"",""coordinates"":[]}"
2009_11_01,32.98040580581645,33.79869718309863,17.91688217107527,0.8182913772821792,Pune,2009-11-01,"{""type"":""MultiPoint"",""coordinates"":[]}"
2009_11_09,27.983944213733675,30.39000000000004,20.23000000000002,2.4060557862663643,Pune,2009-11-09,"{""type"":""MultiPoint"",""coordinates"":[]}"
2009_11_17,28.571259533461156,29.275031687062985,19.045055361305387,0.7037721536018289,Pune,2009-11-17,"{""type"":""MultiPoint"",""coordinates"":[]}"
2009_11_25,30.037409677857074,30.51474424596364,17.289824115424295,0.47733456810656705,Pune,2009-11-25,"{""type"":""MultiPoint"",""coordinates"":[]}"
2009_12_03,28.516232962800018,29.026665415147015,17.768675713366264,0.510432452346997,Pune,2009-12-03,"{""type"":""MultiPoint"",""coordinates"":[]}"
2009_12_11,29.935607588593513,30.609787840223362,18.215346689108795,0.6741802516298492,Pune,2009-12-11,"{""type"":""MultiPoint"",""coordinates"":[]}"
2009_12_19,28.775696570253853,29.774030499332532,16.050308039674256,0.9983339290786795,Pune,2009-12-19,"{""type"":""MultiPoint"",""coordinates"":[]}"
2009_12_27,29.78366146050795,30.124253179038156,15.878093281119403,0.34059171853020587,Pune,2009-12-27,"{""type"":""MultiPoint"",""coordinates"":[]}"
2010_01_01,30.182554879343293,30.788832283330514,17.352195130257147,0.606277403987221,Pune,2010-01-01,"{""type"":""MultiPoint"",""coordinates"":[]}"
2010_01_09,29.434625624352055,30.083671755725245,17.93924493859943,0.6490461313731899,Pune,2010-01-09,"{""type"":""MultiPoint"",""coordinates"":[]}"
2010_01_17,31.15031479221569,31.61714340158121,16.267906993715812,0.4668286093655212,Pune,2010-01-17,"{""type"":""MultiPoint"",""coordinates"":[]}"
2010_01_25,30.85670460963432,31.27742568233431,16.78132404987363,0.4207210726999904,Pune,2010-01-25,"{""type"":""MultiPoint"",""coordinates"":[]}"
2010_02_02,32.33820800603872,32.47243930032205,18.69597545905494,0.1342312942833317,Pune,2010-02-02,"{""type"":""MultiPoint"",""coordinates"":[]}"
2010_02_10,35.27201053152391,35.51099231537361,19.441397907350353,0.23898178384970237,Pune,2010-02-10,"{""type"":""MultiPoint"",""coordinates"":[]}"
2010_02_18,37.11186089684614,37.330149822959804,18.769029051661654,0.21828892611366513,Pune,2010-02-18,"{""type"":""MultiPoint"",""coordinates"":[]}"
2010_02_26,38.243462703753714,38.35531555918762,21.048501455641272,0.11185285543390933,Pune,2010-02-26,"{""type"":""MultiPoint"",""coordinates"":[]}"
2010_03_06,40.043105119660716,39.77064690679327,21.634694136866994,-0.2724582128674484,Pune,2010-03-06,"{""type"":""MultiPoint"",""coordinates"":[]}"
2010_03_14,41.907574680337255,41.46983517777259,22.364965683837852,-0.43773950256466776,Pune,2010-03-14,"{""type"":""MultiPoint"",""coordinates"":[]}"
2010_03_22,43.183323535127094,42.86115541601259,22.931294389820756,-0.32216811911450094,Pune,2010-03-22,"{""type"":""MultiPoint"",""coordinates"":[]}"
2010_03_30,44.90441112387679,44.680500555793095,22.855267892261725,-0.2239105680836957,Pune,2010-03-30,"{""type"":""MultiPoint"",""coordinates"":[]}"
2010_04_07,46.40031931147177,46.57835288448902,25.495733584475932,0.17803357301725242,Pune,2010-04-07,"{""type"":""MultiPoint"",""coordinates"":[]}"
2010_04_15,44.69870398585955,44.595762488295485,24.31736994666777,-0.10294149756406767,Pune,2010-04-15,"{""type"":""MultiPoint"",""coordinates"":[]}"
2010_04_23,48.05427701515965,48.28559147750323,26.245918831684246,0.23131446234358322,Pune,2010-04-23,"{""type"":""MultiPoint"",""coordinates"":[]}"
2010_05_01,43.47768793530107,44.235009962212345,23.942907248368293,0.7573220269112753,Pune,2010-05-01,"{""type"":""MultiPoint"",""coordinates"":[]}"
2010_05_09,46.57486432151313,46.6993748604599,25.81342933690558,0.12451053894676534,Pune,2010-05-09,"{""type"":""MultiPoint"",""coordinates"":[]}"
2010_05_17,42.53657403007289,42.13458459503674,23.97937784970941,-0.4019894350361497,Pune,2010-05-17,"{""type"":""MultiPoint"",""coordinates"":[]}"
2010_05_25,42.18147649432916,42.044985251229136,24.285767852678987,-0.13649124310002492,Pune,2010-05-25,"{""type"":""MultiPoint"",""coordinates"":[]}"
2010_06_02,40.38984346779046,40.357440880200485,24.018527854760315,-0.03240258758997783,Pune,2010-06-02,"{""type"":""MultiPoint"",""coordinates"":[]}"
2010_06_10,38.63097696581415,42.32544111981512,,3.6944641540009684,Pune,2010-06-10,"{""type"":""MultiPoint"",""coordinates"":[]}"
2010_06_18,,,,,Pune,2010-06-18,"{""type"":""MultiPoint"",""coordinates"":[]}"
2010_06_26,,,,,Pune,2010-06-26,"{""type"":""MultiPoint"",""coordinates"":[]}"
2010_07_04,33.265661236466684,,,,Pune,2010-07-04,"{""type"":""MultiPoint"",""coordinates"":[]}"
2010_07_12,36.323723404255325,,,,Pune,2010-07-12,"{""type"":""MultiPoint"",""coordinates"":[]}"
2010_07_20,,,,,Pune,2010-07-20,"{""type"":""MultiPoint"",""coordinates"":[]}"
2010_07_28,,,,,Pune,2010-07-28,"{""type"":""MultiPoint"",""coordinates"":[]}"
2010_08_05,28.55768721344884,26.777098381071017,20.281930261519317,-1.7805888323778234,Pune,2010-08-05,"{""type"":""MultiPoint"",""coordinates"":[]}"
2010_08_13,,,,,Pune,2010-08-13,"{""type"":""MultiPoint"",""coordinates"":[]}"
2010_08_21,,,,,Pune,2010-08-21,"{""type"":""MultiPoint"",""coordinates"":[]}"
2010_08_29,,,,,Pune,2010-08-29,"{""type"":""MultiPoint"",""coordinates"":[]}"
2010_09_06,29.44387952822244,30.275316455696235,19.585000000000036,0.8314369274737956,Pune,2010-09-06,"{""type"":""MultiPoint"",""coordinates"":[]}"
2010_09_14,30.899285908227014,32.35000000000002,,1.4507140917730084,Pune,2010-09-14,"{""type"":""MultiPoint"",""coordinates"":[]}"
2010_09_22,32.114798825667556,33.37096064727462,21.010264645072393,1.2561618216070656,Pune,2010-09-22,"{""type"":""MultiPoint"",""coordinates"":[]}"
2010_09_30,31.259565586792675,32.40219339256453,20.44356145950148,1.142627805771852,Pune,2010-09-30,"{""type"":""MultiPoint"",""coordinates"":[]}"
2010_10_08,31.163226263138906,31.935355900765146,20.532930779900685,0.7721296376262394,Pune,2010-10-08,"{""type"":""MultiPoint"",""coordinates"":[]}"
2010_10_16,30.549167210060574,31.340769230769258,,0.7916020207086838,Pune,2010-10-16,"{""type"":""MultiPoint"",""coordinates"":[]}"
2010_10_24,29.723911015420345,30.61075308867071,19.566168225110506,0.8868420732503637,Pune,2010-10-24,"{""type"":""MultiPoint"",""coordinates"":[]}"
2010_11_01,30.21109131015569,30.956133287866887,19.284792523603542,0.7450419777111961,Pune,2010-11-01,"{""type"":""MultiPoint"",""coordinates"":[]}"
2010_11_09,30.99483443608335,31.547404414392147,17.162900202309956,0.5525699783087958,Pune,2010-11-09,"{""type"":""MultiPoint"",""coordinates"":[]}"
2010_11_17,29.246585075991327,30.05569586651501,20.281310592459626,0.8091107905236825,Pune,2010-11-17,"{""type"":""MultiPoint"",""coordinates"":[]}"
2010_11_25,28.76274451678112,29.391327795202237,19.322931423243226,0.628583278421118,Pune,2010-11-25,"{""type"":""MultiPoint"",""coordinates"":[]}"
2010_12_03,28.5955446004288,29.302367173043017,16.985508886689367,0.7068225726142181,Pune,2010-12-03,"{""type"":""MultiPoint"",""coordinates"":[]}"
2010_12_11,27.591734985700647,28.152220261503853,14.139360357635065,0.560485275803206,Pune,2010-12-11,"{""type"":""MultiPoint"",""coordinates"":[]}"
2010_12_19,28.74372568572679,28.58691190648871,13.732541871080603,-0.1568137792380817,Pune,2010-12-19,"{""type"":""MultiPoint"",""coordinates"":[]}"
2010_12_27,27.837323442628218,28.405041597715016,15.944647836238783,0.5677181550867978,Pune,2010-12-27,"{""type"":""MultiPoint"",""coordinates"":[]}"
2011_01_01,28.444306098632037,28.47336714738498,14.338237912199109,0.029061048752943464,Pune,2011-01-01,"{""type"":""MultiPoint"",""coordinates"":[]}"
2011_01_09,30.63260890167699,30.583056357283954,14.148877242729617,-0.049552544393034026,Pune,2011-01-09,"{""type"":""MultiPoint"",""coordinates"":[]}"
2011_01_17,32.871782046066876,32.902825257218744,15.833673083305712,0.031043211151867922,Pune,2011-01-17,"{""type"":""MultiPoint"",""coordinates"":[]}"
2011_01_25,32.825243623508555,32.956920413414245,17.247677205529662,0.13167678990568987,Pune,2011-01-25,"{""type"":""MultiPoint"",""coordinates"":[]}"
2011_02_02,34.964216138141644,35.16467625290761,17.848810234721963,0.20046011476596703,Pune,2011-02-02,"{""type"":""MultiPoint"",""coordinates"":[]}"
2011_02_10,33.90926990131095,33.824760088540806,18.134490549974494,-0.08450981277014336,Pune,2011-02-10,"{""type"":""MultiPoint"",""coordinates"":[]}"
2011_02_18,35.22331509919092,35.56310969806714,18.4625617551691,0.33979459887621744,Pune,2011-02-18,"{""type"":""MultiPoint"",""coordinates"":[]}"
2011_02_26,35.96692235039176,36.03683947494663,21.214086520430868,0.06991712455486976,Pune,2011-02-26,"{""type"":""MultiPoint"",""coordinates"":[]}"
2011_03_06,40.97080696603648,40.79930378746936,20.495026233733864,-0.1715031785671144,Pune,2011-03-06,"{""type"":""MultiPoint"",""coordinates"":[]}"
2011_03_14,42.402551766885324,42.156134526332345,21.00076332749045,-0.24641724055297942,Pune,2011-03-14,"{""type"":""MultiPoint"",""coordinates"":[]}"
2011_03_22,43.001498153065555,43.05781327783204,22.22367421314195,0.056315124766484814,Pune,2011-03-22,"{""type"":""MultiPoint"",""coordinates"":[]}"
2011_03_30,43.92859330397406,43.478560556290276,21.61974344097949,-0.4500327476837853,Pune,2011-03-30,"{""type"":""MultiPoint"",""coordinates"":[]}"
2011_04_07,44.088158658268995,44.019919979655825,23.080696109180337,-0.06823867861317012,Pune,2011-04-07,"{""type"":""MultiPoint"",""coordinates"":[]}"
2011_04_15,44.192281382527504,43.85538451607356,24.503886646296905,-0.3368968664539409,Pune,2011-04-15,"{""type"":""MultiPoint"",""coordinates"":[]}"
2011_04_23,43.6605638341762,43.719827775501926,24.53669922163053,0.059263941325724545,Pune,2011-04-23,"{""type"":""MultiPoint"",""coordinates"":[]}"
2011_05_01,42.87701552634053,42.81467269377442,24.095616693088854,-0.06234283256610951,Pune,2011-05-01,"{""type"":""MultiPoint"",""coordinates"":[]}"
2011_05_09,43.77272677643945,43.5600744257015,23.4528081715691,-0.21265235073794742,Pune,2011-05-09,"{""type"":""MultiPoint"",""coordinates"":[]}"
2011_05_17,40.88254748717345,40.71010094262598,24.013284903139656,-0.17244654454746922,Pune,2011-05-17,"{""type"":""MultiPoint"",""coordinates"":[]}"
2011_05_25,42.56138415127717,42.27073742798212,23.617209438793687,-0.2906467232950476,Pune,2011-05-25,"{""type"":""MultiPoint"",""coordinates"":[]}"
2011_06_02,39.2541076709571,39.9742549309093,,0.7201472599521992,Pune,2011-06-02,"{""type"":""MultiPoint"",""coordinates"":[]}"
2011_06_10,,,,,Pune,2011-06-10,"{""type"":""MultiPoint"",""coordinates"":[]}"
2011_06_18,,28.840000000000032,16.590000000000032,,Pune,2011-06-18,"{""type"":""MultiPoint"",""coordinates"":[]}"
2011_06_26,31.563009708737894,,,,Pune,2011-06-26,"{""type"":""MultiPoint"",""coordinates"":[]}"
2011_07_04,34.110683745264325,28.961220771333167,,-5.149462973931158,Pune,2011-07-04,"{""type"":""MultiPoint"",""coordinates"":[]}"
2011_07_12,,,,,Pune,2011-07-12,"{""type"":""MultiPoint"",""coordinates"":[]}"
2011_07_20,,,,,Pune,2011-07-20,"{""type"":""MultiPoint"",""coordinates"":[]}"
2011_07_28,,,,,Pune,2011-07-28,"{""type"":""MultiPoint"",""coordinates"":[]}"
2011_08_05,27.868508048043168,29.396326630701346,18.02634296110988,1.5278185826581776,Pune,2011-08-05,"{""type"":""MultiPoint"",""coordinates"":[]}"
2011_08_13,39.065408947130614,,,,Pune,2011-08-13,"{""type"":""MultiPoint"",""coordinates"":[]}"
2011_08_21,,,,,Pune,2011-08-21,"{""type"":""MultiPoint"",""coordinates"":[]}"
2011_08_29,,,,,Pune,2011-08-29,"{""type"":""MultiPoint"",""coordinates"":[]}"
2011_09_06,27.507560201502038,26.705408927086253,,-0.8021512744157846,Pune,2011-09-06,"{""type"":""MultiPoint"",""coordinates"":[]}"
2011_09_14,29.372007769225263,34.239009900990126,19.884059405940626,4.867002131764863,Pune,2011-09-14,"{""type"":""MultiPoint"",""coordinates"":[]}"
2011_09_22,32.293121070696365,32.90348419882487,20.547076385580453,0.6103631281285047,Pune,2011-09-22,"{""type"":""MultiPoint"",""coordinates"":[]}"
2011_09_30,32.5525276269068,32.763199589752844,20.78342004125018,0.2106719628460425,Pune,2011-09-30,"{""type"":""MultiPoint"",""coordinates"":[]}"
2011_10_08,32.6105568037651,33.03104778490427,,0.4204909811391673,Pune,2011-10-08,"{""type"":""MultiPoint"",""coordinates"":[]}"
2011_10_16,31.636931319616703,32.33113022243935,19.84465737246374,0.6941989028226452,Pune,2011-10-16,"{""type"":""MultiPoint"",""coordinates"":[]}"
2011_10_24,31.644744028430438,32.545174467567925,19.124793842627593,0.9004304391374873,Pune,2011-10-24,"{""type"":""MultiPoint"",""coordinates"":[]}"
2011_11_01,32.59303265476969,33.36341883667982,19.789257131028794,0.7703861819101334,Pune,2011-11-01,"{""type"":""MultiPoint"",""coordinates"":[]}"
2011_11_09,33.03165498961209,33.30784639585928,18.95525765610334,0.27619140624718597,Pune,2011-11-09,"{""type"":""MultiPoint"",""coordinates"":[]}"
2011_11_17,32.64218511640519,32.81298075468532,16.62505739978153,0.17079563828013278,Pune,2011-11-17,"{""type"":""MultiPoint"",""coordinates"":[]}"
2011_11_25,31.66076144277759,31.9176457147879,19.29393149812163,0.25688427201030706,Pune,2011-11-25,"{""type"":""MultiPoint"",""coordinates"":[]}"
2011_12_03,33.02257898709702,33.17429393186509,18.268457068261288,0.15171494476806657,Pune,2011-12-03,"{""type"":""MultiPoint"",""coordinates"":[]}"
2011_12_11,30.681106611064024,31.076393602766416,16.718622433542283,0.3952869917023918,Pune,2011-12-11,"{""type"":""MultiPoint"",""coordinates"":[]}"
2011_12_19,30.182350277881095,30.101513530162382,15.761450345404189,-0.0808367477187133,Pune,2011-12-19,"{""type"":""MultiPoint"",""coordinates"":[]}"
2011_12_27,29.65894851324105,29.643980992217372,14.535873349311993,-0.014967521023677932,Pune,2011-12-27,"{""type"":""MultiPoint"",""coordinates"":[]}"
2012_01_01,32.774754523607584,32.941535062761524,17.126679163179954,0.1667805391539403,Pune,2012-01-01,"{""type"":""MultiPoint"",""coordinates"":[]}"
2012_01_09,30.402510013193954,30.569021181622972,13.446708131553493,0.16651116842901814,Pune,2012-01-09,"{""type"":""MultiPoint"",""coordinates"":[]}"
2012_01_17,30.392692726475737,30.343252093391538,15.682902176438729,-0.04944063308419899,Pune,2012-01-17,"{""type"":""MultiPoint"",""coordinates"":[]}"
2012_01_25,32.03015401298968,32.00211321375686,16.584380121770643,-0.028040799232819325,Pune,2012-01-25,"{""type"":""MultiPoint"",""coordinates"":[]}"
2012_02_02,32.6746578739847,32.504579334696864,17.03778611009145,-0.1700785392878359,Pune,2012-02-02,"{""type"":""MultiPoint"",""coordinates"":[]}"
2012_02_10,36.59063469730431,36.371349519810444,17.402759822059654,-0.219285177493866,Pune,2012-02-10,"{""type"":""MultiPoint"",""coordinates"":[]}"
2012_02_18,37.821572484902056,37.566048198993045,20.003397598657347,-0.25552428590901144,Pune,2012-02-18,"{""type"":""MultiPoint"",""coordinates"":[]}"
2012_02_26,40.47557981739585,39.986488601006506,19.303800786477236,-0.4890912163893404,Pune,2012-02-26,"{""type"":""MultiPoint"",""coordinates"":[]}"
2012_03_05,39.135364192510345,38.397920305068794,18.603508376537153,-0.7374438874415503,Pune,2012-03-05,"{""type"":""MultiPoint"",""coordinates"":[]}"
2012_03_13,44.81914567516712,44.05228957849321,21.83216329239963,-0.7668560966739122,Pune,2012-03-13,"{""type"":""MultiPoint"",""coordinates"":[]}"
2012_03_21,42.42663498011499,41.534440651533615,22.014227690175026,-0.8921943285813754,Pune,2012-03-21,"{""type"":""MultiPoint"",""coordinates"":[]}"
2012_03_29,43.47597171374153,43.29622684389285,23.993486770933828,-0.1797448698486761,Pune,2012-03-29,"{""type"":""MultiPoint"",""coordinates"":[]}"
2012_04_06,44.73811816793713,44.27046979586748,23.364634848043924,-0.4676483720696538,Pune,2012-04-06,"{""type"":""MultiPoint"",""coordinates"":[]}"
2012_04_14,44.24729996272426,43.81283828671338,24.91658111888117,-0.4344616760108835,Pune,2012-04-14,"{""type"":""MultiPoint"",""coordinates"":[]}"
2012_04_22,44.815422819266566,44.76126515604961,24.16736143651136,-0.05415766321695514,Pune,2012-04-22,"{""type"":""MultiPoint"",""coordinates"":[]}"
2012_04_30,45.54611227574018,45.256124592937226,23.718725903996646,-0.28998768280295195,Pune,2012-04-30,"{""type"":""MultiPoint"",""coordinates"":[]}"
2012_05_08,43.390829540099865,43.86949925988587,24.827523704800186,0.47866971978600503,Pune,2012-05-08,"{""type"":""MultiPoint"",""coordinates"":[]}"
2012_05_16,47.26727568855788,47.50185190252245,25.1915356990167,0.23457621396457284,Pune,2012-05-16,"{""type"":""MultiPoint"",""coordinates"":[]}"
2012_05_24,41.15947739783348,40.703151640207174,23.847048048174546,-0.4563257576263027,Pune,2012-05-24,"{""type"":""MultiPoint"",""coordinates"":[]}"
2012_06_01,40.87868814963911,40.564940560376144,22.8170835722386,-0.31374758926296664,Pune,2012-06-01,"{""type"":""MultiPoint"",""coordinates"":[]}"
2012_06_09,42.68920969187022,41.98019529188221,23.471085893240456,-0.709014399988007,Pune,2012-06-09,"{""type"":""MultiPoint"",""coordinates"":[]}"
2012_06_17,35.79736486671975,,,,Pune,2012-06-17,"{""type"":""MultiPoint"",""coordinates"":[]}"
2012_06_25,35.02645710410312,35.22746692797651,20.187500000000032,0.20100982387338462,Pune,2012-06-25,"{""type"":""MultiPoint"",""coordinates"":[]}"
2012_07_03,35.17853110451265,,,,Pune,2012-07-03,"{""type"":""MultiPoint"",""coordinates"":[]}"
2012_07_11,40.274879653679676,38.870000000000026,,-1.4048796536796502,Pune,2012-07-11,"{""type"":""MultiPoint"",""coordinates"":[]}"
2012_07_19,,,,,Pune,2012-07-19,"{""type"":""MultiPoint"",""coordinates"":[]}"
2012_07_27,,,,,Pune,2012-07-27,"{""type"":""MultiPoint"",""coordinates"":[]}"
2012_08_04,,,,,Pune,2012-08-04,"{""type"":""MultiPoint"",""coordinates"":[]}"
2012_08_12,31.03572020859653,30.548860869565235,15.562434782608731,-0.4868593390312945,Pune,2012-08-12,"{""type"":""MultiPoint"",""coordinates"":[]}"
2012_08_20,37.02452577076961,26.972006578947383,20.518322368421096,-10.052519191822224,Pune,2012-08-20,"{""type"":""MultiPoint"",""coordinates"":[]}"
2012_08_28,32.7366666666667,,,,Pune,2012-08-28,"{""type"":""MultiPoint"",""coordinates"":[]}"
2012_09_05,32.227872340425556,,,,Pune,2012-09-05,"{""type"":""MultiPoint"",""coordinates"":[]}"
2012_09_13,27.79431408090963,29.116143497757886,,1.3218294168482565,Pune,2012-09-13,"{""type"":""MultiPoint"",""coordinates"":[]}"
2012_09_21,32.72203979481266,32.96975107329949,21.03265626846275,0.2477112784868325,Pune,2012-09-21,"{""type"":""MultiPoint"",""coordinates"":[]}"
2012_09_29,34.352690217593356,41.596482558139556,23.215145348837222,7.2437923405462,Pune,2012-09-29,"{""type"":""MultiPoint"",""coordinates"":[]}"
2012_10_07,32.216932696052375,33.43073650848785,20.97658932835502,1.2138038124354722,Pune,2012-10-07,"{""type"":""MultiPoint"",""coordinates"":[]}"
2012_10_15,32.569424896237166,33.36444316373021,19.693533673637468,0.7950182674930417,Pune,2012-10-15,"{""type"":""MultiPoint"",""coordinates"":[]}"
2012_10_23,31.142571821059512,31.969365076539706,19.690069775720925,0.8267932554801938,Pune,2012-10-23,"{""type"":""MultiPoint"",""coordinates"":[]}"
2012_10_31,32.99636883667988,33.557048311244166,20.47999059427108,0.5606794745642887,Pune,2012-10-31,"{""type"":""MultiPoint"",""coordinates"":[]}"
2012_11_08,32.90984572768966,33.53052991099154,18.890872365969816,0.6206841833018828,Pune,2012-11-08,"{""type"":""MultiPoint"",""coordinates"":[]}"
2012_11_16,31.455689991518337,31.65263998271023,16.40811955910961,0.19694999119189305,Pune,2012-11-16,"{""type"":""MultiPoint"",""coordinates"":[]}"
2012_11_24,33.52104500054205,33.5869003175587,18.578962211378773,0.06585531701664848,Pune,2012-11-24,"{""type"":""MultiPoint"",""coordinates"":[]}"
2012_12_02,31.548373992356936,31.681363812085063,19.295633414572688,0.1329898197281274,Pune,2012-12-02,"{""type"":""MultiPoint"",""coordinates"":[]}"
2012_12_10,32.17748801754475,32.672222779338696,17.95276533390971,0.4947347617939428,Pune,2012-12-10,"{""type"":""MultiPoint"",""coordinates"":[]}"
2012_12_18,29.96501732803063,30.100080159986696,17.415033913840556,0.13506283195606628,Pune,2012-12-18,"{""type"":""MultiPoint"",""coordinates"":[]}"
2012_12_26,31.19132958158577,31.07384656375562,15.637086318460591,-0.1174830178301498,Pune,2012-12-26,"{""type"":""MultiPoint"",""coordinates"":[]}"
2013_01_01,32.82098362742676,32.640739079915704,16.6959102293756,-0.18024454751105878,Pune,2013-01-01,"{""type"":""MultiPoint"",""coordinates"":[]}"
2013_01_09,33.05278205196225,32.99196150016604,17.49717341520082,-0.060820551796204825,Pune,2013-01-09,"{""type"":""MultiPoint"",""coordinates"":[]}"
2013_01_17,31.82352241071294,31.93462297579822,16.98927677970309,0.11110056508528032,Pune,2013-01-17,"{""type"":""MultiPoint"",""coordinates"":[]}"
2013_01_25,32.82160666959963,32.74503086500147,17.757297684473752,-0.07657580459816415,Pune,2013-01-25,"{""type"":""MultiPoint"",""coordinates"":[]}"
2013_02_02,33.00609940786565,33.11475774870491,19.40922574413914,0.10865834083926273,Pune,2013-02-02,"{""type"":""MultiPoint"",""coordinates"":[]}"
2013_02_10,35.47087456106321,35.692934551600665,19.860267081680842,0.22205999053745273,Pune,2013-02-10,"{""type"":""MultiPoint"",""coordinates"":[]}"
2013_02_18,37.66331328674126,37.4159596216436,19.620179515866592,-0.24735366509765555,Pune,2013-02-18,"{""type"":""MultiPoint"",""coordinates"":[]}"
2013_02_26,41.11178141612747,40.99565781613016,19.77170876203124,-0.1161235999973087,Pune,2013-02-26,"{""type"":""MultiPoint"",""coordinates"":[]}"
2013_03_06,41.354292685226135,40.53138752378941,21.77339217593574,-0.8229051614367222,Pune,2013-03-06,"{""type"":""MultiPoint"",""coordinates"":[]}"
2013_03_14,42.67591990472982,42.131346552575295,21.24035017278267,-0.5445733521545222,Pune,2013-03-14,"{""type"":""MultiPoint"",""coordinates"":[]}"
2013_03_22,42.885651251245115,41.40552414797133,22.626473247791402,-1.4801271032737873,Pune,2013-03-22,"{""type"":""MultiPoint"",""coordinates"":[]}"
2013_03_30,46.95284250405066,46.27223656092797,23.482445183553022,-0.6806059431226856,Pune,2013-03-30,"{""type"":""MultiPoint"",""coordinates"":[]}"
2013_04_07,46.606149820940594,45.97075815878163,24.680069024359025,-0.6353916621589661,Pune,2013-04-07,"{""type"":""MultiPoint"",""coordinates"":[]}"
2013_04_15,45.77946659356328,45.202205149570915,23.120751104074696,-0.5772614439923629,Pune,2013-04-15,"{""type"":""MultiPoint"",""coordinates"":[]}"
2013_04_23,46.820613121225435,46.47605530306253,26.396852652593154,-0.34455781816290454,Pune,2013-04-23,"{""type"":""MultiPoint"",""coordinates"":[]}"
2013_05_01,48.133732554434495,47.81371926817779,25.78480543296634,-0.3200132862567031,Pune,2013-05-01,"{""type"":""MultiPoint"",""coordinates"":[]}"
2013_05_09,43.13989032607665,42.700048446995346,24.339583558406527,-0.4398418790813068,Pune,2013-05-09,"{""type"":""MultiPoint"",""coordinates"":[]}"
2013_05_17,41.742220460925196,41.67686430779805,24.50156149089664,-0.06535615312714782,Pune,2013-05-17,"{""type"":""MultiPoint"",""coordinates"":[]}"
2013_05_25,41.34416523000793,40.99160176227742,24.478888717727553,-0.35256346773051206,Pune,2013-05-25,"{""type"":""MultiPoint"",""coordinates"":[]}"
2013_06_02,45.7265209829991,43.85863284608776,,-1.8678881369113398,Pune,2013-06-02,"{""type"":""MultiPoint"",""coordinates"":[]}"
2013_06_10,30.734844547443004,30.347219333490916,,-0.38762521395208793,Pune,2013-06-10,"{""type"":""MultiPoint"",""coordinates"":[]}"
2013_06_18,34.02000000000004,,,,Pune,2013-06-18,"{""type"":""MultiPoint"",""coordinates"":[]}"
2013_06_26,,,,,Pune,2013-06-26,"{""type"":""MultiPoint"",""coordinates"":[]}"
2013_07_04,,,,,Pune,2013-07-04,"{""type"":""MultiPoint"",""coordinates"":[]}"
2013_07_12,,,,,Pune,2013-07-12,"{""type"":""MultiPoint"",""coordinates"":[]}"
2013_07_20,,,,,Pune,2013-07-20,"{""type"":""MultiPoint"",""coordinates"":[]}"
2013_07_28,25.93699241939907,,,,Pune,2013-07-28,"{""type"":""MultiPoint"",""coordinates"":[]}"
2013_08_05,,,,,Pune,2013-08-05,"{""type"":""MultiPoint"",""coordinates"":[]}"
2013_08_13,24.435000000000034,,,,Pune,2013-08-13,"{""type"":""MultiPoint"",""coordinates"":[]}"
2013_08_21,28.312128796122295,31.097775768535282,,2.7856469724129873,Pune,2013-08-21,"{""type"":""MultiPoint"",""coordinates"":[]}"
2013_08_29,33.90841723923281,35.34809468798771,20.623151739932347,1.4396774487548996,Pune,2013-08-29,"{""type"":""MultiPoint"",""coordinates"":[]}"
2013_09_06,31.969938841416386,30.69048287755607,,-1.2794559638603147,Pune,2013-09-06,"{""type"":""MultiPoint"",""coordinates"":[]}"
2013_09_14,31.141374215158887,32.115686929195725,,0.974312714036838,Pune,2013-09-14,"{""type"":""MultiPoint"",""coordinates"":[]}"
2013_09_22,32.0040228083239,31.10416058394164,19.639248120300785,-0.8998622243822645,Pune,2013-09-22,"{""type"":""MultiPoint"",""coordinates"":[]}"
2013_09_30,31.11494863851298,31.59284260163277,20.5073920339133,0.47789396311979004,Pune,2013-09-30,"{""type"":""MultiPoint"",""coordinates"":[]}"
2013_10_08,30.84093814228892,32.35919305990454,21.99328473897647,1.5182549176156215,Pune,2013-10-08,"{""type"":""MultiPoint"",""coordinates"":[]}"
2013_10_16,32.953092169783346,34.88623181041659,21.83234924971721,1.933139640633243,Pune,2013-10-16,"{""type"":""MultiPoint"",""coordinates"":[]}"
2013_10_24,32.34187733063373,33.15612561238488,21.30329100529102,0.8142482817511549,Pune,2013-10-24,"{""type"":""MultiPoint"",""coordinates"":[]}"
2013_11_01,30.569730462398457,32.21721436627057,20.378256942637123,1.6474839038721107,Pune,2013-11-01,"{""type"":""MultiPoint"",""coordinates"":[]}"
2013_11_09,31.865259767270608,32.80420354651654,18.04843465837468,0.9389437792459319,Pune,2013-11-09,"{""type"":""MultiPoint"",""coordinates"":[]}"
2013_11_17,32.37108301104372,33.1593426630574,18.562889830941327,0.7882596520136786,Pune,2013-11-17,"{""type"":""MultiPoint"",""coordinates"":[]}"
2013_11_25,30.570244211967776,31.143392339204045,17.776904882935167,0.5731481272362693,Pune,2013-11-25,"{""type"":""MultiPoint"",""coordinates"":[]}"
2013_12_03,30.360678171081037,30.893972902097943,15.295311713286738,0.5332947310169054,Pune,2013-12-03,"{""type"":""MultiPoint"",""coordinates"":[]}"
2013_12_11,31.079718591839807,31.42008017480462,14.134404907975508,0.3403615829648139,Pune,2013-12-11,"{""type"":""MultiPoint"",""coordinates"":[]}"
2013_12_19,30.116143891589395,30.55945904745871,15.826433402113981,0.443315155869314,Pune,2013-12-19,"{""type"":""MultiPoint"",""coordinates"":[]}"
2013_12_27,29.612711100880027,30.151787457948807,17.724096610023317,0.5390763570687795,Pune,2013-12-27,"{""type"":""MultiPoint"",""coordinates"":[]}"
2014_01_01,30.003908381204898,30.497428815733265,17.423215049166316,0.49352043452836725,Pune,2014-01-01,"{""type"":""MultiPoint"",""coordinates"":[]}"
2014_01_09,30.738430991194882,30.762460709705064,17.199704489097932,0.024029718510181652,Pune,2014-01-09,"{""type"":""MultiPoint"",""coordinates"":[]}"
2014_01_17,30.394824937838543,31.572006616003627,17.616221904336186,1.1771816781650841,Pune,2014-01-17,"{""type"":""MultiPoint"",""coordinates"":[]}"
2014_01_25,31.19197791058161,31.83356066565812,17.044716749513753,0.6415827550765094,Pune,2014-01-25,"{""type"":""MultiPoint"",""coordinates"":[]}"
2014_02_02,34.707000512593844,34.705500981169955,18.28098292346879,-0.0014995314238888113,Pune,2014-02-02,"{""type"":""MultiPoint"",""coordinates"":[]}"
2014_02_10,34.09051859448122,34.24335615681947,16.099966784182165,0.15283756233825585,Pune,2014-02-10,"{""type"":""MultiPoint"",""coordinates"":[]}"
2014_02_18,34.69085902515101,34.896608326982594,19.370463038393854,0.20574930183158102,Pune,2014-02-18,"{""type"":""MultiPoint"",""coordinates"":[]}"
2014_02_26,35.27097862429346,35.85350663241673,18.35006889291283,0.5825280081232691,Pune,2014-02-26,"{""type"":""MultiPoint"",""coordinates"":[]}"
2014_03_06,36.73785440653682,36.097039246729466,20.519353220564977,-0.640815159807353,Pune,2014-03-06,"{""type"":""MultiPoint"",""coordinates"":[]}"
2014_03_14,40.583415767182906,40.34922672502705,22.809501085871972,-0.23418904215585457,Pune,2014-03-14,"{""type"":""MultiPoint"",""coordinates"":[]}"
2014_03_22,43.522579407865635,43.046122981793225,23.230314324974266,-0.47645642607241,Pune,2014-03-22,"{""type"":""MultiPoint"",""coordinates"":[]}"
2014_03_30,44.750072891058416,44.5521009770656,24.192717959200397,-0.19797191399281644,Pune,2014-03-30,"{""type"":""MultiPoint"",""coordinates"":[]}"
2014_04_07,45.30244564814045,44.76921147889043,23.36415178726812,-0.5332341692500151,Pune,2014-04-07,"{""type"":""MultiPoint"",""coordinates"":[]}"
2014_04_15,45.69660394404724,45.19431160921979,23.922715584690238,-0.5022923348274517,Pune,2014-04-15,"{""type"":""MultiPoint"",""coordinates"":[]}"
2014_04_23,45.22398886652562,44.19562745805213,25.882653236471064,-1.0283614084734936,Pune,2014-04-23,"{""type"":""MultiPoint"",""coordinates"":[]}"
2014_05_01,46.357573588245614,46.20749174186965,24.866174016686553,-0.15008184637596145,Pune,2014-05-01,"{""type"":""MultiPoint"",""coordinates"":[]}"
2014_05_09,44.11553270191311,44.38567343935245,23.964956543068592,0.2701407374393412,Pune,2014-05-09,"{""type"":""MultiPoint"",""coordinates"":[]}"
2014_05_17,44.54764597343622,44.77082375549055,24.871689887640485,0.2231777820543286,Pune,2014-05-17,"{""type"":""MultiPoint"",""coordinates"":[]}"
2014_05_25,42.10968942796173,42.17269482243614,25.068124128775334,0.06300539447440912,Pune,2014-05-25,"{""type"":""MultiPoint"",""coordinates"":[]}"
2014_06_02,43.47248682998081,43.18261498121411,23.900462811083496,-0.28987184876670113,Pune,2014-06-02,"{""type"":""MultiPoint"",""coordinates"":[]}"
2014_06_10,39.827457586764474,40.54478348875879,23.501857153184442,0.7173259019943146,Pune,2014-06-10,"{""type"":""MultiPoint"",""coordinates"":[]}"
2014_06_18,35.299360995572286,37.73911516578383,22.085732130011145,2.4397541702115433,Pune,2014-06-18,"{""type"":""MultiPoint"",""coordinates"":[]}"
2014_06_26,37.11716965099713,36.98541781208814,23.40927923178312,-0.13175183890898978,Pune,2014-06-26,"{""type"":""MultiPoint"",""coordinates"":[]}"
2014_07_04,37.250133348316325,36.4839526172863,,-0.7661807310300262,Pune,2014-07-04,"{""type"":""MultiPoint"",""coordinates"":[]}"
2014_07_12,,,,,Pune,2014-07-12,"{""type"":""MultiPoint"",""coordinates"":[]}"
2014_07_20,33.66957519277167,33.81891894250067,20.156639909257507,0.149343749729006,Pune,2014-07-20,"{""type"":""MultiPoint"",""coordinates"":[]}"
2014_07_28,26.520089259820207,26.83526702100738,15.865471486619057,0.3151777611871722,Pune,2014-07-28,"{""type"":""MultiPoint"",""coordinates"":[]}"
2014_08_05,30.727327339599537,,,,Pune,2014-08-05,"{""type"":""MultiPoint"",""coordinates"":[]}"
2014_08_13,34.46282792308251,34.93085106382981,,0.4680231407473059,Pune,2014-08-13,"{""type"":""MultiPoint"",""coordinates"":[]}"
2014_08_21,29.813135077980448,,,,Pune,2014-08-21,"{""type"":""MultiPoint"",""coordinates"":[]}"
2014_08_29,30.072098409817308,,,,Pune,2014-08-29,"{""type"":""MultiPoint"",""coordinates"":[]}"
2014_09_06,31.189729484660752,28.715665268776227,18.307028897028925,-2.4740642158845247,Pune,2014-09-06,"{""type"":""MultiPoint"",""coordinates"":[]}"
2014_09_14,32.16199014759146,32.081337063476774,19.52614639397204,-0.08065308411468664,Pune,2014-09-14,"{""type"":""MultiPoint"",""coordinates"":[]}"
2014_09_22,34.99009873396421,36.027090050626576,22.770486517539787,1.036991316662366,Pune,2014-09-22,"{""type"":""MultiPoint"",""coordinates"":[]}"
2014_09_30,32.78384842968859,34.532185582753996,23.282454163670117,1.7483371530654068,Pune,2014-09-30,"{""type"":""MultiPoint"",""coordinates"":[]}"
2014_10_08,33.041699146246344,34.44061451503505,21.112481754465314,1.3989153687887068,Pune,2014-10-08,"{""type"":""MultiPoint"",""coordinates"":[]}"
2014_10_16,32.27921256055722,33.78328474254858,22.05593313270399,1.5040721819913614,Pune,2014-10-16,"{""type"":""MultiPoint"",""coordinates"":[]}"
2014_10_24,32.772582117046895,33.80622424192353,18.05221118730897,1.0336421248766356,Pune,2014-10-24,"{""type"":""MultiPoint"",""coordinates"":[]}"
2014_11_01,33.27079635923129,34.271301938818745,19.85514240766194,1.000505579587454,Pune,2014-11-01,"{""type"":""MultiPoint"",""coordinates"":[]}"
2014_11_09,32.88040218079038,34.318941257834474,21.974767322239085,1.4385390770440978,Pune,2014-11-09,"{""type"":""MultiPoint"",""coordinates"":[]}"
2014_11_17,29.814715638552755,30.54056839715658,19.232843621042953,0.7258527586038248,Pune,2014-11-17,"{""type"":""MultiPoint"",""coordinates"":[]}"
2014_11_25,31.260215725438147,32.21340151390492,16.598284350831026,0.9531857884667723,Pune,2014-11-25,"{""type"":""MultiPoint"",""coordinates"":[]}"
2014_12_03,31.006848030637887,31.543610170993222,16.598573580225068,0.5367621403553358,Pune,2014-12-03,"{""type"":""MultiPoint"",""coordinates"":[]}"
2014_12_11,27.61813328070141,27.316913055547634,15.329708047363352,-0.3012202251537772,Pune,2014-12-11,"{""type"":""MultiPoint"",""coordinates"":[]}"
2014_12_19,27.84884163205187,27.705000170270786,14.772435893070025,-0.1438414617810828,Pune,2014-12-19,"{""type"":""MultiPoint"",""coordinates"":[]}"
2014_12_27,28.613603144854235,28.626609819980917,14.85080888038918,0.01300667512668241,Pune,2014-12-27,"{""type"":""MultiPoint"",""coordinates"":[]}"
2015_01_01,29.378204113886746,29.715547089572112,16.60001825108536,0.33734297568536675,Pune,2015-01-01,"{""type"":""MultiPoint"",""coordinates"":[]}"
2015_01_09,30.10755421260957,30.060164856776396,14.090998033347619,-0.04738935583317527,Pune,2015-01-09,"{""type"":""MultiPoint"",""coordinates"":[]}"
2015_01_17,30.20309983699364,30.360170986051884,15.464593743124954,0.15707114905824326,Pune,2015-01-17,"{""type"":""MultiPoint"",""coordinates"":[]}"
2015_01_25,31.075887948151376,31.303733322031054,18.083710265321738,0.22784537387967774,Pune,2015-01-25,"{""type"":""MultiPoint"",""coordinates"":[]}"
2015_02_02,33.508173080436684,33.60477069510067,17.339086308832304,0.09659761466398464,Pune,2015-02-02,"{""type"":""MultiPoint"",""coordinates"":[]}"
2015_02_10,35.7707261925811,35.4616123032294,19.06434870526007,-0.3091138893516998,Pune,2015-02-10,"{""type"":""MultiPoint"",""coordinates"":[]}"
2015_02_18,38.80089965532487,38.404385916744076,20.654720636330616,-0.39651373858079353,Pune,2015-02-18,"{""type"":""MultiPoint"",""coordinates"":[]}"
2015_02_26,34.091028026026294,33.86482360204627,17.477129476098124,-0.22620442398002183,Pune,2015-02-26,"{""type"":""MultiPoint"",""coordinates"":[]}"
2015_03_06,37.16592451229849,37.33791026877443,20.708416537381048,0.17198575647594083,Pune,2015-03-06,"{""type"":""MultiPoint"",""coordinates"":[]}"
2015_03_14,37.80396643143912,37.53538693467339,22.16423236874029,-0.26857949676573156,Pune,2015-03-14,"{""type"":""MultiPoint"",""coordinates"":[]}"
2015_03_22,41.1658960436,41.211150292887,24.256658577405894,0.04525424928699806,Pune,2015-03-22,"{""type"":""MultiPoint"",""coordinates"":[]}"
2015_03_30,42.128544588103836,41.29138936520532,21.443163395012828,-0.8371552228985166,Pune,2015-03-30,"{""type"":""MultiPoint"",""coordinates"":[]}"
2015_04_07,40.707842083827686,40.1314373699189,22.641879199762162,-0.5764047139087864,Pune,2015-04-07,"{""type"":""MultiPoint"",""coordinates"":[]}"
2015_04_15,41.21239626331168,41.27549789460777,25.03185274518624,0.06310163129608526,Pune,2015-04-15,"{""type"":""MultiPoint"",""coordinates"":[]}"
2015_04_23,45.806694319665404,45.817433919060214,24.769078434300724,0.010739599394810284,Pune,2015-04-23,"{""type"":""MultiPoint"",""coordinates"":[]}"
2015_05_01,43.79392177922236,44.01427629922293,24.822598619372243,0.2203545200005692,Pune,2015-05-01,"{""type"":""MultiPoint"",""coordinates"":[]}"
2015_05_09,43.564449656509666,44.32635888427101,26.031316594541348,0.7619092277613433,Pune,2015-05-09,"{""type"":""MultiPoint"",""coordinates"":[]}"
2015_05_17,40.38129570776262,39.890398263238566,24.432620636812594,-0.4908974445240517,Pune,2015-05-17,"{""type"":""MultiPoint"",""coordinates"":[]}"
2015_05_25,42.59148361923844,41.937935570702955,24.13528285503416,-0.6535480485354839,Pune,2015-05-25,"{""type"":""MultiPoint"",""coordinates"":[]}"
2015_06_02,40.36339194503392,40.27799721600803,24.861232612478297,-0.08539472902588585,Pune,2015-06-02,"{""type"":""MultiPoint"",""coordinates"":[]}"
2015_06_10,40.42655420679092,41.48272780134084,,1.056173594549925,Pune,2015-06-10,"{""type"":""MultiPoint"",""coordinates"":[]}"
2015_06_18,,,,,Pune,2015-06-18,"{""type"":""MultiPoint"",""coordinates"":[]}"
2015_06_26,31.10053072159377,30.253433393976174,20.898306044067144,-0.8470973276175968,Pune,2015-06-26,"{""type"":""MultiPoint"",""coordinates"":[]}"
2015_07_04,33.28315861269951,33.1938077724654,20.515877160720876,-0.08935084023411122,Pune,2015-07-04,"{""type"":""MultiPoint"",""coordinates"":[]}"
2015_07_12,34.15528711865638,37.583301064859654,22.08204259438531,3.428013946203272,Pune,2015-07-12,"{""type"":""MultiPoint"",""coordinates"":[]}"
2015_07_20,,,,,Pune,2015-07-20,"{""type"":""MultiPoint"",""coordinates"":[]}"
2015_07_28,24.217484407484434,,,,Pune,2015-07-28,"{""type"":""MultiPoint"",""coordinates"":[]}"
2015_08_05,,,,,Pune,2015-08-05,"{""type"":""MultiPoint"",""coordinates"":[]}"
2015_08_13,39.4549647318773,,,,Pune,2015-08-13,"{""type"":""MultiPoint"",""coordinates"":[]}"
2015_08_21,31.16008240372221,30.524545454545486,19.728000000000037,-0.6355369491767249,Pune,2015-08-21,"{""type"":""MultiPoint"",""coordinates"":[]}"
2015_08_29,33.32140606019088,35.90331088219762,20.417419880260628,2.5819048220067415,Pune,2015-08-29,"{""type"":""MultiPoint"",""coordinates"":[]}"
2015_09_06,35.626984605793744,34.47424041203766,,-1.1527441937560852,Pune,2015-09-06,"{""type"":""MultiPoint"",""coordinates"":[]}"
2015_09_14,25.380434782608734,,,,Pune,2015-09-14,"{""type"":""MultiPoint"",""coordinates"":[]}"
2015_09_22,32.752045855337315,34.13093885770604,21.58331385235019,1.3788930023687271,Pune,2015-09-22,"{""type"":""MultiPoint"",""coordinates"":[]}"
2015_09_30,32.038642780638824,33.7075837401682,20.765333265527563,1.6689409595293725,Pune,2015-09-30,"{""type"":""MultiPoint"",""coordinates"":[]}"
2015_10_08,31.45182047017678,32.56496260371631,22.181312570604995,1.1131421335395295,Pune,2015-10-08,"{""type"":""MultiPoint"",""coordinates"":[]}"
2015_10_16,33.53199488105276,34.34067513966957,21.99095295964355,0.8086802586168105,Pune,2015-10-16,"{""type"":""MultiPoint"",""coordinates"":[]}"
2015_10_24,32.679953849988436,33.69148360394782,20.643749103419793,1.0115297539593868,Pune,2015-10-24,"{""type"":""MultiPoint"",""coordinates"":[]}"
2015_11_01,33.15888665581583,34.23903359216751,20.84938622552331,1.0801469363516816,Pune,2015-11-01,"{""type"":""MultiPoint"",""coordinates"":[]}"
2015_11_09,32.909641170715545,33.638987870386465,19.48516496274479,0.7293466996709199,Pune,2015-11-09,"{""type"":""MultiPoint"",""coordinates"":[]}"
2015_11_17,32.37231985307346,33.068092128684945,19.566762905396626,0.6957722756114819,Pune,2015-11-17,"{""type"":""MultiPoint"",""coordinates"":[]}"
2015_11_25,30.65527889038289,31.23995632750202,20.562720303953935,0.584677437119133,Pune,2015-11-25,"{""type"":""MultiPoint"",""coordinates"":[]}"
2015_12_03,30.366326417997513,31.001447046079537,18.758567452712327,0.6351206280820243,Pune,2015-12-03,"{""type"":""MultiPoint"",""coordinates"":[]}"
2015_12_11,31.44408988541479,31.592061611570628,19.26381284719639,0.14797172615583776,Pune,2015-12-11,"{""type"":""MultiPoint"",""coordinates"":[]}"
2015_12_19,29.895575963317864,30.123916652719686,15.723934225941465,0.22834068940182206,Pune,2015-12-19,"{""type"":""MultiPoint"",""coordinates"":[]}"
2015_12_27,31.46985143047094,31.351277608578833,15.852326926522181,-0.11857382189210597,Pune,2015-12-27,"{""type"":""MultiPoint"",""coordinates"":[]}"
2016_01_01,30.806876311856556,30.342033927425003,16.5975414372135,-0.46484238443155235,Pune,2016-01-01,"{""type"":""MultiPoint"",""coordinates"":[]}"
2016_01_09,29.49079248441127,29.798865968939953,16.099023632680662,0.3080734845286841,Pune,2016-01-09,"{""type"":""MultiPoint"",""coordinates"":[]}"
2016_01_17,30.090304633966674,30.178246573107103,15.14484040469978,0.08794193914042836,Pune,2016-01-17,"{""type"":""MultiPoint"",""coordinates"":[]}"
2016_01_25,34.566175478277245,34.380765922955526,17.799089714602655,-0.1854095553217192,Pune,2016-01-25,"{""type"":""MultiPoint"",""coordinates"":[]}"
2016_02_02,35.32146872994289,35.043084438531615,17.819987278094224,-0.2783842914112782,Pune,2016-02-02,"{""type"":""MultiPoint"",""coordinates"":[]}"
2016_02_10,34.452125721019264,34.33430298866373,19.34147578151842,-0.11782273235553475,Pune,2016-02-10,"{""type"":""MultiPoint"",""coordinates"":[]}"
2016_02_18,36.856636218799764,37.06549555390081,,0.20885933510104593,Pune,2016-02-18,"{""type"":""MultiPoint"",""coordinates"":[]}"
2016_02_26,36.02556009779931,36.73520884392308,22.98376213613486,0.7096487461237757,Pune,2016-02-26,"{""type"":""MultiPoint"",""coordinates"":[]}"
2016_03_05,40.61573943811472,40.27418768082522,21.140988133674387,-0.34155175728950127,Pune,2016-03-05,"{""type"":""MultiPoint"",""coordinates"":[]}"
2016_03_13,42.113815625950714,41.68496360311874,22.78988735941493,-0.42885202283197543,Pune,2016-03-13,"{""type"":""MultiPoint"",""coordinates"":[]}"
2016_03_21,44.063044230372675,43.509516873593874,23.498364469627536,-0.553527356778801,Pune,2016-03-21,"{""type"":""MultiPoint"",""coordinates"":[]}"
2016_03_29,44.80842252524713,43.828229519711996,24.57646290280098,-0.9801930055351349,Pune,2016-03-29,"{""type"":""MultiPoint"",""coordinates"":[]}"
2016_04_06,45.71239990107578,44.723948425510535,24.887487693404353,-0.9884514755652418,Pune,2016-04-06,"{""type"":""MultiPoint"",""coordinates"":[]}"
2016_04_14,46.71666881131222,46.009268857483455,25.807828367103685,-0.7073999538287623,Pune,2016-04-14,"{""type"":""MultiPoint"",""coordinates"":[]}"
2016_04_22,46.6600738905504,46.11696640783255,24.69069513842004,-0.5431074827178506,Pune,2016-04-22,"{""type"":""MultiPoint"",""coordinates"":[]}"
2016_04_30,47.80823768074915,46.97085338427475,25.4419982633613,-0.8373842964744043,Pune,2016-04-30,"{""type"":""MultiPoint"",""coordinates"":[]}"
2016_05_08,44.544762358795886,43.93823651934417,24.34371037569399,-0.606525839451713,Pune,2016-05-08,"{""type"":""MultiPoint"",""coordinates"":[]}"
2016_05_16,40.46288994105101,40.12693882434849,25.212765087238406,-0.33595111670251754,Pune,2016-05-16,"{""type"":""MultiPoint"",""coordinates"":[]}"
2016_05_24,40.755254669092984,40.37489648606547,24.616826899775,-0.3803581830275178,Pune,2016-05-24,"{""type"":""MultiPoint"",""coordinates"":[]}"
2016_06_01,41.67437629232045,40.94725132946926,25.336459465063278,-0.7271249628511924,Pune,2016-06-01,"{""type"":""MultiPoint"",""coordinates"":[]}"
2016_06_09,37.72770694784061,36.82338222021664,22.93676218411555,-0.9043247276239725,Pune,2016-06-09,"{""type"":""MultiPoint"",""coordinates"":[]}"
2016_06_17,39.8431448015123,37.190000000000055,,-2.653144801512248,Pune,2016-06-17,"{""type"":""MultiPoint"",""coordinates"":[]}"
2016_06_25,,,,,Pune,2016-06-25,"{""type"":""MultiPoint"",""coordinates"":[]}"
2016_07_03,,,,,Pune,2016-07-03,"{""type"":""MultiPoint"",""coordinates"":[]}"
2016_07_11,29.45137597234229,31.29000000000002,14.430000000000007,1.8386240276577297,Pune,2016-07-11,"{""type"":""MultiPoint"",""coordinates"":[]}"
2016_07_19,,,,,Pune,2016-07-19,"{""type"":""MultiPoint"",""coordinates"":[]}"
2016_07_27,,,,,Pune,2016-07-27,"{""type"":""MultiPoint"",""coordinates"":[]}"
2016_08_04,,24.956666666666706,,,Pune,2016-08-04,"{""type"":""MultiPoint"",""coordinates"":[]}"
2016_08_12,29.360225041048288,29.960471793392045,19.548323474246168,0.6002467523437574,Pune,2016-08-12,"{""type"":""MultiPoint"",""coordinates"":[]}"
2016_08_20,,,,,Pune,2016-08-20,"{""type"":""MultiPoint"",""coordinates"":[]}"
2016_08_28,23.12227979274614,,,,Pune,2016-08-28,"{""type"":""MultiPoint"",""coordinates"":[]}"
2016_09_05,33.194135482764544,33.914593140551474,20.050805312710185,0.7204576577869304,Pune,2016-09-05,"{""type"":""MultiPoint"",""coordinates"":[]}"
2016_09_13,,,,,Pune,2016-09-13,"{""type"":""MultiPoint"",""coordinates"":[]}"
2016_09_21,27.11692962704147,,,,Pune,2016-09-21,"{""type"":""MultiPoint"",""coordinates"":[]}"
2016_09_29,30.362043483863886,31.320107205185764,,0.9580637213218779,Pune,2016-09-29,"{""type"":""MultiPoint"",""coordinates"":[]}"
2016_10_07,31.94456987250708,32.53730850900419,21.45130440675519,0.5927386364971099,Pune,2016-10-07,"{""type"":""MultiPoint"",""coordinates"":[]}"
2016_10_15,34.093450555367724,34.636458367697756,20.83144790644782,0.5430078123300319,Pune,2016-10-15,"{""type"":""MultiPoint"",""coordinates"":[]}"
2016_10_23,32.73776427750774,33.658856621307706,18.8725662130767,0.9210923437999625,Pune,2016-10-23,"{""type"":""MultiPoint"",""coordinates"":[]}"
2016_10_31,33.190749814349815,33.83421564869595,18.020739938338505,0.6434658343461379,Pune,2016-10-31,"{""type"":""MultiPoint"",""coordinates"":[]}"
2016_11_08,32.30871609168859,32.71554713004142,17.19486423497762,0.4068310383528342,Pune,2016-11-08,"{""type"":""MultiPoint"",""coordinates"":[]}"
2016_11_16,31.962897257566958,32.73287922870189,17.2645248069622,0.769981971134932,Pune,2016-11-16,"{""type"":""MultiPoint"",""coordinates"":[]}"
2016_11_24,32.57062397407575,32.7968593665908,16.384815152142444,0.22623539251505065,Pune,2016-11-24,"{""type"":""MultiPoint"",""coordinates"":[]}"
2016_12_02,32.04752288900698,32.6937877018207,17.902569563723826,0.646264812813726,Pune,2016-12-02,"{""type"":""MultiPoint"",""coordinates"":[]}"
2016_12_10,31.708423397770353,32.12283063430731,16.478477228324614,0.41440723653695954,Pune,2016-12-10,"{""type"":""MultiPoint"",""coordinates"":[]}"
2016_12_18,32.62081419944029,32.79075183968738,16.634849124849325,0.1699376402470918,Pune,2016-12-18,"{""type"":""MultiPoint"",""coordinates"":[]}"
2016_12_26,31.152860580350538,31.272785552080233,15.82974206264196,0.11992497172969507,Pune,2016-12-26,"{""type"":""MultiPoint"",""coordinates"":[]}"
2017_01_01,31.49756996130149,31.492663782188377,15.127102944012622,-0.004906179113113751,Pune,2017-01-01,"{""type"":""MultiPoint"",""coordinates"":[]}"
2017_01_09,30.28664853357724,30.31753834464681,15.43663493892414,0.030889811069570783,Pune,2017-01-09,"{""type"":""MultiPoint"",""coordinates"":[]}"
2017_01_17,31.266984524203895,31.75908095104038,17.667661130021614,0.49209642683648624,Pune,2017-01-17,"{""type"":""MultiPoint"",""coordinates"":[]}"
2017_01_25,32.98665293443886,32.963582780948464,18.565924722101393,-0.02307015349039432,Pune,2017-01-25,"{""type"":""MultiPoint"",""coordinates"":[]}"
2017_02_02,35.19223636041778,35.14556788201562,20.0919754199099,-0.04666847840216093,Pune,2017-02-02,"{""type"":""MultiPoint"",""coordinates"":[]}"
2017_02_10,34.76402264159828,34.87033215817871,19.82802828866333,0.1063095165804313,Pune,2017-02-10,"{""type"":""MultiPoint"",""coordinates"":[]}"
2017_02_18,40.829605056073845,40.55447259739728,20.79339422800612,-0.2751324586765662,Pune,2017-02-18,"{""type"":""MultiPoint"",""coordinates"":[]}"
2017_02_26,40.4400680640858,39.8077655573628,20.629234761056495,-0.6323025067230006,Pune,2017-02-26,"{""type"":""MultiPoint"",""coordinates"":[]}"
2017_03_06,39.85081674269488,39.137970649716365,19.100099910413437,-0.7128460929785163,Pune,2017-03-06,"{""type"":""MultiPoint"",""coordinates"":[]}"
2017_03_14,42.024625068534334,41.35176843180668,21.815030989272987,-0.6728566367276514,Pune,2017-03-14,"{""type"":""MultiPoint"",""coordinates"":[]}"
2017_03_22,44.64346239601936,44.143320756306125,25.07633360003373,-0.5001416397132346,Pune,2017-03-22,"{""type"":""MultiPoint"",""coordinates"":[]}"
2017_03_30,43.352149255489536,42.890422336931046,24.72620613455062,-0.46172691855849024,Pune,2017-03-30,"{""type"":""MultiPoint"",""coordinates"":[]}"
2017_04_07,46.75612556318269,46.14434010801008,24.49831001360435,-0.6117854551726154,Pune,2017-04-07,"{""type"":""MultiPoint"",""coordinates"":[]}"
2017_04_15,44.669385331260074,44.48274026027349,24.76841159325097,-0.1866450709865859,Pune,2017-04-15,"{""type"":""MultiPoint"",""coordinates"":[]}"
2017_04_23,47.18620896526104,46.25904304523976,24.451299291019637,-0.927165920021281,Pune,2017-04-23,"{""type"":""MultiPoint"",""coordinates"":[]}"
2017_05_01,44.805194536833966,44.5234681326384,25.75797862368047,-0.2817264041955667,Pune,2017-05-01,"{""type"":""MultiPoint"",""coordinates"":[]}"
2017_05_09,46.0299625645743,45.406786489953014,25.157827618640454,-0.6231760746212842,Pune,2017-05-09,"{""type"":""MultiPoint"",""coordinates"":[]}"
2017_05_17,44.98815826863103,44.40248685835248,25.428006703122282,-0.5856714102785503,Pune,2017-05-17,"{""type"":""MultiPoint"",""coordinates"":[]}"
2017_05_25,40.62162567181131,39.698198590275325,24.34638011366547,-0.9234270815359835,Pune,2017-05-25,"{""type"":""MultiPoint"",""coordinates"":[]}"
2017_06_02,42.048879227993744,40.78883860943876,,-1.2600406185549815,Pune,2017-06-02,"{""type"":""MultiPoint"",""coordinates"":[]}"
2017_06_10,34.21544499648641,35.28887755102044,,1.0734325545340297,Pune,2017-06-10,"{""type"":""MultiPoint"",""coordinates"":[]}"
2017_06_18,36.74024166798297,39.03031558185407,21.377201402586042,2.2900739138710975,Pune,2017-06-18,"{""type"":""MultiPoint"",""coordinates"":[]}"
2017_06_26,,,,,Pune,2017-06-26,"{""type"":""MultiPoint"",""coordinates"":[]}"
2017_07_04,31.498842371818444,33.36459420208906,20.79000000000004,1.8657518302706144,Pune,2017-07-04,"{""type"":""MultiPoint"",""coordinates"":[]}"
2017_07_12,,,,,Pune,2017-07-12,"{""type"":""MultiPoint"",""coordinates"":[]}"
2017_07_20,,,,,Pune,2017-07-20,"{""type"":""MultiPoint"",""coordinates"":[]}"
2017_07_28,29.550954091816394,29.2728156765304,17.256438720110918,-0.27813841528599426,Pune,2017-07-28,"{""type"":""MultiPoint"",""coordinates"":[]}"
2017_08_05,,,,,Pune,2017-08-05,"{""type"":""MultiPoint"",""coordinates"":[]}"
2017_08_13,34.29827807981494,33.56333333333337,,-0.7349447464815739,Pune,2017-08-13,"{""type"":""MultiPoint"",""coordinates"":[]}"
2017_08_21,29.771818181818208,,,,Pune,2017-08-21,"{""type"":""MultiPoint"",""coordinates"":[]}"
2017_08_29,30.17086425944502,29.230000000000047,20.830000000000013,-0.9408642594449717,Pune,2017-08-29,"{""type"":""MultiPoint"",""coordinates"":[]}"
2017_09_06,26.079724680432673,,,,Pune,2017-09-06,"{""type"":""MultiPoint"",""coordinates"":[]}"
2017_09_14,27.566492890995285,,,,Pune,2017-09-14,"{""type"":""MultiPoint"",""coordinates"":[]}"
2017_09_22,31.19503865669159,31.72065348458445,21.12768894476673,0.5256148278928592,Pune,2017-09-22,"{""type"":""MultiPoint"",""coordinates"":[]}"
2017_09_30,31.66967858858128,32.748859161164965,21.73486295737977,1.0791805725836845,Pune,2017-09-30,"{""type"":""MultiPoint"",""coordinates"":[]}"
2017_10_08,30.81384276188428,32.18584715515434,,1.3720043932700605,Pune,2017-10-08,"{""type"":""MultiPoint"",""coordinates"":[]}"
2017_10_16,28.7631048110512,30.983244632295087,21.11741112180974,2.2201398212438868,Pune,2017-10-16,"{""type"":""MultiPoint"",""coordinates"":[]}"
2017_10_24,31.669616532626357,32.58470655146971,19.293985585898525,0.9150900188433511,Pune,2017-10-24,"{""type"":""MultiPoint"",""coordinates"":[]}"
2017_11_01,31.895888116587983,32.60143832635985,18.847889372384966,0.7055502097718644,Pune,2017-11-01,"{""type"":""MultiPoint"",""coordinates"":[]}"
2017_11_09,31.08695290969741,31.396585901583556,17.679886769964284,0.3096329918861471,Pune,2017-11-09,"{""type"":""MultiPoint"",""coordinates"":[]}"
2017_11_17,31.70677034622829,31.656326261754455,19.5280071775769,-0.05044408447383475,Pune,2017-11-17,"{""type"":""MultiPoint"",""coordinates"":[]}"
2017_11_25,30.090830331418488,30.379647200274842,17.830485056681592,0.2888168688563546,Pune,2017-11-25,"{""type"":""MultiPoint"",""coordinates"":[]}"
2017_12_03,29.64981634853472,30.71768551490804,19.464289363501834,1.0678691663733204,Pune,2017-12-03,"{""type"":""MultiPoint"",""coordinates"":[]}"
2017_12_11,29.853974514269698,29.950306961540452,18.012890682193543,0.09633244727075407,Pune,2017-12-11,"{""type"":""MultiPoint"",""coordinates"":[]}"
2017_12_19,29.871102818677585,30.31553114202184,15.476625675555988,0.44442832334425475,Pune,2017-12-19,"{""type"":""MultiPoint"",""coordinates"":[]}"
2017_12_27,30.549023277860552,30.640171537207163,15.00512509919859,0.09114825934661042,Pune,2017-12-27,"{""type"":""MultiPoint"",""coordinates"":[]}"
2018_01_01,29.1232904404184,29.109968186730107,16.183574756861926,-0.013322253688293983,Pune,2018-01-01,"{""type"":""MultiPoint"",""coordinates"":[]}"
2018_01_09,30.914070318212932,31.227353689997923,18.932883992387445,0.31328337178499055,Pune,2018-01-09,"{""type"":""MultiPoint"",""coordinates"":[]}"
2018_01_17,32.215483000476034,32.26500893814804,17.3767536646407,0.049525937672008524,Pune,2018-01-17,"{""type"":""MultiPoint"",""coordinates"":[]}"
2018_01_25,33.28879339476371,33.268271383788694,16.87230395310022,-0.020522010975014382,Pune,2018-01-25,"{""type"":""MultiPoint"",""coordinates"":[]}"
2018_02_02,33.85807160022615,33.863546253052874,17.645510176100117,0.005474652826727322,Pune,2018-02-02,"{""type"":""MultiPoint"",""coordinates"":[]}"
2018_02_10,34.622039617027454,34.43851984058226,19.06612233581707,-0.1835197764451948,Pune,2018-02-10,"{""type"":""MultiPoint"",""coordinates"":[]}"
2018_02_18,36.75971861127316,36.53201026079528,20.871045746045358,-0.22770835047787585,Pune,2018-02-18,"{""type"":""MultiPoint"",""coordinates"":[]}"
2018_02_26,39.14246625752402,38.871434118818534,22.384954364420878,-0.27103213870548615,Pune,2018-02-26,"{""type"":""MultiPoint"",""coordinates"":[]}"
2018_03_06,37.80698187067315,37.42645826176574,22.97215613191344,-0.38052360890741,Pune,2018-03-06,"{""type"":""MultiPoint"",""coordinates"":[]}"
2018_03_14,40.63452440261368,39.65368871333731,22.209094545760195,-0.9808356892763683,Pune,2018-03-14,"{""type"":""MultiPoint"",""coordinates"":[]}"
2018_03_22,43.289787037036994,42.30786425493794,22.662513971246973,-0.9819227820990548,Pune,2018-03-22,"{""type"":""MultiPoint"",""coordinates"":[]}"
2018_03_30,44.130243504713455,43.54385755476185,24.184131084047035,-0.5863859499516053,Pune,2018-03-30,"{""type"":""MultiPoint"",""coordinates"":[]}"
2018_04_07,43.28098759012626,42.74426623153557,23.930906733081436,-0.5367213585906896,Pune,2018-04-07,"{""type"":""MultiPoint"",""coordinates"":[]}"
2018_04_15,45.94741105885404,46.27768636075285,25.176781983506043,0.3302753018988156,Pune,2018-04-15,"{""type"":""MultiPoint"",""coordinates"":[]}"
2018_04_23,46.85288676844783,46.16738257851668,25.41890629418572,-0.6855041899311516,Pune,2018-04-23,"{""type"":""MultiPoint"",""coordinates"":[]}"
2018_05_01,46.22610419172974,45.72990072968633,25.205929422434792,-0.49620346204341104,Pune,2018-05-01,"{""type"":""MultiPoint"",""coordinates"":[]}"
2018_05_09,42.73393602730104,42.15660797311023,25.499425605064054,-0.5773280541908079,Pune,2018-05-09,"{""type"":""MultiPoint"",""coordinates"":[]}"
2018_05_17,41.86427814434641,41.16265058485803,25.175650456317797,-0.7016275594883794,Pune,2018-05-17,"{""type"":""MultiPoint"",""coordinates"":[]}"
2018_05_25,42.39545148927328,41.98310206033116,24.381957703725966,-0.41234942894211457,Pune,2018-05-25,"{""type"":""MultiPoint"",""coordinates"":[]}"
2018_06_02,39.18473379151981,40.49622247940265,,1.3114886878828358,Pune,2018-06-02,"{""type"":""MultiPoint"",""coordinates"":[]}"
2018_06_10,32.62063088977522,32.2523766804617,19.73426767404213,-0.3682542093135197,Pune,2018-06-10,"{""type"":""MultiPoint"",""coordinates"":[]}"
2018_06_18,34.11442428852869,33.80333333333338,,-0.3110909551953114,Pune,2018-06-18,"{""type"":""MultiPoint"",""coordinates"":[]}"
2018_06_26,34.21363668158929,,,,Pune,2018-06-26,"{""type"":""MultiPoint"",""coordinates"":[]}"
2018_07_04,,,,,Pune,2018-07-04,"{""type"":""MultiPoint"",""coordinates"":[]}"
2018_07_12,,,,,Pune,2018-07-12,"{""type"":""MultiPoint"",""coordinates"":[]}"
2018_07_20,,,,,Pune,2018-07-20,"{""type"":""MultiPoint"",""coordinates"":[]}"
2018_07_28,29.932026377036493,,,,Pune,2018-07-28,"{""type"":""MultiPoint"",""coordinates"":[]}"
2018_08_05,,,,,Pune,2018-08-05,"{""type"":""MultiPoint"",""coordinates"":[]}"
2018_08_13,,,,,Pune,2018-08-13,"{""type"":""MultiPoint"",""coordinates"":[]}"
2018_08_21,,,,,Pune,2018-08-21,"{""type"":""MultiPoint"",""coordinates"":[]}"
2018_08_29,29.877199143755465,28.860150024197484,18.641305049201513,-1.0170491195579814,Pune,2018-08-29,"{""type"":""MultiPoint"",""coordinates"":[]}"
2018_09_06,32.99847513336212,30.11517935663044,20.980280027771386,-2.883295776731682,Pune,2018-09-06,"{""type"":""MultiPoint"",""coordinates"":[]}"
2018_09_14,31.675980050876973,34.50580411027248,21.182712609970697,2.8298240593955057,Pune,2018-09-14,"{""type"":""MultiPoint"",""coordinates"":[]}"
2018_09_22,33.19581066723688,34.32417176055952,21.73923827259026,1.1283610933226456,Pune,2018-09-22,"{""type"":""MultiPoint"",""coordinates"":[]}"
2018_09_30,33.07738114887228,33.897535494263536,21.639534825934614,0.8201543453912592,Pune,2018-09-30,"{""type"":""MultiPoint"",""coordinates"":[]}"
2018_10_08,33.93303775475323,34.33290986195079,22.24876730127226,0.3998721071975595,Pune,2018-10-08,"{""type"":""MultiPoint"",""coordinates"":[]}"
2018_10_16,34.32065263376333,34.337696064809,22.215932344693453,0.017043431045671298,Pune,2018-10-16,"{""type"":""MultiPoint"",""coordinates"":[]}"
2018_10_24,35.39592395582432,35.66279195785226,19.875768437575708,0.2668680020279339,Pune,2018-10-24,"{""type"":""MultiPoint"",""coordinates"":[]}"
2018_11_01,33.70384403135945,34.345128727740864,21.52998909389975,0.6412846963814118,Pune,2018-11-01,"{""type"":""MultiPoint"",""coordinates"":[]}"
2018_11_09,35.65465056520147,35.96718373468879,19.32752887259399,0.3125331694873168,Pune,2018-11-09,"{""type"":""MultiPoint"",""coordinates"":[]}"
2018_11_17,31.843943897481243,32.38911690607738,19.897330828729327,0.5451730085961408,Pune,2018-11-17,"{""type"":""MultiPoint"",""coordinates"":[]}"
2018_11_25,31.44584315805597,31.878892500540324,17.376698940998523,0.433049342484356,Pune,2018-11-25,"{""type"":""MultiPoint"",""coordinates"":[]}"
2018_12_03,32.40464475544248,32.52904895453038,18.357809492200477,0.12440419908789835,Pune,2018-12-03,"{""type"":""MultiPoint"",""coordinates"":[]}"
2018_12_11,30.209792858729124,30.622432309322996,15.728269256037658,0.41263945059387197,Pune,2018-12-11,"{""type"":""MultiPoint"",""coordinates"":[]}"
2018_12_19,31.129977806050288,31.44720726850319,17.74355874543647,0.3172294624529002,Pune,2018-12-19,"{""type"":""MultiPoint"",""coordinates"":[]}"
2018_12_27,29.703870827731023,29.880665454845925,12.835093117408947,0.17679462711490146,Pune,2018-12-27,"{""type"":""MultiPoint"",""coordinates"":[]}"
2019_01_01,31.659718144056477,31.32241773697734,14.751651408599004,-0.33730040707913744,Pune,2019-01-01,"{""type"":""MultiPoint"",""coordinates"":[]}"
2019_01_09,31.779990932833368,31.179603292728615,16.636500644410294,-0.6003876401047528,Pune,2019-01-09,"{""type"":""MultiPoint"",""coordinates"":[]}"
2019_01_17,32.648827302990135,32.27846742746455,17.50611302480316,-0.3703598755255868,Pune,2019-01-17,"{""type"":""MultiPoint"",""coordinates"":[]}"
2019_01_25,31.324812593561724,31.159434791763204,16.34905251189628,-0.16537780179852035,Pune,2019-01-25,"{""type"":""MultiPoint"",""coordinates"":[]}"
2019_02_02,32.75059442038596,32.41336761450708,16.659440830921195,-0.33722680587887766,Pune,2019-02-02,"{""type"":""MultiPoint"",""coordinates"":[]}"
2019_02_10,35.9512022768717,35.46176024831065,19.330258628709686,-0.4894420285610508,Pune,2019-02-10,"{""type"":""MultiPoint"",""coordinates"":[]}"
2019_02_18,38.822148802998605,37.986420521590475,21.396346985891427,-0.8357282814081302,Pune,2019-02-18,"{""type"":""MultiPoint"",""coordinates"":[]}"
2019_02_26,38.059426821223255,37.495907994869654,19.5000299273194,-0.5635188263536008,Pune,2019-02-26,"{""type"":""MultiPoint"",""coordinates"":[]}"
2019_03_06,40.85683351325202,39.73569215051938,21.297911970032384,-1.1211413627326436,Pune,2019-03-06,"{""type"":""MultiPoint"",""coordinates"":[]}"
2019_03_14,42.91099107700649,41.80127430962343,22.004873807531403,-1.1097167673830626,Pune,2019-03-14,"{""type"":""MultiPoint"",""coordinates"":[]}"
2019_03_22,44.41993127414948,43.86486541652846,24.23955609027549,-0.5550658576210168,Pune,2019-03-22,"{""type"":""MultiPoint"",""coordinates"":[]}"
2019_03_30,46.12281974732199,45.123117083162605,24.973950512085267,-0.9997026641593862,Pune,2019-03-30,"{""type"":""MultiPoint"",""coordinates"":[]}"
2019_04_07,46.59321114880793,45.6601344291166,26.033854249654105,-0.9330767196913285,Pune,2019-04-07,"{""type"":""MultiPoint"",""coordinates"":[]}"
2019_04_15,45.28717656208566,44.754854961832095,24.01378924659811,-0.5323216002535673,Pune,2019-04-15,"{""type"":""MultiPoint"",""coordinates"":[]}"
2019_04_23,45.50560791036934,44.376666841081764,26.19886987764787,-1.1289410692875776,Pune,2019-04-23,"{""type"":""MultiPoint"",""coordinates"":[]}"
2019_05_01,44.36018730299018,43.952099926840816,23.55944717476441,-0.40808737614936064,Pune,2019-05-01,"{""type"":""MultiPoint"",""coordinates"":[]}"
2019_05_09,46.797624074237724,45.66948330889335,25.43551953765209,-1.1281407653443765,Pune,2019-05-09,"{""type"":""MultiPoint"",""coordinates"":[]}"
2019_05_17,48.0368368478421,47.03143576468631,26.90921506408925,-1.005401083155796,Pune,2019-05-17,"{""type"":""MultiPoint"",""coordinates"":[]}"
2019_05_25,45.016846605714925,44.24086648149569,26.19791563675903,-0.7759801242192381,Pune,2019-05-25,"{""type"":""MultiPoint"",""coordinates"":[]}"
2019_06_02,43.898583553815456,43.08001936059528,24.724174849406552,-0.8185641932201762,Pune,2019-06-02,"{""type"":""MultiPoint"",""coordinates"":[]}"
2019_06_10,35.807717698691114,36.16115699182129,23.158934104661245,0.3534392931301724,Pune,2019-06-10,"{""type"":""MultiPoint"",""coordinates"":[]}"
2019_06_18,38.32798049827269,36.93222341712598,21.05747143433261,-1.395757081146705,Pune,2019-06-18,"{""type"":""MultiPoint"",""coordinates"":[]}"
2019_06_26,,,,,Pune,2019-06-26,"{""type"":""MultiPoint"",""coordinates"":[]}"
2019_07_04,28.31533956386297,,,,Pune,2019-07-04,"{""type"":""MultiPoint"",""coordinates"":[]}"
2019_07_12,31.206476140417642,35.1522956841139,20.407712752987106,3.9458195436962598,Pune,2019-07-12,"{""type"":""MultiPoint"",""coordinates"":[]}"
2019_07_20,,,,,Pune,2019-07-20,"{""type"":""MultiPoint"",""coordinates"":[]}"
2019_07_28,,,,,Pune,2019-07-28,"{""type"":""MultiPoint"",""coordinates"":[]}"
2019_08_05,23.712241938974287,,,,Pune,2019-08-05,"{""type"":""MultiPoint"",""coordinates"":[]}"
2019_08_13,30.83643312101914,,,,Pune,2019-08-13,"{""type"":""MultiPoint"",""coordinates"":[]}"
2019_08_21,33.8379669504588,34.56299113434875,20.282776580459796,0.7250241838899498,Pune,2019-08-21,"{""type"":""MultiPoint"",""coordinates"":[]}"
2019_08_29,27.790000000000035,,,,Pune,2019-08-29,"{""type"":""MultiPoint"",""coordinates"":[]}"
2019_09_06,,,,,Pune,2019-09-06,"{""type"":""MultiPoint"",""coordinates"":[]}"
2019_09_14,27.27000000000004,,,,Pune,2019-09-14,"{""type"":""MultiPoint"",""coordinates"":[]}"
2019_09_22,31.0866374735523,32.630587220779226,21.00139449350652,1.5439497472269252,Pune,2019-09-22,"{""type"":""MultiPoint"",""coordinates"":[]}"
2019_09_30,32.27432147515503,32.71154503906829,22.00698822218947,0.437223563913264,Pune,2019-09-30,"{""type"":""MultiPoint"",""coordinates"":[]}"
2019_10_08,29.980603901241725,30.56173953386827,21.50750867491794,0.5811356326265447,Pune,2019-10-08,"{""type"":""MultiPoint"",""coordinates"":[]}"
2019_10_16,29.821296394349876,31.59383583149556,21.528577506683266,1.772539437145685,Pune,2019-10-16,"{""type"":""MultiPoint"",""coordinates"":[]}"
2019_10_24,28.534636969741413,30.998000000000026,,2.4633630302586127,Pune,2019-10-24,"{""type"":""MultiPoint"",""coordinates"":[]}"
2019_11_01,28.965901733614615,29.041375475492476,20.49252271460764,0.07547374187786104,Pune,2019-11-01,"{""type"":""MultiPoint"",""coordinates"":[]}"
2019_11_09,30.10135321854664,30.808614729694035,20.24491328197649,0.7072615111473937,Pune,2019-11-09,"{""type"":""MultiPoint"",""coordinates"":[]}"
2019_11_17,29.768143637524602,30.14903919111763,20.09349117677773,0.38089555359302807,Pune,2019-11-17,"{""type"":""MultiPoint"",""coordinates"":[]}"
2019_11_25,29.617982719803774,30.096095329466657,19.637279228991375,0.47811260966288316,Pune,2019-11-25,"{""type"":""MultiPoint"",""coordinates"":[]}"
2019_12_03,29.740442752670365,30.29440396979668,19.533926248504812,0.5539612171263144,Pune,2019-12-03,"{""type"":""MultiPoint"",""coordinates"":[]}"
2019_12_11,29.297733011945702,29.533628179196988,18.920810517708865,0.2358951672512859,Pune,2019-12-11,"{""type"":""MultiPoint"",""coordinates"":[]}"
2019_12_19,29.62781641348606,29.498238454768693,19.0457876696466,-0.12957795871736622,Pune,2019-12-19,"{""type"":""MultiPoint"",""coordinates"":[]}"
2019_12_27,30.124718723002324,30.614070182186992,17.776863307339973,0.48935145918466816,Pune,2019-12-27,"{""type"":""MultiPoint"",""coordinates"":[]}"
2020_01_01,29.356979115859325,29.736615561800342,17.882070392039466,0.3796364459410171,Pune,2020-01-01,"{""type"":""MultiPoint"",""coordinates"":[]}"
2020_01_09,28.799772605573317,29.23139093839065,17.769309414094092,0.4316183328173331,Pune,2020-01-09,"{""type"":""MultiPoint"",""coordinates"":[]}"
2020_01_17,30.72734090533817,30.879133724666914,19.401995543939357,0.1517928193287439,Pune,2020-01-17,"{""type"":""MultiPoint"",""coordinates"":[]}"
2020_01_25,31.01689659808904,30.79967187555371,18.16607916090858,-0.21722472253533098,Pune,2020-01-25,"{""type"":""MultiPoint"",""coordinates"":[]}"
2020_02_02,31.81170162526838,32.18421141719219,18.061205443080006,0.3725097919238074,Pune,2020-02-02,"{""type"":""MultiPoint"",""coordinates"":[]}"
2020_02_10,33.29855820610351,33.47048009052216,20.45635540708015,0.17192188441865142,Pune,2020-02-10,"{""type"":""MultiPoint"",""coordinates"":[]}"
2020_02_18,36.00175303228542,36.20695399906562,20.9981501932634,0.20520096678019684,Pune,2020-02-18,"{""type"":""MultiPoint"",""coordinates"":[]}"
2020_02_26,36.41815573461506,36.50071960669944,20.278045496208662,0.08256387208437843,Pune,2020-02-26,"{""type"":""MultiPoint"",""coordinates"":[]}"
2020_03_05,36.81522063796083,37.19508570937829,20.751333734112027,0.37986507141746273,Pune,2020-03-05,"{""type"":""MultiPoint"",""coordinates"":[]}"
2020_03_13,39.68202644277514,39.235728675738564,21.923111516760745,-0.446297767036576,Pune,2020-03-13,"{""type"":""MultiPoint"",""coordinates"":[]}"
2020_03_21,39.87490573688371,40.07928814989878,23.700109047940625,0.2043824130150682,Pune,2020-03-21,"{""type"":""MultiPoint"",""coordinates"":[]}"
2020_03_29,41.3897833672116,40.85902057341153,24.60279236552924,-0.5307627938000721,Pune,2020-03-29,"{""type"":""MultiPoint"",""coordinates"":[]}"
2020_04_06,43.840242370663866,43.65910213575813,24.536865891308977,-0.18114023490573317,Pune,2020-04-06,"{""type"":""MultiPoint"",""coordinates"":[]}"
2020_04_14,43.48569076766347,43.32964569619205,25.284786934422197,-0.15604507147141788,Pune,2020-04-14,"{""type"":""MultiPoint"",""coordinates"":[]}"
2020_04_22,46.18190567316947,46.04165240776542,26.14228472980926,-0.14025326540404848,Pune,2020-04-22,"{""type"":""MultiPoint"",""coordinates"":[]}"
2020_04_30,44.79934848725881,44.644466478592776,25.993788250912722,-0.15488200866603563,Pune,2020-04-30,"{""type"":""MultiPoint"",""coordinates"":[]}"
2020_05_08,46.29276664015335,45.601537812288996,26.158018737339663,-0.6912288278643572,Pune,2020-05-08,"{""type"":""MultiPoint"",""coordinates"":[]}"
2020_05_16,41.53219708422433,40.51504398675222,24.38033205685507,-1.0171530974721108,Pune,2020-05-16,"{""type"":""MultiPoint"",""coordinates"":[]}"
2020_05_24,42.86734616992579,42.31121515438848,25.609380797295664,-0.5561310155373107,Pune,2020-05-24,"{""type"":""MultiPoint"",""coordinates"":[]}"
2020_06_01,32.36802393290506,33.32134694001154,21.261003542985215,0.9533230071064764,Pune,2020-06-01,"{""type"":""MultiPoint"",""coordinates"":[]}"
2020_06_09,37.27560753527493,37.44384816646911,,0.16824063119418042,Pune,2020-06-09,"{""type"":""MultiPoint"",""coordinates"":[]}"
2020_06_17,27.933527981767565,26.222307692307723,23.048461538461563,-1.7112202894598418,Pune,2020-06-17,"{""type"":""MultiPoint"",""coordinates"":[]}"
2020_06_25,36.80653887821934,36.63578218202813,,-0.17075669619121214,Pune,2020-06-25,"{""type"":""MultiPoint"",""coordinates"":[]}"
2020_07_03,,,,,Pune,2020-07-03,"{""type"":""MultiPoint"",""coordinates"":[]}"
2020_07_11,30.10829457364344,,,,Pune,2020-07-11,"{""type"":""MultiPoint"",""coordinates"":[]}"
2020_07_19,,,,,Pune,2020-07-19,"{""type"":""MultiPoint"",""coordinates"":[]}"
2020_07_27,,,,,Pune,2020-07-27,"{""type"":""MultiPoint"",""coordinates"":[]}"
2020_08_04,,,,,Pune,2020-08-04,"{""type"":""MultiPoint"",""coordinates"":[]}"
2020_08_12,,,,,Pune,2020-08-12,"{""type"":""MultiPoint"",""coordinates"":[]}"
2020_08_20,31.04191119941263,,,,Pune,2020-08-20,"{""type"":""MultiPoint"",""coordinates"":[]}"
2020_08_28,29.719074253873142,30.388819188191903,20.29000000000002,0.6697449343187607,Pune,2020-08-28,"{""type"":""MultiPoint"",""coordinates"":[]}"
2020_09_05,31.669906499280792,,,,Pune,2020-09-05,"{""type"":""MultiPoint"",""coordinates"":[]}"
2020_09_13,,,,,Pune,2020-09-13,"{""type"":""MultiPoint"",""coordinates"":[]}"
2020_09_21,32.973018372703436,33.77076286212058,19.857856428406578,0.7977444894171413,Pune,2020-09-21,"{""type"":""MultiPoint"",""coordinates"":[]}"
2020_09_29,32.18042498615199,33.54524725038673,20.89625832659928,1.3648222642347392,Pune,2020-09-29,"{""type"":""MultiPoint"",""coordinates"":[]}"
2020_10_07,32.02964200136928,33.92000000000002,,1.8903579986307406,Pune,2020-10-07,"{""type"":""MultiPoint"",""coordinates"":[]}"
2020_10_15,30.344124795941823,30.380114511309365,21.198026212751955,0.03598971536754192,Pune,2020-10-15,"{""type"":""MultiPoint"",""coordinates"":[]}"
2020_10_23,30.625400417722847,31.4712562720369,20.999198874423662,0.8458558543140526,Pune,2020-10-23,"{""type"":""MultiPoint"",""coordinates"":[]}"
2020_10_31,30.660120103478107,31.18436160835373,19.494985082723126,0.5242415048756222,Pune,2020-10-31,"{""type"":""MultiPoint"",""coordinates"":[]}"
2020_11_08,30.773250329846377,31.321637134660982,18.48037591984372,0.548386804814605,Pune,2020-11-08,"{""type"":""MultiPoint"",""coordinates"":[]}"
2020_11_16,30.990419292279984,31.23920286097457,20.98479785426916,0.2487835686945843,Pune,2020-11-16,"{""type"":""MultiPoint"",""coordinates"":[]}"
2020_11_24,30.538422824100333,30.87867913520936,19.49651904598491,0.34025631110902665,Pune,2020-11-24,"{""type"":""MultiPoint"",""coordinates"":[]}"
2020_12_02,30.53406414224484,30.594634378790516,16.500871426096033,0.060570236545675726,Pune,2020-12-02,"{""type"":""MultiPoint"",""coordinates"":[]}"
2020_12_10,30.725692668987815,30.84995832339802,18.795578651627185,0.12426565441020543,Pune,2020-12-10,"{""type"":""MultiPoint"",""coordinates"":[]}"
2020_12_18,29.288693950702427,29.302022623077296,15.359520887784434,0.013328672374868233,Pune,2020-12-18,"{""type"":""MultiPoint"",""coordinates"":[]}"
2020_12_26,29.676244296087066,29.686556625036477,18.305080211067825,0.010312328949410698,Pune,2020-12-26,"{""type"":""MultiPoint"",""coordinates"":[]}"
2021_01_01,30.522667032623264,30.688582753404,19.25040245394013,0.1659157207807347,Pune,2021-01-01,"{""type"":""MultiPoint"",""coordinates"":[]}"
2021_01_09,30.53072089677115,29.952638698704828,19.474436614190452,-0.5780821980663227,Pune,2021-01-09,"{""type"":""MultiPoint"",""coordinates"":[]}"
2021_01_17,32.97227650611288,32.612991724703036,19.995509381401103,-0.35928478140984055,Pune,2021-01-17,"{""type"":""MultiPoint"",""coordinates"":[]}"
2021_01_25,31.325146457324056,30.991682233545337,18.271937929001606,-0.3334642237787193,Pune,2021-01-25,"{""type"":""MultiPoint"",""coordinates"":[]}"
2021_02_02,32.535048088997286,32.35752162262443,17.195802696128986,-0.17752646637285352,Pune,2021-02-02,"{""type"":""MultiPoint"",""coordinates"":[]}"
2021_02_10,32.578377603430496,32.0998172482813,19.075409798973155,-0.4785603551491988,Pune,2021-02-10,"{""type"":""MultiPoint"",""coordinates"":[]}"
2021_02_18,34.34923875889474,34.398633793996126,20.273838670619206,0.049395035101383655,Pune,2021-02-18,"{""type"":""MultiPoint"",""coordinates"":[]}"
2021_02_26,38.50574849213085,37.90848094259723,21.107206591471407,-0.597267549533619,Pune,2021-02-26,"{""type"":""MultiPoint"",""coordinates"":[]}"
2021_03_06,40.21382692897415,39.530109591319196,22.158125556063723,-0.6837173376549543,Pune,2021-03-06,"{""type"":""MultiPoint"",""coordinates"":[]}"
2021_03_14,38.08451175725433,37.52860381383053,22.38352809180497,-0.5559079434238043,Pune,2021-03-14,"{""type"":""MultiPoint"",""coordinates"":[]}"
2021_03_22,41.35849480769003,41.01451497907956,23.289169372384958,-0.3439798286104718,Pune,2021-03-22,"{""type"":""MultiPoint"",""coordinates"":[]}"
2021_03_30,43.72483604566431,42.87386027418481,23.683465004001768,-0.8509757714795043,Pune,2021-03-30,"{""type"":""MultiPoint"",""coordinates"":[]}"
2021_04_07,42.22737324081096,41.413401459175645,23.645284167479925,-0.8139717816353169,Pune,2021-04-07,"{""type"":""MultiPoint"",""coordinates"":[]}"
2021_04_15,42.59471482692596,41.72563796494233,24.23491560495941,-0.8690768619836291,Pune,2021-04-15,"{""type"":""MultiPoint"",""coordinates"":[]}"
2021_04_23,42.034233218479194,41.151524625857405,25.278807821065612,-0.882708592621789,Pune,2021-04-23,"{""type"":""MultiPoint"",""coordinates"":[]}"
2021_05_01,40.77499454048587,40.11913839186613,24.78995844248105,-0.6558561486197405,Pune,2021-05-01,"{""type"":""MultiPoint"",""coordinates"":[]}"
2021_05_09,42.40087922326537,42.24000218018821,24.52682250651877,-0.1608770430771571,Pune,2021-05-09,"{""type"":""MultiPoint"",""coordinates"":[]}"
2021_05_17,35.81821064008154,36.28471986304633,21.368019116458242,0.46650922296478825,Pune,2021-05-17,"{""type"":""MultiPoint"",""coordinates"":[]}"
2021_05_25,37.63528009032455,37.78961928227109,23.186371076593513,0.15433919194654067,Pune,2021-05-25,"{""type"":""MultiPoint"",""coordinates"":[]}"
2021_06_02,34.15042665163049,35.81007910228112,20.751955354619984,1.6596524506506327,Pune,2021-06-02,"{""type"":""MultiPoint"",""coordinates"":[]}"
2021_06_10,,,,,Pune,2021-06-10,"{""type"":""MultiPoint"",""coordinates"":[]}"
2021_06_18,30.077763525501187,30.542778888758214,21.055621299455,0.4650153632570273,Pune,2021-06-18,"{""type"":""MultiPoint"",""coordinates"":[]}"
2021_06_26,30.72079083534558,32.41960857205339,20.57946953781516,1.698817736707813,Pune,2021-06-26,"{""type"":""MultiPoint"",""coordinates"":[]}"
2021_07_04,36.49654051572217,36.5036148562707,,0.007074340548534508,Pune,2021-07-04,"{""type"":""MultiPoint"",""coordinates"":[]}"
2021_07_12,31.917921270718253,37.150000000000034,,5.232078729281781,Pune,2021-07-12,"{""type"":""MultiPoint"",""coordinates"":[]}"
2021_07_20,,,,,Pune,2021-07-20,"{""type"":""MultiPoint"",""coordinates"":[]}"
2021_07_28,28.96018725413063,,,,Pune,2021-07-28,"{""type"":""MultiPoint"",""coordinates"":[]}"
2021_08_05,31.515769808936668,29.23817802877507,19.586946169772283,-2.277591780161597,Pune,2021-08-05,"{""type"":""MultiPoint"",""coordinates"":[]}"
2021_08_13,33.83445667647339,,,,Pune,2021-08-13,"{""type"":""MultiPoint"",""coordinates"":[]}"
2021_08_21,36.296823708800844,35.841151914276175,,-0.4556717945246689,Pune,2021-08-21,"{""type"":""MultiPoint"",""coordinates"":[]}"
2021_08_29,36.53514532434713,,,,Pune,2021-08-29,"{""type"":""MultiPoint"",""coordinates"":[]}"
2021_09_06,,,,,Pune,2021-09-06,"{""type"":""MultiPoint"",""coordinates"":[]}"
2021_09_14,31.259494141183232,28.864734817257514,19.27152239626274,-2.3947593239257188,Pune,2021-09-14,"{""type"":""MultiPoint"",""coordinates"":[]}"
2021_09_22,36.672891412678204,,,,Pune,2021-09-22,"{""type"":""MultiPoint"",""coordinates"":[]}"
2021_09_30,31.112916238914394,32.8214316209569,16.676616334934828,1.7085153820425063,Pune,2021-09-30,"{""type"":""MultiPoint"",""coordinates"":[]}"
2021_10_08,30.602131265322818,31.613117383115508,21.91476816973191,1.0109861177926902,Pune,2021-10-08,"{""type"":""MultiPoint"",""coordinates"":[]}"
2021_10_16,32.00808049615906,32.853896229160654,20.521175154866345,0.8458157330015936,Pune,2021-10-16,"{""type"":""MultiPoint"",""coordinates"":[]}"
2021_10_24,31.158309477390624,32.15385752869685,19.9327739702904,0.9955480513062227,Pune,2021-10-24,"{""type"":""MultiPoint"",""coordinates"":[]}"
2021_11_01,31.20825327337366,31.681318378989683,20.95566537337037,0.47306510561602266,Pune,2021-11-01,"{""type"":""MultiPoint"",""coordinates"":[]}"
2021_11_09,29.75612691280678,29.950478025192957,17.819267855587253,0.19435111238617608,Pune,2021-11-09,"{""type"":""MultiPoint"",""coordinates"":[]}"
2021_11_17,29.596789012709205,31.11802649006625,21.8257744560076,1.5212374773570438,Pune,2021-11-17,"{""type"":""MultiPoint"",""coordinates"":[]}"
2021_11_25,29.198239085478406,29.683224487273286,19.896131913184135,0.48498540179488003,Pune,2021-11-25,"{""type"":""MultiPoint"",""coordinates"":[]}"
2021_12_03,27.36407224950996,27.584701160627308,17.776888987330604,0.22062891111734828,Pune,2021-12-03,"{""type"":""MultiPoint"",""coordinates"":[]}"
2021_12_11,27.45200618201643,27.44856353258639,18.494953204465908,-0.003442649430038358,Pune,2021-12-11,"{""type"":""MultiPoint"",""coordinates"":[]}"
2021_12_19,29.1812100599565,29.121522634438108,17.343947698656713,-0.05968742551839057,Pune,2021-12-19,"{""type"":""MultiPoint"",""coordinates"":[]}"
2021_12_27,27.564144757207046,28.286286418369308,17.22147783373034,0.7221416611622615,Pune,2021-12-27,"{""type"":""MultiPoint"",""coordinates"":[]}"
2022_01_01,28.512555588903226,28.664692947496142,18.383576156645333,0.15213735859291688,Pune,2022-01-01,"{""type"":""MultiPoint"",""coordinates"":[]}"
2022_01_09,27.596386021513126,27.503880659853817,16.175327056301935,-0.09250536165930967,Pune,2022-01-09,"{""type"":""MultiPoint"",""coordinates"":[]}"
2022_01_17,29.219553384442147,29.580319593629348,16.55455244545569,0.3607662091872008,Pune,2022-01-17,"{""type"":""MultiPoint"",""coordinates"":[]}"
2022_01_25,29.366316207864518,29.317085757974855,16.06683336872959,-0.049230449889662964,Pune,2022-01-25,"{""type"":""MultiPoint"",""coordinates"":[]}"
2022_02_02,32.518142723398775,32.43618864459351,17.701247466084546,-0.08195407880526773,Pune,2022-02-02,"{""type"":""MultiPoint"",""coordinates"":[]}"
2022_02_10,32.56155267660596,32.52157706644784,18.792769741116953,-0.03997561015812323,Pune,2022-02-10,"{""type"":""MultiPoint"",""coordinates"":[]}"
2022_02_18,36.038189148877215,35.820596858638794,20.236996908109035,-0.21759229023842153,Pune,2022-02-18,"{""type"":""MultiPoint"",""coordinates"":[]}"
2022_02_26,36.53738293433284,36.41890448909796,20.853339204788416,-0.11847844523487794,Pune,2022-02-26,"{""type"":""MultiPoint"",""coordinates"":[]}"
2022_03_06,35.96423982460483,35.9405843013608,21.750133753733873,-0.023655523244030974,Pune,2022-03-06,"{""type"":""MultiPoint"",""coordinates"":[]}"
2022_03_14,40.80332044189132,40.35280293491953,22.83139782051841,-0.45051750697179216,Pune,2022-03-14,"{""type"":""MultiPoint"",""coordinates"":[]}"
2022_03_22,40.44652314462518,39.910954109321416,23.842142925368,-0.5355690353037659,Pune,2022-03-22,"{""type"":""MultiPoint"",""coordinates"":[]}"
2022_03_30,44.39283863897482,43.57488835098336,24.902028009509436,-0.8179502879914651,Pune,2022-03-30,"{""type"":""MultiPoint"",""coordinates"":[]}"
2022_04_07,42.08733696710143,42.005024562006206,25.52055788388875,-0.08231240509522308,Pune,2022-04-07,"{""type"":""MultiPoint"",""coordinates"":[]}"
2022_04_15,42.55789618569108,41.97526328671333,25.114665384615417,-0.5826328989777494,Pune,2022-04-15,"{""type"":""MultiPoint"",""coordinates"":[]}"
2022_04_23,44.090806322712936,43.82756819530391,26.3448571670764,-0.26323812740902497,Pune,2022-04-23,"{""type"":""MultiPoint"",""coordinates"":[]}"
2022_05_01,43.20313596661848,42.78450827472948,25.803573251358117,-0.4186276918890002,Pune,2022-05-01,"{""type"":""MultiPoint"",""coordinates"":[]}"
2022_05_09,40.11521559697281,39.047012097580485,24.35826984603079,-1.0682034993923253,Pune,2022-05-09,"{""type"":""MultiPoint"",""coordinates"":[]}"
2022_05_17,36.30486703338201,35.805750680702765,23.892849759803028,-0.4991163526792448,Pune,2022-05-17,"{""type"":""MultiPoint"",""coordinates"":[]}"
2022_05_25,38.513252944298856,37.90673131278739,23.740655031500115,-0.6065216315114625,Pune,2022-05-25,"{""type"":""MultiPoint"",""coordinates"":[]}"
2022_06_02,37.01169521501079,36.3770610644258,23.050410644257724,-0.6346341505849864,Pune,2022-06-02,"{""type"":""MultiPoint"",""coordinates"":[]}"
2022_06_10,39.574757013866865,39.729702682501475,22.997684854524838,0.15494566863461046,Pune,2022-06-10,"{""type"":""MultiPoint"",""coordinates"":[]}"
2022_06_18,39.28000000000003,,,,Pune,2022-06-18,"{""type"":""MultiPoint"",""coordinates"":[]}"
2022_06_26,,,,,Pune,2022-06-26,"{""type"":""MultiPoint"",""coordinates"":[]}"
2022_07_04,,,,,Pune,2022-07-04,"{""type"":""MultiPoint"",""coordinates"":[]}"
2022_07_12,28.855609756097593,,,,Pune,2022-07-12,"{""type"":""MultiPoint"",""coordinates"":[]}"
2022_07_20,,,,,Pune,2022-07-20,"{""type"":""MultiPoint"",""coordinates"":[]}"
2022_07_28,30.76364532703794,,,,Pune,2022-07-28,"{""type"":""MultiPoint"",""coordinates"":[]}"
2022_08_05,,,,,Pune,2022-08-05,"{""type"":""MultiPoint"",""coordinates"":[]}"
2022_08_13,26.993333333333368,,,,Pune,2022-08-13,"{""type"":""MultiPoint"",""coordinates"":[]}"
2022_08_21,,,,,Pune,2022-08-21,"{""type"":""MultiPoint"",""coordinates"":[]}"
2022_08_29,31.375663248452998,32.82825440865274,23.372192334822515,1.4525911601997414,Pune,2022-08-29,"{""type"":""MultiPoint"",""coordinates"":[]}"
2022_09_06,27.585000000000022,,,,Pune,2022-09-06,"{""type"":""MultiPoint"",""coordinates"":[]}"
2022_09_14,,,,,Pune,2022-09-14,"{""type"":""MultiPoint"",""coordinates"":[]}"
2022_09_22,29.160000000000025,,,,Pune,2022-09-22,"{""type"":""MultiPoint"",""coordinates"":[]}"
2022_09_30,30.74026620911618,30.888391145595648,,0.14812493647946923,Pune,2022-09-30,"{""type"":""MultiPoint"",""coordinates"":[]}"
2022_10_08,27.029701873621004,,,,Pune,2022-10-08,"{""type"":""MultiPoint"",""coordinates"":[]}"
2022_10_16,,,,,Pune,2022-10-16,"{""type"":""MultiPoint"",""coordinates"":[]}"
2022_10_24,30.184831976977332,31.23003049745861,18.497129905841213,1.0451985204812786,Pune,2022-10-24,"{""type"":""MultiPoint"",""coordinates"":[]}"
2022_11_01,30.312623925881486,30.85005152868435,18.47137358296122,0.5374276028028646,Pune,2022-11-01,"{""type"":""MultiPoint"",""coordinates"":[]}"
2022_11_09,30.781810298870077,31.27436675350872,19.036009580637057,0.49255645463864184,Pune,2022-11-09,"{""type"":""MultiPoint"",""coordinates"":[]}"
2022_11_17,29.593763711886893,29.77850079266471,16.79863310338922,0.1847370807778148,Pune,2022-11-17,"{""type"":""MultiPoint"",""coordinates"":[]}"
2022_11_25,30.317515849410615,30.798258317696202,19.19327275531456,0.4807424682855874,Pune,2022-11-25,"{""type"":""MultiPoint"",""coordinates"":[]}"
2022_12_03,29.426600728455778,29.631883216783237,18.362304545454563,0.20528248832745888,Pune,2022-12-03,"{""type"":""MultiPoint"",""coordinates"":[]}"
2022_12_11,29.95138612878196,30.435729885308124,21.231874493044376,0.48434375652616524,Pune,2022-12-11,"{""type"":""MultiPoint"",""coordinates"":[]}"
2022_12_19,30.392906251620225,30.216565050725418,18.396911040613343,-0.17634120089480732,Pune,2022-12-19,"{""type"":""MultiPoint"",""coordinates"":[]}"
2022_12_27,31.12355995875686,31.328880371457384,19.348157431337363,0.20532041270052304,Pune,2022-12-27,"{""type"":""MultiPoint"",""coordinates"":[]}"
2023_01_01,29.06149024590633,29.265632017449793,18.274712686834043,0.20414177154346191,Pune,2023-01-01,"{""type"":""MultiPoint"",""coordinates"":[]}"
2023_01_09,30.32849638718954,30.297723469764822,16.2825847530687,-0.03077291742471644,Pune,2023-01-09,"{""type"":""MultiPoint"",""coordinates"":[]}"
2023_01_17,30.043655313006276,30.004093926319328,18.042952373050145,-0.0395613866869482,Pune,2023-01-17,"{""type"":""MultiPoint"",""coordinates"":[]}"
2023_01_25,29.989605525890866,30.18750029927325,19.339783155194556,0.1978947733823837,Pune,2023-01-25,"{""type"":""MultiPoint"",""coordinates"":[]}"
2023_02_02,32.9816170247856,33.01965087052736,19.14396818504449,0.03803384574175794,Pune,2023-02-02,"{""type"":""MultiPoint"",""coordinates"":[]}"
2023_02_10,35.97612131499215,35.97205824267785,19.705075146443566,-0.004063072314295368,Pune,2023-02-10,"{""type"":""MultiPoint"",""coordinates"":[]}"
2023_02_18,36.84309844781823,36.567992657126226,20.92214574122038,-0.27510579069200247,Pune,2023-02-18,"{""type"":""MultiPoint"",""coordinates"":[]}"
2023_02_26,36.068828385637666,35.87535250953924,21.555421275525198,-0.1934758760984252,Pune,2023-02-26,"{""type"":""MultiPoint"",""coordinates"":[]}"
2023_03_06,34.00232265029106,34.0050323977901,21.461404729281803,0.0027097474990398496,Pune,2023-03-06,"{""type"":""MultiPoint"",""coordinates"":[]}"
2023_03_14,36.059736216126986,35.68556368047137,20.698020100502557,-0.37417253565561737,Pune,2023-03-14,"{""type"":""MultiPoint"",""coordinates"":[]}"
2023_03_22,39.20098744227683,38.71569719190066,21.574217315223787,-0.485290250376174,Pune,2023-03-22,"{""type"":""MultiPoint"",""coordinates"":[]}"
2023_03_30,40.83107492225066,40.12147471479651,23.06026340882006,-0.7096002074541445,Pune,2023-03-30,"{""type"":""MultiPoint"",""coordinates"":[]}"
2023_04_07,40.26791782914212,39.90161375496191,24.432015967173665,-0.3663040741802135,Pune,2023-04-07,"{""type"":""MultiPoint"",""coordinates"":[]}"
2023_04_15,39.90513108481752,39.93418428414008,24.19384470628131,0.02905319932256134,Pune,2023-04-15,"{""type"":""MultiPoint"",""coordinates"":[]}"
2023_04_23,41.96575043181158,42.059276946388145,24.448694008887106,0.09352651457656691,Pune,2023-04-23,"{""type"":""MultiPoint"",""coordinates"":[]}"
2023_05_01,40.23319606389991,39.61711581364124,23.107135090645293,-0.6160802502586691,Pune,2023-05-01,"{""type"":""MultiPoint"",""coordinates"":[]}"
2023_05_09,42.649576803174014,43.05270034754599,26.671414936000716,0.4031235443719794,Pune,2023-05-09,"{""type"":""MultiPoint"",""coordinates"":[]}"
2023_05_17,44.39641920388506,43.74122484807568,26.49365833896021,-0.6551943558093782,Pune,2023-05-17,"{""type"":""MultiPoint"",""coordinates"":[]}"
2023_05_25,42.21368768386362,41.02549357088836,24.578971005966903,-1.1881941129752605,Pune,2023-05-25,"{""type"":""MultiPoint"",""coordinates"":[]}"
2023_06_02,39.582380605288634,37.80351115273288,24.385599693512717,-1.7788694525557531,Pune,2023-06-02,"{""type"":""MultiPoint"",""coordinates"":[]}"
2023_06_10,38.95638520794297,37.64746489374925,22.970315645582232,-1.3089203141937205,Pune,2023-06-10,"{""type"":""MultiPoint"",""coordinates"":[]}"
2023_06_18,36.63729669324649,36.58030181706194,22.083769633507874,-0.05699487618455379,Pune,2023-06-18,"{""type"":""MultiPoint"",""coordinates"":[]}"
2023_06_26,27.906983240223493,,,,Pune,2023-06-26,"{""type"":""MultiPoint"",""coordinates"":[]}"
2023_07_04,28.088461538461566,27.30333333333336,19.090000000000032,-0.7851282051282062,Pune,2023-07-04,"{""type"":""MultiPoint"",""coordinates"":[]}"
2023_07_12,,,,,Pune,2023-07-12,"{""type"":""MultiPoint"",""coordinates"":[]}"
2023_07_20,,,,,Pune,2023-07-20,"{""type"":""MultiPoint"",""coordinates"":[]}"
2023_07_28,28.896273912307464,,,,Pune,2023-07-28,"{""type"":""MultiPoint"",""coordinates"":[]}"
2023_08_05,,,,,Pune,2023-08-05,"{""type"":""MultiPoint"",""coordinates"":[]}"
2023_08_13,30.196380432561806,30.61560451462125,15.833133543638311,0.4192240820594435,Pune,2023-08-13,"{""type"":""MultiPoint"",""coordinates"":[]}"
2023_08_21,29.459410826107923,30.204484407882166,19.769950258274363,0.7450735817742427,Pune,2023-08-21,"{""type"":""MultiPoint"",""coordinates"":[]}"
2023_08_29,30.09203521821268,30.651270878387724,21.569288639396333,0.5592356601750446,Pune,2023-08-29,"{""type"":""MultiPoint"",""coordinates"":[]}"
2023_09_06,29.84835060766249,28.814000000000032,21.486000000000036,-1.0343506076624571,Pune,2023-09-06,"{""type"":""MultiPoint"",""coordinates"":[]}"
2023_09_14,33.164138849993265,30.336807734403532,,-2.8273311155897325,Pune,2023-09-14,"{""type"":""MultiPoint"",""coordinates"":[]}"
2023_09_22,27.896770978672553,30.65880168185006,,2.7620307031775084,Pune,2023-09-22,"{""type"":""MultiPoint"",""coordinates"":[]}"
2023_09_30,31.098637327953135,32.38531890154237,22.179069457268927,1.2866815735892345,Pune,2023-09-30,"{""type"":""MultiPoint"",""coordinates"":[]}"
2023_10_08,31.910795363836293,32.98044912923926,22.639998666777785,1.0696537654029683,Pune,2023-10-08,"{""type"":""MultiPoint"",""coordinates"":[]}"
2023_10_16,31.954843952989176,32.82640618652721,22.194180364414617,0.8715622335380324,Pune,2023-10-16,"{""type"":""MultiPoint"",""coordinates"":[]}"
2023_10_24,31.69959885427349,32.41312313308999,20.356791403916393,0.7135242788165002,Pune,2023-10-24,"{""type"":""MultiPoint"",""coordinates"":[]}"
2023_11_01,31.191945732391247,31.64098378742582,20.578970564702917,0.44903805503457406,Pune,2023-11-01,"{""type"":""MultiPoint"",""coordinates"":[]}"
2023_11_09,29.3577383924467,29.64609209450449,20.067314627533726,0.28835370205779043,Pune,2023-11-09,"{""type"":""MultiPoint"",""coordinates"":[]}"
2023_11_17,29.787834939558657,29.986994793126637,20.494318732003183,0.1991598535679806,Pune,2023-11-17,"{""type"":""MultiPoint"",""coordinates"":[]}"
2023_11_25,28.359102702908764,28.74260458605361,20.05011446551793,0.3835018831448451,Pune,2023-11-25,"{""type"":""MultiPoint"",""coordinates"":[]}"
2023_12_03,28.527660337697863,28.794687766720383,18.97225976471417,0.2670274290225194,Pune,2023-12-03,"{""type"":""MultiPoint"",""coordinates"":[]}"
2023_12_11,27.863766384994143,28.293457929088035,18.616648262480194,0.42969154409389176,Pune,2023-12-11,"{""type"":""MultiPoint"",""coordinates"":[]}"
2023_12_19,27.726957395277463,27.886810242512063,17.983853932059276,0.1598528472345997,Pune,2023-12-19,"{""type"":""MultiPoint"",""coordinates"":[]}"
2023_12_27,29.158731575390327,29.186414813327342,18.51793563933936,0.027683237937015548,Pune,2023-12-27,"{""type"":""MultiPoint"",""coordinates"":[]}"
2024_01_01,28.138800673979073,28.2864965205475,19.02056756901066,0.14769584656842838,Pune,2024-01-01,"{""type"":""MultiPoint"",""coordinates"":[]}"
2024_01_09,29.270920889266183,29.46239126864063,19.873549081478313,0.19147037937444722,Pune,2024-01-09,"{""type"":""MultiPoint"",""coordinates"":[]}"
2024_01_17,28.06552756570468,27.933771836605402,17.213529653038048,-0.1317557290992788,Pune,2024-01-17,"{""type"":""MultiPoint"",""coordinates"":[]}"
2024_01_25,29.590248759860323,29.436743359017253,17.80537906137186,-0.15350540084306985,Pune,2024-01-25,"{""type"":""MultiPoint"",""coordinates"":[]}"
2024_02_02,31.88014598909999,31.598725815206087,20.7946740428375,-0.2814201738939026,Pune,2024-02-02,"{""type"":""MultiPoint"",""coordinates"":[]}"
2024_02_10,32.69095704956908,32.27122687320512,20.307138282133888,-0.4197301763639558,Pune,2024-02-10,"{""type"":""MultiPoint"",""coordinates"":[]}"
2024_02_18,35.441314390726575,35.00311351263512,20.084348907126046,-0.43820087809145747,Pune,2024-02-18,"{""type"":""MultiPoint"",""coordinates"":[]}"
2024_02_26,34.81204234773811,34.31889779866183,22.278928273490315,-0.4931445490762769,Pune,2024-02-26,"{""type"":""MultiPoint"",""coordinates"":[]}"
2024_03_05,38.00549638704135,37.28477510433304,22.81527195287412,-0.720721282708304,Pune,2024-03-05,"{""type"":""MultiPoint"",""coordinates"":[]}"
2024_03_13,38.80437667527141,37.90692461551395,22.446463568367104,-0.8974520597574625,Pune,2024-03-13,"{""type"":""MultiPoint"",""coordinates"":[]}"
2024_03_21,40.18922167200841,39.42898786117284,25.179970446718652,-0.7602338108355653,Pune,2024-03-21,"{""type"":""MultiPoint"",""coordinates"":[]}"
2024_03_29,40.30223767716553,39.42133529290007,26.376712647485032,-0.8809023842654611,Pune,2024-03-29,"{""type"":""MultiPoint"",""coordinates"":[]}"
2024_04_06,43.05437207218368,42.23224909656277,25.59404605429033,-0.8221229756209141,Pune,2024-04-06,"{""type"":""MultiPoint"",""coordinates"":[]}"
2024_04_14,42.154741173072026,41.4160892724167,26.13685198650842,-0.7386519006553272,Pune,2024-04-14,"{""type"":""MultiPoint"",""coordinates"":[]}"
2024_04_22,42.29853478596652,42.35082317307284,27.530414316795394,0.05228838710632289,Pune,2024-04-22,"{""type"":""MultiPoint"",""coordinates"":[]}"
2024_04_30,44.72765062413803,43.99327071262429,27.42705476845003,-0.7343799115137415,Pune,2024-04-30,"{""type"":""MultiPoint"",""coordinates"":[]}"
2024_05_08,40.6336834601994,39.83297397339508,24.975940180120652,-0.8007094868043225,Pune,2024-05-08,"{""type"":""MultiPoint"",""coordinates"":[]}"
2024_05_16,35.400644809129325,35.29611815790573,24.11875238143242,-0.10452665122359406,Pune,2024-05-16,"{""type"":""MultiPoint"",""coordinates"":[]}"
2024_05_24,34.819370491568115,34.6877184453263,24.6431635701084,-0.13165204624181825,Pune,2024-05-24,"{""type"":""MultiPoint"",""coordinates"":[]}"
2024_06_01,37.363844866698,35.81118857210232,22.32853312467401,-1.5526562945956854,Pune,2024-06-01,"{""type"":""MultiPoint"",""coordinates"":[]}"
2024_06_09,,,,,Pune,2024-06-09,"{""type"":""MultiPoint"",""coordinates"":[]}"
2024_06_17,35.663016261156635,,,,Pune,2024-06-17,"{""type"":""MultiPoint"",""coordinates"":[]}"
2024_06_25,,,,,Pune,2024-06-25,"{""type"":""MultiPoint"",""coordinates"":[]}"
2024_07_03,31.038488754171066,31.850000000000023,,0.8115112458289566,Pune,2024-07-03,"{""type"":""MultiPoint"",""coordinates"":[]}"
2024_07_11,,,,,Pune,2024-07-11,"{""type"":""MultiPoint"",""coordinates"":[]}"
2024_07_19,,,,,Pune,2024-07-19,"{""type"":""MultiPoint"",""coordinates"":[]}"
2024_07_27,,,,,Pune,2024-07-27,"{""type"":""MultiPoint"",""coordinates"":[]}"
2024_08_04,29.51470588235298,,,,Pune,2024-08-04,"{""type"":""MultiPoint"",""coordinates"":[]}"
2024_08_12,30.696760550068536,31.80001077199284,21.482879712746886,1.1032502219243057,Pune,2024-08-12,"{""type"":""MultiPoint"",""coordinates"":[]}"
2024_08_20,,,,,Pune,2024-08-20,"{""type"":""MultiPoint"",""coordinates"":[]}"
2024_08_28,25.51212264150946,27.160000000000025,18.970000000000027,1.6478773584905646,Pune,2024-08-28,"{""type"":""MultiPoint"",""coordinates"":[]}"
2024_09_05,27.39500000000004,,,,Pune,2024-09-05,"{""type"":""MultiPoint"",""coordinates"":[]}"
2024_09_13,29.783400003665285,30.355013211564653,20.811060260126762,0.5716132078993681,Pune,2024-09-13,"{""type"":""MultiPoint"",""coordinates"":[]}"
2024_09_21,26.142546881761817,,,,Pune,2024-09-21,"{""type"":""MultiPoint"",""coordinates"":[]}"
2024_09_29,29.18192112015377,30.25565943115615,23.406860296467507,1.07373831100238,Pune,2024-09-29,"{""type"":""MultiPoint"",""coordinates"":[]}"
2024_10_07,29.111686304785263,31.917519204523366,23.157546934225216,2.8058328997381032,Pune,2024-10-07,"{""type"":""MultiPoint"",""coordinates"":[]}"
2024_10_15,26.046146935021778,,,,Pune,2024-10-15,"{""type"":""MultiPoint"",""coordinates"":[]}"
2024_10_23,29.786935771143487,30.356129920317436,21.75131510550258,0.5691941491739492,Pune,2024-10-23,"{""type"":""MultiPoint"",""coordinates"":[]}"
2024_10_31,30.23478458683169,30.91941254563561,21.51020760039829,0.6846279588039188,Pune,2024-10-31,"{""type"":""MultiPoint"",""coordinates"":[]}"
2024_11_08,28.95435812828228,29.4569231758002,20.51215776168648,0.5025650475179191,Pune,2024-11-08,"{""type"":""MultiPoint"",""coordinates"":[]}"
2024_11_16,27.86862253202174,28.330602885606385,19.579170903469628,0.4619803535846465,Pune,2024-11-16,"{""type"":""MultiPoint"",""coordinates"":[]}"
2024_11_24,25.52956408744737,26.06311698486665,16.28415556746803,0.5335528974192805,Pune,2024-11-24,"{""type"":""MultiPoint"",""coordinates"":[]}"
2024_12_02,28.186504236562005,28.503079327741524,20.711134977869975,0.3165750911795193,Pune,2024-12-02,"{""type"":""MultiPoint"",""coordinates"":[]}"
2024_12_10,27.0931203736466,27.26532417001486,17.58964931275116,0.17220379636826166,Pune,2024-12-10,"{""type"":""MultiPoint"",""coordinates"":[]}"
2024_12_18,26.434277711963603,26.55099223504724,17.683009863588683,0.11671452308363683,Pune,2024-12-18,"{""type"":""MultiPoint"",""coordinates"":[]}"
2024_12_26,27.644044874835572,28.253970624603536,19.571061041041695,0.6099257497679638,Pune,2024-12-26,"{""type"":""MultiPoint"",""coordinates"":[]}"
