system:index,LST_Day_Rural,LST_Day_Urban,LST_Night_Urban,UHI_Index,city,date,.geo
2000_02_18,,,,,Surat,2000-02-18,"{""type"":""MultiPoint"",""coordinates"":[]}"
2000_02_26,37.86694694986975,37.66140053085478,18.519950787308645,-0.20554641901497206,Surat,2000-02-26,"{""type"":""MultiPoint"",""coordinates"":[]}"
2000_03_05,35.633349185496186,35.0194759981212,17.75433142320341,-0.6138731873749848,Surat,2000-03-05,"{""type"":""MultiPoint"",""coordinates"":[]}"
2000_03_13,37.620795738010045,36.79178853346414,19.49225619429463,-0.8290072045459027,Surat,2000-03-13,"{""type"":""MultiPoint"",""coordinates"":[]}"
2000_03_21,39.84010451964969,39.48207776215645,19.31688049643673,-0.3580267574932421,Surat,2000-03-21,"{""type"":""MultiPoint"",""coordinates"":[]}"
2000_03_29,41.10907898739846,40.81765312356808,22.767928249579967,-0.2914258638303835,Surat,2000-03-29,"{""type"":""MultiPoint"",""coordinates"":[]}"
2000_04_06,40.61822542143198,40.165798955314926,23.2169193228611,-0.4524264661170534,Surat,2000-04-06,"{""type"":""MultiPoint"",""coordinates"":[]}"
2000_04_14,39.66726919742288,39.302482511124964,24.153712904923673,-0.36478668629791855,Surat,2000-04-14,"{""type"":""MultiPoint"",""coordinates"":[]}"
2000_04_22,40.364947726024866,40.13258487661887,25.173025264458232,-0.2323628494059946,Surat,2000-04-22,"{""type"":""MultiPoint"",""coordinates"":[]}"
2000_04_30,40.51213082444639,40.297737546504386,25.773104991061533,-0.21439327794200125,Surat,2000-04-30,"{""type"":""MultiPoint"",""coordinates"":[]}"
2000_05_08,36.315493183231915,36.690450296397636,23.483619471044253,0.37495711316572056,Surat,2000-05-08,"{""type"":""MultiPoint"",""coordinates"":[]}"
2000_05_16,35.60456869158881,34.655848388239484,24.36811902231672,-0.9487203033493259,Surat,2000-05-16,"{""type"":""MultiPoint"",""coordinates"":[]}"
2000_05_24,36.637243501032636,35.6931815994611,24.34385622173037,-0.944061901571537,Surat,2000-05-24,"{""type"":""MultiPoint"",""coordinates"":[]}"
2000_06_01,41.38820959132439,,,,Surat,2000-06-01,"{""type"":""MultiPoint"",""coordinates"":[]}"
2000_06_09,34.02044844928753,33.183335680052,21.070036283880775,-0.8371127692355316,Surat,2000-06-09,"{""type"":""MultiPoint"",""coordinates"":[]}"
2000_06_17,,,,,Surat,2000-06-17,"{""type"":""MultiPoint"",""coordinates"":[]}"
2000_06_25,38.897177302806746,36.574447484836085,24.905480457882998,-2.322729817970661,Surat,2000-06-25,"{""type"":""MultiPoint"",""coordinates"":[]}"
2000_07_03,,,,,Surat,2000-07-03,"{""type"":""MultiPoint"",""coordinates"":[]}"
2000_07_11,,,,,Surat,2000-07-11,"{""type"":""MultiPoint"",""coordinates"":[]}"
2000_07_19,27.470000000000027,,,,Surat,2000-07-19,"{""type"":""MultiPoint"",""coordinates"":[]}"
2000_07_27,31.280253362527397,31.550000000000033,21.175000000000026,0.26974663747263605,Surat,2000-07-27,"{""type"":""MultiPoint"",""coordinates"":[]}"
2000_08_04,30.93735584415587,,,,Surat,2000-08-04,"{""type"":""MultiPoint"",""coordinates"":[]}"
2000_08_12,,,,,Surat,2000-08-12,"{""type"":""MultiPoint"",""coordinates"":[]}"
2000_08_20,,,,,Surat,2000-08-20,"{""type"":""MultiPoint"",""coordinates"":[]}"
2000_08_28,30.344061415950414,30.378455042702285,19.724954422151093,0.03439362675187141,Surat,2000-08-28,"{""type"":""MultiPoint"",""coordinates"":[]}"
2000_09_05,32.28883170775715,30.655286696071414,21.82764734844601,-1.633545011685733,Surat,2000-09-05,"{""type"":""MultiPoint"",""coordinates"":[]}"
2000_09_13,32.91950486769849,32.101488051373856,22.24905305821667,-0.8180168163246364,Surat,2000-09-13,"{""type"":""MultiPoint"",""coordinates"":[]}"
2000_09_21,34.941287741190244,34.435298832024955,26.16830465822371,-0.5059889091652892,Surat,2000-09-21,"{""type"":""MultiPoint"",""coordinates"":[]}"
2000_09_29,34.48474413868464,33.97711833488765,25.290892405128197,-0.5076258037969907,Surat,2000-09-29,"{""type"":""MultiPoint"",""coordinates"":[]}"
2000_10_07,34.58063768229271,33.12961011442297,25.085117954513386,-1.451027567869744,Surat,2000-10-07,"{""type"":""MultiPoint"",""coordinates"":[]}"
2000_10_15,36.228270470089434,35.472907424346396,22.97090517569939,-0.7553630457430387,Surat,2000-10-15,"{""type"":""MultiPoint"",""coordinates"":[]}"
2000_10_23,36.01082520075506,35.32403320293495,21.06369591872482,-0.6867919978201087,Surat,2000-10-23,"{""type"":""MultiPoint"",""coordinates"":[]}"
2000_10_31,36.122885623666136,35.791785766053096,19.4076114412717,-0.33109985761304017,Surat,2000-10-31,"{""type"":""MultiPoint"",""coordinates"":[]}"
2000_11_08,35.0378796086787,34.98498917233948,19.95874952659334,-0.05289043633921864,Surat,2000-11-08,"{""type"":""MultiPoint"",""coordinates"":[]}"
2000_11_16,33.4961528190567,33.53513257502978,16.791874111363033,0.0389797559730809,Surat,2000-11-16,"{""type"":""MultiPoint"",""coordinates"":[]}"
2000_11_24,32.89107168875512,32.79628046275687,16.81133859396047,-0.09479122599825018,Surat,2000-11-24,"{""type"":""MultiPoint"",""coordinates"":[]}"
2000_12_02,33.4521264131626,32.891135069161955,13.489910302607639,-0.560991344000648,Surat,2000-12-02,"{""type"":""MultiPoint"",""coordinates"":[]}"
2000_12_10,32.91772043681976,32.769471913891714,14.38340555192816,-0.1482485229280428,Surat,2000-12-10,"{""type"":""MultiPoint"",""coordinates"":[]}"
2000_12_18,32.454890545527974,32.43776472667994,14.669464359372258,-0.017125818848036545,Surat,2000-12-18,"{""type"":""MultiPoint"",""coordinates"":[]}"
2000_12_26,31.569271248253166,31.309043806720663,14.940288349276459,-0.26022744153250343,Surat,2000-12-26,"{""type"":""MultiPoint"",""coordinates"":[]}"
2001_01_01,29.929390183288437,29.539022763763203,14.510854404507448,-0.39036741952523357,Surat,2001-01-01,"{""type"":""MultiPoint"",""coordinates"":[]}"
2001_01_09,30.914695119194413,30.325658777240974,15.212089984302713,-0.5890363419534381,Surat,2001-01-09,"{""type"":""MultiPoint"",""coordinates"":[]}"
2001_01_17,32.27917574340978,31.90196542222912,15.528446716858154,-0.3772103211806588,Surat,2001-01-17,"{""type"":""MultiPoint"",""coordinates"":[]}"
2001_01_25,31.825062788948912,31.527624985272762,14.661756862899143,-0.29743780367615,Surat,2001-01-25,"{""type"":""MultiPoint"",""coordinates"":[]}"
2001_02_02,34.380291000535635,34.62856791751026,13.944225528508902,0.24827691697462484,Surat,2001-02-02,"{""type"":""MultiPoint"",""coordinates"":[]}"
2001_02_10,32.915546689904005,32.40471810571927,15.255074809036103,-0.5108285841847362,Surat,2001-02-10,"{""type"":""MultiPoint"",""coordinates"":[]}"
2001_02_18,36.744325960679944,36.110748828169655,17.420106703250646,-0.6335771325102897,Surat,2001-02-18,"{""type"":""MultiPoint"",""coordinates"":[]}"
2001_02_26,35.493895910370306,35.082181296680204,19.10482747848808,-0.4117146136901013,Surat,2001-02-26,"{""type"":""MultiPoint"",""coordinates"":[]}"
2001_03_06,37.06991073377719,36.87532958758113,19.773407862218125,-0.19458114619606448,Surat,2001-03-06,"{""type"":""MultiPoint"",""coordinates"":[]}"
2001_03_14,38.654429780618436,38.70626133909287,21.228446298841583,0.05183155847443288,Surat,2001-03-14,"{""type"":""MultiPoint"",""coordinates"":[]}"
2001_03_22,39.802210465874744,39.1223718150043,22.126978673826084,-0.6798386508704439,Surat,2001-03-22,"{""type"":""MultiPoint"",""coordinates"":[]}"
2001_03_30,40.438543148698805,39.51083620975451,20.19266288344161,-0.9277069389442971,Surat,2001-03-30,"{""type"":""MultiPoint"",""coordinates"":[]}"
2001_04_07,43.89436602323508,43.42971142913156,22.95968496373265,-0.4646545941035214,Surat,2001-04-07,"{""type"":""MultiPoint"",""coordinates"":[]}"
2001_04_15,40.431469901848295,40.49551375049821,24.620759665205266,0.06404384864991641,Surat,2001-04-15,"{""type"":""MultiPoint"",""coordinates"":[]}"
2001_04_23,43.825190972158495,44.44195082497577,26.430730393742767,0.6167598528172746,Surat,2001-04-23,"{""type"":""MultiPoint"",""coordinates"":[]}"
2001_05_01,40.66230896719513,40.21739342420246,27.001803019199766,-0.44491554299266767,Surat,2001-05-01,"{""type"":""MultiPoint"",""coordinates"":[]}"
2001_05_09,39.50505820250692,38.787883513784124,26.265008205435215,-0.7171746887227997,Surat,2001-05-09,"{""type"":""MultiPoint"",""coordinates"":[]}"
2001_05_17,37.50789798411733,37.04340238095241,25.96125000000004,-0.4644956031649201,Surat,2001-05-17,"{""type"":""MultiPoint"",""coordinates"":[]}"
2001_05_25,40.02140963235794,39.83254186013791,24.893077951315625,-0.18886777222002848,Surat,2001-05-25,"{""type"":""MultiPoint"",""coordinates"":[]}"
2001_06_02,41.226000000000035,,,,Surat,2001-06-02,"{""type"":""MultiPoint"",""coordinates"":[]}"
2001_06_10,,,,,Surat,2001-06-10,"{""type"":""MultiPoint"",""coordinates"":[]}"
2001_06_26,,,,,Surat,2001-06-26,"{""type"":""MultiPoint"",""coordinates"":[]}"
2001_07_04,,,,,Surat,2001-07-04,"{""type"":""MultiPoint"",""coordinates"":[]}"
2001_07_12,,,,,Surat,2001-07-12,"{""type"":""MultiPoint"",""coordinates"":[]}"
2001_07_20,26.227777777777813,,,,Surat,2001-07-20,"{""type"":""MultiPoint"",""coordinates"":[]}"
2001_07_28,,29.79000000000004,,,Surat,2001-07-28,"{""type"":""MultiPoint"",""coordinates"":[]}"
2001_08_05,,,,,Surat,2001-08-05,"{""type"":""MultiPoint"",""coordinates"":[]}"
2001_08_13,,,,,Surat,2001-08-13,"{""type"":""MultiPoint"",""coordinates"":[]}"
2001_08_21,27.36735726273249,28.430000000000007,21.910000000000025,1.0626427372675167,Surat,2001-08-21,"{""type"":""MultiPoint"",""coordinates"":[]}"
2001_08_29,30.68901166247434,29.30471325634195,22.758593426117887,-1.3842984061323875,Surat,2001-08-29,"{""type"":""MultiPoint"",""coordinates"":[]}"
2001_09_06,32.05701560140919,30.78758804695841,23.20504802561369,-1.2694275544507825,Surat,2001-09-06,"{""type"":""MultiPoint"",""coordinates"":[]}"
2001_09_14,33.553845845537246,32.9942771014042,22.16877474814269,-0.5595687441330455,Surat,2001-09-14,"{""type"":""MultiPoint"",""coordinates"":[]}"
2001_09_22,32.574595321542134,32.09394537177545,25.30934335770454,-0.4806499497666863,Surat,2001-09-22,"{""type"":""MultiPoint"",""coordinates"":[]}"
2001_09_30,35.824308974250506,35.38408764811236,,-0.44022132613814335,Surat,2001-09-30,"{""type"":""MultiPoint"",""coordinates"":[]}"
2001_10_08,33.145353913137455,32.25230569336172,23.819403496338317,-0.8930482197757357,Surat,2001-10-08,"{""type"":""MultiPoint"",""coordinates"":[]}"
2001_10_16,35.57244676769267,34.74653725946514,21.50310683066155,-0.8259095082275252,Surat,2001-10-16,"{""type"":""MultiPoint"",""coordinates"":[]}"
2001_10_24,35.585117571854454,35.28855193335584,20.857270380892775,-0.2965656384986133,Surat,2001-10-24,"{""type"":""MultiPoint"",""coordinates"":[]}"
2001_11_01,36.659134816010024,36.241532412077525,20.879529806967227,-0.4176024039324986,Surat,2001-11-01,"{""type"":""MultiPoint"",""coordinates"":[]}"
2001_11_09,33.97590143452802,33.755649030722275,17.781070351905903,-0.22025240380574473,Surat,2001-11-09,"{""type"":""MultiPoint"",""coordinates"":[]}"
2001_11_17,34.553462412379616,34.32586920537637,18.116529326636623,-0.22759320700324537,Surat,2001-11-17,"{""type"":""MultiPoint"",""coordinates"":[]}"
2001_11_25,31.570329369566412,31.159734706739687,16.02768779296493,-0.41059466282672474,Surat,2001-11-25,"{""type"":""MultiPoint"",""coordinates"":[]}"
2001_12_03,32.8761029291867,32.50741087322818,16.26166811046487,-0.36869205595851895,Surat,2001-12-03,"{""type"":""MultiPoint"",""coordinates"":[]}"
2001_12_11,31.806969435148282,31.53253671457301,15.926049835679612,-0.27443272057527324,Surat,2001-12-11,"{""type"":""MultiPoint"",""coordinates"":[]}"
2001_12_19,32.105197573241874,31.850196354241415,15.931802784555778,-0.2550012190004587,Surat,2001-12-19,"{""type"":""MultiPoint"",""coordinates"":[]}"
2001_12_27,30.797072411782167,30.335484092184334,17.69272209638205,-0.4615883195978334,Surat,2001-12-27,"{""type"":""MultiPoint"",""coordinates"":[]}"
2002_01_01,29.728454228686108,29.558777763499986,15.619617958425204,-0.16967646518612156,Surat,2002-01-01,"{""type"":""MultiPoint"",""coordinates"":[]}"
2002_01_09,30.873960628840763,30.623093843806913,16.089801978249128,-0.25086678503384974,Surat,2002-01-09,"{""type"":""MultiPoint"",""coordinates"":[]}"
2002_01_17,29.4011871965749,29.516644070422807,13.055717688985338,0.11545687384790781,Surat,2002-01-17,"{""type"":""MultiPoint"",""coordinates"":[]}"
2002_01_25,29.730630024437367,29.446084562914233,13.216497798848646,-0.284545461523134,Surat,2002-01-25,"{""type"":""MultiPoint"",""coordinates"":[]}"
2002_02_02,31.023401829095636,30.67418456907171,15.634509060343666,-0.34921726002392717,Surat,2002-02-02,"{""type"":""MultiPoint"",""coordinates"":[]}"
2002_02_10,33.89667676562642,33.28606829461985,18.288211633909107,-0.6106084710065645,Surat,2002-02-10,"{""type"":""MultiPoint"",""coordinates"":[]}"
2002_02_18,35.40293426535057,34.96642905415055,18.49502517632951,-0.4365052112000143,Surat,2002-02-18,"{""type"":""MultiPoint"",""coordinates"":[]}"
2002_02_26,35.51835322801088,35.544565548780476,19.126205636335225,0.02621232076959501,Surat,2002-02-26,"{""type"":""MultiPoint"",""coordinates"":[]}"
2002_03_06,35.18144284737021,34.42999830644821,21.498169270502586,-0.7514445409219945,Surat,2002-03-06,"{""type"":""MultiPoint"",""coordinates"":[]}"
2002_03_14,38.867577954550605,38.365691519460086,19.785216823218366,-0.501886435090519,Surat,2002-03-14,"{""type"":""MultiPoint"",""coordinates"":[]}"
2002_03_22,41.109137448798066,41.054593094527945,19.47508267454322,-0.05454435427012072,Surat,2002-03-22,"{""type"":""MultiPoint"",""coordinates"":[]}"
2002_03_30,39.47178186186857,39.140143598196545,22.61631114558592,-0.3316382636720263,Surat,2002-03-30,"{""type"":""MultiPoint"",""coordinates"":[]}"
2002_04_07,40.75166587537529,40.643319791348326,23.813348683107705,-0.10834608402696233,Surat,2002-04-07,"{""type"":""MultiPoint"",""coordinates"":[]}"
2002_04_15,39.91117371960522,39.87321964817439,24.813932802567976,-0.03795407143083196,Surat,2002-04-15,"{""type"":""MultiPoint"",""coordinates"":[]}"
2002_04_23,43.4221509239103,43.86410721601215,25.442941807612026,0.4419562921018496,Surat,2002-04-23,"{""type"":""MultiPoint"",""coordinates"":[]}"
2002_05_01,40.44397147572299,41.13736771168502,26.432594986569494,0.6933962359620338,Surat,2002-05-01,"{""type"":""MultiPoint"",""coordinates"":[]}"
2002_05_09,37.07518116069855,37.3407305773343,25.95763364219533,0.26554941663574994,Surat,2002-05-09,"{""type"":""MultiPoint"",""coordinates"":[]}"
2002_05_17,35.661980100422056,34.56047954014543,25.3664445261031,-1.1015005602766266,Surat,2002-05-17,"{""type"":""MultiPoint"",""coordinates"":[]}"
2002_05_25,36.98778496311079,36.71658327812379,26.016532926990894,-0.27120168498699826,Surat,2002-05-25,"{""type"":""MultiPoint"",""coordinates"":[]}"
2002_06_02,36.13019408181029,37.875540446573474,25.2565131731438,1.7453463647631864,Surat,2002-06-02,"{""type"":""MultiPoint"",""coordinates"":[]}"
2002_06_10,39.58371158306758,,,,Surat,2002-06-10,"{""type"":""MultiPoint"",""coordinates"":[]}"
2002_06_18,,,,,Surat,2002-06-18,"{""type"":""MultiPoint"",""coordinates"":[]}"
2002_06_26,,,,,Surat,2002-06-26,"{""type"":""MultiPoint"",""coordinates"":[]}"
2002_07_04,29.567992312909823,,,,Surat,2002-07-04,"{""type"":""MultiPoint"",""coordinates"":[]}"
2002_07_12,28.99845528455288,,,,Surat,2002-07-12,"{""type"":""MultiPoint"",""coordinates"":[]}"
2002_07_20,30.06333333333336,,,,Surat,2002-07-20,"{""type"":""MultiPoint"",""coordinates"":[]}"
2002_07_28,35.80753500000002,28.660813953488404,19.47000000000001,-7.146721046511619,Surat,2002-07-28,"{""type"":""MultiPoint"",""coordinates"":[]}"
2002_08_05,,,,,Surat,2002-08-05,"{""type"":""MultiPoint"",""coordinates"":[]}"
2002_08_13,28.33000000000004,,,,Surat,2002-08-13,"{""type"":""MultiPoint"",""coordinates"":[]}"
2002_08_21,29.359863891112926,,,,Surat,2002-08-21,"{""type"":""MultiPoint"",""coordinates"":[]}"
2002_08_29,,,,,Surat,2002-08-29,"{""type"":""MultiPoint"",""coordinates"":[]}"
2002_09_06,28.64247086288631,27.99569182532834,22.68232244285911,-0.6467790375579696,Surat,2002-09-06,"{""type"":""MultiPoint"",""coordinates"":[]}"
2002_09_14,32.05781468926555,30.040554396152814,22.96663006986664,-2.0172602931127344,Surat,2002-09-14,"{""type"":""MultiPoint"",""coordinates"":[]}"
2002_09_22,32.49729700306069,32.29090076936039,24.52443028022689,-0.20639623370029625,Surat,2002-09-22,"{""type"":""MultiPoint"",""coordinates"":[]}"
2002_09_30,34.81611203503289,34.652754476305574,23.38512883774739,-0.16335755872731283,Surat,2002-09-30,"{""type"":""MultiPoint"",""coordinates"":[]}"
2002_10_08,35.20411725985842,34.756510412211455,24.256802391339523,-0.44760684764696634,Surat,2002-10-08,"{""type"":""MultiPoint"",""coordinates"":[]}"
2002_10_16,33.52942876629583,33.3320096413688,22.966731437395477,-0.1974191249270305,Surat,2002-10-16,"{""type"":""MultiPoint"",""coordinates"":[]}"
2002_10_24,34.747145102176354,34.27777879926455,19.555128307618528,-0.46936630291180137,Surat,2002-10-24,"{""type"":""MultiPoint"",""coordinates"":[]}"
2002_11_01,34.11031727428889,33.95753366796097,20.083752817501704,-0.15278360632791532,Surat,2002-11-01,"{""type"":""MultiPoint"",""coordinates"":[]}"
2002_11_09,33.42621762103109,33.22308711882488,19.42979735298398,-0.2031305022062142,Surat,2002-11-09,"{""type"":""MultiPoint"",""coordinates"":[]}"
2002_11_17,34.77798508145133,34.68680446206676,16.77285879607674,-0.09118061938456634,Surat,2002-11-17,"{""type"":""MultiPoint"",""coordinates"":[]}"
2002_11_25,31.86308575656981,31.534309090546728,16.25000757379471,-0.32877666602308153,Surat,2002-11-25,"{""type"":""MultiPoint"",""coordinates"":[]}"
2002_12_03,30.957949148155304,30.267947735933024,17.640998665351404,-0.69000141222228,Surat,2002-12-03,"{""type"":""MultiPoint"",""coordinates"":[]}"
2002_12_11,31.829177741386356,31.389410278176218,17.337379913942012,-0.4397674632101385,Surat,2002-12-11,"{""type"":""MultiPoint"",""coordinates"":[]}"
2002_12_19,30.854186573622865,30.559169442272268,15.747851729564337,-0.2950171313505976,Surat,2002-12-19,"{""type"":""MultiPoint"",""coordinates"":[]}"
2002_12_27,29.20858889941032,29.06010668404217,14.226829820961434,-0.14848221536814776,Surat,2002-12-27,"{""type"":""MultiPoint"",""coordinates"":[]}"
2003_01_01,29.062132259735403,28.783601692448023,17.554215204859986,-0.2785305672873797,Surat,2003-01-01,"{""type"":""MultiPoint"",""coordinates"":[]}"
2003_01_09,30.63542476631987,30.171832234767464,18.16807180045262,-0.4635925315524041,Surat,2003-01-09,"{""type"":""MultiPoint"",""coordinates"":[]}"
2003_01_17,30.822673245960843,30.50220194566221,15.381336002358418,-0.3204713002986317,Surat,2003-01-17,"{""type"":""MultiPoint"",""coordinates"":[]}"
2003_01_25,31.364312439414856,30.761026199777085,16.966463381568808,-0.6032862396377716,Surat,2003-01-25,"{""type"":""MultiPoint"",""coordinates"":[]}"
2003_02_02,32.188202342042885,31.85043180430472,17.96776751640973,-0.3377705377381659,Surat,2003-02-02,"{""type"":""MultiPoint"",""coordinates"":[]}"
2003_02_10,34.03199563958478,33.702172259813196,17.393328393424728,-0.3298233797715824,Surat,2003-02-10,"{""type"":""MultiPoint"",""coordinates"":[]}"
2003_02_18,32.54520421325372,31.579638238411896,19.365140213934673,-0.965565974841823,Surat,2003-02-18,"{""type"":""MultiPoint"",""coordinates"":[]}"
2003_02_26,35.22081320466808,34.96745157982505,18.29719464862434,-0.2533616248430306,Surat,2003-02-26,"{""type"":""MultiPoint"",""coordinates"":[]}"
2003_03_06,37.89627103883739,37.57328887708451,17.718555709434483,-0.32298216175288275,Surat,2003-03-06,"{""type"":""MultiPoint"",""coordinates"":[]}"
2003_03_14,37.03417590830708,36.41533983394479,19.503664800154514,-0.6188360743622852,Surat,2003-03-14,"{""type"":""MultiPoint"",""coordinates"":[]}"
2003_03_22,38.34430023183639,38.56330761506113,22.9754764011653,0.219007383224735,Surat,2003-03-22,"{""type"":""MultiPoint"",""coordinates"":[]}"
2003_03_30,38.62262110603635,38.37878934409209,23.380849723614872,-0.24383176194425715,Surat,2003-03-30,"{""type"":""MultiPoint"",""coordinates"":[]}"
2003_04_07,41.158816123151446,40.83110151209378,24.446897871536688,-0.3277146110576652,Surat,2003-04-07,"{""type"":""MultiPoint"",""coordinates"":[]}"
2003_04_15,41.20084105774684,41.82523153188183,25.545229587869365,0.6243904741349908,Surat,2003-04-15,"{""type"":""MultiPoint"",""coordinates"":[]}"
2003_04_23,39.91925893281381,40.04652323415636,25.485326997468828,0.1272643013425494,Surat,2003-04-23,"{""type"":""MultiPoint"",""coordinates"":[]}"
2003_05_01,38.463570751929716,38.046253812938225,25.147135443489315,-0.41731693899149036,Surat,2003-05-01,"{""type"":""MultiPoint"",""coordinates"":[]}"
2003_05_09,38.87663801424347,38.307464217002504,26.609445231400294,-0.5691737972409641,Surat,2003-05-09,"{""type"":""MultiPoint"",""coordinates"":[]}"
2003_05_17,36.88715337446534,36.69417454385582,26.300369311936716,-0.19297883060951904,Surat,2003-05-17,"{""type"":""MultiPoint"",""coordinates"":[]}"
2003_05_25,38.578319649467026,38.006893300731136,27.29965317567486,-0.5714263487358906,Surat,2003-05-25,"{""type"":""MultiPoint"",""coordinates"":[]}"
2003_06_02,35.657820280321396,34.62705329443905,25.18029402231796,-1.0307669858823445,Surat,2003-06-02,"{""type"":""MultiPoint"",""coordinates"":[]}"
2003_06_10,38.82608223829915,39.10330150068215,27.17941336971353,0.27721926238299943,Surat,2003-06-10,"{""type"":""MultiPoint"",""coordinates"":[]}"
2003_06_18,,,,,Surat,2003-06-18,"{""type"":""MultiPoint"",""coordinates"":[]}"
2003_06_26,,,,,Surat,2003-06-26,"{""type"":""MultiPoint"",""coordinates"":[]}"
2003_07_04,,,,,Surat,2003-07-04,"{""type"":""MultiPoint"",""coordinates"":[]}"
2003_07_12,,,,,Surat,2003-07-12,"{""type"":""MultiPoint"",""coordinates"":[]}"
2003_07_20,,,,,Surat,2003-07-20,"{""type"":""MultiPoint"",""coordinates"":[]}"
2003_07_28,25.86535460992911,,,,Surat,2003-07-28,"{""type"":""MultiPoint"",""coordinates"":[]}"
2003_08_05,,,,,Surat,2003-08-05,"{""type"":""MultiPoint"",""coordinates"":[]}"
2003_08_13,28.582393258426983,28.589963407266815,23.952718788958165,0.007570148839832314,Surat,2003-08-13,"{""type"":""MultiPoint"",""coordinates"":[]}"
2003_08_21,,,,,Surat,2003-08-21,"{""type"":""MultiPoint"",""coordinates"":[]}"
2003_08_29,28.357471980074752,28.81000000000003,,0.45252801992527836,Surat,2003-08-29,"{""type"":""MultiPoint"",""coordinates"":[]}"
2003_09_06,28.91367792421748,24.883156934306598,21.859032846715362,-4.030520989910883,Surat,2003-09-06,"{""type"":""MultiPoint"",""coordinates"":[]}"
2003_09_14,30.726187308086008,31.50608420099596,23.170683567225026,0.779896892909953,Surat,2003-09-14,"{""type"":""MultiPoint"",""coordinates"":[]}"
2003_09_22,30.630150538966692,29.456666666666706,,-1.173483872299986,Surat,2003-09-22,"{""type"":""MultiPoint"",""coordinates"":[]}"
2003_09_30,32.245679188086825,31.87340653104415,23.692737459722025,-0.3722726570426751,Surat,2003-09-30,"{""type"":""MultiPoint"",""coordinates"":[]}"
2003_10_08,34.06296237983495,33.52272255415576,22.566363213805012,-0.5402398256791869,Surat,2003-10-08,"{""type"":""MultiPoint"",""coordinates"":[]}"
2003_10_16,34.72324527716354,33.97859761017407,20.71417989011413,-0.7446476669894722,Surat,2003-10-16,"{""type"":""MultiPoint"",""coordinates"":[]}"
2003_10_24,33.98781909601739,33.42622554258074,20.214127304875014,-0.5615935534366514,Surat,2003-10-24,"{""type"":""MultiPoint"",""coordinates"":[]}"
2003_11_01,34.72025944723458,34.48754180985111,21.998271859488376,-0.23271763738347317,Surat,2003-11-01,"{""type"":""MultiPoint"",""coordinates"":[]}"
2003_11_09,34.12620782914995,34.1087907977363,19.97465675633769,-0.017417031413650363,Surat,2003-11-09,"{""type"":""MultiPoint"",""coordinates"":[]}"
2003_11_17,32.179806414920385,31.714228867077598,19.981808757513548,-0.4655775478427877,Surat,2003-11-17,"{""type"":""MultiPoint"",""coordinates"":[]}"
2003_11_25,32.37643434314077,32.3586111084228,20.118097205957802,-0.01782323471797298,Surat,2003-11-25,"{""type"":""MultiPoint"",""coordinates"":[]}"
2003_12_03,31.909061076561745,31.775820888517647,17.881462121141038,-0.13324018804409832,Surat,2003-12-03,"{""type"":""MultiPoint"",""coordinates"":[]}"
2003_12_11,30.624720646675737,29.582903083302387,17.9321182518248,-1.0418175633733497,Surat,2003-12-11,"{""type"":""MultiPoint"",""coordinates"":[]}"
2003_12_19,29.669732022918325,29.50362429764619,16.029102809415384,-0.16610772527213413,Surat,2003-12-19,"{""type"":""MultiPoint"",""coordinates"":[]}"
2003_12_27,28.340422217213934,28.30293813481068,13.63793639068434,-0.03748408240325318,Surat,2003-12-27,"{""type"":""MultiPoint"",""coordinates"":[]}"
2004_01_01,28.816349568571297,28.55237243392965,15.122087553871262,-0.26397713464164596,Surat,2004-01-01,"{""type"":""MultiPoint"",""coordinates"":[]}"
2004_01_09,31.474419655210923,31.1451939999045,15.271937801557359,-0.32922565530642345,Surat,2004-01-09,"{""type"":""MultiPoint"",""coordinates"":[]}"
2004_01_17,29.31251438403635,29.368289697971893,14.897778628369633,0.05577531393554125,Surat,2004-01-17,"{""type"":""MultiPoint"",""coordinates"":[]}"
2004_01_25,29.72191257188613,29.416028565419438,15.397454159576307,-0.305884006466691,Surat,2004-01-25,"{""type"":""MultiPoint"",""coordinates"":[]}"
2004_02_02,31.60628910535463,31.263514108925115,14.404809294841108,-0.34277499642951526,Surat,2004-02-02,"{""type"":""MultiPoint"",""coordinates"":[]}"
2004_02_10,33.254007249061075,33.05832663482907,17.630831055841906,-0.19568061423200334,Surat,2004-02-10,"{""type"":""MultiPoint"",""coordinates"":[]}"
2004_02_18,35.21964288548385,35.07848796889775,19.02499020890847,-0.14115491658610324,Surat,2004-02-18,"{""type"":""MultiPoint"",""coordinates"":[]}"
2004_02_26,36.36771270528696,36.37560170333572,19.18764239413298,0.00788899804875598,Surat,2004-02-26,"{""type"":""MultiPoint"",""coordinates"":[]}"
2004_03_05,39.324176008369754,39.246185410045115,19.028133528728883,-0.07799059832463939,Surat,2004-03-05,"{""type"":""MultiPoint"",""coordinates"":[]}"
2004_03_13,40.85924553599082,40.91377620908039,21.68012523044892,0.05453067308956605,Surat,2004-03-13,"{""type"":""MultiPoint"",""coordinates"":[]}"
2004_03_21,38.992261678410394,39.14403527661408,23.047688422536332,0.15177359820368963,Surat,2004-03-21,"{""type"":""MultiPoint"",""coordinates"":[]}"
2004_03_29,38.709195750366085,38.07823434516698,23.250177453773183,-0.6309614051991019,Surat,2004-03-29,"{""type"":""MultiPoint"",""coordinates"":[]}"
2004_04_06,39.09333511577625,39.37243707997153,25.003623461901373,0.2791019641952843,Surat,2004-04-06,"{""type"":""MultiPoint"",""coordinates"":[]}"
2004_04_14,40.11818164906116,39.75601006566654,26.377820160092046,-0.36217158339461974,Surat,2004-04-14,"{""type"":""MultiPoint"",""coordinates"":[]}"
2004_04_22,40.01167370784263,39.93790667419192,25.5992598792772,-0.0737670336507108,Surat,2004-04-22,"{""type"":""MultiPoint"",""coordinates"":[]}"
2004_04_30,40.646851915356386,40.31749914650069,24.5697592127724,-0.3293527688556992,Surat,2004-04-30,"{""type"":""MultiPoint"",""coordinates"":[]}"
2004_05_08,38.050268941485015,38.28968071995646,25.619948697371843,0.23941177847144246,Surat,2004-05-08,"{""type"":""MultiPoint"",""coordinates"":[]}"
2004_05_16,34.9743847203387,34.633003091953135,25.229151401772054,-0.3413816283855624,Surat,2004-05-16,"{""type"":""MultiPoint"",""coordinates"":[]}"
2004_05_24,37.8408771246439,37.788484631735905,25.75310004734898,-0.05239249290799819,Surat,2004-05-24,"{""type"":""MultiPoint"",""coordinates"":[]}"
2004_06_01,37.41666104425286,36.694442234677304,25.968107033086277,-0.7222188095755584,Surat,2004-06-01,"{""type"":""MultiPoint"",""coordinates"":[]}"
2004_06_09,,35.478000000000044,,,Surat,2004-06-09,"{""type"":""MultiPoint"",""coordinates"":[]}"
2004_06_17,,,,,Surat,2004-06-17,"{""type"":""MultiPoint"",""coordinates"":[]}"
2004_06_25,32.641629985290436,32.4666418000726,21.79893907012381,-0.17498818521783477,Surat,2004-06-25,"{""type"":""MultiPoint"",""coordinates"":[]}"
2004_07_03,28.54200000000002,,,,Surat,2004-07-03,"{""type"":""MultiPoint"",""coordinates"":[]}"
2004_07_11,31.293863358107313,30.416965990126183,24.102591776798853,-0.8768973679811296,Surat,2004-07-11,"{""type"":""MultiPoint"",""coordinates"":[]}"
2004_07_19,29.336402943490953,28.910660102206183,24.64569587436126,-0.42574284128476947,Surat,2004-07-19,"{""type"":""MultiPoint"",""coordinates"":[]}"
2004_07_27,,,,,Surat,2004-07-27,"{""type"":""MultiPoint"",""coordinates"":[]}"
2004_08_04,,,,,Surat,2004-08-04,"{""type"":""MultiPoint"",""coordinates"":[]}"
2004_08_12,,,,,Surat,2004-08-12,"{""type"":""MultiPoint"",""coordinates"":[]}"
2004_08_20,25.349310076146665,24.855750000000043,20.339840909090942,-0.4935600761466219,Surat,2004-08-20,"{""type"":""MultiPoint"",""coordinates"":[]}"
2004_08_28,31.208169149081883,29.835833383028227,21.193991889796678,-1.3723357660536557,Surat,2004-08-28,"{""type"":""MultiPoint"",""coordinates"":[]}"
2004_09_05,34.872911815561984,30.80565815324168,19.627197118533104,-4.067253662320304,Surat,2004-09-05,"{""type"":""MultiPoint"",""coordinates"":[]}"
2004_09_13,29.3448175874888,28.913285700010025,20.777414809633285,-0.43153188747877635,Surat,2004-09-13,"{""type"":""MultiPoint"",""coordinates"":[]}"
2004_09_21,30.93199269468942,31.259291497975735,,0.32729880328631467,Surat,2004-09-21,"{""type"":""MultiPoint"",""coordinates"":[]}"
2004_09_29,32.282224891089676,31.817117437722445,,-0.46510745336723147,Surat,2004-09-29,"{""type"":""MultiPoint"",""coordinates"":[]}"
2004_10_07,31.96936304950467,30.99993751410103,21.847284757168264,-0.9694255354036372,Surat,2004-10-07,"{""type"":""MultiPoint"",""coordinates"":[]}"
2004_10_15,33.567944296503285,33.25758081052328,20.767517168004645,-0.3103634859800053,Surat,2004-10-15,"{""type"":""MultiPoint"",""coordinates"":[]}"
2004_10_23,33.98542538515036,33.3661463242343,19.921229829961174,-0.6192790609160568,Surat,2004-10-23,"{""type"":""MultiPoint"",""coordinates"":[]}"
2004_10_31,33.41757313907363,33.31235645640059,19.7017973686531,-0.10521668267303852,Surat,2004-10-31,"{""type"":""MultiPoint"",""coordinates"":[]}"
2004_11_08,33.66487367127708,33.469977682087936,22.71312818358454,-0.19489598918914197,Surat,2004-11-08,"{""type"":""MultiPoint"",""coordinates"":[]}"
2004_11_16,34.60370021665633,34.51226900789144,18.822884307387685,-0.09143120876488808,Surat,2004-11-16,"{""type"":""MultiPoint"",""coordinates"":[]}"
2004_11_24,33.08552640157918,33.058491945629484,17.578045668233756,-0.027034455949696223,Surat,2004-11-24,"{""type"":""MultiPoint"",""coordinates"":[]}"
2004_12_02,32.40012140451727,31.89480937626297,16.50222436057816,-0.505312028254302,Surat,2004-12-02,"{""type"":""MultiPoint"",""coordinates"":[]}"
2004_12_10,31.763105148294724,31.40135830962379,16.208744553431107,-0.36174683867093194,Surat,2004-12-10,"{""type"":""MultiPoint"",""coordinates"":[]}"
2004_12_18,29.778220573114453,29.25766956759085,16.2035593184753,-0.520551005523604,Surat,2004-12-18,"{""type"":""MultiPoint"",""coordinates"":[]}"
2004_12_26,31.133500963684362,30.877513000333945,17.55692619626927,-0.2559879633504174,Surat,2004-12-26,"{""type"":""MultiPoint"",""coordinates"":[]}"
2005_01_01,29.889225278931377,29.413427906751348,15.412945184898016,-0.47579737218002904,Surat,2005-01-01,"{""type"":""MultiPoint"",""coordinates"":[]}"
2005_01_09,29.053905896246004,28.951788164835637,14.667093761154982,-0.10211773141036673,Surat,2005-01-09,"{""type"":""MultiPoint"",""coordinates"":[]}"
2005_01_17,28.628170098930074,28.32551151674897,13.027167725565024,-0.30265858218110253,Surat,2005-01-17,"{""type"":""MultiPoint"",""coordinates"":[]}"
2005_01_25,30.162722292884073,29.560285458685787,15.76538305139885,-0.6024368341982864,Surat,2005-01-25,"{""type"":""MultiPoint"",""coordinates"":[]}"
2005_02_02,32.219427500931275,31.795128358030972,16.280257511156197,-0.4242991429003027,Surat,2005-02-02,"{""type"":""MultiPoint"",""coordinates"":[]}"
2005_02_10,34.09176957795613,33.924872208979956,18.69974889332103,-0.1668973689761728,Surat,2005-02-10,"{""type"":""MultiPoint"",""coordinates"":[]}"
2005_02_18,31.600587866587095,31.05078572407903,14.380733940116238,-0.5498021425080637,Surat,2005-02-18,"{""type"":""MultiPoint"",""coordinates"":[]}"
2005_02_26,36.0576975511969,35.53859729641129,20.3081651464605,-0.519100254785613,Surat,2005-02-26,"{""type"":""MultiPoint"",""coordinates"":[]}"
2005_03_06,36.441195335712585,36.23703453521072,20.266643749937476,-0.20416080050186736,Surat,2005-03-06,"{""type"":""MultiPoint"",""coordinates"":[]}"
2005_03_14,39.453553599544385,39.63836302959398,21.941722127390264,0.18480943004959727,Surat,2005-03-14,"{""type"":""MultiPoint"",""coordinates"":[]}"
2005_03_22,38.63290821494473,38.67403836436239,22.361905040276653,0.041130149417661244,Surat,2005-03-22,"{""type"":""MultiPoint"",""coordinates"":[]}"
2005_03_30,41.79906485984582,41.36619179771818,21.550070921985824,-0.43287306212764065,Surat,2005-03-30,"{""type"":""MultiPoint"",""coordinates"":[]}"
2005_04_07,38.79033284762535,39.02604778189875,21.65618563653004,0.23571493427339618,Surat,2005-04-07,"{""type"":""MultiPoint"",""coordinates"":[]}"
2005_04_15,39.74120937773457,40.16000752520946,24.47276446094416,0.4187981474748881,Surat,2005-04-15,"{""type"":""MultiPoint"",""coordinates"":[]}"
2005_04_23,38.72063384569173,38.422882279385526,25.213277286530932,-0.2977515663062036,Surat,2005-04-23,"{""type"":""MultiPoint"",""coordinates"":[]}"
2005_05_01,38.786791670223415,38.84136887280354,25.126994472297252,0.05457720258012699,Surat,2005-05-01,"{""type"":""MultiPoint"",""coordinates"":[]}"
2005_05_09,39.725180461420265,40.3178301091627,26.538001356824243,0.5926496477424337,Surat,2005-05-09,"{""type"":""MultiPoint"",""coordinates"":[]}"
2005_05_17,41.46012648816205,42.203679808841144,27.930208226659865,0.7435533206790979,Surat,2005-05-17,"{""type"":""MultiPoint"",""coordinates"":[]}"
2005_05_25,39.23423226161443,39.44773164516954,27.16635016888224,0.21349938355511,Surat,2005-05-25,"{""type"":""MultiPoint"",""coordinates"":[]}"
2005_06_02,37.769844898710694,37.56303177236189,26.593690187571802,-0.20681312634880555,Surat,2005-06-02,"{""type"":""MultiPoint"",""coordinates"":[]}"
2005_06_10,38.4531518254075,39.65809042687551,25.724925486233936,1.2049386014680081,Surat,2005-06-10,"{""type"":""MultiPoint"",""coordinates"":[]}"
2005_06_18,,,,,Surat,2005-06-18,"{""type"":""MultiPoint"",""coordinates"":[]}"
2005_06_26,,,,,Surat,2005-06-26,"{""type"":""MultiPoint"",""coordinates"":[]}"
2005_07_04,,,,,Surat,2005-07-04,"{""type"":""MultiPoint"",""coordinates"":[]}"
2005_07_12,,,,,Surat,2005-07-12,"{""type"":""MultiPoint"",""coordinates"":[]}"
2005_07_20,31.890000000000043,,,,Surat,2005-07-20,"{""type"":""MultiPoint"",""coordinates"":[]}"
2005_07_28,,,,,Surat,2005-07-28,"{""type"":""MultiPoint"",""coordinates"":[]}"
2005_08_05,,,,,Surat,2005-08-05,"{""type"":""MultiPoint"",""coordinates"":[]}"
2005_08_13,,,,,Surat,2005-08-13,"{""type"":""MultiPoint"",""coordinates"":[]}"
2005_08_21,31.131986511775743,29.70825659189298,22.426064541519114,-1.4237299198827635,Surat,2005-08-21,"{""type"":""MultiPoint"",""coordinates"":[]}"
2005_08_29,34.676682943791015,33.16477710720431,24.02485407737837,-1.5119058365867062,Surat,2005-08-29,"{""type"":""MultiPoint"",""coordinates"":[]}"
2005_09_06,,,,,Surat,2005-09-06,"{""type"":""MultiPoint"",""coordinates"":[]}"
2005_09_14,,,,,Surat,2005-09-14,"{""type"":""MultiPoint"",""coordinates"":[]}"
2005_09_22,29.517418711191308,28.286233266489646,22.25989756652759,-1.2311854447016621,Surat,2005-09-22,"{""type"":""MultiPoint"",""coordinates"":[]}"
2005_09_30,32.74300228842458,32.30068064164399,23.940654905158095,-0.4423216467805844,Surat,2005-09-30,"{""type"":""MultiPoint"",""coordinates"":[]}"
2005_10_08,34.54111626042282,34.23596347180187,23.16470369769243,-0.3051527886209513,Surat,2005-10-08,"{""type"":""MultiPoint"",""coordinates"":[]}"
2005_10_16,33.44239808153486,32.9175311622794,22.2507157018629,-0.5248669192554587,Surat,2005-10-16,"{""type"":""MultiPoint"",""coordinates"":[]}"
2005_10_24,33.90921010905787,33.46760173220368,19.516336647431018,-0.44160837685418386,Surat,2005-10-24,"{""type"":""MultiPoint"",""coordinates"":[]}"
2005_11_01,32.807896988689016,32.54500960833649,19.018610852467482,-0.2628873803525238,Surat,2005-11-01,"{""type"":""MultiPoint"",""coordinates"":[]}"
2005_11_09,33.419011588202096,33.32103725036592,16.866266087531294,-0.09797433783617748,Surat,2005-11-09,"{""type"":""MultiPoint"",""coordinates"":[]}"
2005_11_17,33.92067155340683,33.824265636533646,17.672662270557566,-0.09640591687318079,Surat,2005-11-17,"{""type"":""MultiPoint"",""coordinates"":[]}"
2005_11_25,31.653534937675502,31.96993570404076,18.06735496315351,0.31640076636525905,Surat,2005-11-25,"{""type"":""MultiPoint"",""coordinates"":[]}"
2005_12_03,31.109420308163404,30.87174818104323,18.525924545508648,-0.23767212712017383,Surat,2005-12-03,"{""type"":""MultiPoint"",""coordinates"":[]}"
2005_12_11,29.53378007961521,29.219914228052513,14.715796592408612,-0.31386585156269575,Surat,2005-12-11,"{""type"":""MultiPoint"",""coordinates"":[]}"
2005_12_19,27.960720377224398,27.661351658540966,13.168022911494667,-0.2993687186834322,Surat,2005-12-19,"{""type"":""MultiPoint"",""coordinates"":[]}"
2005_12_27,29.207813424165217,28.973021711965032,14.187666159012824,-0.23479171220018458,Surat,2005-12-27,"{""type"":""MultiPoint"",""coordinates"":[]}"
2006_01_01,28.34637485966178,27.861305481947674,15.942059870818186,-0.48506937771410463,Surat,2006-01-01,"{""type"":""MultiPoint"",""coordinates"":[]}"
2006_01_09,31.2942188066624,31.090520581928736,15.846054962066967,-0.20369822473366384,Surat,2006-01-09,"{""type"":""MultiPoint"",""coordinates"":[]}"
2006_01_17,30.64248169929685,30.019070889159597,15.323250182704042,-0.6234108101372549,Surat,2006-01-17,"{""type"":""MultiPoint"",""coordinates"":[]}"
2006_01_25,31.430847290351828,30.93218383121348,15.361251494581873,-0.4986634591383492,Surat,2006-01-25,"{""type"":""MultiPoint"",""coordinates"":[]}"
2006_02_02,32.54519212088812,32.047377397280115,17.412896715472918,-0.49781472360800194,Surat,2006-02-02,"{""type"":""MultiPoint"",""coordinates"":[]}"
2006_02_10,34.28378659212176,34.16138564941307,18.51954770042177,-0.12240094270868696,Surat,2006-02-10,"{""type"":""MultiPoint"",""coordinates"":[]}"
2006_02_18,35.9528146561673,35.14203332383663,20.6602081757361,-0.8107813323306701,Surat,2006-02-18,"{""type"":""MultiPoint"",""coordinates"":[]}"
2006_02_26,34.92317346982753,34.650723517204774,19.7716454804305,-0.2724499526227575,Surat,2006-02-26,"{""type"":""MultiPoint"",""coordinates"":[]}"
2006_03_06,34.37890416562555,34.27049597226473,19.9848699908229,-0.10840819336081609,Surat,2006-03-06,"{""type"":""MultiPoint"",""coordinates"":[]}"
2006_03_14,36.926692740583455,36.84479983888875,21.40331879402317,-0.08189290169470809,Surat,2006-03-14,"{""type"":""MultiPoint"",""coordinates"":[]}"
2006_03_22,38.65492096801365,38.49282466129606,21.916437439388563,-0.16209630671758646,Surat,2006-03-22,"{""type"":""MultiPoint"",""coordinates"":[]}"
2006_03_30,39.63868119089376,39.61436243135775,23.928420185570946,-0.024318759536015477,Surat,2006-03-30,"{""type"":""MultiPoint"",""coordinates"":[]}"
2006_04_07,40.29404048306747,39.776630862257825,24.36188135028333,-0.5174096208096444,Surat,2006-04-07,"{""type"":""MultiPoint"",""coordinates"":[]}"
2006_04_15,39.3297044870657,39.36013512862745,24.478979937781165,0.03043064156175035,Surat,2006-04-15,"{""type"":""MultiPoint"",""coordinates"":[]}"
2006_04_23,40.24231773998122,40.63551738889488,26.118989139840362,0.3931996489136651,Surat,2006-04-23,"{""type"":""MultiPoint"",""coordinates"":[]}"
2006_05_01,39.57377799827282,39.96841989954556,26.45031667065294,0.3946419012727418,Surat,2006-05-01,"{""type"":""MultiPoint"",""coordinates"":[]}"
2006_05_09,39.248732781549236,38.446405583223346,25.464019130920633,-0.8023271983258908,Surat,2006-05-09,"{""type"":""MultiPoint"",""coordinates"":[]}"
2006_05_17,37.144993993443734,37.21874847046159,24.013401693504992,0.07375447701785731,Surat,2006-05-17,"{""type"":""MultiPoint"",""coordinates"":[]}"
2006_05_25,33.931490552834184,34.27042805320438,23.71834298231891,0.3389375003701929,Surat,2006-05-25,"{""type"":""MultiPoint"",""coordinates"":[]}"
2006_06_02,33.120875925335596,32.82848073701846,22.781462311557824,-0.29239518831713696,Surat,2006-06-02,"{""type"":""MultiPoint"",""coordinates"":[]}"
2006_06_10,34.13171394833953,34.17613594530634,25.978255324743657,0.04442199696681115,Surat,2006-06-10,"{""type"":""MultiPoint"",""coordinates"":[]}"
2006_06_18,37.90413265306124,,,,Surat,2006-06-18,"{""type"":""MultiPoint"",""coordinates"":[]}"
2006_06_26,,,,,Surat,2006-06-26,"{""type"":""MultiPoint"",""coordinates"":[]}"
2006_07_04,,,,,Surat,2006-07-04,"{""type"":""MultiPoint"",""coordinates"":[]}"
2006_07_12,,,,,Surat,2006-07-12,"{""type"":""MultiPoint"",""coordinates"":[]}"
2006_07_20,,,,,Surat,2006-07-20,"{""type"":""MultiPoint"",""coordinates"":[]}"
2006_07_28,,,,,Surat,2006-07-28,"{""type"":""MultiPoint"",""coordinates"":[]}"
2006_08_05,,,,,Surat,2006-08-05,"{""type"":""MultiPoint"",""coordinates"":[]}"
2006_08_13,,,,,Surat,2006-08-13,"{""type"":""MultiPoint"",""coordinates"":[]}"
2006_08_21,,,,,Surat,2006-08-21,"{""type"":""MultiPoint"",""coordinates"":[]}"
2006_08_29,31.60066637912447,29.578019133370873,19.900577689243068,-2.0226472457535962,Surat,2006-08-29,"{""type"":""MultiPoint"",""coordinates"":[]}"
2006_09_06,30.42687719298249,29.85645241038322,,-0.5704247825992717,Surat,2006-09-06,"{""type"":""MultiPoint"",""coordinates"":[]}"
2006_09_14,,,,,Surat,2006-09-14,"{""type"":""MultiPoint"",""coordinates"":[]}"
2006_09_22,32.05741217757089,30.98087536114352,23.72835166506161,-1.0765368164273674,Surat,2006-09-22,"{""type"":""MultiPoint"",""coordinates"":[]}"
2006_09_30,31.629057095984763,33.06595880354073,24.439370306666138,1.4369017075559682,Surat,2006-09-30,"{""type"":""MultiPoint"",""coordinates"":[]}"
2006_10_08,33.35832461789019,33.02694375272519,24.272779516496332,-0.3313808651650021,Surat,2006-10-08,"{""type"":""MultiPoint"",""coordinates"":[]}"
2006_10_16,35.2712671607426,35.068524737221885,22.876896390335236,-0.2027424235207178,Surat,2006-10-16,"{""type"":""MultiPoint"",""coordinates"":[]}"
2006_10_24,35.23034385755827,35.04608263828973,21.424597641645107,-0.18426121926853511,Surat,2006-10-24,"{""type"":""MultiPoint"",""coordinates"":[]}"
2006_11_01,34.131540858630416,33.94369452338516,21.360609893550414,-0.18784633524525418,Surat,2006-11-01,"{""type"":""MultiPoint"",""coordinates"":[]}"
2006_11_09,32.81110200882939,32.90619424010774,19.788684359825,0.09509223127835043,Surat,2006-11-09,"{""type"":""MultiPoint"",""coordinates"":[]}"
2006_11_17,33.134245368037355,32.857898285604875,17.818969447370968,-0.27634708243247985,Surat,2006-11-17,"{""type"":""MultiPoint"",""coordinates"":[]}"
2006_11_25,30.955201737259802,30.877221714421957,17.279603584628244,-0.07798002283784555,Surat,2006-11-25,"{""type"":""MultiPoint"",""coordinates"":[]}"
2006_12_03,29.7355824962497,29.69866741321389,17.892835270494675,-0.03691508303581159,Surat,2006-12-03,"{""type"":""MultiPoint"",""coordinates"":[]}"
2006_12_11,30.61089596485625,30.637994571458425,16.895226774478285,0.027098606602173447,Surat,2006-12-11,"{""type"":""MultiPoint"",""coordinates"":[]}"
2006_12_19,31.260177170016014,30.721980199960775,17.781765144089412,-0.5381969700552389,Surat,2006-12-19,"{""type"":""MultiPoint"",""coordinates"":[]}"
2006_12_27,30.34742682926838,30.021753911820745,16.992417201041185,-0.3256729174476334,Surat,2006-12-27,"{""type"":""MultiPoint"",""coordinates"":[]}"
2007_01_01,28.839319125536605,28.692061401695288,15.646874508993216,-0.1472577238413173,Surat,2007-01-01,"{""type"":""MultiPoint"",""coordinates"":[]}"
2007_01_09,28.42516967467305,27.97192086181896,15.06404226227472,-0.4532488128540919,Surat,2007-01-09,"{""type"":""MultiPoint"",""coordinates"":[]}"
2007_01_17,28.822459107468294,28.927598616644243,15.224290218107846,0.10513950917594883,Surat,2007-01-17,"{""type"":""MultiPoint"",""coordinates"":[]}"
2007_01_25,32.17790532708629,31.680949108307964,18.44875540089897,-0.49695621877832963,Surat,2007-01-25,"{""type"":""MultiPoint"",""coordinates"":[]}"
2007_02_02,32.048371856734406,31.47820753804805,17.762487478486243,-0.5701643186863556,Surat,2007-02-02,"{""type"":""MultiPoint"",""coordinates"":[]}"
2007_02_10,30.99834381743533,30.14403610825385,18.974856997599893,-0.8543077091814801,Surat,2007-02-10,"{""type"":""MultiPoint"",""coordinates"":[]}"
2007_02_18,34.77314543980411,34.83736701084199,18.985703964555366,0.0642215710378764,Surat,2007-02-18,"{""type"":""MultiPoint"",""coordinates"":[]}"
2007_02_26,35.48514878365033,35.13677203755448,19.655963097153823,-0.3483767460958518,Surat,2007-02-26,"{""type"":""MultiPoint"",""coordinates"":[]}"
2007_03_06,36.114712424011465,36.009262718065266,20.384283128586315,-0.1054497059461994,Surat,2007-03-06,"{""type"":""MultiPoint"",""coordinates"":[]}"
2007_03_14,38.02953894696404,37.41983455152721,21.38734372428485,-0.6097043954368289,Surat,2007-03-14,"{""type"":""MultiPoint"",""coordinates"":[]}"
2007_03_22,40.044393622867695,39.868047020374284,21.62634397226765,-0.1763466024934104,Surat,2007-03-22,"{""type"":""MultiPoint"",""coordinates"":[]}"
2007_03_30,41.65066569864854,41.6913397815852,23.522639949672197,0.04067408293666119,Surat,2007-03-30,"{""type"":""MultiPoint"",""coordinates"":[]}"
2007_04_07,40.440660161041,40.69851364286867,24.613857155042542,0.25785348182766654,Surat,2007-04-07,"{""type"":""MultiPoint"",""coordinates"":[]}"
2007_04_15,37.08406571089016,36.776977208318385,24.96479024468129,-0.3070885025717729,Surat,2007-04-15,"{""type"":""MultiPoint"",""coordinates"":[]}"
2007_04_23,39.38105871962871,39.11012447633749,25.137636753593014,-0.2709342432912223,Surat,2007-04-23,"{""type"":""MultiPoint"",""coordinates"":[]}"
2007_05_01,39.01723204434496,38.90736509015229,26.14017159725613,-0.10986695419266823,Surat,2007-05-01,"{""type"":""MultiPoint"",""coordinates"":[]}"
2007_05_09,38.01612760547512,38.46132219655237,26.60860474300497,0.4451945910772537,Surat,2007-05-09,"{""type"":""MultiPoint"",""coordinates"":[]}"
2007_05_17,38.405319735044834,38.26314594594598,25.918169884169924,-0.14217378909885525,Surat,2007-05-17,"{""type"":""MultiPoint"",""coordinates"":[]}"
2007_05_25,37.49372453668248,37.14710056722742,25.909873408476795,-0.34662396945505947,Surat,2007-05-25,"{""type"":""MultiPoint"",""coordinates"":[]}"
2007_06_02,38.0653860329777,39.39000000000004,27.49000000000001,1.3246139670223442,Surat,2007-06-02,"{""type"":""MultiPoint"",""coordinates"":[]}"
2007_06_10,40.2506182932395,39.722345750873124,25.048299864183193,-0.5282725423663734,Surat,2007-06-10,"{""type"":""MultiPoint"",""coordinates"":[]}"
2007_06_18,,,,,Surat,2007-06-18,"{""type"":""MultiPoint"",""coordinates"":[]}"
2007_06_26,27.150000000000034,,,,Surat,2007-06-26,"{""type"":""MultiPoint"",""coordinates"":[]}"
2007_07_04,27.008750000000028,,,,Surat,2007-07-04,"{""type"":""MultiPoint"",""coordinates"":[]}"
2007_07_12,29.208181818181853,,,,Surat,2007-07-12,"{""type"":""MultiPoint"",""coordinates"":[]}"
2007_07_20,30.47490643274857,29.923750000000034,23.192187500000028,-0.5511564327485345,Surat,2007-07-20,"{""type"":""MultiPoint"",""coordinates"":[]}"
2007_07_28,,,,,Surat,2007-07-28,"{""type"":""MultiPoint"",""coordinates"":[]}"
2007_08_05,21.89285714285716,,,,Surat,2007-08-05,"{""type"":""MultiPoint"",""coordinates"":[]}"
2007_08_13,27.765498594344333,28.394810996563614,22.50144329896909,0.6293124022192806,Surat,2007-08-13,"{""type"":""MultiPoint"",""coordinates"":[]}"
2007_08_21,31.057511347937655,30.318571428571456,24.555714285714316,-0.7389399193661994,Surat,2007-08-21,"{""type"":""MultiPoint"",""coordinates"":[]}"
2007_08_29,,,,,Surat,2007-08-29,"{""type"":""MultiPoint"",""coordinates"":[]}"
2007_09_06,29.510713580595162,27.69094310472227,24.21741855310005,-1.8197704758728932,Surat,2007-09-06,"{""type"":""MultiPoint"",""coordinates"":[]}"
2007_09_14,32.433898140200306,31.244604135148794,23.551709531013646,-1.1892940050515115,Surat,2007-09-14,"{""type"":""MultiPoint"",""coordinates"":[]}"
2007_09_22,28.718493992999743,28.47209229068806,21.83554173486092,-0.24640170231168312,Surat,2007-09-22,"{""type"":""MultiPoint"",""coordinates"":[]}"
2007_09_30,31.06848873963586,31.233654149817106,22.290488157134643,0.16516541018124542,Surat,2007-09-30,"{""type"":""MultiPoint"",""coordinates"":[]}"
2007_10_08,33.75871250810789,33.509976870590975,22.828476735669433,-0.24873563751691563,Surat,2007-10-08,"{""type"":""MultiPoint"",""coordinates"":[]}"
2007_10_16,34.86679584055709,34.21855200007695,20.34282472997282,-0.6482438404801414,Surat,2007-10-16,"{""type"":""MultiPoint"",""coordinates"":[]}"
2007_10_24,33.29170980109121,33.0281235445637,20.155599330855726,-0.26358625652751044,Surat,2007-10-24,"{""type"":""MultiPoint"",""coordinates"":[]}"
2007_11_01,32.277492734263085,32.51327763649372,22.92110883732022,0.23578490223063397,Surat,2007-11-01,"{""type"":""MultiPoint"",""coordinates"":[]}"
2007_11_09,33.02925693367761,33.09277494973272,20.48098602324556,0.06351801605511298,Surat,2007-11-09,"{""type"":""MultiPoint"",""coordinates"":[]}"
2007_11_17,32.57598519947708,32.56197184049375,15.629043348281053,-0.014013358983334001,Surat,2007-11-17,"{""type"":""MultiPoint"",""coordinates"":[]}"
2007_11_25,31.034905603038933,31.35785380017763,16.887205320348468,0.3229481971386967,Surat,2007-11-25,"{""type"":""MultiPoint"",""coordinates"":[]}"
2007_12_03,30.23712912959727,29.99923542408982,17.59178374504849,-0.23789370550744948,Surat,2007-12-03,"{""type"":""MultiPoint"",""coordinates"":[]}"
2007_12_11,29.420384052746673,29.175864300733405,17.74655366941895,-0.24451975201326803,Surat,2007-12-11,"{""type"":""MultiPoint"",""coordinates"":[]}"
2007_12_19,31.869292034416592,31.855894598966046,18.055521696418815,-0.013397435450546169,Surat,2007-12-19,"{""type"":""MultiPoint"",""coordinates"":[]}"
2007_12_27,29.26588041081522,29.1784785008863,14.123907926057264,-0.08740190992892138,Surat,2007-12-27,"{""type"":""MultiPoint"",""coordinates"":[]}"
2008_01_01,28.86249577339464,28.561572061032496,15.650186773658017,-0.3009237123621453,Surat,2008-01-01,"{""type"":""MultiPoint"",""coordinates"":[]}"
2008_01_09,29.353964351813875,29.209771093616308,16.991593145644387,-0.1441932581975678,Surat,2008-01-09,"{""type"":""MultiPoint"",""coordinates"":[]}"
2008_01_17,29.41416606052397,29.19461580159918,14.456217451067738,-0.21955025892479085,Surat,2008-01-17,"{""type"":""MultiPoint"",""coordinates"":[]}"
2008_01_25,28.596879547771362,28.15566599861255,12.425419910583551,-0.4412135491588103,Surat,2008-01-25,"{""type"":""MultiPoint"",""coordinates"":[]}"
2008_02_02,27.263223771206874,26.940410420919616,11.342947020511355,-0.32281335028725877,Surat,2008-02-02,"{""type"":""MultiPoint"",""coordinates"":[]}"
2008_02_10,31.931123260381877,31.475935267660333,15.803006633937974,-0.45518799272154453,Surat,2008-02-10,"{""type"":""MultiPoint"",""coordinates"":[]}"
2008_02_18,33.30347796620078,33.04034266303047,17.28223386440843,-0.26313530317030853,Surat,2008-02-18,"{""type"":""MultiPoint"",""coordinates"":[]}"
2008_02_26,36.32464102258663,35.96597241029943,17.444073280271244,-0.3586686122872038,Surat,2008-02-26,"{""type"":""MultiPoint"",""coordinates"":[]}"
2008_03_05,35.9217741744719,35.45898211499225,19.83262253430962,-0.4627920594796464,Surat,2008-03-05,"{""type"":""MultiPoint"",""coordinates"":[]}"
2008_03_13,38.255026955916165,37.876207777293786,21.167607610976965,-0.3788191786223791,Surat,2008-03-13,"{""type"":""MultiPoint"",""coordinates"":[]}"
2008_03_21,37.24411544565418,36.92961687861494,21.456092712715986,-0.3144985670392444,Surat,2008-03-21,"{""type"":""MultiPoint"",""coordinates"":[]}"
2008_03_29,36.740142797090584,36.16496040516571,22.48180233307237,-0.5751823919248764,Surat,2008-03-29,"{""type"":""MultiPoint"",""coordinates"":[]}"
2008_04_06,38.900332228445876,38.96318859390367,24.377511701081634,0.06285636545779738,Surat,2008-04-06,"{""type"":""MultiPoint"",""coordinates"":[]}"
2008_04_14,41.24167229046248,41.5130788165499,24.982587378967562,0.2714065260874179,Surat,2008-04-14,"{""type"":""MultiPoint"",""coordinates"":[]}"
2008_04_22,39.23183550653885,38.886599240593725,25.14724227032895,-0.34523626594512535,Surat,2008-04-22,"{""type"":""MultiPoint"",""coordinates"":[]}"
2008_04_30,37.419001960564664,37.04987050446779,24.796794279605475,-0.3691314560968735,Surat,2008-04-30,"{""type"":""MultiPoint"",""coordinates"":[]}"
2008_05_08,36.559761644698675,36.37047155044223,26.120978711747707,-0.1892900942564424,Surat,2008-05-08,"{""type"":""MultiPoint"",""coordinates"":[]}"
2008_05_16,35.571618707870165,34.661343233114536,25.77391980613714,-0.910275474755629,Surat,2008-05-16,"{""type"":""MultiPoint"",""coordinates"":[]}"
2008_05_24,39.319487841389154,39.2320018586993,26.71513594210352,-0.08748598268985575,Surat,2008-05-24,"{""type"":""MultiPoint"",""coordinates"":[]}"
2008_06_01,37.06265924646981,34.472258064516154,24.30304566401343,-2.590401181953659,Surat,2008-06-01,"{""type"":""MultiPoint"",""coordinates"":[]}"
2008_06_09,,,,,Surat,2008-06-09,"{""type"":""MultiPoint"",""coordinates"":[]}"
2008_06_17,,,,,Surat,2008-06-17,"{""type"":""MultiPoint"",""coordinates"":[]}"
2008_06_25,,,,,Surat,2008-06-25,"{""type"":""MultiPoint"",""coordinates"":[]}"
2008_07_03,,,,,Surat,2008-07-03,"{""type"":""MultiPoint"",""coordinates"":[]}"
2008_07_11,,,,,Surat,2008-07-11,"{""type"":""MultiPoint"",""coordinates"":[]}"
2008_07_19,,,,,Surat,2008-07-19,"{""type"":""MultiPoint"",""coordinates"":[]}"
2008_07_27,,29.160000000000025,,,Surat,2008-07-27,"{""type"":""MultiPoint"",""coordinates"":[]}"
2008_08_04,,,,,Surat,2008-08-04,"{""type"":""MultiPoint"",""coordinates"":[]}"
2008_08_12,28.007264833574567,27.98165040967619,22.541697229808847,-0.025614423898375094,Surat,2008-08-12,"{""type"":""MultiPoint"",""coordinates"":[]}"
2008_08_20,29.970492560287354,28.56876168224303,21.754891846921822,-1.4017308780443258,Surat,2008-08-20,"{""type"":""MultiPoint"",""coordinates"":[]}"
2008_08_28,32.38454611938936,30.57094557721885,,-1.8136005421705121,Surat,2008-08-28,"{""type"":""MultiPoint"",""coordinates"":[]}"
2008_09_05,,,,,Surat,2008-09-05,"{""type"":""MultiPoint"",""coordinates"":[]}"
2008_09_13,,,,,Surat,2008-09-13,"{""type"":""MultiPoint"",""coordinates"":[]}"
2008_09_21,30.592250091509673,28.466379046257565,23.127514551210083,-2.125871045252108,Surat,2008-09-21,"{""type"":""MultiPoint"",""coordinates"":[]}"
2008_09_29,31.81179998392158,30.40012910200967,23.250282370898,-1.4116708819119097,Surat,2008-09-29,"{""type"":""MultiPoint"",""coordinates"":[]}"
2008_10_07,34.565604027410316,34.18409982020439,24.664527483727078,-0.3815042072059285,Surat,2008-10-07,"{""type"":""MultiPoint"",""coordinates"":[]}"
2008_10_15,34.86226635997961,35.01011518888143,22.666185359682032,0.1478488289018216,Surat,2008-10-15,"{""type"":""MultiPoint"",""coordinates"":[]}"
2008_10_23,34.31588060857303,34.33480108302535,20.038495029546052,0.01892047445231526,Surat,2008-10-23,"{""type"":""MultiPoint"",""coordinates"":[]}"
2008_10_31,35.019703619409384,35.020626618725544,20.706683711707964,9.229993161596894E-4,Surat,2008-10-31,"{""type"":""MultiPoint"",""coordinates"":[]}"
2008_11_08,33.696706478757555,33.658713341633934,18.29475950579449,-0.03799313712362107,Surat,2008-11-08,"{""type"":""MultiPoint"",""coordinates"":[]}"
2008_11_16,33.13693900907819,33.466158513687155,21.186923806700285,0.32921950460896454,Surat,2008-11-16,"{""type"":""MultiPoint"",""coordinates"":[]}"
2008_11_24,33.00227218259946,32.94375618138427,17.25866501193319,-0.05851600121518885,Surat,2008-11-24,"{""type"":""MultiPoint"",""coordinates"":[]}"
2008_12_02,33.243526298499795,33.01939460977631,20.116823192197465,-0.22413168872348166,Surat,2008-12-02,"{""type"":""MultiPoint"",""coordinates"":[]}"
2008_12_10,30.601407513121615,30.362206865252894,19.975821024837074,-0.23920064786872075,Surat,2008-12-10,"{""type"":""MultiPoint"",""coordinates"":[]}"
2008_12_18,32.477374977216705,32.61897650294409,16.050614701392448,0.14160152572738838,Surat,2008-12-18,"{""type"":""MultiPoint"",""coordinates"":[]}"
2008_12_26,30.417545829674204,30.15289777079448,13.956865363841713,-0.2646480588797253,Surat,2008-12-26,"{""type"":""MultiPoint"",""coordinates"":[]}"
2009_01_01,30.13588802467127,29.675473684210527,16.08873953622633,-0.46041434046074414,Surat,2009-01-01,"{""type"":""MultiPoint"",""coordinates"":[]}"
2009_01_09,29.930478988949012,29.6528756465424,19.334245084829277,-0.27760334240661066,Surat,2009-01-09,"{""type"":""MultiPoint"",""coordinates"":[]}"
2009_01_17,31.619114789434747,31.419193042686267,18.97990278677903,-0.19992174674847973,Surat,2009-01-17,"{""type"":""MultiPoint"",""coordinates"":[]}"
2009_01_25,31.446633779937947,30.995451582157894,16.207443004193696,-0.451182197780053,Surat,2009-01-25,"{""type"":""MultiPoint"",""coordinates"":[]}"
2009_02_02,32.740046763591806,32.438774653118415,16.78749845248415,-0.3012721104733913,Surat,2009-02-02,"{""type"":""MultiPoint"",""coordinates"":[]}"
2009_02_10,32.47468609114372,32.01704433644417,17.57156971485935,-0.4576417546995444,Surat,2009-02-10,"{""type"":""MultiPoint"",""coordinates"":[]}"
2009_02_18,34.59638224713008,34.15038948091801,20.10136753874001,-0.44599276621207196,Surat,2009-02-18,"{""type"":""MultiPoint"",""coordinates"":[]}"
2009_02_26,37.7570049575085,37.1389657417363,21.24888081122941,-0.6180392157721997,Surat,2009-02-26,"{""type"":""MultiPoint"",""coordinates"":[]}"
2009_03_06,35.780896550959625,35.275376726325725,20.838986303453154,-0.5055198246339003,Surat,2009-03-06,"{""type"":""MultiPoint"",""coordinates"":[]}"
2009_03_14,37.10348821745797,37.02108569982679,22.305160091091373,-0.08240251763118067,Surat,2009-03-14,"{""type"":""MultiPoint"",""coordinates"":[]}"
2009_03_22,39.07765366945021,38.97789039481438,23.23728325127837,-0.09976327463582635,Surat,2009-03-22,"{""type"":""MultiPoint"",""coordinates"":[]}"
2009_03_30,41.712677377327346,40.93743195336198,23.96452081774138,-0.7752454239653659,Surat,2009-03-30,"{""type"":""MultiPoint"",""coordinates"":[]}"
2009_04_07,41.065315208957536,40.82359551097014,23.432430287614196,-0.24171969798739923,Surat,2009-04-07,"{""type"":""MultiPoint"",""coordinates"":[]}"
2009_04_15,39.964768665019385,40.09101078219958,24.22549852970007,0.1262421171801975,Surat,2009-04-15,"{""type"":""MultiPoint"",""coordinates"":[]}"
2009_04_23,40.75114809770003,41.011216773384525,24.88475081225894,0.26006867568449366,Surat,2009-04-23,"{""type"":""MultiPoint"",""coordinates"":[]}"
2009_05_01,38.99448284394582,39.190166197509,26.154662206455107,0.195683353563183,Surat,2009-05-01,"{""type"":""MultiPoint"",""coordinates"":[]}"
2009_05_09,38.76516758718698,39.51928880133476,26.56543851890568,0.75412121414778,Surat,2009-05-09,"{""type"":""MultiPoint"",""coordinates"":[]}"
2009_05_17,37.421894372669755,36.85317830106987,23.496406882873835,-0.5687160715998871,Surat,2009-05-17,"{""type"":""MultiPoint"",""coordinates"":[]}"
2009_05_25,35.89031524217516,35.24228531236014,25.69481296758107,-0.6480299298150243,Surat,2009-05-25,"{""type"":""MultiPoint"",""coordinates"":[]}"
2009_06_02,35.7166107409815,35.46801218339215,25.270868868227023,-0.24859855758935367,Surat,2009-06-02,"{""type"":""MultiPoint"",""coordinates"":[]}"
2009_06_10,34.72707510789481,33.21640579418573,25.664004627301104,-1.51066931370908,Surat,2009-06-10,"{""type"":""MultiPoint"",""coordinates"":[]}"
2009_06_18,36.65518275228696,36.66723261154859,25.65054779016469,0.012049859261630047,Surat,2009-06-18,"{""type"":""MultiPoint"",""coordinates"":[]}"
2009_06_26,,,,,Surat,2009-06-26,"{""type"":""MultiPoint"",""coordinates"":[]}"
2009_07_04,,,,,Surat,2009-07-04,"{""type"":""MultiPoint"",""coordinates"":[]}"
2009_07_12,,,,,Surat,2009-07-12,"{""type"":""MultiPoint"",""coordinates"":[]}"
2009_07_20,,,,,Surat,2009-07-20,"{""type"":""MultiPoint"",""coordinates"":[]}"
2009_07_28,28.22357779212398,,,,Surat,2009-07-28,"{""type"":""MultiPoint"",""coordinates"":[]}"
2009_08_05,,,,,Surat,2009-08-05,"{""type"":""MultiPoint"",""coordinates"":[]}"
2009_08_13,,,,,Surat,2009-08-13,"{""type"":""MultiPoint"",""coordinates"":[]}"
2009_08_21,32.07856608969319,,,,Surat,2009-08-21,"{""type"":""MultiPoint"",""coordinates"":[]}"
2009_08_29,25.50431278148783,26.334146829002385,,0.8298340475145558,Surat,2009-08-29,"{""type"":""MultiPoint"",""coordinates"":[]}"
2009_09_06,32.63389255400859,31.43996185105326,24.02173328910269,-1.1939307029553312,Surat,2009-09-06,"{""type"":""MultiPoint"",""coordinates"":[]}"
2009_09_14,31.586309350526253,31.21090363965977,25.015799400362585,-0.37540571086648455,Surat,2009-09-14,"{""type"":""MultiPoint"",""coordinates"":[]}"
2009_09_22,33.31299425923842,33.3279827583931,25.197515545170123,0.014988499154675594,Surat,2009-09-22,"{""type"":""MultiPoint"",""coordinates"":[]}"
2009_09_30,33.470441374306574,34.45371632704126,25.942645464401913,0.9832749527346891,Surat,2009-09-30,"{""type"":""MultiPoint"",""coordinates"":[]}"
2009_10_08,32.74430037842412,32.25164248551248,23.287404932109492,-0.4926578929116445,Surat,2009-10-08,"{""type"":""MultiPoint"",""coordinates"":[]}"
2009_10_16,34.518947381949985,34.60277685062092,21.272896501004173,0.08382946867093466,Surat,2009-10-16,"{""type"":""MultiPoint"",""coordinates"":[]}"
2009_10_24,34.88741461904484,34.838133956386336,18.98993341121497,-0.049280662658503616,Surat,2009-10-24,"{""type"":""MultiPoint"",""coordinates"":[]}"
2009_11_01,34.19300741428099,34.45867579562983,19.692956534905534,0.2656683813488385,Surat,2009-11-01,"{""type"":""MultiPoint"",""coordinates"":[]}"
2009_11_09,31.46520839363242,31.811131092968367,20.497556989889215,0.3459226993359472,Surat,2009-11-09,"{""type"":""MultiPoint"",""coordinates"":[]}"
2009_11_17,32.23759918698432,32.651278366553214,19.56009664560041,0.413679179568895,Surat,2009-11-17,"{""type"":""MultiPoint"",""coordinates"":[]}"
2009_11_25,32.08759966077455,32.279938512370876,17.444872381399275,0.19233885159632536,Surat,2009-11-25,"{""type"":""MultiPoint"",""coordinates"":[]}"
2009_12_03,30.629368720356577,30.611032771601327,17.356253571392816,-0.018335948755250797,Surat,2009-12-03,"{""type"":""MultiPoint"",""coordinates"":[]}"
2009_12_11,32.17223196618868,32.08333326717543,19.868457660590092,-0.08889869901324943,Surat,2009-12-11,"{""type"":""MultiPoint"",""coordinates"":[]}"
2009_12_19,30.85947291216459,30.651552793841713,18.48174945425302,-0.20792011832287827,Surat,2009-12-19,"{""type"":""MultiPoint"",""coordinates"":[]}"
2009_12_27,28.97274324405389,29.23472945932292,14.522430116220335,0.26198621526902954,Surat,2009-12-27,"{""type"":""MultiPoint"",""coordinates"":[]}"
2010_01_01,29.045281588110907,28.917781611448742,17.843550676337987,-0.12749997666216473,Surat,2010-01-01,"{""type"":""MultiPoint"",""coordinates"":[]}"
2010_01_09,28.802140775251655,28.303278294573673,17.015353875969023,-0.4988624806779818,Surat,2010-01-09,"{""type"":""MultiPoint"",""coordinates"":[]}"
2010_01_17,31.79045251523173,31.394214263112094,17.09054208527811,-0.3962382521196375,Surat,2010-01-17,"{""type"":""MultiPoint"",""coordinates"":[]}"
2010_01_25,31.574833229811333,31.305020954925148,17.18263993340886,-0.26981227488618487,Surat,2010-01-25,"{""type"":""MultiPoint"",""coordinates"":[]}"
2010_02_02,31.544451900120045,31.176146654129884,18.1650393982334,-0.368305245990161,Surat,2010-02-02,"{""type"":""MultiPoint"",""coordinates"":[]}"
2010_02_10,31.895813658061684,31.70830583668379,16.71598007565708,-0.18750782137789201,Surat,2010-02-10,"{""type"":""MultiPoint"",""coordinates"":[]}"
2010_02_18,32.48036237753387,32.34083183377244,18.991769647561778,-0.13953054376143115,Surat,2010-02-18,"{""type"":""MultiPoint"",""coordinates"":[]}"
2010_02_26,35.38824476707764,35.151056630169755,20.748230465068847,-0.2371881369078821,Surat,2010-02-26,"{""type"":""MultiPoint"",""coordinates"":[]}"
2010_03_06,37.002703017654326,37.125862878169244,20.59641359954194,0.12315986051491734,Surat,2010-03-06,"{""type"":""MultiPoint"",""coordinates"":[]}"
2010_03_14,39.73863477263233,39.46045014364265,22.7603799394989,-0.27818462898967766,Surat,2010-03-14,"{""type"":""MultiPoint"",""coordinates"":[]}"
2010_03_22,37.74449498283601,37.41108249216849,23.41707158603086,-0.33341249066752,Surat,2010-03-22,"{""type"":""MultiPoint"",""coordinates"":[]}"
2010_03_30,38.98641090958926,38.90879220079303,23.970770296801028,-0.0776187087962299,Surat,2010-03-30,"{""type"":""MultiPoint"",""coordinates"":[]}"
2010_04_07,41.015720949190175,41.1129589858893,25.379213443944835,0.09723803669912456,Surat,2010-04-07,"{""type"":""MultiPoint"",""coordinates"":[]}"
2010_04_15,39.57985643626776,39.33028951615241,26.49863446169904,-0.24956692011534898,Surat,2010-04-15,"{""type"":""MultiPoint"",""coordinates"":[]}"
2010_04_23,43.34915476101147,43.52426153170307,27.338291501928072,0.17510677069159897,Surat,2010-04-23,"{""type"":""MultiPoint"",""coordinates"":[]}"
2010_05_01,39.80333014407619,40.10541567855602,27.219705150976996,0.3020855344798292,Surat,2010-05-01,"{""type"":""MultiPoint"",""coordinates"":[]}"
2010_05_09,40.90886355208796,40.98300313985652,27.89972804315091,0.07413958776856333,Surat,2010-05-09,"{""type"":""MultiPoint"",""coordinates"":[]}"
2010_05_17,38.19716674035017,37.965754492314396,26.978469956110136,-0.23141224803577387,Surat,2010-05-17,"{""type"":""MultiPoint"",""coordinates"":[]}"
2010_05_25,37.247120128833444,36.84939375284719,27.04055539823448,-0.3977263759862524,Surat,2010-05-25,"{""type"":""MultiPoint"",""coordinates"":[]}"
2010_06_02,36.76717742733662,35.76170410639749,24.99093194835454,-1.0054733209391316,Surat,2010-06-02,"{""type"":""MultiPoint"",""coordinates"":[]}"
2010_06_10,37.85467651198165,37.729393897220035,24.828589743589784,-0.12528261476161617,Surat,2010-06-10,"{""type"":""MultiPoint"",""coordinates"":[]}"
2010_06_18,35.92771157495258,36.57356027526464,24.75085195783681,0.6458487003120581,Surat,2010-06-18,"{""type"":""MultiPoint"",""coordinates"":[]}"
2010_06_26,,,,,Surat,2010-06-26,"{""type"":""MultiPoint"",""coordinates"":[]}"
2010_07_04,,,,,Surat,2010-07-04,"{""type"":""MultiPoint"",""coordinates"":[]}"
2010_07_12,,,,,Surat,2010-07-12,"{""type"":""MultiPoint"",""coordinates"":[]}"
2010_07_20,,,,,Surat,2010-07-20,"{""type"":""MultiPoint"",""coordinates"":[]}"
2010_07_28,30.5152879581152,29.110000000000035,,-1.4052879581151636,Surat,2010-07-28,"{""type"":""MultiPoint"",""coordinates"":[]}"
2010_08_05,,,,,Surat,2010-08-05,"{""type"":""MultiPoint"",""coordinates"":[]}"
2010_08_13,,,,,Surat,2010-08-13,"{""type"":""MultiPoint"",""coordinates"":[]}"
2010_08_21,,,,,Surat,2010-08-21,"{""type"":""MultiPoint"",""coordinates"":[]}"
2010_08_29,,,,,Surat,2010-08-29,"{""type"":""MultiPoint"",""coordinates"":[]}"
2010_09_06,,,,,Surat,2010-09-06,"{""type"":""MultiPoint"",""coordinates"":[]}"
2010_09_14,29.29200000000003,,,,Surat,2010-09-14,"{""type"":""MultiPoint"",""coordinates"":[]}"
2010_09_22,30.67330617283083,30.27182872739681,23.872713697084247,-0.401477445434022,Surat,2010-09-22,"{""type"":""MultiPoint"",""coordinates"":[]}"
2010_09_30,32.411714251656385,32.539644051855404,24.381030223109992,0.1279298001990199,Surat,2010-09-30,"{""type"":""MultiPoint"",""coordinates"":[]}"
2010_10_08,33.156921245538435,33.53844161095282,24.594508636821008,0.3815203654143886,Surat,2010-10-08,"{""type"":""MultiPoint"",""coordinates"":[]}"
2010_10_16,32.4146331359778,32.398936411943666,24.33059102690037,-0.01569672403413591,Surat,2010-10-16,"{""type"":""MultiPoint"",""coordinates"":[]}"
2010_10_24,32.59763735470366,32.268755471922375,22.60011330098052,-0.32888188278128183,Surat,2010-10-24,"{""type"":""MultiPoint"",""coordinates"":[]}"
2010_11_01,32.64207896155299,32.60106962578613,20.965601176879776,-0.04100933576685861,Surat,2010-11-01,"{""type"":""MultiPoint"",""coordinates"":[]}"
2010_11_09,31.084640156070456,31.798619528619565,22.0941750841751,0.7139793725491081,Surat,2010-11-09,"{""type"":""MultiPoint"",""coordinates"":[]}"
2010_11_17,32.560994071793445,33.47879998788635,22.47114656047006,0.9178059160929024,Surat,2010-11-17,"{""type"":""MultiPoint"",""coordinates"":[]}"
2010_11_25,30.508402006787293,30.8138115039494,21.21818467599135,0.3054094971621062,Surat,2010-11-25,"{""type"":""MultiPoint"",""coordinates"":[]}"
2010_12_03,29.32885247892732,29.559391794969894,18.411603519173795,0.23053931604257372,Surat,2010-12-03,"{""type"":""MultiPoint"",""coordinates"":[]}"
2010_12_11,28.558849141126075,28.574273451336026,13.54094269870612,0.015424310209951386,Surat,2010-12-11,"{""type"":""MultiPoint"",""coordinates"":[]}"
2010_12_19,28.76919862807172,28.767172288951787,13.797972476972504,-0.002026339119932885,Surat,2010-12-19,"{""type"":""MultiPoint"",""coordinates"":[]}"
2010_12_27,27.636048451640065,27.65465449847259,15.143404211056493,0.01860604683252376,Surat,2010-12-27,"{""type"":""MultiPoint"",""coordinates"":[]}"
2011_01_01,28.67388641012782,28.53655883337221,13.754166151162698,-0.13732757675560947,Surat,2011-01-01,"{""type"":""MultiPoint"",""coordinates"":[]}"
2011_01_09,29.655717234262152,29.378683727667802,13.690492708836343,-0.2770335065943499,Surat,2011-01-09,"{""type"":""MultiPoint"",""coordinates"":[]}"
2011_01_17,30.272766350430878,29.869819391449013,14.439869875746027,-0.4029469589818646,Surat,2011-01-17,"{""type"":""MultiPoint"",""coordinates"":[]}"
2011_01_25,30.76594423264474,30.69016696481811,16.432616107999273,-0.07577726782662708,Surat,2011-01-25,"{""type"":""MultiPoint"",""coordinates"":[]}"
2011_02_02,32.71667387056659,32.82925640356726,17.93628501309218,0.11258253300066912,Surat,2011-02-02,"{""type"":""MultiPoint"",""coordinates"":[]}"
2011_02_10,32.381755912046586,32.110925616340985,17.75866854979728,-0.2708302957056006,Surat,2011-02-10,"{""type"":""MultiPoint"",""coordinates"":[]}"
2011_02_18,32.95957727232744,32.483075441348774,17.114264352523,-0.4765018309786626,Surat,2011-02-18,"{""type"":""MultiPoint"",""coordinates"":[]}"
2011_02_26,35.01459512182729,34.65654591118383,19.381145591537,-0.35804921064346473,Surat,2011-02-26,"{""type"":""MultiPoint"",""coordinates"":[]}"
2011_03_06,37.01837356257681,36.61914752753695,19.456423326302655,-0.39922603503985954,Surat,2011-03-06,"{""type"":""MultiPoint"",""coordinates"":[]}"
2011_03_14,40.13767937895414,39.52967260238177,21.705651995370904,-0.6080067765723669,Surat,2011-03-14,"{""type"":""MultiPoint"",""coordinates"":[]}"
2011_03_22,38.854452537585615,38.45365430280009,21.95339203504658,-0.4007982347855261,Surat,2011-03-22,"{""type"":""MultiPoint"",""coordinates"":[]}"
2011_03_30,37.90434564369216,37.7661879910319,22.184765529325347,-0.13815765266026148,Surat,2011-03-30,"{""type"":""MultiPoint"",""coordinates"":[]}"
2011_04_07,38.222241027006994,37.84297650313063,24.655264377228132,-0.37926452387636544,Surat,2011-04-07,"{""type"":""MultiPoint"",""coordinates"":[]}"
2011_04_15,38.7115670021946,38.88564406164272,24.82213086977574,0.17407705944812335,Surat,2011-04-15,"{""type"":""MultiPoint"",""coordinates"":[]}"
2011_04_23,37.68908109541168,37.517661646338446,24.496527282603374,-0.17141944907323392,Surat,2011-04-23,"{""type"":""MultiPoint"",""coordinates"":[]}"
2011_05_01,36.971408798130334,36.55061668892633,25.584174786597757,-0.420792109204001,Surat,2011-05-01,"{""type"":""MultiPoint"",""coordinates"":[]}"
2011_05_09,38.1713797143277,37.81673251013221,26.38593329798117,-0.3546472041954871,Surat,2011-05-09,"{""type"":""MultiPoint"",""coordinates"":[]}"
2011_05_17,35.2362626496181,34.97431933198384,26.041675101214597,-0.2619433176342554,Surat,2011-05-17,"{""type"":""MultiPoint"",""coordinates"":[]}"
2011_05_25,38.90096910420787,38.708288752819875,25.971002255881434,-0.19268035138799178,Surat,2011-05-25,"{""type"":""MultiPoint"",""coordinates"":[]}"
2011_06_02,35.27031270946474,35.79079430942504,24.694007113218763,0.5204815999602985,Surat,2011-06-02,"{""type"":""MultiPoint"",""coordinates"":[]}"
2011_06_10,36.210000000000036,,,,Surat,2011-06-10,"{""type"":""MultiPoint"",""coordinates"":[]}"
2011_06_18,,,,,Surat,2011-06-18,"{""type"":""MultiPoint"",""coordinates"":[]}"
2011_06_26,29.789743463246204,,,,Surat,2011-06-26,"{""type"":""MultiPoint"",""coordinates"":[]}"
2011_07_04,,,,,Surat,2011-07-04,"{""type"":""MultiPoint"",""coordinates"":[]}"
2011_07_12,,,,,Surat,2011-07-12,"{""type"":""MultiPoint"",""coordinates"":[]}"
2011_07_20,,,,,Surat,2011-07-20,"{""type"":""MultiPoint"",""coordinates"":[]}"
2011_07_28,,,,,Surat,2011-07-28,"{""type"":""MultiPoint"",""coordinates"":[]}"
2011_08_05,,,,,Surat,2011-08-05,"{""type"":""MultiPoint"",""coordinates"":[]}"
2011_08_13,,,,,Surat,2011-08-13,"{""type"":""MultiPoint"",""coordinates"":[]}"
2011_08_21,,,,,Surat,2011-08-21,"{""type"":""MultiPoint"",""coordinates"":[]}"
2011_08_29,,,,,Surat,2011-08-29,"{""type"":""MultiPoint"",""coordinates"":[]}"
2011_09_06,27.356000000000034,,,,Surat,2011-09-06,"{""type"":""MultiPoint"",""coordinates"":[]}"
2011_09_14,28.414710897948332,,,,Surat,2011-09-14,"{""type"":""MultiPoint"",""coordinates"":[]}"
2011_09_22,30.606762964548146,28.064524119947876,23.195449804432887,-2.54223884460027,Surat,2011-09-22,"{""type"":""MultiPoint"",""coordinates"":[]}"
2011_09_30,31.831004444986302,31.769717649201926,23.85574857116838,-0.061286795784376125,Surat,2011-09-30,"{""type"":""MultiPoint"",""coordinates"":[]}"
2011_10_08,34.19113252106297,33.934471110600775,24.508007693632656,-0.2566614104621934,Surat,2011-10-08,"{""type"":""MultiPoint"",""coordinates"":[]}"
2011_10_16,34.72845119538906,34.20231618209642,23.35096614384088,-0.5261350132926452,Surat,2011-10-16,"{""type"":""MultiPoint"",""coordinates"":[]}"
2011_10_24,34.61676192641065,34.68586839162457,21.45614911502721,0.06910646521391328,Surat,2011-10-24,"{""type"":""MultiPoint"",""coordinates"":[]}"
2011_11_01,33.91863709598487,33.95634300791559,21.031884107976484,0.037705911930721925,Surat,2011-11-01,"{""type"":""MultiPoint"",""coordinates"":[]}"
2011_11_09,34.873968495298136,34.94571188222926,21.307769046936265,0.07174338693112503,Surat,2011-11-09,"{""type"":""MultiPoint"",""coordinates"":[]}"
2011_11_17,33.91211831969681,33.75190914150147,19.30027230211967,-0.16020917819533764,Surat,2011-11-17,"{""type"":""MultiPoint"",""coordinates"":[]}"
2011_11_25,32.51261181878247,32.55013066107816,20.064257996595735,0.03751884229568958,Surat,2011-11-25,"{""type"":""MultiPoint"",""coordinates"":[]}"
2011_12_03,32.36981932137612,32.34640682224477,20.291201720056076,-0.02341249913135357,Surat,2011-12-03,"{""type"":""MultiPoint"",""coordinates"":[]}"
2011_12_11,30.627022866626618,30.357257717858563,17.395148104728424,-0.26976514876805524,Surat,2011-12-11,"{""type"":""MultiPoint"",""coordinates"":[]}"
2011_12_19,29.818650774364066,29.535460435621722,16.93605006105009,-0.2831903387423438,Surat,2011-12-19,"{""type"":""MultiPoint"",""coordinates"":[]}"
2011_12_27,28.617484608055545,28.234797686534627,14.680420233641668,-0.3826869215209179,Surat,2011-12-27,"{""type"":""MultiPoint"",""coordinates"":[]}"
2012_01_01,29.239172801740597,28.875206441242916,14.022727667169603,-0.36396636049768105,Surat,2012-01-01,"{""type"":""MultiPoint"",""coordinates"":[]}"
2012_01_09,29.057951816888913,28.398832577182727,14.174846741175205,-0.659119239706186,Surat,2012-01-09,"{""type"":""MultiPoint"",""coordinates"":[]}"
2012_01_17,28.975979588459982,28.119030557474606,14.47314566615297,-0.8569490309853762,Surat,2012-01-17,"{""type"":""MultiPoint"",""coordinates"":[]}"
2012_01_25,29.49649522376321,29.294743843534725,16.019046836645828,-0.20175138022848316,Surat,2012-01-25,"{""type"":""MultiPoint"",""coordinates"":[]}"
2012_02_02,29.30656418619827,28.86586963568323,14.90124146669681,-0.44069455051504036,Surat,2012-02-02,"{""type"":""MultiPoint"",""coordinates"":[]}"
2012_02_10,31.3283251924299,30.518023777678728,15.634739287660395,-0.8103014147511729,Surat,2012-02-10,"{""type"":""MultiPoint"",""coordinates"":[]}"
2012_02_18,34.915688771580136,33.86136408072401,18.313631224894753,-1.0543246908561272,Surat,2012-02-18,"{""type"":""MultiPoint"",""coordinates"":[]}"
2012_02_26,34.61762100919345,33.88991296051097,18.77564198925152,-0.7277080486824801,Surat,2012-02-26,"{""type"":""MultiPoint"",""coordinates"":[]}"
2012_03_05,34.321052768693086,33.821927698917115,17.090691532537495,-0.49912506977597104,Surat,2012-03-05,"{""type"":""MultiPoint"",""coordinates"":[]}"
2012_03_13,38.59610286500753,37.904400424374046,19.998946039667196,-0.6917024406334846,Surat,2012-03-13,"{""type"":""MultiPoint"",""coordinates"":[]}"
2012_03_21,38.45280158147422,37.38050455596358,20.59511006197667,-1.072297025510636,Surat,2012-03-21,"{""type"":""MultiPoint"",""coordinates"":[]}"
2012_03_29,38.96849698644128,38.392385169326616,23.756357921370206,-0.5761118171146649,Surat,2012-03-29,"{""type"":""MultiPoint"",""coordinates"":[]}"
2012_04_06,38.61904447018858,38.501363102574814,24.179646437687435,-0.11768136761376269,Surat,2012-04-06,"{""type"":""MultiPoint"",""coordinates"":[]}"
2012_04_14,39.2387211012766,39.0086415391491,24.055398940132395,-0.23007956212750003,Surat,2012-04-14,"{""type"":""MultiPoint"",""coordinates"":[]}"
2012_04_22,39.69413165505275,39.42344024910934,25.419173870268356,-0.2706914059434098,Surat,2012-04-22,"{""type"":""MultiPoint"",""coordinates"":[]}"
2012_04_30,36.56848974946044,36.048304467786465,24.889559320393094,-0.5201852816739745,Surat,2012-04-30,"{""type"":""MultiPoint"",""coordinates"":[]}"
2012_05_08,37.17947032101276,37.60791629854158,26.44538785662832,0.4284459775288241,Surat,2012-05-08,"{""type"":""MultiPoint"",""coordinates"":[]}"
2012_05_16,39.13197896203473,39.52467698899602,26.36925854513586,0.3926980269612912,Surat,2012-05-16,"{""type"":""MultiPoint"",""coordinates"":[]}"
2012_05_24,37.25107171559047,37.29860809318204,26.100533989356375,0.04753637759156959,Surat,2012-05-24,"{""type"":""MultiPoint"",""coordinates"":[]}"
2012_06_01,34.464170528114664,34.01890379345164,24.970122602048203,-0.44526673466302213,Surat,2012-06-01,"{""type"":""MultiPoint"",""coordinates"":[]}"
2012_06_09,32.42608991825617,,,,Surat,2012-06-09,"{""type"":""MultiPoint"",""coordinates"":[]}"
2012_06_17,31.339791095167783,32.7346733590734,19.09318495297809,1.3948822639056146,Surat,2012-06-17,"{""type"":""MultiPoint"",""coordinates"":[]}"
2012_06_25,32.33749794464239,31.57750000000003,24.412500000000033,-0.7599979446423575,Surat,2012-06-25,"{""type"":""MultiPoint"",""coordinates"":[]}"
2012_07_03,,,,,Surat,2012-07-03,"{""type"":""MultiPoint"",""coordinates"":[]}"
2012_07_11,,,,,Surat,2012-07-11,"{""type"":""MultiPoint"",""coordinates"":[]}"
2012_07_19,29.230000000000018,,,,Surat,2012-07-19,"{""type"":""MultiPoint"",""coordinates"":[]}"
2012_07_27,,,,,Surat,2012-07-27,"{""type"":""MultiPoint"",""coordinates"":[]}"
2012_08_04,,,,,Surat,2012-08-04,"{""type"":""MultiPoint"",""coordinates"":[]}"
2012_08_12,27.79000000000002,,,,Surat,2012-08-12,"{""type"":""MultiPoint"",""coordinates"":[]}"
2012_08_20,,,,,Surat,2012-08-20,"{""type"":""MultiPoint"",""coordinates"":[]}"
2012_08_28,,,,,Surat,2012-08-28,"{""type"":""MultiPoint"",""coordinates"":[]}"
2012_09_05,,,,,Surat,2012-09-05,"{""type"":""MultiPoint"",""coordinates"":[]}"
2012_09_13,27.268959236773675,,,,Surat,2012-09-13,"{""type"":""MultiPoint"",""coordinates"":[]}"
2012_09_21,32.24553181172932,32.16424158007223,23.380009285872234,-0.0812902316570927,Surat,2012-09-21,"{""type"":""MultiPoint"",""coordinates"":[]}"
2012_09_29,33.78855402502594,34.23844517184944,24.543027823240617,0.4498911468235036,Surat,2012-09-29,"{""type"":""MultiPoint"",""coordinates"":[]}"
2012_10_07,34.09481983769566,33.81115851495687,23.500393922673712,-0.2836613227387872,Surat,2012-10-07,"{""type"":""MultiPoint"",""coordinates"":[]}"
2012_10_15,34.00296545640965,34.139945227071266,22.616314451778173,0.13697977066161826,Surat,2012-10-15,"{""type"":""MultiPoint"",""coordinates"":[]}"
2012_10_23,34.70896774738198,34.80929168211241,21.383593962378956,0.10032393473042589,Surat,2012-10-23,"{""type"":""MultiPoint"",""coordinates"":[]}"
2012_10_31,33.31284061530144,33.317331421201615,19.456577219965745,0.004490805900175587,Surat,2012-10-31,"{""type"":""MultiPoint"",""coordinates"":[]}"
2012_11_08,33.392301717615766,33.55605109524036,19.079754685328115,0.16374937762459751,Surat,2012-11-08,"{""type"":""MultiPoint"",""coordinates"":[]}"
2012_11_16,32.11039897032816,32.45789901435244,16.12666474532638,0.3475000440242795,Surat,2012-11-16,"{""type"":""MultiPoint"",""coordinates"":[]}"
2012_11_24,32.35483807678065,32.43485246536862,16.73343950402017,0.08001438858796917,Surat,2012-11-24,"{""type"":""MultiPoint"",""coordinates"":[]}"
2012_12_02,31.809845498217957,31.601216699842233,19.26421466805559,-0.2086287983757238,Surat,2012-12-02,"{""type"":""MultiPoint"",""coordinates"":[]}"
2012_12_10,30.835101783376057,30.548163330094557,18.000958450778775,-0.28693845328150047,Surat,2012-12-10,"{""type"":""MultiPoint"",""coordinates"":[]}"
2012_12_18,30.43419356174874,30.397704271468957,17.479655640720374,-0.03648929027978198,Surat,2012-12-18,"{""type"":""MultiPoint"",""coordinates"":[]}"
2012_12_26,29.899917183688988,29.652292986148545,14.209340609857582,-0.24762419754044274,Surat,2012-12-26,"{""type"":""MultiPoint"",""coordinates"":[]}"
2013_01_01,28.336625350478215,27.97228012965137,13.427840063840502,-0.36434522082684495,Surat,2013-01-01,"{""type"":""MultiPoint"",""coordinates"":[]}"
2013_01_09,31.553004963039626,31.32343824216563,15.612606823579418,-0.2295667208739971,Surat,2013-01-09,"{""type"":""MultiPoint"",""coordinates"":[]}"
2013_01_17,29.79702158795057,29.559252856442793,15.374025253932732,-0.2377687315077779,Surat,2013-01-17,"{""type"":""MultiPoint"",""coordinates"":[]}"
2013_01_25,30.817984132115132,30.865829320055536,16.744585748102235,0.04784518794040338,Surat,2013-01-25,"{""type"":""MultiPoint"",""coordinates"":[]}"
2013_02_02,30.43109754210654,29.992044201600027,18.187683773488864,-0.43905334050651135,Surat,2013-02-02,"{""type"":""MultiPoint"",""coordinates"":[]}"
2013_02_10,33.9163459467976,33.07194350680483,19.381309792871363,-0.8444024399927699,Surat,2013-02-10,"{""type"":""MultiPoint"",""coordinates"":[]}"
2013_02_18,34.46804319264396,34.09694887427395,18.474458547357347,-0.3710943183700124,Surat,2013-02-18,"{""type"":""MultiPoint"",""coordinates"":[]}"
2013_02_26,37.1571980055111,36.43795032033938,19.29526517798271,-0.719247685171716,Surat,2013-02-26,"{""type"":""MultiPoint"",""coordinates"":[]}"
2013_03_06,37.71495688778253,37.135735387421704,20.751095051153968,-0.5792215003608234,Surat,2013-03-06,"{""type"":""MultiPoint"",""coordinates"":[]}"
2013_03_14,38.384384092155805,37.737708407819355,21.592023829079984,-0.6466756843364507,Surat,2013-03-14,"{""type"":""MultiPoint"",""coordinates"":[]}"
2013_03_22,38.46486855220424,38.19402761703318,22.971251346929048,-0.27084093517105856,Surat,2013-03-22,"{""type"":""MultiPoint"",""coordinates"":[]}"
2013_03_30,40.426214962866304,40.32291536774044,23.49899010891739,-0.10329959512586129,Surat,2013-03-30,"{""type"":""MultiPoint"",""coordinates"":[]}"
2013_04_07,39.729251620124565,39.55399742492522,24.844270269246806,-0.1752541951993436,Surat,2013-04-07,"{""type"":""MultiPoint"",""coordinates"":[]}"
2013_04_15,37.20622102503698,36.808047343352236,24.25971134105284,-0.3981736816847459,Surat,2013-04-15,"{""type"":""MultiPoint"",""coordinates"":[]}"
2013_04_23,41.19080813932844,41.70337947534823,26.624521632629804,0.5125713360197892,Surat,2013-04-23,"{""type"":""MultiPoint"",""coordinates"":[]}"
2013_05_01,41.393641049979635,41.471842364532044,27.130103448275886,0.07820131455240897,Surat,2013-05-01,"{""type"":""MultiPoint"",""coordinates"":[]}"
2013_05_09,38.75158641061234,38.78797676907518,25.68841860830462,0.03639035846283889,Surat,2013-05-09,"{""type"":""MultiPoint"",""coordinates"":[]}"
2013_05_17,38.79274266976386,38.78439358874333,26.381058624383414,-0.008349081020533333,Surat,2013-05-17,"{""type"":""MultiPoint"",""coordinates"":[]}"
2013_05_25,35.64252605023585,35.25000000000006,26.510000000000048,-0.39252605023579434,Surat,2013-05-25,"{""type"":""MultiPoint"",""coordinates"":[]}"
2013_06_02,40.140810090022995,41.395193419297485,27.016875000000034,1.2543833292744893,Surat,2013-06-02,"{""type"":""MultiPoint"",""coordinates"":[]}"
2013_06_10,,,,,Surat,2013-06-10,"{""type"":""MultiPoint"",""coordinates"":[]}"
2013_06_18,30.566190476190513,,,,Surat,2013-06-18,"{""type"":""MultiPoint"",""coordinates"":[]}"
2013_06_26,,28.710000000000036,23.350000000000023,,Surat,2013-06-26,"{""type"":""MultiPoint"",""coordinates"":[]}"
2013_07_04,,,,,Surat,2013-07-04,"{""type"":""MultiPoint"",""coordinates"":[]}"
2013_07_12,,,,,Surat,2013-07-12,"{""type"":""MultiPoint"",""coordinates"":[]}"
2013_07_20,,,,,Surat,2013-07-20,"{""type"":""MultiPoint"",""coordinates"":[]}"
2013_07_28,26.945092780617625,,,,Surat,2013-07-28,"{""type"":""MultiPoint"",""coordinates"":[]}"
2013_08_05,,,,,Surat,2013-08-05,"{""type"":""MultiPoint"",""coordinates"":[]}"
2013_08_13,,,,,Surat,2013-08-13,"{""type"":""MultiPoint"",""coordinates"":[]}"
2013_08_21,,,,,Surat,2013-08-21,"{""type"":""MultiPoint"",""coordinates"":[]}"
2013_08_29,30.63424750241705,27.908557692307717,22.822051282051305,-2.7256898101093334,Surat,2013-08-29,"{""type"":""MultiPoint"",""coordinates"":[]}"
2013_09_06,30.47335529227969,31.107773851590142,23.42478260869567,0.6344185593104505,Surat,2013-09-06,"{""type"":""MultiPoint"",""coordinates"":[]}"
2013_09_14,30.614397190474374,30.184481344558723,24.460989540928182,-0.4299158459156516,Surat,2013-09-14,"{""type"":""MultiPoint"",""coordinates"":[]}"
2013_09_22,27.610000000000035,,,,Surat,2013-09-22,"{""type"":""MultiPoint"",""coordinates"":[]}"
2013_09_30,28.938000000000034,,,,Surat,2013-09-30,"{""type"":""MultiPoint"",""coordinates"":[]}"
2013_10_08,30.6709033115885,30.194291772688757,23.002400339270594,-0.4766115388997427,Surat,2013-10-08,"{""type"":""MultiPoint"",""coordinates"":[]}"
2013_10_16,33.33548904057953,33.585239340325245,23.08758829396786,0.24975029974571328,Surat,2013-10-16,"{""type"":""MultiPoint"",""coordinates"":[]}"
2013_10_24,33.89718445435467,33.643871800892235,22.59031091022935,-0.25331265346243725,Surat,2013-10-24,"{""type"":""MultiPoint"",""coordinates"":[]}"
2013_11_01,33.289002606991794,33.36072574005102,21.946253479709874,0.07172313305922984,Surat,2013-11-01,"{""type"":""MultiPoint"",""coordinates"":[]}"
2013_11_09,31.846786615263692,31.917129878314828,20.24635177194941,0.07034326305113581,Surat,2013-11-09,"{""type"":""MultiPoint"",""coordinates"":[]}"
2013_11_17,32.10249231584238,32.24663579746499,19.214962661300344,0.14414348162260637,Surat,2013-11-17,"{""type"":""MultiPoint"",""coordinates"":[]}"
2013_11_25,32.430392526610035,32.50077841728031,20.83335585210171,0.07038589067027345,Surat,2013-11-25,"{""type"":""MultiPoint"",""coordinates"":[]}"
2013_12_03,31.799386465142305,31.95009106809588,18.80662012292242,0.15070460295357435,Surat,2013-12-03,"{""type"":""MultiPoint"",""coordinates"":[]}"
2013_12_11,30.72995727781789,30.773074610842734,15.133644951934809,0.04311733302484555,Surat,2013-12-11,"{""type"":""MultiPoint"",""coordinates"":[]}"
2013_12_19,29.58338634841135,29.164179696616127,16.2789735306762,-0.4192066517952213,Surat,2013-12-19,"{""type"":""MultiPoint"",""coordinates"":[]}"
2013_12_27,27.774791169139082,27.813012392755027,15.949279411405268,0.03822122361594538,Surat,2013-12-27,"{""type"":""MultiPoint"",""coordinates"":[]}"
2014_01_01,30.568423986639903,30.406448101724237,16.555908295273955,-0.16197588491566606,Surat,2014-01-01,"{""type"":""MultiPoint"",""coordinates"":[]}"
2014_01_09,28.358976937296877,28.064793369224255,15.35906464231768,-0.29418356807262214,Surat,2014-01-09,"{""type"":""MultiPoint"",""coordinates"":[]}"
2014_01_17,28.167801385803937,28.005902875427648,15.992390247683193,-0.16189851037628955,Surat,2014-01-17,"{""type"":""MultiPoint"",""coordinates"":[]}"
2014_01_25,30.610970709002014,29.99235172070382,18.091431061192896,-0.618618988298195,Surat,2014-01-25,"{""type"":""MultiPoint"",""coordinates"":[]}"
2014_02_02,32.24076073601416,32.01408883133451,17.419911187993513,-0.22667190467964815,Surat,2014-02-02,"{""type"":""MultiPoint"",""coordinates"":[]}"
2014_02_10,30.82295240305353,30.43148391907344,16.04186817119851,-0.39146848398009126,Surat,2014-02-10,"{""type"":""MultiPoint"",""coordinates"":[]}"
2014_02_18,33.61134531360643,32.544247335723576,19.44308878287754,-1.0670979778828524,Surat,2014-02-18,"{""type"":""MultiPoint"",""coordinates"":[]}"
2014_02_26,32.52961379371934,32.11742197302384,18.595761057089106,-0.4121918206955044,Surat,2014-02-26,"{""type"":""MultiPoint"",""coordinates"":[]}"
2014_03_06,36.87568143566135,36.2241433576366,21.487255752296214,-0.6515380780247497,Surat,2014-03-06,"{""type"":""MultiPoint"",""coordinates"":[]}"
2014_03_14,39.62697985784182,38.68706029353431,21.28760015866721,-0.9399195643075089,Surat,2014-03-14,"{""type"":""MultiPoint"",""coordinates"":[]}"
2014_03_22,38.24418089163554,37.6846703587495,23.569529920991965,-0.559510532886037,Surat,2014-03-22,"{""type"":""MultiPoint"",""coordinates"":[]}"
2014_03_30,39.43068370071162,38.763398025994334,23.538847649760577,-0.6672856747172844,Surat,2014-03-30,"{""type"":""MultiPoint"",""coordinates"":[]}"
2014_04_07,39.09567200410988,38.439859862557505,23.814517507555525,-0.6558121415523743,Surat,2014-04-07,"{""type"":""MultiPoint"",""coordinates"":[]}"
2014_04_15,40.109556678623385,39.429882825545626,25.251545405101126,-0.6796738530777588,Surat,2014-04-15,"{""type"":""MultiPoint"",""coordinates"":[]}"
2014_04_23,41.326945018116625,40.74828688191201,26.554732040828195,-0.5786581362046164,Surat,2014-04-23,"{""type"":""MultiPoint"",""coordinates"":[]}"
2014_05_01,38.40533650118751,37.73319106856794,26.17789529893403,-0.6721454326195726,Surat,2014-05-01,"{""type"":""MultiPoint"",""coordinates"":[]}"
2014_05_09,39.39656696369445,38.85541512642698,26.35395380808361,-0.5411518372674635,Surat,2014-05-09,"{""type"":""MultiPoint"",""coordinates"":[]}"
2014_05_17,40.05780353064775,40.2210799409846,26.84830933233592,0.1632764103368487,Surat,2014-05-17,"{""type"":""MultiPoint"",""coordinates"":[]}"
2014_05_25,38.13193330985582,37.19230074205084,26.478830789342187,-0.9396325678049777,Surat,2014-05-25,"{""type"":""MultiPoint"",""coordinates"":[]}"
2014_06_02,37.108187450039985,36.708757545823765,25.074557128745493,-0.3994299042162197,Surat,2014-06-02,"{""type"":""MultiPoint"",""coordinates"":[]}"
2014_06_10,37.91401971767873,,,,Surat,2014-06-10,"{""type"":""MultiPoint"",""coordinates"":[]}"
2014_06_18,32.96580999853397,32.573363363363384,22.984294294294322,-0.392446635170586,Surat,2014-06-18,"{""type"":""MultiPoint"",""coordinates"":[]}"
2014_06_26,34.39290937513571,31.81564424173319,24.88002280501713,-2.57726513340252,Surat,2014-06-26,"{""type"":""MultiPoint"",""coordinates"":[]}"
2014_07_04,36.89000000000004,,,,Surat,2014-07-04,"{""type"":""MultiPoint"",""coordinates"":[]}"
2014_07_12,,,,,Surat,2014-07-12,"{""type"":""MultiPoint"",""coordinates"":[]}"
2014_07_20,,,,,Surat,2014-07-20,"{""type"":""MultiPoint"",""coordinates"":[]}"
2014_07_28,,,,,Surat,2014-07-28,"{""type"":""MultiPoint"",""coordinates"":[]}"
2014_08_05,29.64000000000003,,,,Surat,2014-08-05,"{""type"":""MultiPoint"",""coordinates"":[]}"
2014_08_13,28.416666666666703,,,,Surat,2014-08-13,"{""type"":""MultiPoint"",""coordinates"":[]}"
2014_08_21,,,,,Surat,2014-08-21,"{""type"":""MultiPoint"",""coordinates"":[]}"
2014_08_29,,,,,Surat,2014-08-29,"{""type"":""MultiPoint"",""coordinates"":[]}"
2014_09_06,26.65671688746503,,,,Surat,2014-09-06,"{""type"":""MultiPoint"",""coordinates"":[]}"
2014_09_14,30.210511800722205,30.407984582920662,23.46533095043282,0.19747278219845654,Surat,2014-09-14,"{""type"":""MultiPoint"",""coordinates"":[]}"
2014_09_22,32.534994264748214,32.14908938426581,24.949986473325428,-0.385904880482407,Surat,2014-09-22,"{""type"":""MultiPoint"",""coordinates"":[]}"
2014_09_30,33.817264196150546,33.13506007777795,25.49625034630662,-0.6822041183725958,Surat,2014-09-30,"{""type"":""MultiPoint"",""coordinates"":[]}"
2014_10_08,34.59864190240505,33.48081003762557,23.885068876519806,-1.1178318647794825,Surat,2014-10-08,"{""type"":""MultiPoint"",""coordinates"":[]}"
2014_10_16,35.89194453079626,35.55503564261826,24.159461060678467,-0.3369088881780016,Surat,2014-10-16,"{""type"":""MultiPoint"",""coordinates"":[]}"
2014_10_24,33.95312593352806,34.472700596437996,20.029809502159605,0.5195746629099389,Surat,2014-10-24,"{""type"":""MultiPoint"",""coordinates"":[]}"
2014_11_01,34.95507589158656,35.19123549047875,22.191972915560314,0.2361595988921934,Surat,2014-11-01,"{""type"":""MultiPoint"",""coordinates"":[]}"
2014_11_09,33.49829934870454,33.86050579963806,22.757072097461627,0.36220645093352033,Surat,2014-11-09,"{""type"":""MultiPoint"",""coordinates"":[]}"
2014_11_17,33.47873614468252,33.41609813966554,21.183454256689377,-0.06263800501697858,Surat,2014-11-17,"{""type"":""MultiPoint"",""coordinates"":[]}"
2014_11_25,33.073214317507485,33.13059384486244,19.239156377194966,0.05737952735495355,Surat,2014-11-25,"{""type"":""MultiPoint"",""coordinates"":[]}"
2014_12_03,31.3720130728733,31.476269744133425,18.34307492892595,0.10425667126012428,Surat,2014-12-03,"{""type"":""MultiPoint"",""coordinates"":[]}"
2014_12_11,29.153172560131964,29.077302306425047,15.373083813838585,-0.07587025370691691,Surat,2014-12-11,"{""type"":""MultiPoint"",""coordinates"":[]}"
2014_12_19,29.237737264689457,29.032014931495638,15.94405509065553,-0.20572233319381894,Surat,2014-12-19,"{""type"":""MultiPoint"",""coordinates"":[]}"
2014_12_27,28.492895894527436,28.13301518715735,14.527603126015041,-0.3598807073700847,Surat,2014-12-27,"{""type"":""MultiPoint"",""coordinates"":[]}"
2015_01_01,29.854772933653827,29.402811309958402,15.774427892109498,-0.4519616236954249,Surat,2015-01-01,"{""type"":""MultiPoint"",""coordinates"":[]}"
2015_01_09,30.459600847227367,29.716755640542942,15.29571259598044,-0.7428452066844251,Surat,2015-01-09,"{""type"":""MultiPoint"",""coordinates"":[]}"
2015_01_17,30.512983887547886,30.129031243198337,16.267393300223617,-0.3839526443495487,Surat,2015-01-17,"{""type"":""MultiPoint"",""coordinates"":[]}"
2015_01_25,29.56572878854895,29.092573447378218,16.347694947670412,-0.473155341170731,Surat,2015-01-25,"{""type"":""MultiPoint"",""coordinates"":[]}"
2015_02_02,31.490787677989726,30.965457072387753,18.677279293740014,-0.5253306056019724,Surat,2015-02-02,"{""type"":""MultiPoint"",""coordinates"":[]}"
2015_02_10,33.56035029017428,33.00649057397426,19.219252036251046,-0.5538597162000158,Surat,2015-02-10,"{""type"":""MultiPoint"",""coordinates"":[]}"
2015_02_18,34.90396361472892,34.4419804593626,21.167794586928288,-0.46198315536632606,Surat,2015-02-18,"{""type"":""MultiPoint"",""coordinates"":[]}"
2015_02_26,32.63384905520688,31.8935045125207,16.83757912800306,-0.7403445426861808,Surat,2015-02-26,"{""type"":""MultiPoint"",""coordinates"":[]}"
2015_03_06,36.16210017920522,35.604417228435736,21.216051593381327,-0.5576829507694825,Surat,2015-03-06,"{""type"":""MultiPoint"",""coordinates"":[]}"
2015_03_14,36.879064012523386,36.47772752951541,21.81616946101478,-0.40133648300797375,Surat,2015-03-14,"{""type"":""MultiPoint"",""coordinates"":[]}"
2015_03_22,37.94119950866362,37.379138566991955,24.511101138727827,-0.5620609416716675,Surat,2015-03-22,"{""type"":""MultiPoint"",""coordinates"":[]}"
2015_03_30,37.31020567660036,36.937906127224835,24.071078566604204,-0.37229954937552634,Surat,2015-03-30,"{""type"":""MultiPoint"",""coordinates"":[]}"
2015_04_07,35.45197926525566,34.45730560946121,24.030220476921052,-0.9946736557944504,Surat,2015-04-07,"{""type"":""MultiPoint"",""coordinates"":[]}"
2015_04_15,38.97228459772855,38.57333235866466,25.31528357817688,-0.3989522390638953,Surat,2015-04-15,"{""type"":""MultiPoint"",""coordinates"":[]}"
2015_04_23,38.59236572882837,38.206714087803974,26.528447618592665,-0.38565164102439553,Surat,2015-04-23,"{""type"":""MultiPoint"",""coordinates"":[]}"
2015_05_01,39.508578949057444,39.21111214650752,25.9005639204685,-0.29746680254992697,Surat,2015-05-01,"{""type"":""MultiPoint"",""coordinates"":[]}"
2015_05_09,38.95775891228752,38.77591607120473,26.749904412686526,-0.18184284108278348,Surat,2015-05-09,"{""type"":""MultiPoint"",""coordinates"":[]}"
2015_05_17,40.58580281432856,41.213016426178264,27.50350421934858,0.6272136118497045,Surat,2015-05-17,"{""type"":""MultiPoint"",""coordinates"":[]}"
2015_05_25,37.13166256024369,37.029502127802964,26.33840880764437,-0.10216043244072637,Surat,2015-05-25,"{""type"":""MultiPoint"",""coordinates"":[]}"
2015_06_02,38.018248495293655,37.16555054428023,26.320611097190913,-0.8526979510134254,Surat,2015-06-02,"{""type"":""MultiPoint"",""coordinates"":[]}"
2015_06_10,36.794575302811005,,,,Surat,2015-06-10,"{""type"":""MultiPoint"",""coordinates"":[]}"
2015_06_18,,,,,Surat,2015-06-18,"{""type"":""MultiPoint"",""coordinates"":[]}"
2015_06_26,30.474268067468337,29.683581679389345,22.822445801526744,-0.790686388078992,Surat,2015-06-26,"{""type"":""MultiPoint"",""coordinates"":[]}"
2015_07_04,27.950000000000045,27.950000000000045,25.110000000000014,0.0,Surat,2015-07-04,"{""type"":""MultiPoint"",""coordinates"":[]}"
2015_07_12,33.08315065702356,,,,Surat,2015-07-12,"{""type"":""MultiPoint"",""coordinates"":[]}"
2015_07_20,,,,,Surat,2015-07-20,"{""type"":""MultiPoint"",""coordinates"":[]}"
2015_07_28,,,,,Surat,2015-07-28,"{""type"":""MultiPoint"",""coordinates"":[]}"
2015_08_05,,,,,Surat,2015-08-05,"{""type"":""MultiPoint"",""coordinates"":[]}"
2015_08_13,30.744292917717186,29.597381451951335,22.375805205136963,-1.1469114657658501,Surat,2015-08-13,"{""type"":""MultiPoint"",""coordinates"":[]}"
2015_08_21,30.449317529968404,29.594125215022952,22.19125680905966,-0.8551923149454517,Surat,2015-08-21,"{""type"":""MultiPoint"",""coordinates"":[]}"
2015_08_29,31.65678639744955,31.80491467576796,24.33491467576795,0.1481282783184099,Surat,2015-08-29,"{""type"":""MultiPoint"",""coordinates"":[]}"
2015_09_06,34.823705277799256,32.34333190907541,24.95682627324532,-2.4803733687238463,Surat,2015-09-06,"{""type"":""MultiPoint"",""coordinates"":[]}"
2015_09_14,,30.29000000000005,,,Surat,2015-09-14,"{""type"":""MultiPoint"",""coordinates"":[]}"
2015_09_22,31.77708169800878,30.37406823302223,23.530705217609018,-1.4030134649865502,Surat,2015-09-22,"{""type"":""MultiPoint"",""coordinates"":[]}"
2015_09_30,34.520758314228424,33.97669953990799,23.953224844968997,-0.5440587743204333,Surat,2015-09-30,"{""type"":""MultiPoint"",""coordinates"":[]}"
2015_10_08,35.08509770945171,34.90303096072118,24.527471053189473,-0.1820667487305272,Surat,2015-10-08,"{""type"":""MultiPoint"",""coordinates"":[]}"
2015_10_16,35.87385303837816,35.60472736848045,23.79202813775468,-0.26912566989771136,Surat,2015-10-16,"{""type"":""MultiPoint"",""coordinates"":[]}"
2015_10_24,33.499845760921836,33.4708543100326,23.078453006157215,-0.028991450889236603,Surat,2015-10-24,"{""type"":""MultiPoint"",""coordinates"":[]}"
2015_11_01,34.73402799976169,34.7956972352025,22.01872624610595,0.061669235440810155,Surat,2015-11-01,"{""type"":""MultiPoint"",""coordinates"":[]}"
2015_11_09,34.2348983406991,34.240544197809555,21.146174997732956,0.005645857110458508,Surat,2015-11-09,"{""type"":""MultiPoint"",""coordinates"":[]}"
2015_11_17,34.12360479364038,34.13988446031335,20.85146310151848,0.016279666672964765,Surat,2015-11-17,"{""type"":""MultiPoint"",""coordinates"":[]}"
2015_11_25,32.337420824578906,32.156944207815144,20.47201360980552,-0.18047661676376237,Surat,2015-11-25,"{""type"":""MultiPoint"",""coordinates"":[]}"
2015_12_03,32.561901471773936,32.433803663691904,18.282519680601244,-0.12809780808203186,Surat,2015-12-03,"{""type"":""MultiPoint"",""coordinates"":[]}"
2015_12_11,29.174982743025655,28.92745355348171,15.089374970088569,-0.24752918954394687,Surat,2015-12-11,"{""type"":""MultiPoint"",""coordinates"":[]}"
2015_12_19,28.743894556740717,28.37558292515082,13.363009351090993,-0.3683116315898971,Surat,2015-12-19,"{""type"":""MultiPoint"",""coordinates"":[]}"
2015_12_27,33.60060568657953,33.18686750890836,16.892417728996367,-0.4137381776711706,Surat,2015-12-27,"{""type"":""MultiPoint"",""coordinates"":[]}"
2016_01_01,31.78312299425471,31.549677369288997,16.711433698709893,-0.23344562496571442,Surat,2016-01-01,"{""type"":""MultiPoint"",""coordinates"":[]}"
2016_01_09,29.84515864268869,29.618945964107866,15.736385287374532,-0.2262126785808256,Surat,2016-01-09,"{""type"":""MultiPoint"",""coordinates"":[]}"
2016_01_17,30.458076375534795,30.109064980598426,14.211798341507633,-0.3490113949363689,Surat,2016-01-17,"{""type"":""MultiPoint"",""coordinates"":[]}"
2016_01_25,31.799873750570146,31.81488757578087,15.835773348169784,0.015013825210722587,Surat,2016-01-25,"{""type"":""MultiPoint"",""coordinates"":[]}"
2016_02_02,31.968807198879045,31.52609345848047,17.043592238583216,-0.4427137403985739,Surat,2016-02-02,"{""type"":""MultiPoint"",""coordinates"":[]}"
2016_02_10,30.894844023636566,30.499521663464353,17.27599837033611,-0.39532236017221223,Surat,2016-02-10,"{""type"":""MultiPoint"",""coordinates"":[]}"
2016_02_18,32.544045189453534,32.22505586258049,,-0.3189893268730444,Surat,2016-02-18,"{""type"":""MultiPoint"",""coordinates"":[]}"
2016_02_26,37.45877501457854,36.442799003322286,22.954691747206297,-1.0159760112562566,Surat,2016-02-26,"{""type"":""MultiPoint"",""coordinates"":[]}"
2016_03_05,36.838981833684926,36.32221617973195,21.088537653071082,-0.516765653952973,Surat,2016-03-05,"{""type"":""MultiPoint"",""coordinates"":[]}"
2016_03_13,36.21286601174052,35.90958748849342,22.21308069960111,-0.30327852324710136,Surat,2016-03-13,"{""type"":""MultiPoint"",""coordinates"":[]}"
2016_03_21,39.07186749780758,38.15486731850451,22.334631396528145,-0.9170001793030735,Surat,2016-03-21,"{""type"":""MultiPoint"",""coordinates"":[]}"
2016_03_29,39.401221263320316,38.36617381591154,23.856540337299453,-1.035047447408779,Surat,2016-03-29,"{""type"":""MultiPoint"",""coordinates"":[]}"
2016_04_06,39.422261512758304,39.16955819590327,24.674677724442784,-0.2527033168550332,Surat,2016-04-06,"{""type"":""MultiPoint"",""coordinates"":[]}"
2016_04_14,40.900578406455466,40.756255354778446,26.232103356959268,-0.14432305167701998,Surat,2016-04-14,"{""type"":""MultiPoint"",""coordinates"":[]}"
2016_04_22,38.82319083050579,37.88633293151685,25.072384970546103,-0.93685789898894,Surat,2016-04-22,"{""type"":""MultiPoint"",""coordinates"":[]}"
2016_04_30,38.966664241757684,38.286342460195755,26.750955104544968,-0.6803217815619291,Surat,2016-04-30,"{""type"":""MultiPoint"",""coordinates"":[]}"
2016_05_08,39.65159449647544,39.56460978973792,27.523241052203335,-0.08698470673751757,Surat,2016-05-08,"{""type"":""MultiPoint"",""coordinates"":[]}"
2016_05_16,38.40854180478898,38.83362124870644,26.051520524318754,0.4250794439174612,Surat,2016-05-16,"{""type"":""MultiPoint"",""coordinates"":[]}"
2016_05_24,36.1509937530034,33.57811501597449,26.48629392971247,-2.5728787370289083,Surat,2016-05-24,"{""type"":""MultiPoint"",""coordinates"":[]}"
2016_06_01,38.33687651893932,38.19165527433957,27.233803805653068,-0.14522124459975316,Surat,2016-06-01,"{""type"":""MultiPoint"",""coordinates"":[]}"
2016_06_09,35.22364082312108,34.77844727779001,25.18393419799227,-0.44519354533107247,Surat,2016-06-09,"{""type"":""MultiPoint"",""coordinates"":[]}"
2016_06_17,,,,,Surat,2016-06-17,"{""type"":""MultiPoint"",""coordinates"":[]}"
2016_06_25,,,,,Surat,2016-06-25,"{""type"":""MultiPoint"",""coordinates"":[]}"
2016_07_03,,,,,Surat,2016-07-03,"{""type"":""MultiPoint"",""coordinates"":[]}"
2016_07_11,28.896666666666704,30.310000000000002,,1.4133333333332985,Surat,2016-07-11,"{""type"":""MultiPoint"",""coordinates"":[]}"
2016_07_19,,,,,Surat,2016-07-19,"{""type"":""MultiPoint"",""coordinates"":[]}"
2016_07_27,,,,,Surat,2016-07-27,"{""type"":""MultiPoint"",""coordinates"":[]}"
2016_08_04,,,,,Surat,2016-08-04,"{""type"":""MultiPoint"",""coordinates"":[]}"
2016_08_12,30.510000000000048,,,,Surat,2016-08-12,"{""type"":""MultiPoint"",""coordinates"":[]}"
2016_08_20,28.830000000000027,29.05000000000004,,0.22000000000001307,Surat,2016-08-20,"{""type"":""MultiPoint"",""coordinates"":[]}"
2016_08_28,27.23427871695669,26.005172747040376,21.173996134331983,-1.229105969916315,Surat,2016-08-28,"{""type"":""MultiPoint"",""coordinates"":[]}"
2016_09_05,29.90535660431841,28.31398413775859,22.99628559179739,-1.5913724665598181,Surat,2016-09-05,"{""type"":""MultiPoint"",""coordinates"":[]}"
2016_09_13,32.42299195937372,33.88523573200995,,1.462243772636235,Surat,2016-09-13,"{""type"":""MultiPoint"",""coordinates"":[]}"
2016_09_21,29.969282682512755,28.730000000000018,24.870000000000005,-1.2392826825127372,Surat,2016-09-21,"{""type"":""MultiPoint"",""coordinates"":[]}"
2016_09_29,32.33694214876036,30.177500000000027,24.680000000000035,-2.1594421487603306,Surat,2016-09-29,"{""type"":""MultiPoint"",""coordinates"":[]}"
2016_10_07,31.525890688504255,31.350367473699627,24.049428301978857,-0.17552321480462751,Surat,2016-10-07,"{""type"":""MultiPoint"",""coordinates"":[]}"
2016_10_15,32.496196546883795,32.45054508695484,22.383216543006345,-0.04565145992895481,Surat,2016-10-15,"{""type"":""MultiPoint"",""coordinates"":[]}"
2016_10_23,33.6120577164819,33.793327861968905,20.886994312325868,0.18127014548700515,Surat,2016-10-23,"{""type"":""MultiPoint"",""coordinates"":[]}"
2016_10_31,32.92618812947955,33.14968414004963,19.195296561773866,0.22349601057008073,Surat,2016-10-31,"{""type"":""MultiPoint"",""coordinates"":[]}"
2016_11_08,32.9396138633256,33.08329812981303,18.729390826039154,0.14368426648743338,Surat,2016-11-08,"{""type"":""MultiPoint"",""coordinates"":[]}"
2016_11_16,32.34939296412199,32.84325367252582,17.91797420940716,0.49386070840382956,Surat,2016-11-16,"{""type"":""MultiPoint"",""coordinates"":[]}"
2016_11_24,33.28667397692718,33.312933728067314,17.52700253622849,0.026259751140131016,Surat,2016-11-24,"{""type"":""MultiPoint"",""coordinates"":[]}"
2016_12_02,31.733658361018914,31.58213564143282,18.335518981422876,-0.15152271958609376,Surat,2016-12-02,"{""type"":""MultiPoint"",""coordinates"":[]}"
2016_12_10,31.940872239985545,31.842001531027265,17.785154104013053,-0.09887070895828032,Surat,2016-12-10,"{""type"":""MultiPoint"",""coordinates"":[]}"
2016_12_18,31.014639045953167,30.976915467980298,15.62545083743844,-0.03772357797286929,Surat,2016-12-18,"{""type"":""MultiPoint"",""coordinates"":[]}"
2016_12_26,31.22109063349345,31.025267655963095,15.24805925852403,-0.19582297753035505,Surat,2016-12-26,"{""type"":""MultiPoint"",""coordinates"":[]}"
2017_01_01,30.24276287862352,30.056615735862337,15.725920071810508,-0.1861471427611825,Surat,2017-01-01,"{""type"":""MultiPoint"",""coordinates"":[]}"
2017_01_09,29.112086580696054,28.907454339744625,14.689119726846629,-0.20463224095142962,Surat,2017-01-09,"{""type"":""MultiPoint"",""coordinates"":[]}"
2017_01_17,31.61039803131465,31.095926380732617,17.973405856663287,-0.5144716505820313,Surat,2017-01-17,"{""type"":""MultiPoint"",""coordinates"":[]}"
2017_01_25,32.53464985595369,32.090236143505585,17.142371596968864,-0.4444137124481031,Surat,2017-01-25,"{""type"":""MultiPoint"",""coordinates"":[]}"
2017_02_02,32.19533838057431,31.70505468119454,16.889884180790993,-0.49028369937977345,Surat,2017-02-02,"{""type"":""MultiPoint"",""coordinates"":[]}"
2017_02_10,33.70008137093149,33.21427567675163,20.386543590764372,-0.4858056941798594,Surat,2017-02-10,"{""type"":""MultiPoint"",""coordinates"":[]}"
2017_02_18,36.054817553366654,35.44258733581651,20.547270535189185,-0.6122302175501417,Surat,2017-02-18,"{""type"":""MultiPoint"",""coordinates"":[]}"
2017_02_26,37.194587423211,36.349539715024896,20.853582654361524,-0.845047708186101,Surat,2017-02-26,"{""type"":""MultiPoint"",""coordinates"":[]}"
2017_03_06,34.99271962385547,34.30544611265185,19.462360141532017,-0.687273511203621,Surat,2017-03-06,"{""type"":""MultiPoint"",""coordinates"":[]}"
2017_03_14,38.11777179707485,37.05057450560642,21.594367638321785,-1.0671972914684318,Surat,2017-03-14,"{""type"":""MultiPoint"",""coordinates"":[]}"
2017_03_22,39.5693666805705,38.613090193764144,24.837071112422556,-0.9562764868063596,Surat,2017-03-22,"{""type"":""MultiPoint"",""coordinates"":[]}"
2017_03_30,37.67541006271964,36.55859532369037,25.399913926617064,-1.116814739029273,Surat,2017-03-30,"{""type"":""MultiPoint"",""coordinates"":[]}"
2017_04_07,40.88857184100902,39.93569316044937,22.905080682478285,-0.9528786805596496,Surat,2017-04-07,"{""type"":""MultiPoint"",""coordinates"":[]}"
2017_04_15,40.19348709362883,39.38824726724465,26.089803807010973,-0.8052398263841809,Surat,2017-04-15,"{""type"":""MultiPoint"",""coordinates"":[]}"
2017_04_23,37.38702951041573,36.305596813328236,25.506566370985983,-1.081432697087493,Surat,2017-04-23,"{""type"":""MultiPoint"",""coordinates"":[]}"
2017_05_01,39.262602767172424,38.74651521792991,26.562831659392828,-0.5160875492425134,Surat,2017-05-01,"{""type"":""MultiPoint"",""coordinates"":[]}"
2017_05_09,39.83482538904551,38.9271539083014,26.288853968895204,-0.9076714807441135,Surat,2017-05-09,"{""type"":""MultiPoint"",""coordinates"":[]}"
2017_05_17,39.573831401568235,39.093070923668115,27.41394572797574,-0.48076047790011955,Surat,2017-05-17,"{""type"":""MultiPoint"",""coordinates"":[]}"
2017_05_25,36.55899701273338,36.35017323010086,25.893364897231685,-0.20882378263252122,Surat,2017-05-25,"{""type"":""MultiPoint"",""coordinates"":[]}"
2017_06_02,,,,,Surat,2017-06-02,"{""type"":""MultiPoint"",""coordinates"":[]}"
2017_06_10,32.61485152094203,32.568823529411794,24.3123529411765,-0.046027991530237955,Surat,2017-06-10,"{""type"":""MultiPoint"",""coordinates"":[]}"
2017_06_18,31.975812885863572,,,,Surat,2017-06-18,"{""type"":""MultiPoint"",""coordinates"":[]}"
2017_06_26,,,,,Surat,2017-06-26,"{""type"":""MultiPoint"",""coordinates"":[]}"
2017_07_04,29.79737782848453,,,,Surat,2017-07-04,"{""type"":""MultiPoint"",""coordinates"":[]}"
2017_07_12,,,,,Surat,2017-07-12,"{""type"":""MultiPoint"",""coordinates"":[]}"
2017_07_20,,,,,Surat,2017-07-20,"{""type"":""MultiPoint"",""coordinates"":[]}"
2017_07_28,28.964623427376516,28.26333902647312,17.488770281810442,-0.7012844009033969,Surat,2017-07-28,"{""type"":""MultiPoint"",""coordinates"":[]}"
2017_08_05,29.450000000000045,,,,Surat,2017-08-05,"{""type"":""MultiPoint"",""coordinates"":[]}"
2017_08_13,32.51328060854869,29.90909774436092,,-2.60418286418777,Surat,2017-08-13,"{""type"":""MultiPoint"",""coordinates"":[]}"
2017_08_21,28.951694915254258,29.57000000000005,,0.618305084745792,Surat,2017-08-21,"{""type"":""MultiPoint"",""coordinates"":[]}"
2017_08_29,30.526070122240164,30.355608178053863,19.31218986278356,-0.17046194418630023,Surat,2017-08-29,"{""type"":""MultiPoint"",""coordinates"":[]}"
2017_09_06,30.645176535362168,29.66826596449625,25.100496285704345,-0.9769105708659183,Surat,2017-09-06,"{""type"":""MultiPoint"",""coordinates"":[]}"
2017_09_14,,,,,Surat,2017-09-14,"{""type"":""MultiPoint"",""coordinates"":[]}"
2017_09_22,32.07690446443052,32.69978392682269,24.073497176671644,0.6228794623921701,Surat,2017-09-22,"{""type"":""MultiPoint"",""coordinates"":[]}"
2017_09_30,33.55972733042153,33.041074420249586,25.67495932905575,-0.5186529101719444,Surat,2017-09-30,"{""type"":""MultiPoint"",""coordinates"":[]}"
2017_10_08,32.56087381724101,32.56500985812042,19.051650287409633,0.004136040879409109,Surat,2017-10-08,"{""type"":""MultiPoint"",""coordinates"":[]}"
2017_10_16,33.487496514965144,33.17540398051877,23.30266318461103,-0.3120925344463714,Surat,2017-10-16,"{""type"":""MultiPoint"",""coordinates"":[]}"
2017_10_24,34.860515821100336,34.977150091950776,21.185570519168227,0.1166342708504402,Surat,2017-10-24,"{""type"":""MultiPoint"",""coordinates"":[]}"
2017_11_01,33.77908531128461,34.09688566291792,20.209134534465633,0.3178003516333092,Surat,2017-11-01,"{""type"":""MultiPoint"",""coordinates"":[]}"
2017_11_09,32.356031279067984,32.66718719689624,19.216905539913192,0.311155917828259,Surat,2017-11-09,"{""type"":""MultiPoint"",""coordinates"":[]}"
2017_11_17,32.13339749422042,32.264828041316015,20.270078806426962,0.1314305470955972,Surat,2017-11-17,"{""type"":""MultiPoint"",""coordinates"":[]}"
2017_11_25,32.043635172356524,31.833010115033783,18.455431574771946,-0.21062505732274062,Surat,2017-11-25,"{""type"":""MultiPoint"",""coordinates"":[]}"
2017_12_03,28.510208085285687,28.468807132243718,19.930552154531963,-0.041400953041968336,Surat,2017-12-03,"{""type"":""MultiPoint"",""coordinates"":[]}"
2017_12_11,28.883244288475446,28.77966679573666,17.859956591738175,-0.10357749273878625,Surat,2017-12-11,"{""type"":""MultiPoint"",""coordinates"":[]}"
2017_12_19,29.64006396378669,29.344784315709546,14.970800809511777,-0.2952796480771447,Surat,2017-12-19,"{""type"":""MultiPoint"",""coordinates"":[]}"
2017_12_27,30.01891522230459,29.626445776840026,16.464672321223407,-0.3924694454645632,Surat,2017-12-27,"{""type"":""MultiPoint"",""coordinates"":[]}"
2018_01_01,29.039695927261114,28.641707884378388,15.110846884815746,-0.3979880428827265,Surat,2018-01-01,"{""type"":""MultiPoint"",""coordinates"":[]}"
2018_01_09,31.225874521303194,31.125514566890793,18.387586280814613,-0.10035995441240075,Surat,2018-01-09,"{""type"":""MultiPoint"",""coordinates"":[]}"
2018_01_17,31.41644471192486,31.14612549597886,17.2898160634077,-0.2703192159459995,Surat,2018-01-17,"{""type"":""MultiPoint"",""coordinates"":[]}"
2018_01_25,32.28271304018621,31.820162947911417,16.01186940721349,-0.4625500922747925,Surat,2018-01-25,"{""type"":""MultiPoint"",""coordinates"":[]}"
2018_02_02,31.38164133390248,30.47871237458195,17.332308343830118,-0.9029289593205299,Surat,2018-02-02,"{""type"":""MultiPoint"",""coordinates"":[]}"
2018_02_10,34.08747596153847,33.93240847002455,18.742755462818103,-0.1550674915139254,Surat,2018-02-10,"{""type"":""MultiPoint"",""coordinates"":[]}"
2018_02_18,34.02515326046735,33.6777013557008,20.38532292987422,-0.34745190476655097,Surat,2018-02-18,"{""type"":""MultiPoint"",""coordinates"":[]}"
2018_02_26,35.203930282105205,34.85197956479154,22.103470720417963,-0.3519507173136631,Surat,2018-02-26,"{""type"":""MultiPoint"",""coordinates"":[]}"
2018_03_06,36.00018243565279,35.800315703000365,21.482812479104403,-0.19986673265242416,Surat,2018-03-06,"{""type"":""MultiPoint"",""coordinates"":[]}"
2018_03_14,37.37719640190985,37.098415081684486,22.236982034206903,-0.27878132022536306,Surat,2018-03-14,"{""type"":""MultiPoint"",""coordinates"":[]}"
2018_03_22,39.96122836355417,39.471941639702145,23.370683404155795,-0.4892867238520253,Surat,2018-03-22,"{""type"":""MultiPoint"",""coordinates"":[]}"
2018_03_30,39.92434819110463,39.689116155840196,23.853539760597762,-0.23523203526443126,Surat,2018-03-30,"{""type"":""MultiPoint"",""coordinates"":[]}"
2018_04_07,38.285296526150034,37.79648549310125,24.79803321303765,-0.48881103304878337,Surat,2018-04-07,"{""type"":""MultiPoint"",""coordinates"":[]}"
2018_04_15,40.234288163936085,39.8675740197127,26.421190730768508,-0.366714144223387,Surat,2018-04-15,"{""type"":""MultiPoint"",""coordinates"":[]}"
2018_04_23,40.90311838844928,40.224257338924915,26.815865230651934,-0.6788610495243645,Surat,2018-04-23,"{""type"":""MultiPoint"",""coordinates"":[]}"
2018_05_01,40.35294802986651,39.77322194981391,27.273518885709017,-0.5797260800526018,Surat,2018-05-01,"{""type"":""MultiPoint"",""coordinates"":[]}"
2018_05_09,39.40094908729716,39.330247349142134,26.802935222672115,-0.07070173815502301,Surat,2018-05-09,"{""type"":""MultiPoint"",""coordinates"":[]}"
2018_05_17,37.67256980937662,37.43388508970217,26.541124209562547,-0.2386847196744455,Surat,2018-05-17,"{""type"":""MultiPoint"",""coordinates"":[]}"
2018_05_25,38.167200708418285,39.51833884261099,26.83396491692008,1.351138134192702,Surat,2018-05-25,"{""type"":""MultiPoint"",""coordinates"":[]}"
2018_06_02,34.11807754405846,34.264976461313246,25.49669354657058,0.14689891725478788,Surat,2018-06-02,"{""type"":""MultiPoint"",""coordinates"":[]}"
2018_06_10,33.650877464504426,,,,Surat,2018-06-10,"{""type"":""MultiPoint"",""coordinates"":[]}"
2018_06_18,34.799031043460865,33.35853437094684,25.60577172503245,-1.4404966725140227,Surat,2018-06-18,"{""type"":""MultiPoint"",""coordinates"":[]}"
2018_06_26,,,,,Surat,2018-06-26,"{""type"":""MultiPoint"",""coordinates"":[]}"
2018_07_04,25.463333333333367,,,,Surat,2018-07-04,"{""type"":""MultiPoint"",""coordinates"":[]}"
2018_07_12,,,,,Surat,2018-07-12,"{""type"":""MultiPoint"",""coordinates"":[]}"
2018_07_20,,,,,Surat,2018-07-20,"{""type"":""MultiPoint"",""coordinates"":[]}"
2018_07_28,,,,,Surat,2018-07-28,"{""type"":""MultiPoint"",""coordinates"":[]}"
2018_08_05,,,,,Surat,2018-08-05,"{""type"":""MultiPoint"",""coordinates"":[]}"
2018_08_13,,,,,Surat,2018-08-13,"{""type"":""MultiPoint"",""coordinates"":[]}"
2018_08_21,,,,,Surat,2018-08-21,"{""type"":""MultiPoint"",""coordinates"":[]}"
2018_08_29,27.173390541275165,,,,Surat,2018-08-29,"{""type"":""MultiPoint"",""coordinates"":[]}"
2018_09_06,30.355160440157576,29.708609923011156,21.19505560307958,-0.6465505171464194,Surat,2018-09-06,"{""type"":""MultiPoint"",""coordinates"":[]}"
2018_09_14,31.840167963285072,30.658704940732548,23.884916842922184,-1.1814630225525242,Surat,2018-09-14,"{""type"":""MultiPoint"",""coordinates"":[]}"
2018_09_22,33.110179497619946,31.952854769430306,23.8594432287868,-1.1573247281896393,Surat,2018-09-22,"{""type"":""MultiPoint"",""coordinates"":[]}"
2018_09_30,35.16982345302479,34.61755761064048,25.40481709025849,-0.5522658423843083,Surat,2018-09-30,"{""type"":""MultiPoint"",""coordinates"":[]}"
2018_10_08,35.36429653948415,34.63022794541611,24.39528618104943,-0.7340685940680416,Surat,2018-10-08,"{""type"":""MultiPoint"",""coordinates"":[]}"
2018_10_16,34.61986347838072,34.46789995248762,22.698964132995908,-0.1519635258931018,Surat,2018-10-16,"{""type"":""MultiPoint"",""coordinates"":[]}"
2018_10_24,35.608447598541716,35.8486762068197,21.512104844730164,0.24022860827798098,Surat,2018-10-24,"{""type"":""MultiPoint"",""coordinates"":[]}"
2018_11_01,34.971410597304306,34.910756140066866,22.222530021808094,-0.06065445723744034,Surat,2018-11-01,"{""type"":""MultiPoint"",""coordinates"":[]}"
2018_11_09,35.117609148907725,35.286309396767535,20.516712974640594,0.1687002478598103,Surat,2018-11-09,"{""type"":""MultiPoint"",""coordinates"":[]}"
2018_11_17,33.62622234694268,33.76032995538006,21.884612696845647,0.13410760843737535,Surat,2018-11-17,"{""type"":""MultiPoint"",""coordinates"":[]}"
2018_11_25,31.464774193948426,31.546434645474502,19.344718863704305,0.08166045152607637,Surat,2018-11-25,"{""type"":""MultiPoint"",""coordinates"":[]}"
2018_12_03,31.428021346023847,31.263456718128175,17.03611030968972,-0.16456462789567183,Surat,2018-12-03,"{""type"":""MultiPoint"",""coordinates"":[]}"
2018_12_11,29.6540337628705,29.321744708981473,16.751950941015078,-0.33228905388902774,Surat,2018-12-11,"{""type"":""MultiPoint"",""coordinates"":[]}"
2018_12_19,30.458850773267052,30.066294462409065,15.635501616814924,-0.39255631085798726,Surat,2018-12-19,"{""type"":""MultiPoint"",""coordinates"":[]}"
2018_12_27,28.245319372374645,28.03665854997258,12.212521431066342,-0.20866082240206651,Surat,2018-12-27,"{""type"":""MultiPoint"",""coordinates"":[]}"
2019_01_01,29.59316640592038,29.155830967502773,14.154093228358786,-0.43733543841760536,Surat,2019-01-01,"{""type"":""MultiPoint"",""coordinates"":[]}"
2019_01_09,29.82790253899026,29.422068438429875,15.292801940243793,-0.4058341005603836,Surat,2019-01-09,"{""type"":""MultiPoint"",""coordinates"":[]}"
2019_01_17,30.563925370458914,30.310915051869287,16.325177138383257,-0.2530103185896273,Surat,2019-01-17,"{""type"":""MultiPoint"",""coordinates"":[]}"
2019_01_25,29.36368943478978,28.794466555773965,14.095222440647213,-0.5692228790158147,Surat,2019-01-25,"{""type"":""MultiPoint"",""coordinates"":[]}"
2019_02_02,28.534850682613587,28.280224432356793,15.788028086856382,-0.25462625025679486,Surat,2019-02-02,"{""type"":""MultiPoint"",""coordinates"":[]}"
2019_02_10,32.53729771625366,32.2657707953293,16.360727629230063,-0.2715269209243587,Surat,2019-02-10,"{""type"":""MultiPoint"",""coordinates"":[]}"
2019_02_18,35.5045332271946,34.99878948031925,18.76786891127901,-0.5057437468753463,Surat,2019-02-18,"{""type"":""MultiPoint"",""coordinates"":[]}"
2019_02_26,33.63864603007643,33.46174583388677,18.593247473767033,-0.17690019618965636,Surat,2019-02-26,"{""type"":""MultiPoint"",""coordinates"":[]}"
2019_03_06,35.286551732968974,34.88769406939642,19.330754716981154,-0.3988576635725565,Surat,2019-03-06,"{""type"":""MultiPoint"",""coordinates"":[]}"
2019_03_14,37.09988336673565,36.962593700817976,20.56339926554881,-0.13728966591767033,Surat,2019-03-14,"{""type"":""MultiPoint"",""coordinates"":[]}"
2019_03_22,40.34019502790757,39.95185919343815,23.46497095010254,-0.3883358344694159,Surat,2019-03-22,"{""type"":""MultiPoint"",""coordinates"":[]}"
2019_03_30,40.008278612121906,39.61970118580127,24.967802649479488,-0.3885774263206372,Surat,2019-03-30,"{""type"":""MultiPoint"",""coordinates"":[]}"
2019_04_07,42.48480507033155,42.173318654656306,26.138247442375874,-0.3114864156752404,Surat,2019-04-07,"{""type"":""MultiPoint"",""coordinates"":[]}"
2019_04_15,42.93349799145557,42.481942186264874,24.852481189065767,-0.4515558051906936,Surat,2019-04-15,"{""type"":""MultiPoint"",""coordinates"":[]}"
2019_04_23,42.548839945131334,42.75559659252249,26.95407685754855,0.20675664739115263,Surat,2019-04-23,"{""type"":""MultiPoint"",""coordinates"":[]}"
2019_05_01,39.079081311291695,38.85631378357029,25.662011650868887,-0.22276752772140185,Surat,2019-05-01,"{""type"":""MultiPoint"",""coordinates"":[]}"
2019_05_09,39.939520574892036,39.723296308904395,26.812248310071528,-0.21622426598764122,Surat,2019-05-09,"{""type"":""MultiPoint"",""coordinates"":[]}"
2019_05_17,40.65582373322548,40.94505093474794,27.29575186692075,0.28922720152245773,Surat,2019-05-17,"{""type"":""MultiPoint"",""coordinates"":[]}"
2019_05_25,40.204043229316355,40.358076374194184,27.593633679444945,0.15403314487782893,Surat,2019-05-25,"{""type"":""MultiPoint"",""coordinates"":[]}"
2019_06_02,36.769774504862745,37.84784275503576,25.49418453541264,1.0780682501730112,Surat,2019-06-02,"{""type"":""MultiPoint"",""coordinates"":[]}"
2019_06_10,37.75300621373186,,,,Surat,2019-06-10,"{""type"":""MultiPoint"",""coordinates"":[]}"
2019_06_18,34.469000000000015,,,,Surat,2019-06-18,"{""type"":""MultiPoint"",""coordinates"":[]}"
2019_06_26,,,,,Surat,2019-06-26,"{""type"":""MultiPoint"",""coordinates"":[]}"
2019_07_04,,,,,Surat,2019-07-04,"{""type"":""MultiPoint"",""coordinates"":[]}"
2019_07_12,31.15891030392886,,,,Surat,2019-07-12,"{""type"":""MultiPoint"",""coordinates"":[]}"
2019_07_20,,,,,Surat,2019-07-20,"{""type"":""MultiPoint"",""coordinates"":[]}"
2019_07_28,,,,,Surat,2019-07-28,"{""type"":""MultiPoint"",""coordinates"":[]}"
2019_08_05,,,,,Surat,2019-08-05,"{""type"":""MultiPoint"",""coordinates"":[]}"
2019_08_13,,,,,Surat,2019-08-13,"{""type"":""MultiPoint"",""coordinates"":[]}"
2019_08_21,32.51547058149746,32.16172065242365,24.156841258901935,-0.353749929073814,Surat,2019-08-21,"{""type"":""MultiPoint"",""coordinates"":[]}"
2019_08_29,,,,,Surat,2019-08-29,"{""type"":""MultiPoint"",""coordinates"":[]}"
2019_09_06,,,,,Surat,2019-09-06,"{""type"":""MultiPoint"",""coordinates"":[]}"
2019_09_14,29.204303797468388,29.141063829787246,25.237139479905466,-0.0632399676811417,Surat,2019-09-14,"{""type"":""MultiPoint"",""coordinates"":[]}"
2019_09_22,28.951515151515178,,,,Surat,2019-09-22,"{""type"":""MultiPoint"",""coordinates"":[]}"
2019_09_30,30.85391296497505,30.675241215362938,24.241620236238056,-0.17867174961211063,Surat,2019-09-30,"{""type"":""MultiPoint"",""coordinates"":[]}"
2019_10_08,32.539971107334075,32.11050897840329,24.22880773275099,-0.42946212893078695,Surat,2019-10-08,"{""type"":""MultiPoint"",""coordinates"":[]}"
2019_10_16,33.3121953742133,33.3149286761501,23.326866703649436,0.0027333019368001032,Surat,2019-10-16,"{""type"":""MultiPoint"",""coordinates"":[]}"
2019_10_24,32.12131346346874,31.83200342099638,,-0.2893100424723585,Surat,2019-10-24,"{""type"":""MultiPoint"",""coordinates"":[]}"
2019_11_01,32.35792967343057,32.59561323024935,23.20363437043227,0.23768355681878006,Surat,2019-11-01,"{""type"":""MultiPoint"",""coordinates"":[]}"
2019_11_09,31.66096750470571,31.28054131772778,22.691683987488656,-0.3804261869779282,Surat,2019-11-09,"{""type"":""MultiPoint"",""coordinates"":[]}"
2019_11_17,31.968637566260696,32.524081345595874,21.417533762848585,0.5554437793351781,Surat,2019-11-17,"{""type"":""MultiPoint"",""coordinates"":[]}"
2019_11_25,31.056211661429717,31.10885547185163,22.340937893371056,0.05264381042191246,Surat,2019-11-25,"{""type"":""MultiPoint"",""coordinates"":[]}"
2019_12_03,30.355094473251103,30.357640192587827,20.70447564330801,0.0025457193367230957,Surat,2019-12-03,"{""type"":""MultiPoint"",""coordinates"":[]}"
2019_12_11,28.972230401442694,29.096488022313167,18.19884576284442,0.12425762087047332,Surat,2019-12-11,"{""type"":""MultiPoint"",""coordinates"":[]}"
2019_12_19,29.709748703760663,29.72222229961925,19.854587164484098,0.012473595858587316,Surat,2019-12-19,"{""type"":""MultiPoint"",""coordinates"":[]}"
2019_12_27,27.60064369420132,27.272729875841883,15.919108443670707,-0.32791381835943767,Surat,2019-12-27,"{""type"":""MultiPoint"",""coordinates"":[]}"
2020_01_01,28.38086887739077,28.68386440884948,17.20091852726277,0.30299553145870917,Surat,2020-01-01,"{""type"":""MultiPoint"",""coordinates"":[]}"
2020_01_09,27.82625787760478,27.695700084602358,16.170036802030477,-0.1305577930024242,Surat,2020-01-09,"{""type"":""MultiPoint"",""coordinates"":[]}"
2020_01_17,29.656988091489996,29.362120781527526,17.180690221304808,-0.2948673099624699,Surat,2020-01-17,"{""type"":""MultiPoint"",""coordinates"":[]}"
2020_01_25,30.452955097589367,30.30095028381292,16.53015502055198,-0.15200481377644692,Surat,2020-01-25,"{""type"":""MultiPoint"",""coordinates"":[]}"
2020_02_02,30.65674576609069,30.107811856477287,17.04998576539476,-0.5489339096134032,Surat,2020-02-02,"{""type"":""MultiPoint"",""coordinates"":[]}"
2020_02_10,32.515469084122316,32.023254443623365,20.772888646882674,-0.4922146404989505,Surat,2020-02-10,"{""type"":""MultiPoint"",""coordinates"":[]}"
2020_02_18,33.81779060243588,33.10609041036633,20.181998151680247,-0.71170019206955,Surat,2020-02-18,"{""type"":""MultiPoint"",""coordinates"":[]}"
2020_02_26,33.94231166292805,33.0451506550873,20.761637068646777,-0.8971610078407508,Surat,2020-02-26,"{""type"":""MultiPoint"",""coordinates"":[]}"
2020_03_05,33.004699777319,31.98828692287856,20.013014702089272,-1.0164128544404356,Surat,2020-03-05,"{""type"":""MultiPoint"",""coordinates"":[]}"
2020_03_13,35.01438800085137,34.13878377713248,21.3059661367328,-0.8756042237188879,Surat,2020-03-13,"{""type"":""MultiPoint"",""coordinates"":[]}"
2020_03_21,37.12653994139629,36.11220418258155,24.25974844527987,-1.0143357588147381,Surat,2020-03-21,"{""type"":""MultiPoint"",""coordinates"":[]}"
2020_03_29,38.607748516953905,37.76029754255167,23.83954412125377,-0.8474509744022356,Surat,2020-03-29,"{""type"":""MultiPoint"",""coordinates"":[]}"
2020_04_06,38.387599175337584,38.038934117984816,24.81074427060908,-0.3486650573527683,Surat,2020-04-06,"{""type"":""MultiPoint"",""coordinates"":[]}"
2020_04_14,39.45666443954479,38.844382459655826,25.859202455181272,-0.6122819798889623,Surat,2020-04-14,"{""type"":""MultiPoint"",""coordinates"":[]}"
2020_04_22,39.68783085086224,38.65991898312655,26.864855733111344,-1.027911867735689,Surat,2020-04-22,"{""type"":""MultiPoint"",""coordinates"":[]}"
2020_04_30,40.2559890102895,39.75651280965488,28.04230092583683,-0.49947620063461784,Surat,2020-04-30,"{""type"":""MultiPoint"",""coordinates"":[]}"
2020_05_08,39.94798731355429,40.35326814291217,27.926698488543153,0.4052808293578778,Surat,2020-05-08,"{""type"":""MultiPoint"",""coordinates"":[]}"
2020_05_16,38.40001100708206,38.5197705868148,27.69575854958857,0.11975957973274376,Surat,2020-05-16,"{""type"":""MultiPoint"",""coordinates"":[]}"
2020_05_24,40.58058005319449,40.62117037556906,27.724985719994923,0.04059032237456961,Surat,2020-05-24,"{""type"":""MultiPoint"",""coordinates"":[]}"
2020_06_01,,,,,Surat,2020-06-01,"{""type"":""MultiPoint"",""coordinates"":[]}"
2020_06_09,34.434705882352965,,,,Surat,2020-06-09,"{""type"":""MultiPoint"",""coordinates"":[]}"
2020_06_17,27.90957667840811,28.11136222623514,25.673046312841088,0.20178554782702918,Surat,2020-06-17,"{""type"":""MultiPoint"",""coordinates"":[]}"
2020_06_25,,,,,Surat,2020-06-25,"{""type"":""MultiPoint"",""coordinates"":[]}"
2020_07_03,,,,,Surat,2020-07-03,"{""type"":""MultiPoint"",""coordinates"":[]}"
2020_07_11,30.39685714285716,,,,Surat,2020-07-11,"{""type"":""MultiPoint"",""coordinates"":[]}"
2020_07_19,,,,,Surat,2020-07-19,"{""type"":""MultiPoint"",""coordinates"":[]}"
2020_07_27,30.53000000000003,30.53000000000003,,0.0,Surat,2020-07-27,"{""type"":""MultiPoint"",""coordinates"":[]}"
2020_08_04,28.999246861924725,25.930000000000007,,-3.069246861924718,Surat,2020-08-04,"{""type"":""MultiPoint"",""coordinates"":[]}"
2020_08_12,,,,,Surat,2020-08-12,"{""type"":""MultiPoint"",""coordinates"":[]}"
2020_08_20,28.679313506815394,,,,Surat,2020-08-20,"{""type"":""MultiPoint"",""coordinates"":[]}"
2020_08_28,33.024750670241225,32.25279266161912,24.883953323903842,-0.7719580086221072,Surat,2020-08-28,"{""type"":""MultiPoint"",""coordinates"":[]}"
2020_09_05,29.518892204401368,27.67854889589908,25.44596214511043,-1.8403433085022876,Surat,2020-09-05,"{""type"":""MultiPoint"",""coordinates"":[]}"
2020_09_13,30.086488180515783,29.56000000000003,,-0.5264881805157522,Surat,2020-09-13,"{""type"":""MultiPoint"",""coordinates"":[]}"
2020_09_21,30.40952087711044,30.493625391745038,23.726085217043433,0.08410451463459623,Surat,2020-09-21,"{""type"":""MultiPoint"",""coordinates"":[]}"
2020_09_29,31.92891163919669,32.1234947088814,25.04146223383748,0.19458306968471106,Surat,2020-09-29,"{""type"":""MultiPoint"",""coordinates"":[]}"
2020_10_07,32.43619077416155,32.97743919781223,23.474865660655144,0.5412484236506785,Surat,2020-10-07,"{""type"":""MultiPoint"",""coordinates"":[]}"
2020_10_15,33.56204027335579,33.79114575357572,26.08878918195721,0.22910548021992838,Surat,2020-10-15,"{""type"":""MultiPoint"",""coordinates"":[]}"
2020_10_23,34.9432922658938,35.44122812368937,22.74761505318949,0.4979358577955679,Surat,2020-10-23,"{""type"":""MultiPoint"",""coordinates"":[]}"
2020_10_31,33.013147814562195,33.345234031075705,21.20834314282688,0.33208621651350967,Surat,2020-10-31,"{""type"":""MultiPoint"",""coordinates"":[]}"
2020_11_08,32.738751055875035,32.96763884437972,20.013213789754815,0.22888778850468583,Surat,2020-11-08,"{""type"":""MultiPoint"",""coordinates"":[]}"
2020_11_16,32.78209783252745,33.22882356283201,20.472207429431762,0.4467257303045642,Surat,2020-11-16,"{""type"":""MultiPoint"",""coordinates"":[]}"
2020_11_24,31.150391070859744,31.17675280565286,20.714254854224833,0.026361734793116653,Surat,2020-11-24,"{""type"":""MultiPoint"",""coordinates"":[]}"
2020_12_02,32.89397817380707,32.871590629910045,19.14457315621582,-0.022387543897025353,Surat,2020-12-02,"{""type"":""MultiPoint"",""coordinates"":[]}"
2020_12_10,27.285666042885033,27.35665979596086,19.220903601915484,0.07099375307582534,Surat,2020-12-10,"{""type"":""MultiPoint"",""coordinates"":[]}"
2020_12_18,28.781409180688225,28.785018509130207,17.01225208765773,0.0036093284419820293,Surat,2020-12-18,"{""type"":""MultiPoint"",""coordinates"":[]}"
2020_12_26,27.4483936471496,27.08932333233755,16.074502368656923,-0.3590703148120511,Surat,2020-12-26,"{""type"":""MultiPoint"",""coordinates"":[]}"
2021_01_01,28.854872637747498,28.682609567901252,17.66154012345682,-0.1722630698462453,Surat,2021-01-01,"{""type"":""MultiPoint"",""coordinates"":[]}"
2021_01_09,30.498460564003107,30.180402491333236,18.53515235912806,-0.31805807266987074,Surat,2021-01-09,"{""type"":""MultiPoint"",""coordinates"":[]}"
2021_01_17,30.283698694952243,30.273685550920128,16.88693855102912,-0.010013144032114951,Surat,2021-01-17,"{""type"":""MultiPoint"",""coordinates"":[]}"
2021_01_25,29.665323707149607,29.001546401791792,16.633693056772845,-0.6637773053578151,Surat,2021-01-25,"{""type"":""MultiPoint"",""coordinates"":[]}"
2021_02_02,30.918021681430822,30.268726392976525,17.34473676859384,-0.6492952884542973,Surat,2021-02-02,"{""type"":""MultiPoint"",""coordinates"":[]}"
2021_02_10,30.627312936392777,30.267686014803303,18.989731103852677,-0.3596269215894736,Surat,2021-02-10,"{""type"":""MultiPoint"",""coordinates"":[]}"
2021_02_18,33.60547977697241,32.93396216428155,20.55258870809649,-0.671517612690856,Surat,2021-02-18,"{""type"":""MultiPoint"",""coordinates"":[]}"
2021_02_26,36.13430465961806,35.54075216743109,21.457862765765523,-0.5935524921869728,Surat,2021-02-26,"{""type"":""MultiPoint"",""coordinates"":[]}"
2021_03_06,36.659581686634226,35.547517372775125,21.631307796440236,-1.1120643138591007,Surat,2021-03-06,"{""type"":""MultiPoint"",""coordinates"":[]}"
2021_03_14,35.113531826517466,34.5220643758156,22.800591658208912,-0.5914674507018631,Surat,2021-03-14,"{""type"":""MultiPoint"",""coordinates"":[]}"
2021_03_22,39.30787186617356,38.55468657441128,22.79023986404468,-0.7531852917622857,Surat,2021-03-22,"{""type"":""MultiPoint"",""coordinates"":[]}"
2021_03_30,37.08253879241981,36.4973003932622,25.38603728849067,-0.5852383991576104,Surat,2021-03-30,"{""type"":""MultiPoint"",""coordinates"":[]}"
2021_04_07,38.446956513701096,38.17746274486826,24.424806156129783,-0.26949376883283804,Surat,2021-04-07,"{""type"":""MultiPoint"",""coordinates"":[]}"
2021_04_15,38.122935261149244,37.831581322267446,25.554936948551664,-0.29135393888179806,Surat,2021-04-15,"{""type"":""MultiPoint"",""coordinates"":[]}"
2021_04_23,37.55869106830465,37.03571986612822,25.08792356286178,-0.5229712021764286,Surat,2021-04-23,"{""type"":""MultiPoint"",""coordinates"":[]}"
2021_05_01,39.118280221033295,39.17295032938612,26.889609047676807,0.05467010835282338,Surat,2021-05-01,"{""type"":""MultiPoint"",""coordinates"":[]}"
2021_05_09,39.11343324887459,39.518445119730295,26.25662205617593,0.4050118708557022,Surat,2021-05-09,"{""type"":""MultiPoint"",""coordinates"":[]}"
2021_05_17,33.20383511889588,31.57829407351841,25.696298574643695,-1.6255410453774708,Surat,2021-05-17,"{""type"":""MultiPoint"",""coordinates"":[]}"
2021_05_25,34.6897830705401,33.699188926663446,25.040158190522472,-0.9905941438766561,Surat,2021-05-25,"{""type"":""MultiPoint"",""coordinates"":[]}"
2021_06_02,36.58047473083992,36.07005415268707,26.80766907999295,-0.5104205781528464,Surat,2021-06-02,"{""type"":""MultiPoint"",""coordinates"":[]}"
2021_06_10,33.90241717572572,33.06484622017825,24.956694452428884,-0.8375709555474771,Surat,2021-06-10,"{""type"":""MultiPoint"",""coordinates"":[]}"
2021_06_18,30.485566957072223,28.03000000000003,20.450000000000045,-2.455566957072193,Surat,2021-06-18,"{""type"":""MultiPoint"",""coordinates"":[]}"
2021_06_26,30.785357208448154,30.20286235340333,22.054070478648807,-0.5824948550448248,Surat,2021-06-26,"{""type"":""MultiPoint"",""coordinates"":[]}"
2021_07_04,34.61228405046912,,,,Surat,2021-07-04,"{""type"":""MultiPoint"",""coordinates"":[]}"
2021_07_12,,,,,Surat,2021-07-12,"{""type"":""MultiPoint"",""coordinates"":[]}"
2021_07_20,,,,,Surat,2021-07-20,"{""type"":""MultiPoint"",""coordinates"":[]}"
2021_07_28,,,,,Surat,2021-07-28,"{""type"":""MultiPoint"",""coordinates"":[]}"
2021_08_05,28.67285714285717,,,,Surat,2021-08-05,"{""type"":""MultiPoint"",""coordinates"":[]}"
2021_08_13,28.40583941605843,,,,Surat,2021-08-13,"{""type"":""MultiPoint"",""coordinates"":[]}"
2021_08_21,29.472912588592674,28.59458190148914,23.844188621611337,-0.878330687103535,Surat,2021-08-21,"{""type"":""MultiPoint"",""coordinates"":[]}"
2021_08_29,,,,,Surat,2021-08-29,"{""type"":""MultiPoint"",""coordinates"":[]}"
2021_09_06,,,,,Surat,2021-09-06,"{""type"":""MultiPoint"",""coordinates"":[]}"
2021_09_14,,,,,Surat,2021-09-14,"{""type"":""MultiPoint"",""coordinates"":[]}"
2021_09_22,29.06000000000003,,,,Surat,2021-09-22,"{""type"":""MultiPoint"",""coordinates"":[]}"
2021_09_30,33.10989559986894,32.21262767554347,25.77331876162207,-0.8972679243254689,Surat,2021-09-30,"{""type"":""MultiPoint"",""coordinates"":[]}"
2021_10_08,32.21002892073093,32.101295135239646,23.28575979415072,-0.10873378549128176,Surat,2021-10-08,"{""type"":""MultiPoint"",""coordinates"":[]}"
2021_10_16,32.48036059780881,32.568182841122564,22.93061620910297,0.08782224331375232,Surat,2021-10-16,"{""type"":""MultiPoint"",""coordinates"":[]}"
2021_10_24,31.880442398960117,32.30538058051008,21.37819446890965,0.4249381815499653,Surat,2021-10-24,"{""type"":""MultiPoint"",""coordinates"":[]}"
2021_11_01,32.93697181810502,33.28946471871973,21.49472336728098,0.3524929006147062,Surat,2021-11-01,"{""type"":""MultiPoint"",""coordinates"":[]}"
2021_11_09,31.321497876323164,31.53619903173751,20.33098782336547,0.2147011554143461,Surat,2021-11-09,"{""type"":""MultiPoint"",""coordinates"":[]}"
2021_11_17,30.97154412795652,31.545640274745786,23.70636185506633,0.574096146789266,Surat,2021-11-17,"{""type"":""MultiPoint"",""coordinates"":[]}"
2021_11_25,31.44872591676371,32.25844312956963,18.199486507876724,0.8097172128059178,Surat,2021-11-25,"{""type"":""MultiPoint"",""coordinates"":[]}"
2021_12_03,28.28122529547851,27.723460014409255,19.708725984630195,-0.5577652810692548,Surat,2021-12-03,"{""type"":""MultiPoint"",""coordinates"":[]}"
2021_12_11,28.132050258579458,27.82468077538683,18.357906811310716,-0.3073694831926268,Surat,2021-12-11,"{""type"":""MultiPoint"",""coordinates"":[]}"
2021_12_19,28.10745751498715,28.260329558802816,15.8780892731288,0.1528720438156661,Surat,2021-12-19,"{""type"":""MultiPoint"",""coordinates"":[]}"
2021_12_27,25.719905100267756,25.82382684212524,17.375862186658598,0.1039217418574836,Surat,2021-12-27,"{""type"":""MultiPoint"",""coordinates"":[]}"
2022_01_01,29.571877270085423,30.074831848462964,19.570153302833294,0.5029545783775404,Surat,2022-01-01,"{""type"":""MultiPoint"",""coordinates"":[]}"
2022_01_09,27.212507452120537,27.199702862582466,15.783556356383606,-0.012804589538070843,Surat,2022-01-09,"{""type"":""MultiPoint"",""coordinates"":[]}"
2022_01_17,29.791619631406334,29.58024840269902,16.059437212635117,-0.21137122870731417,Surat,2022-01-17,"{""type"":""MultiPoint"",""coordinates"":[]}"
2022_01_25,29.767487284127007,29.373629504558835,15.022158039461665,-0.39385777956817236,Surat,2022-01-25,"{""type"":""MultiPoint"",""coordinates"":[]}"
2022_02_02,29.8146580820296,29.653330693069325,16.920892079207935,-0.16132738896027377,Surat,2022-02-02,"{""type"":""MultiPoint"",""coordinates"":[]}"
2022_02_10,31.432492922513756,30.90528880831239,18.45702224301618,-0.5272041142013677,Surat,2022-02-10,"{""type"":""MultiPoint"",""coordinates"":[]}"
2022_02_18,32.662158462986525,32.106449263052724,19.324535098676016,-0.5557091999338013,Surat,2022-02-18,"{""type"":""MultiPoint"",""coordinates"":[]}"
2022_02_26,34.30035203383045,33.63782076159285,20.67282147150418,-0.6625312722376009,Surat,2022-02-26,"{""type"":""MultiPoint"",""coordinates"":[]}"
2022_03_06,36.08399131154243,35.34977585051526,22.840125768450125,-0.7342154610271692,Surat,2022-03-06,"{""type"":""MultiPoint"",""coordinates"":[]}"
2022_03_14,38.006721897318194,37.03507273083711,23.44895216624196,-0.971649166481086,Surat,2022-03-14,"{""type"":""MultiPoint"",""coordinates"":[]}"
2022_03_22,37.29476686339346,36.3425974104065,23.885807343862805,-0.9521694529869649,Surat,2022-03-22,"{""type"":""MultiPoint"",""coordinates"":[]}"
2022_03_30,37.95246108870221,37.072608361290804,25.18959472060141,-0.8798527274114036,Surat,2022-03-30,"{""type"":""MultiPoint"",""coordinates"":[]}"
2022_04_07,37.97991269295797,37.53793358880978,25.609361752707738,-0.44197910414818864,Surat,2022-04-07,"{""type"":""MultiPoint"",""coordinates"":[]}"
2022_04_15,38.439574711131996,37.730798631825984,25.694509207334065,-0.7087760793060127,Surat,2022-04-15,"{""type"":""MultiPoint"",""coordinates"":[]}"
2022_04_23,39.698268516215556,39.45658255813955,26.697426937984517,-0.24168595807600468,Surat,2022-04-23,"{""type"":""MultiPoint"",""coordinates"":[]}"
2022_05_01,38.52221398450455,38.14533286070835,27.414892639675276,-0.37688112379620264,Surat,2022-05-01,"{""type"":""MultiPoint"",""coordinates"":[]}"
2022_05_09,35.9821658268353,35.997869889033325,25.119465660301955,0.01570406219802578,Surat,2022-05-09,"{""type"":""MultiPoint"",""coordinates"":[]}"
2022_05_17,35.569731619362635,35.99598731822304,26.167919682078967,0.4262556988604018,Surat,2022-05-17,"{""type"":""MultiPoint"",""coordinates"":[]}"
2022_05_25,34.298378656406776,34.91798264514036,25.516309731117758,0.6196039887335871,Surat,2022-05-25,"{""type"":""MultiPoint"",""coordinates"":[]}"
2022_06_02,36.30663498980162,37.26193529411768,25.76516470588238,0.9553003043160544,Surat,2022-06-02,"{""type"":""MultiPoint"",""coordinates"":[]}"
2022_06_10,,,,,Surat,2022-06-10,"{""type"":""MultiPoint"",""coordinates"":[]}"
2022_06_18,32.432534172547555,30.891892036344235,23.69207375734904,-1.5406421362033207,Surat,2022-06-18,"{""type"":""MultiPoint"",""coordinates"":[]}"
2022_06_26,,,,,Surat,2022-06-26,"{""type"":""MultiPoint"",""coordinates"":[]}"
2022_07_04,,,,,Surat,2022-07-04,"{""type"":""MultiPoint"",""coordinates"":[]}"
2022_07_12,27.54986880669925,,,,Surat,2022-07-12,"{""type"":""MultiPoint"",""coordinates"":[]}"
2022_07_20,,,,,Surat,2022-07-20,"{""type"":""MultiPoint"",""coordinates"":[]}"
2022_07_28,30.166000000000032,30.710000000000036,,0.544000000000004,Surat,2022-07-28,"{""type"":""MultiPoint"",""coordinates"":[]}"
2022_08_05,,,,,Surat,2022-08-05,"{""type"":""MultiPoint"",""coordinates"":[]}"
2022_08_13,,,,,Surat,2022-08-13,"{""type"":""MultiPoint"",""coordinates"":[]}"
2022_08_21,29.218960705104692,28.960830063386688,23.429046181708443,-0.2581306417180045,Surat,2022-08-21,"{""type"":""MultiPoint"",""coordinates"":[]}"
2022_08_29,,,,,Surat,2022-08-29,"{""type"":""MultiPoint"",""coordinates"":[]}"
2022_09_06,31.75272649183974,30.758000000000028,,-0.9947264918397138,Surat,2022-09-06,"{""type"":""MultiPoint"",""coordinates"":[]}"
2022_09_14,28.93484985543759,28.980987341772178,,0.0461374863345867,Surat,2022-09-14,"{""type"":""MultiPoint"",""coordinates"":[]}"
2022_09_22,30.44661916747342,29.567458225570682,22.02409748283755,-0.879160941902736,Surat,2022-09-22,"{""type"":""MultiPoint"",""coordinates"":[]}"
2022_09_30,31.211132327296525,31.26553973840418,24.81241004359933,0.05440741110765401,Surat,2022-09-30,"{""type"":""MultiPoint"",""coordinates"":[]}"
2022_10_08,31.17982954772267,30.686435045317243,,-0.49339450240542604,Surat,2022-10-08,"{""type"":""MultiPoint"",""coordinates"":[]}"
2022_10_16,,,,,Surat,2022-10-16,"{""type"":""MultiPoint"",""coordinates"":[]}"
2022_10_24,33.01148201475946,33.10077083052515,21.051431322331563,0.08928881576569125,Surat,2022-10-24,"{""type"":""MultiPoint"",""coordinates"":[]}"
2022_11_01,33.66475416282378,34.02429307537591,21.82831376304955,0.3595389125521251,Surat,2022-11-01,"{""type"":""MultiPoint"",""coordinates"":[]}"
2022_11_09,31.831047604267173,32.11167483033347,21.560914527392587,0.2806272260662972,Surat,2022-11-09,"{""type"":""MultiPoint"",""coordinates"":[]}"
2022_11_17,31.153476234326646,31.376154441723866,18.314257744829533,0.22267820739721955,Surat,2022-11-17,"{""type"":""MultiPoint"",""coordinates"":[]}"
2022_11_25,31.29323709507019,31.516335420558057,18.891562611902046,0.223098325487868,Surat,2022-11-25,"{""type"":""MultiPoint"",""coordinates"":[]}"
2022_12_03,29.955073212584168,30.30040542294368,20.102295466570848,0.345332210359512,Surat,2022-12-03,"{""type"":""MultiPoint"",""coordinates"":[]}"
2022_12_11,32.53123943210013,32.537873513143076,22.739638259337255,0.006634081042946605,Surat,2022-12-11,"{""type"":""MultiPoint"",""coordinates"":[]}"
2022_12_19,29.20075692905135,29.05324101870816,17.612800453289346,-0.14751591034319134,Surat,2022-12-19,"{""type"":""MultiPoint"",""coordinates"":[]}"
2022_12_27,28.785632373059894,28.618374365212713,16.994086582092756,-0.16725800784718103,Surat,2022-12-27,"{""type"":""MultiPoint"",""coordinates"":[]}"
2023_01_01,28.330473545290708,28.198547930616265,17.754436182906524,-0.13192561467444364,Surat,2023-01-01,"{""type"":""MultiPoint"",""coordinates"":[]}"
2023_01_09,28.831495009341726,28.65167897970299,15.739197449257357,-0.17981602963873655,Surat,2023-01-09,"{""type"":""MultiPoint"",""coordinates"":[]}"
2023_01_17,28.240368184784653,27.80938967965982,15.074874452843181,-0.43097850512483404,Surat,2023-01-17,"{""type"":""MultiPoint"",""coordinates"":[]}"
2023_01_25,28.957647573145618,28.468374561274484,18.79198524621175,-0.48927301187113414,Surat,2023-01-25,"{""type"":""MultiPoint"",""coordinates"":[]}"
2023_02_02,31.99896748532156,31.482188604808506,18.950091672304897,-0.5167788805130549,Surat,2023-02-02,"{""type"":""MultiPoint"",""coordinates"":[]}"
2023_02_10,33.61829983088103,32.92672918214697,19.198369742903868,-0.6915706487340572,Surat,2023-02-10,"{""type"":""MultiPoint"",""coordinates"":[]}"
2023_02_18,34.32979895660085,33.753603082851676,20.555391844599143,-0.576195873749171,Surat,2023-02-18,"{""type"":""MultiPoint"",""coordinates"":[]}"
2023_02_26,33.640182333880794,33.148717839907654,21.843608937224314,-0.4914644939731403,Surat,2023-02-26,"{""type"":""MultiPoint"",""coordinates"":[]}"
2023_03_06,34.896780606682476,33.91646836600788,22.51156798027599,-0.9803122406745999,Surat,2023-03-06,"{""type"":""MultiPoint"",""coordinates"":[]}"
2023_03_14,33.29284559832845,32.457991650514415,22.67322200685854,-0.8348539478140324,Surat,2023-03-14,"{""type"":""MultiPoint"",""coordinates"":[]}"
2023_03_22,34.17346522285503,33.80471422399314,23.03036714512028,-0.36875099886189133,Surat,2023-03-22,"{""type"":""MultiPoint"",""coordinates"":[]}"
2023_03_30,36.54068432534287,35.550020353445426,23.64933694737465,-0.9906639718974475,Surat,2023-03-30,"{""type"":""MultiPoint"",""coordinates"":[]}"
2023_04_07,38.10613793446279,37.46189273891839,26.1149752218283,-0.6442451955444,Surat,2023-04-07,"{""type"":""MultiPoint"",""coordinates"":[]}"
2023_04_15,38.4291067712503,37.56152350379293,25.506310344122564,-0.8675832674573698,Surat,2023-04-15,"{""type"":""MultiPoint"",""coordinates"":[]}"
2023_04_23,37.99031105855201,37.038296186179,24.982251546780322,-0.9520148723730131,Surat,2023-04-23,"{""type"":""MultiPoint"",""coordinates"":[]}"
2023_05_01,37.041916074009336,36.92263094156831,25.642168331819576,-0.11928513244102845,Surat,2023-05-01,"{""type"":""MultiPoint"",""coordinates"":[]}"
2023_05_09,40.00450510941298,40.45693461400674,27.714680331916487,0.4524295045937592,Surat,2023-05-09,"{""type"":""MultiPoint"",""coordinates"":[]}"
2023_05_17,39.61304144232959,40.22482581548695,27.795928886814124,0.6117843731573629,Surat,2023-05-17,"{""type"":""MultiPoint"",""coordinates"":[]}"
2023_05_25,38.11314477255417,38.42584837645235,26.303160302803466,0.31270360389817853,Surat,2023-05-25,"{""type"":""MultiPoint"",""coordinates"":[]}"
2023_06_02,35.60052698541215,35.79407962887899,26.76303877854344,0.19355264346683754,Surat,2023-06-02,"{""type"":""MultiPoint"",""coordinates"":[]}"
2023_06_10,37.6062974283548,37.404368752313985,26.268388744909313,-0.201928676040815,Surat,2023-06-10,"{""type"":""MultiPoint"",""coordinates"":[]}"
2023_06_18,34.67857142857145,,,,Surat,2023-06-18,"{""type"":""MultiPoint"",""coordinates"":[]}"
2023_06_26,,,,,Surat,2023-06-26,"{""type"":""MultiPoint"",""coordinates"":[]}"
2023_07_04,,,,,Surat,2023-07-04,"{""type"":""MultiPoint"",""coordinates"":[]}"
2023_07_12,,,,,Surat,2023-07-12,"{""type"":""MultiPoint"",""coordinates"":[]}"
2023_07_20,,,,,Surat,2023-07-20,"{""type"":""MultiPoint"",""coordinates"":[]}"
2023_07_28,,,,,Surat,2023-07-28,"{""type"":""MultiPoint"",""coordinates"":[]}"
2023_08_05,,,,,Surat,2023-08-05,"{""type"":""MultiPoint"",""coordinates"":[]}"
2023_08_13,,,,,Surat,2023-08-13,"{""type"":""MultiPoint"",""coordinates"":[]}"
2023_08_21,28.779924242424283,,,,Surat,2023-08-21,"{""type"":""MultiPoint"",""coordinates"":[]}"
2023_08_29,31.58530153868595,30.169797206414916,23.864509053285072,-1.4155043322710341,Surat,2023-08-29,"{""type"":""MultiPoint"",""coordinates"":[]}"
2023_09_06,30.215361756971678,31.137954545454583,24.021818181818222,0.9225927884829055,Surat,2023-09-06,"{""type"":""MultiPoint"",""coordinates"":[]}"
2023_09_14,,,,,Surat,2023-09-14,"{""type"":""MultiPoint"",""coordinates"":[]}"
2023_09_22,33.18167930773304,,,,Surat,2023-09-22,"{""type"":""MultiPoint"",""coordinates"":[]}"
2023_09_30,31.892180766738612,31.402267624879823,25.03651105825195,-0.4899131418587892,Surat,2023-09-30,"{""type"":""MultiPoint"",""coordinates"":[]}"
2023_10_08,33.5303236686263,33.31176318328131,25.68427949224906,-0.2185604853449945,Surat,2023-10-08,"{""type"":""MultiPoint"",""coordinates"":[]}"
2023_10_16,33.91980490542499,33.96837850243859,24.837105479583073,0.048573597013600534,Surat,2023-10-16,"{""type"":""MultiPoint"",""coordinates"":[]}"
2023_10_24,33.19127019990978,33.56104914104588,22.058803313176302,0.3697789411360972,Surat,2023-10-24,"{""type"":""MultiPoint"",""coordinates"":[]}"
2023_11_01,32.80367843028297,33.46675528354216,22.107161709859465,0.6630768532591915,Surat,2023-11-01,"{""type"":""MultiPoint"",""coordinates"":[]}"
2023_11_09,32.13001816382896,32.802306516452454,22.166698992505868,0.6722883526234966,Surat,2023-11-09,"{""type"":""MultiPoint"",""coordinates"":[]}"
2023_11_17,31.210457499970712,31.38938049178877,21.946144801188655,0.17892299181805882,Surat,2023-11-17,"{""type"":""MultiPoint"",""coordinates"":[]}"
2023_11_25,28.9247351131427,29.23867044844255,21.46617179108489,0.3139353352998526,Surat,2023-11-25,"{""type"":""MultiPoint"",""coordinates"":[]}"
2023_12_03,28.841004809205927,28.613255085071017,21.459893821159028,-0.22774972413490957,Surat,2023-12-03,"{""type"":""MultiPoint"",""coordinates"":[]}"
2023_12_11,28.364055117700786,28.404582957619503,19.024568079350775,0.04052783991871678,Surat,2023-12-11,"{""type"":""MultiPoint"",""coordinates"":[]}"
2023_12_19,28.149541585469777,28.236383501452888,19.27357137794998,0.0868419159831113,Surat,2023-12-19,"{""type"":""MultiPoint"",""coordinates"":[]}"
2023_12_27,28.95939891641202,28.911118647887363,19.711526985915516,-0.04828026852465683,Surat,2023-12-27,"{""type"":""MultiPoint"",""coordinates"":[]}"
2024_01_01,28.395060491733098,28.397829093603356,19.34562978513214,0.0027686018702581805,Surat,2024-01-01,"{""type"":""MultiPoint"",""coordinates"":[]}"
2024_01_09,29.25936325743624,29.369196781521786,19.133744082943895,0.10983352408554481,Surat,2024-01-09,"{""type"":""MultiPoint"",""coordinates"":[]}"
2024_01_17,27.569602102696496,27.468416187200056,16.761182684404428,-0.10118591549644051,Surat,2024-01-17,"{""type"":""MultiPoint"",""coordinates"":[]}"
2024_01_25,27.780855931073226,27.54443564891688,16.096506545159677,-0.23642028215634525,Surat,2024-01-25,"{""type"":""MultiPoint"",""coordinates"":[]}"
2024_02_02,30.240570166599795,29.740266366686093,20.666216026194753,-0.5003037999137021,Surat,2024-02-02,"{""type"":""MultiPoint"",""coordinates"":[]}"
2024_02_10,30.00925159526163,29.536541341436777,21.37191821088802,-0.47271025382485377,Surat,2024-02-10,"{""type"":""MultiPoint"",""coordinates"":[]}"
2024_02_18,31.894388829034945,31.538873285402097,20.91422896248903,-0.35551554363284765,Surat,2024-02-18,"{""type"":""MultiPoint"",""coordinates"":[]}"
2024_02_26,32.629547427706,32.16477050480134,21.687303223406687,-0.46477692290466166,Surat,2024-02-26,"{""type"":""MultiPoint"",""coordinates"":[]}"
2024_03_05,33.23922422610031,32.494575171042676,20.801233456133197,-0.7446490550576357,Surat,2024-03-05,"{""type"":""MultiPoint"",""coordinates"":[]}"
2024_03_13,34.28343013595028,33.80471651267476,22.37855986733004,-0.47871362327552447,Surat,2024-03-13,"{""type"":""MultiPoint"",""coordinates"":[]}"
2024_03_21,35.2963324198029,34.63903035119005,24.83197631599353,-0.6573020686128501,Surat,2024-03-21,"{""type"":""MultiPoint"",""coordinates"":[]}"
2024_03_29,35.34881699152842,34.88046359796974,24.86391433220974,-0.46835339355868655,Surat,2024-03-29,"{""type"":""MultiPoint"",""coordinates"":[]}"
2024_04_06,37.19925538110114,36.846634245952266,25.46356269779059,-0.3526211351488726,Surat,2024-04-06,"{""type"":""MultiPoint"",""coordinates"":[]}"
2024_04_14,37.769053647256214,37.58729131491168,27.195593007453777,-0.1817623323445332,Surat,2024-04-14,"{""type"":""MultiPoint"",""coordinates"":[]}"
2024_04_22,37.8131439636366,37.423461771941625,26.808286846225137,-0.3896821916949733,Surat,2024-04-22,"{""type"":""MultiPoint"",""coordinates"":[]}"
2024_04_30,37.85966712686596,38.1718594108778,26.9914025405773,0.31219228401184296,Surat,2024-04-30,"{""type"":""MultiPoint"",""coordinates"":[]}"
2024_05_08,36.9619893623632,37.004144388359215,27.19103321493116,0.04215502599601706,Surat,2024-05-08,"{""type"":""MultiPoint"",""coordinates"":[]}"
2024_05_16,36.742066243141785,37.760663924008306,28.114329386581094,1.0185976808665202,Surat,2024-05-16,"{""type"":""MultiPoint"",""coordinates"":[]}"
2024_05_24,33.21048774037556,34.28762118537204,25.794510466582615,1.077133444996477,Surat,2024-05-24,"{""type"":""MultiPoint"",""coordinates"":[]}"
2024_06_01,38.40983203684207,39.543515929495264,26.91756316534489,1.1336838926531954,Surat,2024-06-01,"{""type"":""MultiPoint"",""coordinates"":[]}"
2024_06_09,35.62887403304369,35.690000000000055,25.210000000000036,0.06112596695636796,Surat,2024-06-09,"{""type"":""MultiPoint"",""coordinates"":[]}"
2024_06_17,,,,,Surat,2024-06-17,"{""type"":""MultiPoint"",""coordinates"":[]}"
2024_06_25,,,,,Surat,2024-06-25,"{""type"":""MultiPoint"",""coordinates"":[]}"
2024_07_03,,,,,Surat,2024-07-03,"{""type"":""MultiPoint"",""coordinates"":[]}"
2024_07_11,,,,,Surat,2024-07-11,"{""type"":""MultiPoint"",""coordinates"":[]}"
2024_07_19,,,,,Surat,2024-07-19,"{""type"":""MultiPoint"",""coordinates"":[]}"
2024_07_27,,,,,Surat,2024-07-27,"{""type"":""MultiPoint"",""coordinates"":[]}"
2024_08_04,27.51400000000003,,,,Surat,2024-08-04,"{""type"":""MultiPoint"",""coordinates"":[]}"
2024_08_12,,,,,Surat,2024-08-12,"{""type"":""MultiPoint"",""coordinates"":[]}"
2024_08_20,,,,,Surat,2024-08-20,"{""type"":""MultiPoint"",""coordinates"":[]}"
2024_08_28,26.954761904761934,,,,Surat,2024-08-28,"{""type"":""MultiPoint"",""coordinates"":[]}"
2024_09_05,28.16428571428575,,,,Surat,2024-09-05,"{""type"":""MultiPoint"",""coordinates"":[]}"
2024_09_13,29.309558808154772,28.7551632047478,24.947015185896348,-0.5543956034069737,Surat,2024-09-13,"{""type"":""MultiPoint"",""coordinates"":[]}"
2024_09_21,,,,,Surat,2024-09-21,"{""type"":""MultiPoint"",""coordinates"":[]}"
2024_09_29,30.499396097373825,29.78610602471351,25.3144407452462,-0.713290072660314,Surat,2024-09-29,"{""type"":""MultiPoint"",""coordinates"":[]}"
2024_10_07,31.336742951311354,31.040192884171244,26.52111749963145,-0.29655006714011023,Surat,2024-10-07,"{""type"":""MultiPoint"",""coordinates"":[]}"
2024_10_15,31.695851473469578,31.882983486106394,26.519754542671418,0.18713201263681611,Surat,2024-10-15,"{""type"":""MultiPoint"",""coordinates"":[]}"
2024_10_23,31.197930088486014,31.62853843075222,25.607613538907223,0.43060834226620415,Surat,2024-10-23,"{""type"":""MultiPoint"",""coordinates"":[]}"
2024_10_31,31.97753073890191,32.47338460365567,24.337266662854752,0.4958538647537587,Surat,2024-10-31,"{""type"":""MultiPoint"",""coordinates"":[]}"
2024_11_08,30.727242729872174,31.143166976321318,22.394818950863748,0.41592424644914416,Surat,2024-11-08,"{""type"":""MultiPoint"",""coordinates"":[]}"
2024_11_16,29.564649452051786,29.84758782131864,21.348009680388795,0.282938369266855,Surat,2024-11-16,"{""type"":""MultiPoint"",""coordinates"":[]}"
2024_11_24,27.780967885479306,27.98326525367868,18.530498530775528,0.20229736819937472,Surat,2024-11-24,"{""type"":""MultiPoint"",""coordinates"":[]}"
2024_12_02,27.241565773008706,28.010792921469303,18.6876298999659,0.7692271484605975,Surat,2024-12-02,"{""type"":""MultiPoint"",""coordinates"":[]}"
2024_12_10,25.876046118333537,25.799696160334182,16.628315125712916,-0.07634995799935496,Surat,2024-12-10,"{""type"":""MultiPoint"",""coordinates"":[]}"
2024_12_18,25.75258998752224,25.98680721406182,17.866096375356666,0.234217226539581,Surat,2024-12-18,"{""type"":""MultiPoint"",""coordinates"":[]}"
2024_12_26,26.896582446871733,26.51769345238098,20.111577380952394,-0.3788889944907545,Surat,2024-12-26,"{""type"":""MultiPoint"",""coordinates"":[]}"
